customer_id,name,gender,birth_date,register_date,region,modify_date
C00000,Customer_0,M,1986-12-18,2024-11-25,中部,
C00001,Customer_1,M,1974-07-25,2023-10-11,東部,
C00002,Customer_2,M,2002-02-10,2022-04-09,北部,
C00003,Customer_3,M,1983-06-21,2023-06-19,南部,
C00004,Customer_4,M,1991-09-04,2024-11-25,北部,
C00005,Customer_5,M,1975-10-03,2024-07-10,離島,
C00006,Customer_6,F,1993-12-24,2025-06-07,中部,
C00007,Customer_7,M,1977-03-14,2024-02-06,北部,
C00008,Customer_8,F,1977-08-13,2020-08-21,離島,
C00009,Customer_9,F,1998-04-19,2023-03-01,中部,
C00010,Customer_10,M,2003-10-10,2024-07-11,東部,
C00011,Customer_11,F,1973-08-18,2024-05-15,離島,
C00012,Customer_12,M,1971-02-01,2022-12-11,離島,
C00013,Customer_13,F,1994-05-20,2021-04-22,北部,
C00014,Customer_14,M,1996-07-07,2024-08-23,中部,
C00015,Customer_15,F,1997-11-25,2021-12-04,東部,
C00016,Customer_16,F,1975-07-09,2021-03-26,北部,
C00017,Customer_17,F,1978-05-12,2023-11-18,中部,
C00018,Customer_18,F,2004-12-26,2023-01-04,南部,
C00019,Customer_19,M,1999-10-04,2024-10-05,東部,
C00020,Customer_20,F,1974-03-28,2023-06-17,北部,
C00021,Customer_21,F,2001-04-30,2021-12-11,南部,
C00022,Customer_22,F,1967-06-16,2023-06-18,離島,
C00023,Customer_23,F,1967-10-09,2024-10-11,南部,
C00024,Customer_24,M,1986-06-28,2021-01-28,南部,
C00025,Customer_25,M,2003-04-22,2020-11-27,北部,
C00026,Customer_26,F,1998-05-03,2020-09-22,南部,
C00027,Customer_27,M,1971-01-28,2020-12-16,東部,
C00028,Customer_28,F,2003-05-06,2025-05-02,離島,
C00029,Customer_29,F,1987-11-06,2021-12-12,南部,
C00030,Customer_30,F,,2024-12-25,南部,
C00031,Customer_31,F,2002-09-25,2020-11-16,,
C00032,Customer_32,F,1974-06-03,2022-11-17,北部,2025-01-10
C00033,Customer_33,M,1976-04-24,2020-12-10,離島,
C00034,Customer_34,F,1987-03-19,2020-08-15,中部,
C00035,Customer_35,F,2006-06-30,2021-07-06,北部,
C00036,Customer_36,M,1988-04-28,2022-09-01,北部,
C00037,Customer_37,F,1968-12-17,2022-04-23,北部,
C00038,Customer_38,F,2006-03-06,2022-07-26,東部,
C00039,Customer_39,M,1969-06-26,2024-05-20,離島,
C00040,Customer_40,F,1992-12-05,2023-07-06,南部,
C00041,Customer_41,F,1967-12-11,2022-11-20,離島,
C00042,Customer_42,F,1993-06-18,2022-01-05,北部,
C00043,Customer_43,M,2006-04-21,2024-09-23,北部,
C00044,Customer_44,F,1997-08-27,2021-10-24,中部,2024-02-08
C00045,Customer_45,M,2000-02-19,2022-02-10,南部,2022-12-28
C00046,Customer_46,F,1983-03-13,2022-11-29,東部,
C00047,Customer_47,F,1989-04-25,2021-03-16,北部,
C00048,Customer_48,M,1972-01-01,2021-12-02,離島,2023-05-03
C00049,Customer_49,M,1994-07-22,2021-05-24,東部,
C00050,Customer_50,F,1975-12-21,2021-07-07,南部,2022-05-22
C00051,Customer_51,F,2004-03-27,2024-06-17,北部,2025-07-24
C00052,Customer_52,F,1977-05-10,2023-04-03,北部,2023-04-28
C00053,Customer_53,M,,2021-02-06,北部,
C00054,Customer_54,M,1975/04/18,2020-08-19,離島,
C00055,Customer_55,F,1995/12/10,2025-01-14,南部,
C00056,Customer_56,F,2003-11-30,2023-02-02,北部,
C00057,Customer_57,F,1981-04-06,2023-12-08,南部,
C00058,Customer_58,M,1990/08/27,2024-12-05,東部,
C00059,Customer_732,M,1986-04-12,2022-10-07,北部,2023-07-05
C00060,Customer_60,F,1973-04-02,2022-05-13,北部,
C00061,Customer_61,F,2006-03-30,2024-08-11,離島,
C00062,Customer_62,F,1972-08-25,2021-12-27,東部,
C00063,Customer_63,M,1974-12-23,2023-11-23,南部,
C00064,Customer_64,M,1977-07-20,2021-03-03,北部,
C00065,Customer_65,M,1984-03-21,2024-11-05,,
C00066,Customer_66,F,1966-07-13,2020-09-30,中部,
C00067,Customer_67,F,1996-10-22,2020-09-28,北部,2023-10-25
C00068,Customer_68,M,1988-08-18,2023-06-24,離島,2024-04-21
C00069,Customer_69,F,1970-05-23,2025-07-12,東部,
C00070,Customer_70,F,1987-08-03,2024-07-29,東部,
C00071,Customer_71,M,1989-07-23,2025-01-17,南部,
C00072,Customer_72,F,1966-04-10,2023-12-21,南部,
C00073,Customer_73,F,2000/09/06,2022-08-14,東部,2024-12-26
C00074,Customer_74,M,1974-05-12,2023-02-03,中部,
C00075,Customer_75,F,1988-08-07,2025-03-14,東部,
C00076,Customer_76,M,1993/11/26,2021-03-10,北部,
C00077,Customer_77,F,1968-02-27,2024-07-05,北部,
C00078,Customer_78,M,1987-04-26,2021-02-15,東部,
C00079,Customer_79,F,2005-06-17,2024-09-06,離島,
C00080,Customer_80,F,1984-09-13,2020-08-14,北部,2021-10-10
C00081,Customer_81,F,1972-04-27,2025-06-15,中部,
C00082,Customer_82,F,1975-05-31,2023-03-26,北部,
C00083,Customer_83,F,2004-09-27,2022-09-09,離島,
C00084,Customer_84,F,2005-04-26,2022-07-07,南部,
C00085,Customer_85,M,1985-03-07,2025-08-04,離島,
C00086,Customer_86,M,1994-02-16,2022-07-23,南部,
C00087,Customer_87,M,2003-08-05,2024-05-17,東部,
C00088,Customer_88,M,1968-01-20,2025-03-18,東部,2025-04-29
C00089,Customer_89,M,1992-11-06,2023-08-24,南部,
C00090,Customer_90,M,1968-08-28,2023-09-16,北部,
C00091,Customer_91,F,1970-10-20,2025-04-10,東部,
C00092,Customer_92,F,2007-05-03,2023-11-04,離島,
C00093,Customer_93,F,1968-09,2021-12-26,離島,
C00094,Customer_94,F,2005-06-10,2022-05-30,南部,
C00095,Customer_95,F,1996-05-25,2024-10-04,中部,2025-07-10
C00096,Customer_96,F,1969-08-22,2021-05-17,南部,
C00097,Customer_97,F,1978-03-21,2021-12-09,南部,2024-10-18
C00098,Customer_98,M,1995-01-09,2023-08-13,中部,
C00099,Customer_99,M,1982-10-30,2022-11-11,東部,
C00100,Customer_100,M,1971-12-09,2022-12-25,南部,
C00101,Customer_101,M,2004-05-01,2023-10-19,北部,
C00102,Customer_102,F,1996-02-20,2025-01-13,東部,2025-06-20
C00103,Customer_103,M,2003-01-21,2022-01-04,東部,
C00104,Customer_104,F,1972-02-16,2021-12-09,南部,2024-08-07
C00105,Customer_105,M,,2022-10-26,東部,
C00106,Customer_106,M,1989-03-25,2022-09-28,東部,
C00107,Customer_107,M,1994-05-22,2024-01-26,北部,2024-11-10
C00108,Customer_108,M,1971-05-08,2022-12-12,南部,
C00109,Customer_109,F,1986-04-19,2024-09-16,中部,
C00110,Customer_110,M,1966-02-04,2020-11-22,北部,
C00111,Customer_111,F,1970-11-21,2023-08-19,中部,
C00112,Customer_112,M,2004-01-18,2021-07-27,東部,
C00113,Customer_113,M,1984-12-25,2024-11-17,中部,2025-02-20
C00114,Customer_114,F,1999-11-09,2021-05-14,離島,
C00115,Customer_115,F,1996-02-07,2023-03-19,中部,
C00116,Customer_116,F,1983-12-06,2022-06-09,離島,
C00117,Customer_117,M,1969/10/10,2025-03-19,東部,
C00118,Customer_118,M,1996-07-11,2022-02-18,北部,
C00119,Customer_119,M,2000-07-09,2020-10-18,中部,
C00120,Customer_120,F,2001-12-04,2020-11-28,離島,
C00121,Customer_121,M,1996-07-27,2024-01-22,離島,
C00122,Customer_122,F,1968-09-29,2021-05-17,北部,
C00123,Customer_123,F,1974-12-12,2023-07-13,東部,
C00124,Customer_124,F,1965-10-18,2021-12-02,離島,2024-07-26
C00125,Customer_125,F,2004-09-04,2023-02-21,北部,
C00126,Customer_126,M,1998-12-29,2021-05-13,離島,
C00127,Customer_127,F,1982-01-25,2021-06-14,中部,
C00128,Customer_128,F,1975-05-24,2020-10-07,中部,
C00129,Customer_129,F,2001-05-29,2023-09-03,離島,
C00130,Customer_130,M,1998-08-16,2025-07-30,離島,
C00131,Customer_131,F,1993-08-14,2025-01-03,中部,
C00132,Customer_132,M,1965-09-06,2025-01-18,東部,
C00133,Customer_133,F,1977-09-29,2025-02-25,南部,
C00134,Customer_134,F,1966-05-01,2023-10-27,北部,
C00135,Customer_135,F,1971-08-23,2020-10-17,中部,2022-07-23
C00136,Customer_136,F,1990-02-26,2020-08-21,南部,
C00137,Customer_137,M,1969-06-26,2023-09-18,南部,
C00138,Customer_138,M,1998-02-14,2021-09-24,南部,
C00139,Customer_139,F,1996-01-02,2022-11-23,離島,
C00140,Customer_140,M,2005-11-03,2024-03-19,中部,
C00141,Customer_141,M,1976-03-29,2022-10-19,北部,
C00142,Customer_142,M,1989-01-03,2021-01-28,南部,
C00143,Customer_143,F,2007-04-09,2024-12-13,中部,
C00144,Customer_144,M,1985-03-12,2021-02-07,離島,2023-03-11
C00145,Customer_145,M,1999-05-03,2024-07-04,東部,
C00146,Customer_146,M,1995-10-03,2025-07-09,離島,
C00147,Customer_147,M,1967-02-08,2023-06-19,中部,
C00148,Customer_148,F,1990-09-12,2022-11-30,北部,
C00149,Customer_149,M,1999-03-16,2023-07-19,南部,
C00150,Customer_150,F,1989-11-07,2024-03-04,東部,2025-01-31
C00151,Customer_151,M,1992-08-31,2025-05-24,中部,2025-06-27
C00152,Customer_152,F,1984-04-02,2023-08-20,北部,
C00153,Customer_153,F,1969-08-22,2024-03-16,中部,
C00154,Customer_154,M,2000-12-29,2022-09-03,,
C00155,Customer_155,F,1968-02-11,2023-07-25,中部,
C00156,Customer_156,M,1977-10-22,2021-12-10,南部,
C00157,Customer_157,F,1983-11-14,2025-04-08,北部,
C00158,Customer_158,M,1988-05-29,2023-05-06,北部,
C00159,Customer_159,M,1986-08-17,2023-03-05,東部,
C00160,Customer_160,F,1992-09-19,2022-01-09,北部,
C00161,Customer_161,F,1973-06-15,2024-05-04,中部,
C00162,Customer_162,M,1978-04-30,2025-01-07,中部,
C00163,Customer_163,M,1985-03-01,2023-05-22,東部,
C00164,Customer_164,F,1982-11-16,2022-02-02,中部,
C00165,Customer_165,F,1985-01-17,2023-07-28,南部,2024-01-09
C00166,Customer_166,F,1977-09-12,2024-01-01,東部,
C00167,Customer_167,M,1999-02-24,2022-12-09,東部,
C00168,Customer_168,F,1989-06-10,2020-09-16,離島,
C00169,Customer_169,F,1979-10-05,2022-02-05,北部,
C00170,Customer_170,F,1966-02,2024-01-12,離島,
C00171,Customer_171,M,,2025-06-29,中部,
C00172,Customer_172,F,1966-06-06,2022-04-09,南部,
C00173,Customer_173,M,1994-08-10,2021-12-03,北部,
C00174,Customer_174,M,1970-03-23,2023-05-19,南部,
C00175,Customer_175,M,1977-06-09,2023-01-02,南部,2025-01-07
C00176,Customer_176,M,1973-06-07,2024-04-02,南部,
C00177,Customer_177,F,2001-01-01,2024-08-15,東部,
C00178,Customer_178,M,2006-12-07,2025-06-20,東部,
C00179,Customer_179,F,2004-07,2022-09-21,南部,
C00180,Customer_180,F,1967-01-21,2024-11-21,南部,
C00181,Customer_181,M,2002-10-13,2023-12-13,,
C00182,Customer_182,M,2003-05-04,2022-02-23,中部,
C00183,Customer_183,F,1995-06-17,2024-06-01,南部,
C00184,Customer_184,M,2001-09-21,2025-02-12,離島,
C00185,Customer_185,F,1967-08-29,2021-11-19,東部,2022-03-03
C00186,Customer_186,M,1979-11-26,2022-03-29,中部,
C00187,Customer_187,F,1996-12-19,2023-06-15,東部,
C00188,Customer_188,M,1977-04-30,2020-12-12,北部,
C00189,Customer_189,F,1965-09-02,2025-01-02,中部,
C00190,Customer_190,M,2001-01-14,2022-09-11,東部,
C00191,Customer_191,F,1992-03-16,2025-01-16,中部,
C00192,Customer_192,F,1983-03-11,2024-05-23,南部,
C00193,Customer_193,F,1985-04-25,2023-09-13,離島,
C00194,Customer_194,M,1986-05-27,2025-03-17,北部,
C00195,Customer_195,M,2002-12-05,2023-03-01,東部,2025-01-04
C00196,Customer_196,M,1981-02-07,2023-05-22,北部,
C00197,Customer_197,F,1983-04-18,2022-01-28,中部,
C00198,Customer_198,M,2004-06,2025-01-28,東部,
C00199,Customer_199,F,1970-05-25,2020-11-22,離島,
C00200,Customer_200,M,1998-08-30,2022-11-15,北部,
C00201,Customer_201,F,1979-03-17,2022-11-28,南部,
C00202,Customer_202,F,1966-04-22,2021-05-17,東部,
C00203,Customer_203,M,1981-08-10,2024-09-05,中部,
C00204,Customer_204,F,2003-02,2025-04-13,離島,
C00205,Customer_205,M,2005-06-16,2022-04-14,離島,
C00206,Customer_206,F,2006-11-25,2021-12-15,南部,2025-02-22
C00207,Customer_207,M,2007-03-29,2025-07-10,離島,
C00208,Customer_208,F,1986-04-01,2023-09-21,南部,2024-10-16
C00209,Customer_209,F,1969-06-07,2021-12-24,北部,
C00210,Customer_210,M,1968-10-03,2020-10-21,中部,
C00211,Customer_211,F,1995-04-15,2022-10-01,離島,
C00212,Customer_212,M,2005-12-19,2024-10-28,離島,
C00213,Customer_213,F,1983-08-18,2020-10-07,離島,2024-09-30
C00214,Customer_214,F,1967-11-11,2022-03-31,南部,
C00215,Customer_215,F,,2022-01-04,北部,2023-04-04
C00216,Customer_216,M,1991-01-30,2021-08-08,東部,
C00217,Customer_217,F,1999-10-30,2023-08-30,南部,
C00218,Customer_218,M,1966-07-28,2023-04-04,北部,
C00219,Customer_219,F,1984-06-19,2021-04-26,南部,
C00220,Customer_220,M,1988-02-02,2025-06-07,離島,
C00221,Customer_221,F,1999-10-29,2024-03-16,南部,2024-12-20
C00222,Customer_222,M,1980-07-21,2020-09-23,南部,
C00223,Customer_223,F,1969-04-26,2023-11-11,北部,
C00224,Customer_224,M,1977-12-12,2023-09-08,東部,2024-01-23
C00225,Customer_225,M,1996-06,2025-07-14,北部,2025-07-22
C00226,Customer_226,F,1985-09-07,2023-12-18,南部,
C00227,Customer_227,F,1987-11-20,2021-12-04,北部,
C00228,Customer_228,M,1977-08-05,2020-10-09,東部,
C00229,Customer_229,M,1984-04-07,2021-12-09,東部,
C00230,Customer_230,F,1990-07-08,2022-04-18,離島,
C00231,Customer_231,F,,2024-01-25,南部,
C00232,Customer_3299,M,1987-10-19,2025-01-24,東部,2025-03-21
C00233,Customer_233,F,1987-06-17,2025-04-27,北部,
C00234,Customer_234,M,1970-01-15,2020-10-13,北部,
C00235,Customer_235,M,1967-07-10,2023-06-18,東部,
C00236,Customer_236,F,1969-02-18,2022-04-16,中部,
C00237,Customer_237,M,1984-06-02,2022-04-18,北部,2024-09-27
C00238,Customer_238,F,1999-10-12,2021-02-23,東部,
C00239,Customer_239,M,1974-12-02,2022-11-29,東部,
C00240,Customer_240,M,1969-11-29,2022-09-26,東部,
C00241,Customer_241,F,1967-01-18,2023-01-31,離島,
C00242,Customer_242,M,1998-01-03,2023-05-20,北部,
C00243,Customer_243,F,1976-10-29,2023-11-19,東部,
C00244,Customer_244,F,1979-09-03,2020-10-02,中部,2024-12-14
C00245,Customer_245,M,1993-11-14,2025-01-06,北部,
C00246,Customer_246,M,2003-09-05,2025-03-12,南部,2025-03-28
C00247,Customer_247,F,1977-12-16,2022-05-09,東部,
C00248,Customer_248,F,1968-06-22,2024-04-02,離島,
C00249,Customer_249,M,1999-09-06,2021-03-21,中部,2024-04-25
C00250,Customer_250,M,1999-03-07,2024-03-08,離島,
C00251,Customer_251,M,1998-11-16,2023-02-06,東部,
C00252,Customer_252,F,1981-11-08,2021-08-07,東部,
C00253,Customer_2805,F,1968-03-03,2023-05-16,中部,
C00254,Customer_254,M,1998-09-08,2023-07-15,南部,
C00255,Customer_255,F,1970-12-07,2020-12-06,中部,
C00256,Customer_256,F,1996-05-05,2021-02-28,東部,
C00257,Customer_257,M,1995-12-26,2023-08-28,中部,
C00258,Customer_258,M,2001-06-15,2024-07-03,離島,2024-11-05
C00259,Customer_259,M,1974-05-20,2025-02-27,東部,
C00260,Customer_260,F,1989-10-07,2023-06-29,中部,
C00261,Customer_261,M,1996-10-20,2024-12-26,北部,2025-07-31
C00262,Customer_262,F,2003-05-04,2023-06-14,南部,
C00263,Customer_263,M,1966-08-06,2021-02-04,南部,
C00264,Customer_264,M,1974-06-30,2024-06-21,東部,
C00265,Customer_265,F,1991-06-25,2020-12-23,南部,
C00266,Customer_266,M,1984-03-21,2024-03-19,南部,
C00267,Customer_267,M,1987-06-07,2024-04-01,北部,
C00268,Customer_268,F,1967-04-05,2024-01-18,南部,2024-04-10
C00269,Customer_269,M,2006-12-18,2025-08-03,北部,
C00270,Customer_270,F,1982-09-22,2024-07-03,北部,
C00271,Customer_271,M,1991-07-19,2021-02-05,東部,
C00272,Customer_2435,F,1984-02-19,2020-11-15,中部,
C00273,Customer_273,F,1995-08-28,2023-07-21,東部,
C00274,Customer_274,F,1978-11-13,2022-11-22,北部,
C00275,Customer_275,F,1982-12-18,2024-06-15,南部,
C00276,Customer_276,M,1993-09-15,2021-10-08,離島,
C00277,Customer_277,F,1991-08-05,2021-04-08,東部,
C00278,Customer_278,F,1972-09-26,2022-05-27,南部,
C00279,Customer_279,F,2002-09-14,2021-01-30,南部,
C00280,Customer_280,M,1976-06-17,2023-08-30,南部,2024-06-25
C00281,Customer_281,F,1986-10-09,2024-11-25,中部,
C00282,Customer_282,M,1996-09-28,2023-05-03,離島,
C00283,Customer_283,M,1983-01-17,2025-03-25,北部,
C00284,Customer_284,M,1976-10-22,2022-06-20,離島,2024-07-16
C00285,Customer_285,M,1986-03-11,2024-01-20,北部,
C00286,Customer_286,M,1985-04-14,2022-11-15,離島,
C00287,Customer_287,M,1971-08-21,2023-11-23,南部,
C00288,Customer_288,M,2002-11-25,2024-03-25,東部,
C00289,Customer_289,F,1973-11-23,2024-02-26,南部,2025-05-07
C00290,Customer_290,M,1998-10-20,2020-11-07,北部,
C00291,Customer_291,M,1991-01-09,2024-10-04,東部,
C00292,Customer_292,M,2001-12-10,2024-10-23,離島,
C00293,Customer_293,F,1988-11-16,2022-04-28,北部,
C00294,Customer_294,F,1971-08-21,2020-08-31,南部,
C00295,Customer_295,M,,2024-09-05,北部,
C00296,Customer_296,F,1987-12-31,2024-07-10,南部,
C00297,Customer_297,M,1972-02-04,2022-09-07,中部,2024-05-31
C00298,Customer_298,F,1998-06-08,2025-02-25,北部,
C00299,Customer_299,F,1983-01-29,2023-02-21,東部,
C00300,Customer_300,F,1976-02-02,2021-01-30,北部,
C00301,Customer_301,M,1989-04-14,2023-07-28,中部,2024-07-23
C00302,Customer_302,M,1991-09-23,2023-06-27,離島,
C00303,Customer_303,M,1972-09-04,2023-10-23,中部,
C00304,Customer_304,F,1998-07-23,2021-10-06,,
C00305,Customer_305,F,1995-02-15,2022-10-23,南部,
C00306,Customer_306,M,2004-11-04,2022-11-10,中部,2023-09-07
C00307,Customer_307,M,2006-02-20,2023-07-31,中部,2024-11-05
C00308,Customer_308,M,1967-08-28,2024-09-21,離島,
C00309,Customer_309,F,1983/12/03,2023-11-02,北部,
C00310,Customer_310,M,1969-12-28,2022-08-11,離島,
C00311,Customer_311,M,2004-12-05,2025-01-12,中部,
C00312,Customer_312,F,1970-11-11,2020-09-16,離島,
C00313,Customer_313,M,1975-07-30,2021-06-16,北部,
C00314,Customer_314,F,1987-03-12,2022-12-29,東部,
C00315,Customer_315,F,2004-03-30,2021-09-14,南部,
C00316,Customer_316,M,1973-01-07,2023-12-29,,
C00317,Customer_317,F,1968-03-13,2020-09-16,南部,2022-01-08
C00318,Customer_318,F,1968-02-09,2022-12-07,離島,
C00319,Customer_319,M,1989-11-06,2023-12-04,離島,
C00320,Customer_320,F,1997-04-24,2024-08-06,南部,
C00321,Customer_321,F,1972-07-17,2022-08-19,離島,2024-05-12
C00322,Customer_322,F,1991-05-28,2022-11-18,東部,
C00323,Customer_323,M,1977-12-20,2024-05-03,離島,
C00324,Customer_324,F,1990-03-04,2022-06-15,東部,
C00325,Customer_325,M,2007-02-21,2021-08-10,北部,2025-02-06
C00326,Customer_326,F,1971-04-27,2024-05-14,北部,2024-09-05
C00327,Customer_327,F,1982-05-17,2024-03-14,北部,
C00328,Customer_328,F,1986-07-07,2023-01-17,,
C00329,Customer_329,F,1976-08-23,2023-10-11,北部,
C00330,Customer_330,M,1967-04-16,2025-03-17,東部,
C00331,Customer_331,M,2007-02-16,2022-05-22,離島,
C00332,Customer_332,M,1977-08-18,2022-03-24,南部,
C00333,Customer_333,M,1987-03-11,2022-01-19,東部,
C00334,Customer_334,M,1984-08-15,2023-07-10,中部,
C00335,Customer_335,F,1966-08-12,2021-12-18,北部,
C00336,Customer_336,F,2005-01-14,2024-02-09,離島,
C00337,Customer_337,M,1996-05-14,2025-06-12,中部,
C00338,Customer_338,M,1975-10-06,2021-01-11,北部,
C00339,Customer_339,F,2001-05-10,2023-10-11,東部,2024-03-24
C00340,Customer_340,M,,2022-04-28,南部,
C00341,Customer_341,M,1999-12-21,2021-10-31,離島,
C00342,Customer_342,F,2003-06-17,2023-11-01,中部,
C00343,Customer_343,F,1992-08-24,2025-04-29,東部,
C00344,Customer_344,M,1997-12-27,2022-12-27,北部,
C00345,Customer_345,F,1991-10-16,2024-03-24,北部,
C00346,Customer_346,F,1975-10-01,2024-05-29,北部,2024-11-01
C00347,Customer_347,M,1999-10-10,2024-07-12,離島,
C00348,Customer_348,F,1985-03-18,2021-06-23,北部,2023-10-31
C00349,Customer_349,M,1966-03-19,2023-09-08,中部,
C00350,Customer_350,M,1999-06-11,2023-04-01,中部,2025-01-09
C00351,Customer_351,M,1994-01-13,2024-10-31,北部,2025-06-28
C00352,Customer_352,F,1996-08-23,2024-12-09,中部,2025-06-02
C00353,Customer_353,F,1966-02-12,2022-11-21,南部,
C00354,Customer_354,F,1992-12-14,2021-08-29,北部,2022-12-12
C00355,Customer_355,F,1969-12-26,2021-11-29,離島,
C00356,Customer_356,F,1989-03,2021-12-29,南部,
C00357,Customer_357,M,1979-07-24,2021-09-29,北部,
C00358,Customer_358,M,1998-04-29,2021-06-04,離島,2025-01-15
C00359,Customer_359,M,1978-03-03,2023-03-11,北部,2023-10-21
C00360,Customer_360,F,,2022-09-27,東部,
C00361,Customer_361,F,1969-05-09,2024-11-27,東部,
C00362,Customer_362,M,1993-05-06,2023-05-26,南部,2024-08-26
C00363,Customer_363,F,1971-12-28,2024-01-11,,
C00364,Customer_364,F,1980-09,2022-01-17,中部,
C00365,Customer_365,F,1968-09-12,2021-05-25,中部,
C00366,Customer_366,F,1991-04-09,2025-01-18,東部,
C00367,Customer_367,M,1980-06-22,2021-10-22,中部,
C00368,Customer_368,F,1977-02-05,2022-02-21,中部,
C00369,Customer_369,F,1999-10-31,2021-06-02,東部,
C00370,Customer_370,F,1981-08-23,2023-07-27,東部,
C00371,Customer_371,F,1966-05-16,2024-04-19,北部,
C00372,Customer_372,M,2002-01-09,2022-06-07,離島,2025-05-11
C00373,Customer_373,F,1975-10-28,2021-08-07,東部,
C00374,Customer_374,F,1971-02-21,2021-07-06,東部,
C00375,Customer_375,F,1981-08-03,2023-02-14,中部,
C00376,Customer_376,M,2000-12-23,2022-07-14,離島,
C00377,Customer_377,F,1974-11,2023-12-01,中部,
C00378,Customer_378,F,1999-12-01,2021-03-23,中部,
C00379,Customer_379,F,1981-01-18,2022-10-23,離島,
C00380,Customer_380,F,1974-10-08,2022-02-04,北部,
C00381,Customer_381,F,1976-01-11,2023-11-19,北部,
C00382,Customer_382,M,1990-06-10,2022-01-10,離島,
C00383,Customer_383,F,1968-12-04,2024-03-16,北部,
C00384,Customer_384,M,1994-12-12,2024-07-01,南部,
C00385,Customer_385,M,1996-07-09,2025-01-09,北部,
C00386,Customer_386,M,1995-04-03,2022-09-25,東部,
C00387,Customer_387,M,1974-08-25,2022-12-07,北部,
C00388,Customer_388,F,1987-06-14,2021-03-24,中部,
C00389,Customer_389,F,2006-02-12,2023-09-07,北部,
C00390,Customer_390,F,1978-09-08,2024-05-23,離島,
C00391,Customer_391,M,1974-08-19,2025-07-02,南部,
C00392,Customer_392,F,,2021-01-14,中部,
C00393,Customer_393,F,1997-05-23,2025-02-12,離島,
C00394,Customer_394,F,1980-04-11,2021-10-31,離島,
C00395,Customer_395,F,1987-08,2021-08-20,東部,2022-03-05
C00396,Customer_396,M,1969-05-25,2023-06-19,東部,
C00397,Customer_397,F,1966-02-10,2024-10-16,中部,
C00398,Customer_398,F,1974-04-09,2025-06-15,離島,
C00399,Customer_399,M,2002-07-13,2022-03-02,南部,
C00400,Customer_400,F,1966-05-29,2021-11-20,中部,
C00401,Customer_401,M,1974-09-03,2021-12-30,北部,
C00402,Customer_402,M,2003-03,2025-01-29,南部,2025-04-18
C00403,Customer_403,F,1997-08-16,2020-09-23,中部,2025-06-09
C00404,Customer_404,F,1983-10-31,2021-09-03,南部,
C00405,Customer_405,M,2004-05-04,2022-02-08,北部,
C00406,Customer_406,M,1970-10-12,2023-10-20,北部,2025-02-22
C00407,Customer_407,F,2005-06-13,2024-12-22,中部,2025-01-16
C00408,Customer_408,M,1970-10-23,2022-05-16,南部,2025-05-18
C00409,Customer_409,F,1993-02-22,2023-03-17,中部,2023-06-13
C00410,Customer_410,M,2004-05-09,2024-02-05,南部,
C00411,Customer_411,M,1973-03-17,2021-06-28,南部,
C00412,Customer_412,F,1974-12-13,2022-06-03,中部,
C00413,Customer_413,M,1978-08-02,2023-08-26,離島,
C00414,Customer_414,F,1968-06-30,2022-01-11,東部,
C00415,Customer_415,M,1996-06-26,2022-01-24,中部,
C00416,Customer_416,F,1969-05-03,2021-12-08,東部,
C00417,Customer_417,F,2002-10-23,2025-03-14,南部,
C00418,Customer_418,F,1971-10-14,2023-02-22,,
C00419,Customer_419,F,1970-02-08,2025-06-30,離島,
C00420,Customer_420,F,1999-09-25,2021-09-28,中部,
C00421,Customer_421,M,1996-03-16,2024-06-28,北部,
C00422,Customer_422,M,2006-01-22,2022-04-10,南部,2022-10-27
C00423,Customer_423,F,2005-08-30,2025-03-06,東部,
C00424,Customer_424,F,1998-04-16,2020-11-10,離島,
C00425,Customer_425,M,1987-03-11,2023-07-08,北部,
C00426,Customer_426,F,1999-04-13,2021-11-15,南部,
C00427,Customer_427,F,1988-02-07,2023-05-18,南部,2023-10-12
C00428,Customer_428,F,1981-05-23,2023-01-11,離島,2024-12-03
C00429,Customer_429,M,1966-11-01,2022-06-27,東部,
C00430,Customer_430,F,2007-08-06,2023-10-21,北部,
C00431,Customer_431,F,2003-02-02,2023-10-23,離島,2024-09-24
C00432,Customer_432,M,1997-06-15,2022-12-01,東部,
C00433,Customer_433,M,1991-04-30,2021-12-03,離島,
C00434,Customer_434,F,2006-06-04,2024-03-20,東部,
C00435,Customer_435,F,1992-11-06,2024-08-15,離島,
C00436,Customer_436,F,1988-11-28,2022-07-19,北部,
C00437,Customer_437,F,1997-08-01,2020-09-09,離島,
C00438,Customer_438,F,1992-04-23,2023-07-01,中部,2024-02-20
C00439,Customer_439,M,1993-07-16,2024-09-02,中部,2025-07-24
C00440,Customer_440,F,1972-08-03,2025-07-03,離島,
C00441,Customer_441,M,1998-12-29,2022-10-16,北部,
C00442,Customer_442,F,1983-03-22,2021-09-06,中部,2025-03-14
C00443,Customer_443,M,1972-09-09,2022-09-23,中部,
C00444,Customer_444,F,2001-10-18,2025-06-02,北部,
C00445,Customer_445,F,1971-07-29,2025-03-30,北部,
C00446,Customer_446,M,1982-12-01,2024-08-09,中部,2025-07-02
C00447,Customer_447,F,1988-07-16,2022-10-07,北部,
C00448,Customer_448,F,1985-09-25,2022-07-30,北部,
C00449,Customer_449,F,2003-12-27,2021-01-17,中部,
C00450,Customer_450,M,1977-08-01,2023-12-15,東部,
C00451,Customer_451,M,2007-01-13,2023-08-10,南部,
C00452,Customer_452,M,1968-02-15,2021-01-14,離島,
C00453,Customer_453,F,1996/03/11,2022-04-20,北部,
C00454,Customer_454,M,1993-06-29,2025-06-30,離島,
C00455,Customer_455,M,1966-08-03,2020-11-06,北部,
C00456,Customer_456,M,1970-07-20,2021-06-18,南部,2024-01-21
C00457,Customer_457,M,1990-03-27,2022-06-27,東部,
C00458,Customer_458,F,2004-01-16,2023-06-06,東部,2024-12-17
C00459,Customer_459,F,1980-04-13,2020-09-17,中部,
C00460,Customer_460,M,2003-07-21,2025-06-14,南部,
C00461,Customer_461,F,1967-05-03,2021-02-04,離島,
C00462,Customer_462,F,2001-08-11,2021-12-20,北部,2025-07-20
C00463,Customer_463,M,2007-03-01,2023-11-17,離島,
C00464,Customer_464,M,1992-01-20,2024-07-16,南部,2025-07-30
C00465,Customer_465,F,2000-04-04,2025-07-27,北部,
C00466,Customer_466,F,1972-05-17,2023-11-11,離島,
C00467,Customer_467,F,1971-01-11,2025-03-04,北部,2025-07-15
C00468,Customer_468,M,1974-06-18,2022-04-04,中部,
C00469,Customer_469,M,1979-03-05,2022-05-26,東部,
C00470,Customer_470,F,1999-07-12,2021-04-05,南部,
C00471,Customer_471,M,1991-09-22,2025-07-04,中部,
C00472,Customer_472,M,1966-01-29,2024-08-31,離島,
C00473,Customer_473,M,1973-12-30,2022-02-07,北部,
C00474,Customer_474,M,1993-11-01,2025-02-22,南部,
C00475,Customer_475,F,1981-11-11,2025-02-08,中部,
C00476,Customer_476,M,1982-12-16,2020-09-24,南部,
C00477,Customer_477,F,1969-04-26,2021-09-05,南部,
C00478,Customer_478,M,1971-05-14,2024-07-15,,
C00479,Customer_4808,F,2007-05-27,2022-03-11,南部,
C00480,Customer_480,F,1968-09-19,2022-08-08,北部,2023-03-12
C00481,Customer_481,F,1993-05-15,2023-02-09,離島,2025-04-07
C00482,Customer_482,F,2002-05-25,2024-12-02,中部,
C00483,Customer_483,F,1970-08-18,2025-06-04,東部,
C00484,Customer_484,M,1978-09-17,2021-04-16,中部,
C00485,Customer_485,F,2002-07-23,2025-01-14,中部,
C00486,Customer_486,F,1992-04-09,2020-09-08,南部,
C00487,Customer_487,F,1997-09-28,2023-12-09,東部,
C00488,Customer_488,M,1990-06-03,2022-09-02,中部,
C00489,Customer_489,M,1996-01-25,2025-03-05,離島,
C00490,Customer_490,M,1990-10-13,2022-06-11,南部,
C00491,Customer_491,M,1994-11-14,2022-07-06,南部,2023-01-26
C00492,Customer_492,M,1995-10-26,2025-02-24,南部,
C00493,Customer_493,F,1981-06-12,2021-08-03,東部,
C00494,Customer_494,M,2003-05-18,2020-08-18,北部,
C00495,Customer_495,M,1993-03-29,2021-07-03,中部,
C00496,Customer_496,M,1979-04-16,2022-07-02,北部,
C00497,Customer_497,F,1970-06-14,2025-01-08,離島,
C00498,Customer_498,F,2005-07-18,2023-03-15,離島,
C00499,Customer_499,F,1968-09-09,2023-08-08,南部,
C00500,Customer_500,F,1992-07-23,2024-09-01,南部,2025-02-13
C00501,Customer_501,F,1969-09-25,2021-11-07,南部,
C00502,Customer_502,M,1997-10-14,2024-03-17,北部,
C00503,Customer_503,F,1982-03-11,2021-02-13,離島,
C00504,Customer_504,M,1977-08-30,2024-11-03,南部,
C00505,Customer_505,F,1993-06-04,2022-07-19,南部,
C00506,Customer_506,F,1996-11-22,2022-05-11,東部,2022-06-04
C00507,Customer_507,F,1976-02-05,2024-07-05,北部,
C00508,Customer_508,M,1994-08-28,2023-03-25,離島,2024-07-22
C00509,Customer_509,F,2004-10-02,2021-04-17,北部,
C00510,Customer_510,F,1984-08-10,2021-09-15,中部,2025-03-11
C00511,Customer_511,F,1997-02-27,2025-02-08,中部,
C00512,Customer_512,M,1981-05-03,2020-10-07,北部,
C00513,Customer_513,M,1995-06-30,2020-08-24,南部,
C00514,Customer_514,M,1967-02-20,2023-12-02,離島,
C00515,Customer_515,M,1967-02-25,2021-02-12,南部,2024-11-20
C00516,Customer_516,M,1990-08-20,2023-12-24,東部,
C00517,Customer_517,M,1990-12-03,2022-03-04,北部,
C00518,Customer_518,F,2001-06-02,2023-04-01,南部,
C00519,Customer_519,F,1988-08-02,2024-03-22,中部,
C00520,Customer_520,F,2003-10-04,2022-06-03,南部,
C00521,Customer_521,F,1991-11-01,2025-05-21,離島,
C00522,Customer_522,M,1971-11-05,2022-12-24,中部,
C00523,Customer_523,M,2001-02-21,2021-02-25,離島,
C00524,Customer_524,M,1968-01-07,2021-06-11,東部,
C00525,Customer_525,M,1988-07-31,2023-04-16,北部,
C00526,Customer_526,F,1967-04-11,2022-06-24,,
C00527,Customer_527,M,1975-08-18,2023-12-29,南部,
C00528,Customer_528,M,1987-11-01,2022-09-05,北部,
C00529,Customer_529,M,1984-06-23,2022-05-30,北部,
C00530,Customer_530,M,1999-02-11,2022-10-17,北部,
C00531,Customer_531,F,1993-10-26,2022-07-13,中部,
C00532,Customer_532,F,1993-10-02,2022-08-24,南部,
C00533,Customer_533,F,1965-12-17,2023-12-25,東部,
C00534,Customer_534,F,1997-03-21,2025-07-03,南部,
C00535,Customer_535,M,2005-02-16,2025-05-05,離島,2025-06-10
C00536,Customer_536,M,1993-04-22,2024-07-16,南部,2024-12-16
C00537,Customer_537,M,1997-01-21,2020-12-23,南部,
C00538,Customer_538,F,1985-09-11,2020-12-08,南部,
C00539,Customer_539,M,1988-06-22,2022-11-16,中部,
C00540,Customer_540,M,1998-07-31,2023-01-09,中部,2025-04-10
C00541,Customer_541,F,1995/11/04,2021-12-16,北部,
C00542,Customer_542,F,2000/08/17,2024-11-01,南部,
C00543,Customer_543,M,1987-12-30,2021-09-29,中部,
C00544,Customer_544,F,2004-07-05,2025-03-04,東部,
C00545,Customer_545,F,1968-04-13,2021-06-29,北部,
C00546,Customer_546,M,1985-09-20,2022-11-20,南部,
C00547,Customer_547,F,2001-11-03,2023-05-24,離島,
C00548,Customer_548,M,1996-11-30,2022-08-10,南部,
C00549,Customer_549,M,1991-02-04,2021-03-27,離島,
C00550,Customer_550,M,2007-07-20,2023-06-28,離島,
C00551,Customer_551,M,2003-02-02,2021-06-21,南部,
C00552,Customer_552,F,1973-06-01,2023-11-13,南部,
C00553,Customer_1567,F,1976-12-23,2025-02-27,東部,2025-05-10
C00554,Customer_554,M,1970-10-21,2021-04-28,離島,
C00555,Customer_555,F,1979-10-08,2021-09-15,北部,
C00556,Customer_556,M,1977-03-05,2023-04-10,東部,
C00557,Customer_557,M,2006/02/17,2021-02-23,,2022-06-27
C00558,Customer_558,F,1975-10-30,2025-04-18,東部,
C00559,Customer_559,F,1969-11-23,2025-02-18,離島,
C00560,Customer_560,F,1988-01-31,2023-02-22,南部,2025-02-01
C00561,Customer_561,M,2004-12-03,2023-08-25,離島,
C00562,Customer_562,M,1996-10-27,2025-05-25,北部,2025-07-23
C00563,Customer_563,F,1999-10-28,2023-06-15,東部,
C00564,Customer_564,M,1973-04-11,2021-08-10,北部,
C00565,Customer_565,F,2004-03-22,2021-08-08,中部,2025-01-21
C00566,Customer_566,F,1999-06-25,2022-04-05,北部,
C00567,Customer_567,F,1992-04-12,2020-09-29,南部,
C00568,Customer_568,F,1996-08-31,2022-02-12,中部,2023-03-23
C00569,Customer_569,F,1987-07-28,2021-08-13,北部,2023-02-11
C00570,Customer_570,F,2004-08-11,2025-07-21,南部,
C00571,Customer_571,M,2004-09-12,2021-06-22,北部,2023-08-24
C00572,Customer_572,M,1969-10-25,2021-09-30,離島,2024-07-27
C00573,Customer_573,M,1973-05-17,2023-12-19,離島,
C00574,Customer_574,F,1993/11/25,2024-08-24,南部,
C00575,Customer_575,F,,2023-04-21,離島,
C00576,Customer_576,F,1997-10-07,2021-12-30,東部,
C00577,Customer_577,F,1969-06-09,2023-11-11,中部,2024-10-16
C00578,Customer_578,M,2003-05-17,2024-12-27,中部,
C00579,Customer_579,F,1998-07-19,2023-11-27,北部,
C00580,Customer_580,M,2004-02-10,2021-07-14,中部,
C00581,Customer_581,F,2002-11-04,2022-10-02,東部,
C00582,Customer_582,M,1976-09-29,2025-01-15,北部,2025-04-13
C00583,Customer_583,F,1974-05-07,2023-02-22,南部,
C00584,Customer_584,M,1998-07-03,2021-01-02,南部,
C00585,Customer_585,F,1990-03-08,2021-10-05,南部,
C00586,Customer_586,F,1999-07-24,2025-07-11,北部,
C00587,Customer_587,M,2002-02-01,2022-03-15,東部,
C00588,Customer_588,M,1984-11-14,2025-04-15,離島,
C00589,Customer_589,M,1977-09-18,2022-03-04,離島,
C00590,Customer_590,F,1997-11,2024-01-06,南部,
C00591,Customer_591,M,1999-03-10,2021-01-17,南部,
C00592,Customer_592,F,1991-07-26,2024-12-19,離島,
C00593,Customer_593,F,1969-10-21,2021-01-18,離島,2024-12-03
C00594,Customer_594,M,1976-04-03,2023-05-09,北部,
C00595,Customer_595,M,1988-09-30,2021-10-24,東部,
C00596,Customer_596,F,1978-03-07,2023-02-15,南部,2025-04-06
C00597,Customer_597,M,1974-09-01,2021-10-03,北部,
C00598,Customer_598,F,1996/08/20,2022-02-23,中部,
C00599,Customer_599,M,1993-03-16,2023-09-22,離島,
C00600,Customer_600,M,1979-10-15,2025-03-18,中部,
C00601,Customer_601,M,1989-06-19,2025-07-14,中部,
C00602,Customer_602,M,1972-07-14,2024-05-27,北部,
C00603,Customer_603,F,1976-04-09,2024-03-14,離島,
C00604,Customer_604,M,1995-06-05,2022-10-29,東部,
C00605,Customer_605,M,1982-04-21,2021-04-16,中部,
C00606,Customer_606,F,,2024-09-23,,
C00607,Customer_607,M,1994-09-20,2021-05-24,離島,
C00608,Customer_608,M,1982-03-19,2025-03-29,,
C00609,Customer_609,F,2005-09-02,2024-07-25,離島,
C00610,Customer_610,M,2000-07-01,2024-02-25,東部,
C00611,Customer_611,F,1968-06-03,2024-10-27,東部,
C00612,Customer_612,F,2000-09-17,2023-05-19,中部,
C00613,Customer_613,F,1979-09-28,2025-01-11,離島,
C00614,Customer_614,F,1977-10-27,2024-09-25,北部,
C00615,Customer_615,M,1974-08-09,2021-05-20,離島,2022-03-16
C00616,Customer_616,M,1982-11-24,2021-12-06,東部,2023-03-31
C00617,Customer_617,M,1980-10-24,2022-07-18,離島,
C00618,Customer_618,F,1990-06-26,2022-05-13,北部,
C00619,Customer_619,F,1968-11-17,2024-04-19,南部,
C00620,Customer_620,M,1992-10-01,2023-03-27,南部,2023-11-02
C00621,Customer_621,M,1983-12-28,2021-04-20,東部,
C00622,Customer_622,M,2005-03-09,2021-04-02,南部,
C00623,Customer_623,M,1998-04-21,2022-06-01,離島,
C00624,Customer_624,M,2002-07,2020-10-13,離島,
C00625,Customer_625,M,1989-11-24,2021-05-12,東部,
C00626,Customer_626,F,1981-02-17,2025-07-22,南部,
C00627,Customer_627,F,1981-05-28,2023-09-05,中部,
C00628,Customer_628,F,1993-11-09,2022-02-20,中部,
C00629,Customer_629,F,1981-01-29,2021-08-22,北部,2023-06-24
C00630,Customer_630,M,1968-12-18,2022-08-24,南部,2022-09-18
C00631,Customer_631,M,1991-03-30,2022-07-14,南部,
C00632,Customer_632,F,1967-10-03,2022-08-28,東部,
C00633,Customer_633,F,1990-03-27,2020-10-24,南部,2022-11-29
C00634,Customer_634,M,1984-05-05,2024-01-21,北部,
C00635,Customer_635,F,1982-04-11,2023-07-18,南部,2024-08-30
C00636,Customer_636,F,1966-05-31,2023-03-18,南部,
C00637,Customer_637,F,2000-10-04,2022-08-18,中部,
C00638,Customer_638,M,1993-08-31,2022-02-11,中部,
C00639,Customer_639,M,1970-08-15,2022-12-03,東部,2024-11-25
C00640,Customer_640,M,,2021-08-10,北部,
C00641,Customer_641,M,1982-03-02,2024-09-24,東部,
C00642,Customer_642,M,1998-07-21,2021-11-28,中部,
C00643,Customer_643,F,1970-04-15,2025-06-07,東部,
C00644,Customer_644,F,1998-11-21,2021-09-12,中部,
C00645,Customer_645,F,2005-09-26,2023-03-09,南部,
C00646,Customer_646,M,1975-07-03,2023-06-16,離島,2025-02-20
C00647,Customer_647,F,1993-05-15,2023-04-11,南部,2023-10-06
C00648,Customer_648,M,2005-04-04,2022-09-25,中部,
C00649,Customer_649,F,2004-06-14,2024-07-17,離島,2024-12-14
C00650,Customer_650,F,,2024-08-09,北部,
C00651,Customer_651,M,1995-11-20,2024-09-15,南部,
C00652,Customer_652,F,2006-07-15,2024-06-05,南部,
C00653,Customer_653,M,1966-01-27,2021-03-25,離島,
C00654,Customer_654,F,1989-12-12,2025-06-26,南部,
C00655,Customer_655,M,2007-07-08,2025-06-10,北部,
C00656,Customer_656,F,1975-12-18,2021-03-17,東部,2025-02-02
C00657,Customer_657,M,1978-08-23,2021-10-24,離島,
C00658,Customer_658,M,,2021-07-16,北部,
C00659,Customer_659,M,1971-01-09,2023-01-24,南部,
C00660,Customer_660,M,1981-03-06,2021-02-13,北部,2024-10-17
C00661,Customer_661,F,1987-04-30,2023-02-13,北部,
C00662,Customer_662,F,1993-11-10,2023-08-27,北部,2025-05-09
C00663,Customer_663,F,1976-03-18,2025-05-05,南部,
C00664,Customer_664,F,,2022-10-20,東部,
C00665,Customer_665,F,1993-03-22,2022-09-24,南部,
C00666,Customer_666,M,1984-06-16,2024-02-23,北部,
C00667,Customer_667,M,,2021-04-09,南部,2022-12-08
C00668,Customer_668,M,1987-10-06,2023-01-14,中部,
C00669,Customer_669,F,1973-02-25,2020-11-22,中部,2025-01-16
C00670,Customer_670,F,1982-12-09,2023-10-20,,
C00671,Customer_671,M,1987-04,2025-04-10,離島,2025-07-18
C00672,Customer_672,F,1976-12-15,2022-01-19,南部,
C00673,Customer_673,F,2005-03-25,2022-08-22,北部,
C00674,Customer_674,F,2004-06-25,2021-10-27,東部,
C00675,Customer_675,F,1996-01-26,2022-05-19,南部,
C00676,Customer_676,F,2002-02-28,2023-06-21,中部,
C00677,Customer_677,F,2000-06-03,2021-02-21,北部,
C00678,Customer_678,M,,2024-12-25,北部,2025-01-21
C00679,Customer_679,F,1968-03-24,2021-01-01,,
C00680,Customer_680,F,1987-01-09,2025-03-23,離島,
C00681,Customer_681,F,2001-11-22,2023-06-24,東部,
C00682,Customer_682,F,1993-11-07,2024-05-29,南部,
C00683,Customer_683,M,1978-08-18,2023-10-30,中部,2025-07-12
C00684,Customer_684,M,1982-11-09,2024-11-12,北部,2025-01-03
C00685,Customer_685,M,2004-01-30,2022-07-17,離島,
C00686,Customer_686,M,1965-08-29,2021-12-13,南部,
C00687,Customer_687,M,1967-06,2024-04-28,北部,
C00688,Customer_688,F,1977-06-08,2024-08-26,南部,
C00689,Customer_689,F,1989-03-05,2023-03-07,中部,2024-02-13
C00690,Customer_690,M,1987-06-29,2025-05-29,,
C00691,Customer_691,M,2004-07-27,2023-08-19,南部,2024-02-22
C00692,Customer_692,F,1996-03-25,2020-10-13,中部,
C00693,Customer_693,M,1987-01-30,2024-02-25,東部,2024-08-25
C00694,Customer_694,M,1970-08-20,2023-04-26,中部,
C00695,Customer_695,F,1968-08-10,2021-09-15,中部,2023-09-14
C00696,Customer_696,F,1988/04/23,2022-02-14,中部,
C00697,Customer_697,M,1977-05-28,2021-05-15,離島,
C00698,Customer_698,M,1969-12-21,2023-06-08,南部,
C00699,Customer_699,M,1996-10-29,2021-07-10,中部,
C00700,Customer_700,F,2006-03-24,2021-07-12,南部,
C00701,Customer_701,M,2006-06-04,2022-01-08,北部,
C00702,Customer_702,F,1992-03,2024-08-17,東部,
C00703,Customer_703,M,1989-12-03,2020-10-19,東部,
C00704,Customer_704,M,1988-04-30,2025-02-02,東部,2025-05-17
C00705,Customer_705,F,1976-12-18,2025-06-25,東部,
C00706,Customer_706,M,1967-06-13,2024-02-22,中部,
C00707,Customer_707,F,2005-03-04,2025-07-11,東部,
C00708,Customer_708,F,1998-02-04,2023-10-09,離島,
C00709,Customer_709,F,1998-03-09,2024-01-12,北部,2025-06-02
C00710,Customer_710,F,2003-04-17,2024-10-17,北部,2025-04-05
C00711,Customer_711,F,1983-08-31,2023-03-25,,
C00712,Customer_712,F,1998-01-21,2020-12-18,北部,
C00713,Customer_713,M,2001-12-13,2024-05-05,東部,
C00714,Customer_714,F,1980-05-05,2025-07-11,中部,
C00715,Customer_715,M,1995-06-26,2025-01-09,中部,
C00716,Customer_716,M,1969-09-09,2022-03-01,北部,
C00717,Customer_717,M,1992-08-03,2025-06-04,南部,
C00718,Customer_718,F,1972-02-28,2021-07-26,東部,
C00719,Customer_719,M,1988-01-25,2021-11-12,東部,
C00720,Customer_720,F,1994-12-23,2024-09-14,中部,
C00721,Customer_721,M,1986-02-25,2023-08-25,東部,
C00722,Customer_722,F,1973-11-17,2024-09-05,離島,
C00723,Customer_723,M,2005-05-15,2023-12-14,北部,
C00724,Customer_724,M,1990-12-19,2021-04-19,南部,
C00725,Customer_725,M,1996-03-24,2024-04-04,南部,
C00726,Customer_726,M,1992-02-18,2022-06-08,東部,
C00727,Customer_727,F,1999-10-07,2020-10-09,離島,
C00728,Customer_728,F,1973-02-14,2022-01-18,東部,2025-07-30
C00729,Customer_729,F,1978-05-24,2024-04-26,北部,
C00730,Customer_730,F,1987-04-22,2023-05-26,中部,
C00731,Customer_731,M,1974-02-12,2023-05-08,北部,
C00732,Customer_732,F,2006-09-25,2024-12-05,北部,2025-06-04
C00733,Customer_733,M,1982-02-28,2023-08-11,北部,
C00734,Customer_734,F,2007-07-12,2024-06-07,北部,2025-02-23
C00735,Customer_735,M,1984-01-18,2024-05-28,,
C00736,Customer_736,F,2004-06-06,2023-09-04,東部,
C00737,Customer_737,F,1999-08-28,2024-03-08,北部,
C00738,Customer_738,F,1974-12,2024-12-05,南部,
C00739,Customer_739,M,1966-03-15,2024-09-28,北部,2025-03-05
C00740,Customer_740,F,1981-09-06,2021-10-29,中部,
C00741,Customer_741,M,2003-07-21,2023-02-06,中部,
C00742,Customer_742,M,1983-07-02,2025-06-21,南部,2025-07-28
C00743,Customer_743,M,1978-10-27,2025-06-12,離島,
C00744,Customer_744,M,1985-03-14,2021-04-03,東部,
C00745,Customer_745,F,1967-04-01,2021-04-03,離島,
C00746,Customer_746,M,1998-11-25,2024-01-12,南部,
C00747,Customer_747,F,2001-10-15,2024-10-04,南部,
C00748,Customer_748,F,1969-09-07,2021-10-19,南部,
C00749,Customer_749,M,1976-09-20,2022-09-23,東部,
C00750,Customer_750,M,1982-07-23,2022-01-27,中部,
C00751,Customer_751,M,1986-03-03,2023-10-13,東部,2024-06-20
C00752,Customer_752,M,1971-07-02,2024-10-10,北部,
C00753,Customer_753,M,1976-10-09,2025-03-18,北部,2025-06-28
C00754,Customer_754,M,1977-03-14,2024-12-09,離島,2025-05-24
C00755,Customer_755,F,1991-04-07,2021-08-20,離島,2023-10-07
C00756,Customer_756,F,2003-08-13,2023-05-09,南部,
C00757,Customer_757,F,1975-05-14,2021-08-18,東部,
C00758,Customer_758,M,1969-02-24,2021-12-01,離島,
C00759,Customer_759,F,1974-05-27,2022-09-05,東部,
C00760,Customer_760,F,1999-12-15,2025-05-19,中部,
C00761,Customer_761,M,1995-10-17,2025-03-23,南部,2025-07-26
C00762,Customer_762,M,1978-06-14,2020-11-27,南部,
C00763,Customer_763,M,1972-12-27,2022-08-29,北部,
C00764,Customer_764,M,1982-05-17,2025-04-28,離島,
C00765,Customer_765,M,1977-12-09,2022-07-10,南部,
C00766,Customer_766,M,1969-10-19,2021-12-16,北部,
C00767,Customer_767,F,1994-10-05,2025-07-05,東部,
C00768,Customer_768,M,1976-02-19,2021-02-18,中部,
C00769,Customer_769,F,1970-04-01,2021-07-11,北部,
C00770,Customer_770,F,2007-07-14,2024-08-16,北部,
C00771,Customer_771,F,1982-07-18,2024-02-22,東部,
C00772,Customer_772,M,2005-08-10,2022-04-20,東部,
C00773,Customer_773,M,1992-07-11,2023-06-30,離島,2025-04-10
C00774,Customer_774,F,1983-03-05,2023-02-27,北部,
C00775,Customer_775,F,1992-10-03,2024-04-09,中部,
C00776,Customer_776,M,1985-01-28,2024-07-02,南部,2025-07-30
C00777,Customer_777,M,1969-09-23,2023-09-05,南部,
C00778,Customer_778,F,2003-02-09,2023-09-26,北部,
C00779,Customer_779,M,2003-04-01,2024-09-12,中部,
C00780,Customer_780,F,2001-02-10,2023-04-14,南部,
C00781,Customer_781,M,2000-05-01,2024-11-29,中部,
C00782,Customer_782,M,1983-05-24,2022-11-11,北部,2024-01-01
C00783,Customer_783,M,1991-03-03,2025-04-10,南部,
C00784,Customer_784,M,1984-01-31,2024-06-18,北部,2024-10-29
C00785,Customer_785,F,1973-05-13,2023-05-30,北部,
C00786,Customer_786,M,1978-12-13,2023-02-05,離島,
C00787,Customer_787,M,1996-06-13,2025-07-05,離島,
C00788,Customer_788,F,1998-02-03,2021-08-06,南部,
C00789,Customer_789,M,1984-09-11,2024-09-22,中部,
C00790,Customer_790,M,1976-12-16,2024-09-16,北部,2024-11-01
C00791,Customer_791,M,1985-09-17,2020-11-08,中部,
C00792,Customer_792,F,1997-03-12,2021-08-10,南部,
C00793,Customer_793,M,1981-11-17,2020-12-01,南部,
C00794,Customer_794,F,1994-11-25,2024-06-23,南部,
C00795,Customer_795,F,1980-10-04,2025-01-06,東部,2025-02-24
C00796,Customer_796,M,1995-10-18,2024-03-08,離島,2025-01-07
C00797,Customer_797,F,1986-03-05,2023-04-15,中部,2025-02-17
C00798,Customer_798,F,1977-10-20,2022-02-14,,
C00799,Customer_799,M,1970-06-08,2024-02-14,中部,
C00800,Customer_800,F,2000-07-09,2024-06-18,東部,
C00801,Customer_801,F,1971-01-03,2023-09-02,南部,
C00802,Customer_802,M,1976-05-04,2021-12-01,離島,
C00803,Customer_803,M,1997-07-01,2021-09-26,南部,
C00804,Customer_804,F,2002/03/17,2022-04-14,離島,2023-10-24
C00805,Customer_2393,F,1986-03-08,2024-08-16,北部,2025-02-16
C00806,Customer_806,F,1976-10-01,2021-11-11,中部,
C00807,Customer_807,M,1995-07-20,2024-11-17,南部,
C00808,Customer_808,F,2001-01-25,2021-12-16,離島,
C00809,Customer_809,M,1988-01-01,2025-03-26,離島,
C00810,Customer_810,F,2007-04-11,2025-02-23,,
C00811,Customer_811,F,2003-11-17,2021-07-10,北部,
C00812,Customer_812,F,1985-04-29,2025-02-03,南部,
C00813,Customer_813,F,1995-11-09,2024-12-18,離島,
C00814,Customer_814,F,1970-11-25,2025-01-29,北部,
C00815,Customer_815,M,2006-01-08,2023-02-27,東部,2024-05-13
C00816,Customer_816,M,1997-04-25,2022-04-18,離島,
C00817,Customer_817,F,1987-10-29,2020-10-17,中部,2024-01-06
C00818,Customer_818,F,1988/12/02,2021-08-23,北部,
C00819,Customer_819,F,1987-04-28,2022-03-31,南部,
C00820,Customer_820,M,1970-02-20,2022-08-04,中部,
C00821,Customer_821,M,1970-03-27,2024-07-28,中部,
C00822,Customer_822,F,1973-04-28,2021-08-24,中部,
C00823,Customer_823,M,1982-10-01,2025-03-07,東部,
C00824,Customer_824,F,2006-02-04,2022-09-27,東部,
C00825,Customer_825,M,1973-04-01,2022-03-14,北部,
C00826,Customer_826,F,1980-02-07,2023-07-26,離島,
C00827,Customer_827,M,2006-07-18,2024-09-05,離島,
C00828,Customer_828,F,1967-07-02,2025-06-24,北部,2025-06-25
C00829,Customer_829,M,1967-05,2023-03-18,離島,
C00830,Customer_830,M,2006-06-16,2021-12-27,北部,
C00831,Customer_831,F,2000-03-12,2020-09-25,南部,
C00832,Customer_832,F,1997-03-20,2022-05-03,離島,2024-10-17
C00833,Customer_833,M,1992-03-22,2023-04-25,東部,
C00834,Customer_834,F,1999-02-17,2022-09-15,離島,
C00835,Customer_835,M,2005-05-24,2021-10-16,南部,
C00836,Customer_836,F,2004-07-25,2023-02-06,南部,
C00837,Customer_837,F,1976-07-29,2023-12-19,中部,
C00838,Customer_838,M,1986-10-18,2021-12-07,北部,
C00839,Customer_839,M,1993-12-03,2024-09-22,東部,
C00840,Customer_840,M,1985-06-02,2023-08-10,離島,2025-06-28
C00841,Customer_841,F,1965-11-10,2023-03-28,離島,2025-04-03
C00842,Customer_842,M,1969-07-24,2025-07-18,南部,
C00843,Customer_843,M,1988-11-01,2023-01-14,東部,
C00844,Customer_844,F,1984-11-19,2023-12-26,北部,
C00845,Customer_845,M,1994-04-19,2024-03-28,東部,
C00846,Customer_846,M,1969-06-01,2024-11-07,離島,
C00847,Customer_847,F,1982-10-24,2021-01-10,北部,2023-03-20
C00848,Customer_1357,M,,2022-02-14,中部,
C00849,Customer_849,M,1991-01-01,2023-06-18,北部,
C00850,Customer_850,M,1972-06-10,2023-03-08,離島,
C00851,Customer_851,M,1994-03-23,2025-06-04,南部,
C00852,Customer_852,M,1974-12-20,2023-12-04,離島,
C00853,Customer_853,F,1987-06-27,2023-05-21,東部,2024-08-13
C00854,Customer_854,M,1998-03-11,2021-03-27,北部,
C00855,Customer_855,F,1992-12-02,2021-04-02,北部,
C00856,Customer_856,F,1986-10-30,2025-04-12,東部,
C00857,Customer_857,F,1986-06-09,2021-10-23,北部,
C00858,Customer_858,M,1997-11-27,2021-04-05,東部,
C00859,Customer_859,F,1974-08-26,2025-02-12,中部,
C00860,Customer_860,M,1973-09-04,2020-09-30,中部,2025-06-02
C00861,Customer_861,M,1983-09-30,2021-04-27,南部,
C00862,Customer_862,M,1994-04-05,2024-06-02,中部,2024-10-07
C00863,Customer_863,M,1988-06-20,2022-10-02,離島,
C00864,Customer_864,F,1982-01-21,2022-08-27,離島,
C00865,Customer_865,M,1983-01-01,2023-10-19,北部,2024-07-04
C00866,Customer_866,M,1965-12-02,2023-07-07,南部,
C00867,Customer_867,M,,2022-05-27,北部,2023-11-22
C00868,Customer_868,M,1969-07-23,2024-03-19,中部,
C00869,Customer_869,M,1979-09-07,2022-05-12,東部,
C00870,Customer_870,F,1999-12-05,2020-11-02,中部,
C00871,Customer_871,M,1966-08-05,2024-11-04,中部,
C00872,Customer_872,F,1972-12-15,2021-01-18,北部,
C00873,Customer_873,M,1996-10-22,2025-07-24,中部,2025-07-27
C00874,Customer_874,M,1990-10-01,2022-03-29,南部,
C00875,Customer_875,M,1997-04-08,2022-10-11,南部,2023-05-01
C00876,Customer_876,M,1985-12-31,2023-08-27,離島,2024-11-21
C00877,Customer_877,F,1975-02-16,2023-06-17,離島,2023-11-21
C00878,Customer_878,F,1995-11-05,2023-06-18,中部,2024-12-20
C00879,Customer_879,F,1991-07-08,2023-05-10,南部,
C00880,Customer_880,M,1999-08-17,2022-07-28,離島,
C00881,Customer_881,M,2006-09-11,2024-08-09,北部,
C00882,Customer_882,F,1973-11-09,2024-10-23,東部,2025-05-28
C00883,Customer_883,M,1985-10-11,2024-11-04,東部,
C00884,Customer_884,F,2004-08-11,2023-04-09,北部,
C00885,Customer_885,F,1990-09-06,2022-01-31,北部,
C00886,Customer_886,M,2005-10-02,2024-10-27,離島,
C00887,Customer_887,F,1989-09-29,2024-04-03,中部,2025-03-17
C00888,Customer_888,M,1983-03-11,2022-12-08,中部,
C00889,Customer_889,F,1975-01-06,2023-05-03,南部,
C00890,Customer_890,M,1978-03-19,2024-02-05,南部,2024-05-04
C00891,Customer_891,F,1972-01-09,2023-08-30,中部,
C00892,Customer_892,M,2004-06-12,2023-04-29,中部,
C00893,Customer_893,M,1994-02-24,2023-10-22,離島,
C00894,Customer_894,M,2004-03-06,2020-12-25,離島,
C00895,Customer_895,M,1985-05-03,2022-05-22,離島,
C00896,Customer_896,F,2007-07-30,2024-02-02,中部,
C00897,Customer_897,M,2004-08-24,2022-03-03,離島,
C00898,Customer_898,F,1971-04-27,2021-01-28,離島,
C00899,Customer_899,F,1973-10-11,2021-03-02,離島,2024-11-23
C00900,Customer_900,F,1982-01-31,2022-01-21,東部,2023-03-14
C00901,Customer_901,M,1995-09-09,2024-11-02,離島,
C00902,Customer_902,M,1966-09-28,2025-01-21,東部,
C00903,Customer_903,F,2004-05-15,2023-05-16,南部,
C00904,Customer_904,M,2003-03-24,2024-11-27,北部,
C00905,Customer_905,M,1993-06-22,2025-05-01,中部,
C00906,Customer_906,F,2002-06-27,2022-11-09,離島,2023-09-09
C00907,Customer_907,M,2002-08-07,2023-11-28,南部,
C00908,Customer_908,F,1993-11-27,2021-01-31,東部,
C00909,Customer_909,F,2003-03-22,2022-05-08,中部,
C00910,Customer_910,M,1989-06-26,2022-11-05,北部,2023-12-01
C00911,Customer_911,M,1993-01-13,2021-08-29,東部,
C00912,Customer_912,M,1972-08-31,2025-07-20,,
C00913,Customer_913,F,1990-12-21,2025-01-28,東部,
C00914,Customer_914,M,1980/05/26,2021-11-26,離島,
C00915,Customer_915,M,1983-07-05,2021-12-28,南部,
C00916,Customer_916,M,1969-01-15,2021-08-15,東部,
C00917,Customer_917,F,1980-01-09,2021-10-29,南部,
C00918,Customer_918,F,2004-06-23,2021-03-14,中部,
C00919,Customer_919,M,1987-01-14,2023-09-13,北部,2025-04-06
C00920,Customer_920,M,1995-04-03,2022-07-26,北部,
C00921,Customer_921,F,2006-08-18,2021-12-20,中部,
C00922,Customer_922,F,1980-12-14,2025-01-28,北部,
C00923,Customer_923,M,1967-05-06,2023-09-29,東部,
C00924,Customer_924,F,1967-11-27,2025-01-09,,2025-07-07
C00925,Customer_925,M,2006-03-19,2023-09-06,離島,
C00926,Customer_926,M,1969-04-19,2022-10-20,中部,2022-12-05
C00927,Customer_927,F,1969-01-12,2024-01-29,中部,
C00928,Customer_928,F,1988-04-28,2021-08-24,中部,
C00929,Customer_929,F,1971-05-08,2023-04-04,離島,
C00930,Customer_930,M,1986-10-31,2022-07-19,中部,2022-12-09
C00931,Customer_931,F,1966-03-31,2021-06-19,東部,
C00932,Customer_932,M,1992-09-03,2022-05-28,中部,
C00933,Customer_933,F,1995-04-07,2021-11-21,東部,
C00934,Customer_934,M,,2025-08-03,南部,
C00935,Customer_935,F,2000-06-17,2024-06-21,離島,
C00936,Customer_936,M,1967/11/14,2024-07-21,,2025-04-10
C00937,Customer_937,F,1987-05-23,2022-04-17,北部,
C00938,Customer_938,F,1979-08-07,2022-12-20,東部,2023-12-05
C00939,Customer_939,F,1992-08-06,2025-03-07,北部,
C00940,Customer_940,F,1973-11-24,2023-11-01,東部,2025-04-19
C00941,Customer_941,F,1989-01-13,2023-09-07,離島,
C00942,Customer_942,F,1976-09-23,2024-03-21,南部,
C00943,Customer_943,M,1985-04-14,2022-11-05,東部,
C00944,Customer_944,M,1986-08-21,2023-04-14,南部,2025-07-07
C00945,Customer_945,F,2004-06-05,2020-10-16,中部,2021-05-10
C00946,Customer_946,F,1983-06-05,2021-12-10,南部,2023-05-24
C00947,Customer_947,M,2004-07-09,2025-02-20,離島,2025-06-04
C00948,Customer_948,M,1969-05-10,2024-06-16,中部,2024-12-29
C00949,Customer_949,M,1980-07-08,2025-07-31,離島,
C00950,Customer_1813,M,2001-12-10,2021-01-10,東部,
C00951,Customer_951,F,1979-02-19,2025-05-01,中部,2025-06-05
C00952,Customer_952,M,1987-09-02,2022-12-07,北部,2024-06-27
C00953,Customer_953,M,1973-06-23,2025-04-20,東部,
C00954,Customer_954,F,1977-03-15,2024-06-11,南部,
C00955,Customer_955,F,1998-01-24,2021-02-02,東部,
C00956,Customer_956,M,1967-10-29,2021-01-14,北部,
C00957,Customer_957,F,1985-12-16,2023-09-08,北部,2025-05-11
C00958,Customer_958,M,1989-07-28,2022-02-19,北部,2022-03-27
C00959,Customer_959,F,2000-01-08,2024-07-02,離島,2024-12-14
C00960,Customer_960,F,1966-07-23,2023-04-19,南部,
C00961,Customer_961,M,1992-05-06,2025-01-22,中部,
C00962,Customer_962,F,1972-01-11,2021-09-11,東部,
C00963,Customer_963,M,1999-05-19,2021-07-09,南部,2021-09-25
C00964,Customer_964,M,1986-03-10,2022-08-12,北部,
C00965,Customer_965,F,1983-05-14,2023-07-25,南部,
C00966,Customer_966,F,1981-02-22,2020-12-13,北部,
C00967,Customer_967,F,1987-02-24,2023-04-26,中部,
C00968,Customer_968,F,1998-03-14,2024-01-15,北部,
C00969,Customer_969,M,1983-12-28,2022-12-31,南部,
C00970,Customer_970,M,1978-09-03,2021-02-26,東部,
C00971,Customer_971,M,2007-05-25,2022-06-05,東部,2023-06-12
C00972,Customer_972,F,1983-08-29,2021-04-20,中部,
C00973,Customer_973,F,1984-01-02,2021-05-15,南部,
C00974,Customer_974,F,1969-05-26,2022-06-23,東部,
C00975,Customer_975,F,1968-11-26,2024-06-09,北部,
C00976,Customer_976,F,2003-04-20,2024-05-03,南部,
C00977,Customer_977,F,1972-10-02,2025-06-14,離島,2025-07-19
C00978,Customer_978,M,2002-10-02,2024-05-09,南部,
C00979,Customer_979,M,1973-03-17,2021-08-10,北部,
C00980,Customer_980,M,1969-02-04,2022-07-17,東部,
C00981,Customer_981,F,2002-12-23,2024-10-26,南部,
C00982,Customer_982,F,1987-05-30,2023-12-19,中部,
C00983,Customer_983,F,1968-01-29,2021-11-20,北部,
C00984,Customer_984,F,1969-09-03,2020-11-01,北部,2022-06-02
C00985,Customer_985,M,1982-11-19,2023-04-28,南部,
C00986,Customer_986,F,1982-07-22,2025-08-09,中部,
C00987,Customer_987,F,1986-09-23,2022-07-23,東部,
C00988,Customer_988,F,1994-10-22,2023-12-04,北部,
C00989,Customer_989,M,1977-08-14,2021-11-26,中部,
C00990,Customer_990,F,2000-02-07,2024-01-04,離島,
C00991,Customer_991,M,,2020-08-26,中部,
C00992,Customer_992,F,1999-12-18,2024-08-05,離島,
C00993,Customer_993,F,2000-11-12,2024-08-20,離島,
C00994,Customer_994,M,1969-08-26,2024-09-21,南部,2025-07-28
C00995,Customer_995,F,1999-08-12,2025-07-27,南部,
C00996,Customer_996,M,1975-10-20,2025-01-31,離島,
C00997,Customer_997,M,2001-11-11,2023-08-01,離島,
C00998,Customer_998,F,1994-01-02,2025-05-08,離島,2025-07-09
C00999,Customer_999,M,1987-01-24,2025-05-10,北部,
C01000,Customer_1000,F,1995-08-14,2023-10-05,北部,
C01001,Customer_1001,F,2004-02-25,2023-01-01,中部,
C01002,Customer_1002,M,1985-01-01,2025-08-05,北部,
C01003,Customer_1003,M,1992-08-09,2020-09-07,離島,
C01004,Customer_1004,M,1985-01-12,2025-05-18,中部,
C01005,Customer_1005,F,1999-11-29,2021-12-28,南部,
C01006,Customer_1006,F,1967-11-04,2022-06-14,離島,2024-08-10
C01007,Customer_1007,M,1998-05-19,2021-09-02,南部,
C01008,Customer_1008,M,2004-06-01,2022-06-11,北部,2023-02-20
C01009,Customer_1009,F,1971-08-01,2022-12-13,東部,2023-09-07
C01010,Customer_1010,M,2000-04-30,2021-10-22,離島,
C01011,Customer_1011,F,1974-10-08,2024-06-23,中部,
C01012,Customer_1012,F,1994-01-25,2024-06-19,中部,2024-11-26
C01013,Customer_1013,M,2002-03-04,2022-01-31,南部,
C01014,Customer_1014,M,1980-03-28,2021-06-30,東部,
C01015,Customer_1015,M,1977-03-20,2021-06-04,南部,2023-02-12
C01016,Customer_1016,M,1993-01-16,2024-07-05,北部,
C01017,Customer_1017,F,1993-06-13,2023-12-13,南部,
C01018,Customer_1018,M,1993-01-27,2022-10-14,中部,
C01019,Customer_1019,M,1971-09-26,2020-10-31,南部,
C01020,Customer_1020,M,2003-02-03,2021-04-25,離島,
C01021,Customer_1021,M,1983-03-24,2021-05-25,,
C01022,Customer_1022,F,1990-02-20,2024-04-27,東部,
C01023,Customer_1023,M,1966-06-04,2021-05-06,南部,
C01024,Customer_1024,M,2001-03-11,2022-03-19,中部,
C01025,Customer_1025,F,1991-08-26,2022-06-03,南部,
C01026,Customer_1026,F,1993-01-08,2022-08-15,中部,
C01027,Customer_1027,M,1965-11-08,2023-08-06,北部,
C01028,Customer_1028,M,2003-06-09,2022-05-09,中部,
C01029,Customer_1029,M,2003-04-09,2020-10-07,離島,
C01030,Customer_1030,F,1971-01-04,2025-07-02,中部,2025-07-26
C01031,Customer_1031,F,2000/05/10,2021-05-09,南部,
C01032,Customer_1032,M,2003-12-16,2023-05-14,北部,
C01033,Customer_1033,F,1989-05-01,2021-05-20,東部,
C01034,Customer_1034,M,2005-05-10,2024-03-30,南部,
C01035,Customer_1035,F,1978-04-08,2024-03-18,東部,
C01036,Customer_1036,F,1977-07-12,2022-07-11,北部,
C01037,Customer_1037,F,1991-01-09,2021-04-17,中部,2024-02-05
C01038,Customer_1038,M,1982-01-16,2025-02-14,離島,
C01039,Customer_1039,F,1966-03-22,2022-05-09,中部,
C01040,Customer_1040,M,1996-06-08,2020-11-28,南部,
C01041,Customer_1041,M,1991-06-28,2022-03-29,離島,
C01042,Customer_1042,M,1998-06-27,2025-07-25,中部,
C01043,Customer_1043,F,1996-02-06,2024-01-31,北部,
C01044,Customer_1044,M,2005-08-30,2023-12-18,東部,2025-07-24
C01045,Customer_1045,F,1973-10-15,2023-09-12,南部,
C01046,Customer_1046,M,1994-10-12,2022-06-10,北部,
C01047,Customer_1047,F,2003-08-02,2022-08-06,北部,
C01048,Customer_1048,F,1985-05-22,2022-03-03,東部,
C01049,Customer_1049,F,1978-03-31,2022-12-08,南部,2023-11-23
C01050,Customer_1050,F,1992-08-26,2024-07-24,北部,
C01051,Customer_1051,F,1993-08-27,2023-10-26,北部,
C01052,Customer_1052,M,2007-07-22,2023-11-05,東部,
C01053,Customer_1053,F,2001-07-31,2023-06-16,離島,
C01054,Customer_1054,M,2007-05-23,2024-08-11,東部,
C01055,Customer_1055,M,1995-05-12,2021-01-03,北部,
C01056,Customer_1056,M,1980-08-28,2021-08-16,南部,
C01057,Customer_1057,M,1984-03-20,2023-10-19,中部,2023-10-30
C01058,Customer_1058,F,1980-12-04,2021-11-26,東部,
C01059,Customer_1059,M,1992-10-02,2024-10-13,中部,
C01060,Customer_1060,F,1969-06-16,2025-01-17,離島,
C01061,Customer_1061,F,1976-02-16,2022-02-12,南部,
C01062,Customer_1062,M,2004-02-28,2023-02-16,東部,
C01063,Customer_1063,M,1980-08-14,2023-04-24,中部,
C01064,Customer_1064,M,1970-11-26,2021-01-05,中部,2021-03-13
C01065,Customer_1065,M,1982-01-31,2021-06-29,北部,
C01066,Customer_1066,M,1971-10-24,2025-03-10,東部,
C01067,Customer_1067,M,1998-09-19,2020-11-08,中部,2021-12-15
C01068,Customer_1068,F,1981-07-30,2023-06-19,中部,
C01069,Customer_1069,M,1996-03-24,2023-08-24,南部,
C01070,Customer_1070,M,1979-10-04,2024-02-06,中部,
C01071,Customer_1071,F,,2024-10-23,中部,
C01072,Customer_1072,F,1977-05-03,2025-04-20,北部,
C01073,Customer_1073,F,2006-02-02,2024-04-17,東部,
C01074,Customer_1074,F,1967-02-21,2024-01-24,南部,2025-07-01
C01075,Customer_1075,F,1986-02-08,2024-08-13,北部,
C01076,Customer_1076,F,1993-08-26,2021-01-06,離島,
C01077,Customer_1077,M,1976-04-20,2021-08-08,離島,
C01078,Customer_1078,M,1974-04-27,2020-09-22,南部,
C01079,Customer_1079,F,1990-01-05,2024-05-03,南部,
C01080,Customer_1080,F,1988-11-22,2025-04-30,北部,
C01081,Customer_1081,F,1994-12-08,2021-06-18,北部,
C01082,Customer_1082,M,1983-10-28,2025-01-01,南部,
C01083,Customer_1083,F,1973-04-26,2021-08-09,中部,2023-07-26
C01084,Customer_1084,M,2005-11-09,2021-07-16,中部,2023-01-27
C01085,Customer_1085,M,1990-09-06,2024-04-27,北部,
C01086,Customer_1086,M,1984-10-22,2024-10-14,東部,
C01087,Customer_1087,M,1997-01-30,2024-04-28,東部,
C01088,Customer_1088,M,2007-02-16,2021-09-19,中部,
C01089,Customer_1089,M,1978-09-28,2022-02-17,東部,
C01090,Customer_1090,M,1977-09,2022-07-31,中部,
C01091,Customer_1091,M,1974-12-20,2021-12-25,離島,
C01092,Customer_1092,F,2000/07/11,2022-05-10,南部,
C01093,Customer_1093,M,1989-05-25,2025-05-18,中部,
C01094,Customer_1094,F,1969-10-31,2021-09-24,北部,
C01095,Customer_1095,M,1996-07-11,2021-12-28,北部,
C01096,Customer_1096,F,1968-07-27,2024-10-03,中部,2025-02-24
C01097,Customer_1097,M,1996-09-17,2022-07-06,離島,
C01098,Customer_1098,F,1999-02-26,2023-09-02,北部,
C01099,Customer_1099,F,1997-07-21,2022-04-08,東部,
C01100,Customer_1100,F,1971-07-06,2025-07-07,中部,
C01101,Customer_1101,M,1969-10-31,2021-09-27,東部,
C01102,Customer_1102,M,1976-02-08,2023-04-16,北部,
C01103,Customer_1103,M,1975-04-27,2020-08-25,南部,
C01104,Customer_1104,F,2001-11-27,2024-05-26,離島,
C01105,Customer_1105,M,1974-10-16,2020-09-22,中部,
C01106,Customer_1106,M,1978-05-09,2023-08-13,離島,
C01107,Customer_1107,M,1997-12-29,2023-08-27,北部,2025-02-04
C01108,Customer_1108,M,1999-08-13,2020-08-24,離島,
C01109,Customer_1109,F,1995-05-15,2025-02-22,東部,
C01110,Customer_1110,M,1978-02-23,2021-08-17,離島,
C01111,Customer_1111,M,1983-04-03,2022-06-25,中部,
C01112,Customer_1112,F,2006-10-27,2021-04-24,北部,
C01113,Customer_1113,M,1976-03-17,2022-10-09,北部,
C01114,Customer_1114,M,1968-06-06,2020-12-23,中部,2024-02-25
C01115,Customer_1115,M,1967-06-04,2023-10-15,南部,
C01116,Customer_1116,F,2003-07-29,2020-08-16,離島,
C01117,Customer_1117,F,1974-01-14,2022-10-01,東部,
C01118,Customer_1118,F,1966-05-04,2023-10-01,中部,
C01119,Customer_1119,M,1969-02-20,2021-10-04,離島,
C01120,Customer_1120,F,1993-07-28,2020-12-05,北部,
C01121,Customer_1121,M,2001-04-16,2022-11-23,南部,
C01122,Customer_1122,M,2006-07-09,2023-11-18,離島,
C01123,Customer_1123,F,,2021-12-31,東部,
C01124,Customer_1124,M,1979-06-27,2022-02-15,北部,
C01125,Customer_1125,F,2005-10-29,2021-10-18,離島,
C01126,Customer_1499,M,1977-04-05,2024-09-19,離島,
C01127,Customer_1127,M,2003/07/07,2022-11-16,中部,
C01128,Customer_1128,M,1979-08-03,2025-01-07,,
C01129,Customer_1129,M,1983-03-06,2024-06-04,離島,
C01130,Customer_1130,M,2007-03-06,2022-07-20,東部,
C01131,Customer_1131,M,1974-09-14,2024-03-15,北部,
C01132,Customer_1132,F,1965-11,2021-12-15,北部,
C01133,Customer_1133,M,1968-07-29,2025-04-09,東部,
C01134,Customer_1134,F,1972-11-27,2020-12-15,中部,2023-01-10
C01135,Customer_1135,F,1968-06-17,2024-03-08,南部,
C01136,Customer_1136,M,1981-04-06,2024-07-07,離島,
C01137,Customer_1137,F,2001-04-12,2024-08-08,北部,2025-06-28
C01138,Customer_1138,F,1976-01-31,2022-01-21,南部,
C01139,Customer_1139,F,1993-03-01,2024-04-01,中部,
C01140,Customer_1140,F,1976-10-20,2021-12-05,南部,
C01141,Customer_1141,F,1993-01-08,2020-09-17,南部,2025-06-14
C01142,Customer_1142,M,2003-09-26,2023-11-14,中部,2024-04-27
C01143,Customer_1143,F,1992-06-23,2024-10-06,東部,
C01144,Customer_1144,M,2004-08-13,2022-07-23,東部,2023-09-12
C01145,Customer_1145,M,1974/03/22,2022-04-16,南部,
C01146,Customer_1146,M,1989-09-12,2023-03-07,北部,
C01147,Customer_1147,F,1979-08-19,2022-12-23,中部,
C01148,Customer_1148,M,1975/02/15,2022-11-23,中部,
C01149,Customer_1149,F,1997-11-28,2022-06-16,北部,
C01150,Customer_1150,M,1992-09-10,2022-05-16,中部,
C01151,Customer_1151,F,2002-03-10,2021-08-11,東部,
C01152,Customer_1152,F,1991-02-06,2025-07-15,南部,
C01153,Customer_1153,M,1997-04-06,2024-05-02,北部,
C01154,Customer_1154,M,1992/01/03,2022-09-15,中部,
C01155,Customer_1155,F,1997-02-03,2021-03-22,東部,
C01156,Customer_1156,M,1982-10-29,2022-09-04,南部,
C01157,Customer_1157,F,1996-03-17,2023-02-27,中部,
C01158,Customer_1158,F,1976-01-28,2020-12-07,南部,2022-03-16
C01159,Customer_1159,M,1996-05-25,2025-07-12,中部,
C01160,Customer_1160,M,1985-07-09,2022-11-28,中部,
C01161,Customer_1161,F,2007-02-27,2021-06-15,離島,
C01162,Customer_1162,M,1996-05-31,2021-07-24,離島,
C01163,Customer_1163,M,1995-05-03,2021-01-10,東部,
C01164,Customer_1164,M,1982-12-24,2021-05-18,北部,
C01165,Customer_1165,F,1990-03-28,2023-03-03,北部,
C01166,Customer_1166,M,1991-03-09,2025-06-05,南部,
C01167,Customer_1167,F,1966-12-06,2022-02-15,北部,
C01168,Customer_1168,F,1994-03-21,2024-08-26,離島,
C01169,Customer_1169,M,1986-09-09,2025-05-23,北部,
C01170,Customer_1170,F,1997-12-02,2022-04-26,東部,
C01171,Customer_1171,M,1966-11-01,2021-08-10,北部,
C01172,Customer_1172,M,1985-05-08,2025-01-15,南部,
C01173,Customer_1173,F,2004-04-22,2021-04-22,離島,
C01174,Customer_4984,M,1997-08-04,2024-02-14,東部,
C01175,Customer_1175,M,1969-10-10,2023-11-12,南部,
C01176,Customer_1176,M,1976-02-28,2022-08-15,南部,
C01177,Customer_1177,M,1979-11-17,2024-12-23,北部,
C01178,Customer_1178,F,1998-05-31,2024-01-30,北部,2025-07-16
C01179,Customer_1179,M,1992-06-29,2022-11-20,南部,
C01180,Customer_1180,M,1975-07-12,2024-09-19,中部,2024-10-02
C01181,Customer_1181,F,1978-03-01,2024-10-05,北部,
C01182,Customer_1182,F,1988-03-05,2022-12-09,北部,
C01183,Customer_1183,M,1972-09-19,2024-08-14,北部,
C01184,Customer_1184,F,1982-09-28,2022-05-03,北部,
C01185,Customer_1185,F,1984-03-20,2025-02-06,中部,
C01186,Customer_1186,M,1981-05-29,2022-02-02,南部,2023-11-19
C01187,Customer_1187,M,1979-06-09,2021-09-10,南部,
C01188,Customer_1188,F,1998-06-17,2021-08-18,北部,
C01189,Customer_1189,M,1999-02-10,2023-09-02,北部,
C01190,Customer_1190,F,1999-04-16,2022-01-21,北部,
C01191,Customer_1191,F,1996-02-07,2024-10-28,北部,
C01192,Customer_1192,F,1978-10-01,2025-07-04,中部,
C01193,Customer_1193,F,1982-05-12,2020-12-20,北部,
C01194,Customer_1194,M,1970-09-16,2021-06-17,北部,
C01195,Customer_1195,F,1993-11-27,2023-10-09,東部,
C01196,Customer_1196,F,1998-04-05,2025-08-07,中部,
C01197,Customer_1197,F,1995-07-16,2025-04-17,北部,
C01198,Customer_1198,F,2004-11-27,2023-11-24,中部,
C01199,Customer_1199,F,,2021-07-27,中部,
C01200,Customer_1200,F,1972-03-01,2024-06-25,中部,
C01201,Customer_1201,F,1998-09-20,2025-08-09,中部,
C01202,Customer_1202,M,1971-08-22,2022-08-05,南部,
C01203,Customer_1203,F,1978-01-21,2022-02-21,中部,
C01204,Customer_1204,M,1984-06-14,2020-12-22,離島,
C01205,Customer_1205,F,2000-09-19,2022-11-27,北部,
C01206,Customer_1206,F,1995/01/07,2020-10-25,南部,
C01207,Customer_1207,M,1991-12-16,2023-11-13,北部,
C01208,Customer_1208,M,2001-10-25,2022-08-23,中部,
C01209,Customer_1209,F,1996-11-03,2023-12-24,北部,
C01210,Customer_1210,M,1992-04-09,2021-01-08,中部,
C01211,Customer_1211,M,1973-10-28,2024-03-25,北部,2024-05-04
C01212,Customer_1212,F,1984-05-17,2023-08-21,北部,
C01213,Customer_1213,F,1985-01-06,2022-04-25,東部,
C01214,Customer_1214,M,2007-05-30,2022-08-22,北部,2024-10-31
C01215,Customer_1215,M,1990-09-10,2023-04-16,中部,2023-07-12
C01216,Customer_1216,F,1993-10-28,2024-10-11,北部,
C01217,Customer_1217,M,1973-07-28,2022-04-12,南部,
C01218,Customer_1218,F,1976-02-08,2022-03-09,南部,
C01219,Customer_1219,F,1984-12-29,2024-05-18,東部,
C01220,Customer_1220,F,1994-03-10,2021-11-04,中部,
C01221,Customer_1221,F,1993-02-05,2023-05-07,中部,2024-05-21
C01222,Customer_1222,F,2003-09-19,2025-02-24,中部,
C01223,Customer_1223,F,1973-02-16,2022-10-05,北部,
C01224,Customer_1224,M,1974-04-04,2024-05-07,南部,
C01225,Customer_1225,F,,2025-02-16,東部,
C01226,Customer_1226,F,2002-11-09,2022-10-17,北部,
C01227,Customer_1227,F,1977-02-25,2023-09-26,離島,
C01228,Customer_1228,M,2001-10-22,2022-10-20,中部,
C01229,Customer_1229,F,1986-08-13,2025-01-26,南部,
C01230,Customer_1230,F,1969-02-21,2022-12-14,中部,
C01231,Customer_1231,F,2006-10-28,2021-06-30,中部,
C01232,Customer_1232,M,1967-10-10,2022-11-29,中部,
C01233,Customer_1233,M,1990-05-14,2021-06-11,東部,
C01234,Customer_1234,F,2002-01-15,2021-09-11,,
C01235,Customer_1235,M,2006-07-03,2022-10-10,中部,
C01236,Customer_1236,F,1966-05-17,2025-06-22,北部,
C01237,Customer_1237,M,2001-11-24,2024-08-16,東部,
C01238,Customer_1238,M,1971-01-13,2021-10-17,東部,
C01239,Customer_1239,F,1982-03-22,2022-08-17,離島,
C01240,Customer_1240,M,1987-01-09,2021-01-25,南部,2024-06-18
C01241,Customer_1241,F,1989-10-27,2023-08-29,離島,
C01242,Customer_1242,M,1992-11-29,2021-03-24,離島,
C01243,Customer_1243,F,1969-08-14,2022-01-21,離島,
C01244,Customer_1244,M,1966-08-15,2023-05-09,東部,
C01245,Customer_1245,M,1982-04-16,2025-07-27,東部,
C01246,Customer_1246,M,2004-08-26,2025-07-15,北部,
C01247,Customer_1247,F,1977-02-17,2023-09-02,離島,
C01248,Customer_1248,F,1979-02-23,2022-02-23,南部,
C01249,Customer_1249,M,1976-03-22,2025-06-07,南部,
C01250,Customer_1250,F,1990-08-23,2023-01-08,中部,2025-02-05
C01251,Customer_1251,F,1981-11-24,2021-10-17,南部,
C01252,Customer_1252,M,1983-12-21,2024-07-30,離島,
C01253,Customer_1253,F,1984-08-03,2024-01-04,東部,2025-03-03
C01254,Customer_1254,M,,2025-03-22,中部,
C01255,Customer_1255,M,1988-09-23,2025-02-26,中部,
C01256,Customer_1256,M,1971-07-13,2021-08-30,離島,
C01257,Customer_1542,M,1977-01,2020-12-30,離島,
C01258,Customer_1258,M,1999-03-30,2024-03-02,北部,
C01259,Customer_1259,M,1975-12-10,2022-12-02,東部,2023-01-03
C01260,Customer_1260,F,1987-11-24,2024-08-22,東部,
C01261,Customer_1261,F,1973-06,2023-12-01,東部,2024-03-30
C01262,Customer_1262,F,1968-06-13,2021-12-23,中部,
C01263,Customer_1263,F,1977-07-21,2021-02-12,南部,
C01264,Customer_1264,M,2005-04-16,2023-11-25,東部,
C01265,Customer_1265,M,1977-12-16,2024-07-07,北部,
C01266,Customer_1266,F,2002-11-12,2021-03-26,東部,
C01267,Customer_1267,F,1972-06-22,2024-02-03,離島,
C01268,Customer_1268,M,1972-11-09,2023-07-02,離島,
C01269,Customer_1269,M,1984-05-16,2022-12-17,離島,2024-03-24
C01270,Customer_1270,F,1993-04-18,2024-01-26,離島,
C01271,Customer_1271,M,1997-12-17,2025-05-14,東部,
C01272,Customer_1272,M,1997-04-19,2022-11-01,離島,2023-12-30
C01273,Customer_1273,M,1998-04-04,2025-03-09,南部,
C01274,Customer_1274,M,1999-05,2021-05-21,中部,
C01275,Customer_1275,M,1989-03-21,2023-05-16,中部,
C01276,Customer_1276,M,2002-12-12,2024-05-23,東部,
C01277,Customer_1277,F,1990-04-20,2024-10-20,東部,2025-02-15
C01278,Customer_1278,F,1974-01-04,2023-10-28,離島,
C01279,Customer_1279,F,1985-08-31,2023-04-04,離島,
C01280,Customer_1280,F,1998-04-01,2025-06-18,離島,
C01281,Customer_4119,M,1989-07-15,2023-03-19,中部,
C01282,Customer_1282,F,1995-11-10,2024-07-31,北部,
C01283,Customer_1283,M,2003-10-12,2021-01-30,北部,
C01284,Customer_1284,F,1970-02-17,2021-07-29,南部,
C01285,Customer_1285,F,1969-08-26,2023-08-13,北部,
C01286,Customer_1286,M,1968-05-21,2024-12-17,,
C01287,Customer_1287,F,1985-10-17,2021-04-16,離島,
C01288,Customer_1288,M,1965-10,2023-05-23,南部,
C01289,Customer_1289,M,1985-09,2024-07-14,中部,
C01290,Customer_1290,M,2004-01-26,2022-05-19,中部,
C01291,Customer_1291,M,1993-11-30,2023-02-28,東部,
C01292,Customer_1292,F,1971-10-15,2024-03-01,南部,
C01293,Customer_1293,F,1984-03-12,2021-10-03,中部,2024-08-21
C01294,Customer_1294,M,1997-11-27,2024-07-13,南部,2025-05-28
C01295,Customer_1295,M,1973-12-14,2020-08-28,離島,
C01296,Customer_1296,F,1978-06-15,2022-10-09,東部,2024-07-19
C01297,Customer_1297,M,2006-06-06,2022-12-26,南部,
C01298,Customer_1298,F,2000-08-11,2022-07-18,南部,
C01299,Customer_1299,M,1987-01-16,2024-10-24,東部,2025-06-07
C01300,Customer_4558,M,1984-01-10,2025-05-09,東部,
C01301,Customer_1301,M,1986-06-23,2024-05-16,南部,2024-11-11
C01302,Customer_1302,F,1985-06-24,2024-03-02,中部,
C01303,Customer_1303,F,1973-12-18,2022-04-20,北部,
C01304,Customer_1304,F,1999-09-26,2024-01-17,南部,2024-07-11
C01305,Customer_1305,F,1998-08-15,2021-12-02,東部,2024-05-06
C01306,Customer_1306,M,2000-12-13,2021-08-21,中部,
C01307,Customer_1307,F,1989-07-28,2021-03-17,北部,2021-03-26
C01308,Customer_1308,F,1970-02-28,2023-07-22,離島,
C01309,Customer_1309,M,1977-08-10,2025-06-17,中部,2025-07-10
C01310,Customer_1310,F,1995-08-09,2023-10-04,中部,2024-04-17
C01311,Customer_1311,F,1994-05-05,2024-06-04,東部,2025-02-27
C01312,Customer_1312,F,1973-07-06,2025-03-06,南部,
C01313,Customer_1313,F,2001-10-28,2020-11-02,北部,
C01314,Customer_1314,F,1976-06-21,2024-08-18,北部,
C01315,Customer_1315,F,1969-05-27,2022-07-13,東部,
C01316,Customer_1316,M,1980-09-22,2022-08-16,離島,
C01317,Customer_1317,M,1968-11-22,2024-06-04,離島,
C01318,Customer_1318,M,1976-01-06,2021-02-05,南部,2022-11-13
C01319,Customer_1319,F,1966-04-03,2024-02-11,北部,2025-03-14
C01320,Customer_1320,M,1991-07-03,2020-08-24,離島,2021-07-25
C01321,Customer_1321,F,1997-03-25,2024-10-29,南部,
C01322,Customer_1322,M,1976-11-08,2020-11-04,離島,
C01323,Customer_1323,F,1981-11-04,2021-05-26,南部,
C01324,Customer_1324,M,1966-01-05,2022-07-09,北部,
C01325,Customer_1325,F,1981/12/11,2024-05-02,東部,2024-05-27
C01326,Customer_1326,M,1978-11-29,2024-02-07,中部,
C01327,Customer_1327,M,1982-01-04,2021-04-09,北部,2024-03-24
C01328,Customer_1328,M,1973-03-02,2021-05-28,離島,
C01329,Customer_1329,F,1999-06-25,2021-08-03,南部,
C01330,Customer_1330,M,1991-09-03,2025-05-14,北部,2025-06-06
C01331,Customer_1331,M,2006-12-29,2025-07-03,東部,
C01332,Customer_1332,M,2002-11-21,2023-08-11,中部,
C01333,Customer_1333,M,1971-08-17,2021-05-21,離島,
C01334,Customer_1334,F,1994-05-26,2024-12-30,南部,
C01335,Customer_1335,M,1992-05-27,2024-12-10,離島,
C01336,Customer_1336,M,1995-06-06,2024-04-29,北部,2024-05-19
C01337,Customer_1337,M,1998-12-18,2025-06-08,離島,2025-07-07
C01338,Customer_1338,M,2000-08-12,2021-10-27,北部,
C01339,Customer_1339,F,1994-07-22,2020-10-15,離島,
C01340,Customer_1340,F,2001-05-20,2021-02-20,離島,
C01341,Customer_1341,M,1993-11-07,2022-12-01,東部,
C01342,Customer_1342,F,1989-10-19,2020-12-19,東部,
C01343,Customer_1343,M,2004-08-31,2024-07-17,南部,
C01344,Customer_1344,M,1976-01-09,2024-01-06,離島,
C01345,Customer_1345,M,1995-09-17,2022-07-10,北部,
C01346,Customer_1346,F,1983-01-17,2023-11-27,離島,
C01347,Customer_1347,F,1979-07-29,2022-02-28,離島,
C01348,Customer_1348,F,1998-12-18,2021-11-26,中部,2025-07-11
C01349,Customer_1349,F,1992-07-09,2020-08-27,中部,
C01350,Customer_1350,F,1990-11-07,2025-01-04,南部,
C01351,Customer_1351,F,,2022-09-06,北部,
C01352,Customer_1352,F,1987-03-12,2022-04-20,中部,2023-02-14
C01353,Customer_1353,M,1986-06-28,2023-12-18,東部,
C01354,Customer_1354,F,1972-08-26,2024-04-25,東部,
C01355,Customer_1355,F,1969-08-24,2023-11-21,中部,
C01356,Customer_1356,F,2002-05-22,2025-07-27,北部,
C01357,Customer_1357,M,1968-01-29,2022-07-13,北部,
C01358,Customer_1358,F,1999-10-29,2024-11-18,中部,2025-05-04
C01359,Customer_1359,F,2001-06-20,2021-02-17,中部,
C01360,Customer_1360,F,2005-12-25,2025-01-06,北部,
C01361,Customer_1361,F,1967-04-29,2025-04-11,,
C01362,Customer_1362,M,1975-04-28,2025-05-19,離島,
C01363,Customer_1363,M,2006-11-16,2025-07-12,中部,2025-07-21
C01364,Customer_1364,M,1981-02-23,2022-04-30,北部,
C01365,Customer_1365,F,1998-06-10,2023-10-11,南部,
C01366,Customer_1366,M,1984-12-10,2025-08-07,中部,
C01367,Customer_1367,F,1987-09-21,2022-04-14,東部,
C01368,Customer_1368,F,1970-10-15,2021-03-09,東部,
C01369,Customer_1369,M,1985-05-31,2022-11-13,離島,
C01370,Customer_1370,M,2006-02-09,2025-01-18,中部,
C01371,Customer_1371,F,2006-10-26,2021-11-29,南部,
C01372,Customer_1372,F,1989-03-31,2023-03-14,離島,2024-11-14
C01373,Customer_1373,F,1974-11-12,2021-05-10,離島,
C01374,Customer_1374,F,1998-09-14,2023-09-15,離島,
C01375,Customer_1375,F,1994-01-12,2022-03-10,離島,2024-05-15
C01376,Customer_1376,M,2001-03-29,2024-05-12,北部,
C01377,Customer_1377,M,1978-10-08,2024-10-03,南部,2025-02-01
C01378,Customer_1378,F,2006-09-12,2022-02-07,離島,
C01379,Customer_1379,F,1990-09-15,2024-04-13,南部,
C01380,Customer_1380,M,1991-04-11,2022-11-25,東部,
C01381,Customer_1381,F,2005-07-22,2023-06-29,中部,2025-02-05
C01382,Customer_1382,F,1991-07-06,2025-07-31,中部,
C01383,Customer_1383,F,1975-02-08,2024-08-19,東部,
C01384,Customer_1384,M,1973-09-20,2025-04-14,南部,2025-07-25
C01385,Customer_1385,M,1989-03-17,2025-01-17,,
C01386,Customer_1386,M,1992-12-07,2020-10-01,北部,
C01387,Customer_1387,M,1979-02-06,2024-12-15,離島,
C01388,Customer_1388,M,1971-01-24,2022-09-06,東部,
C01389,Customer_1389,M,2000-03-19,2023-07-15,東部,
C01390,Customer_1390,M,,2024-01-31,南部,
C01391,Customer_1391,F,1987-11-06,2024-07-22,南部,
C01392,Customer_1392,M,1980-04-09,2020-10-23,東部,
C01393,Customer_1393,F,1973-08-16,2025-01-29,離島,
C01394,Customer_1394,F,2001/12/17,2022-02-23,北部,2023-03-04
C01395,Customer_1395,M,1982-03-23,2023-06-03,中部,
C01396,Customer_1396,F,2007-01-08,2022-11-18,東部,
C01397,Customer_1397,F,1990-05-08,2021-01-01,南部,
C01398,Customer_1398,F,1976-07-06,2021-12-30,離島,2022-02-18
C01399,Customer_1399,F,1989-11-02,2024-03-10,北部,2024-05-11
C01400,Customer_1400,F,1968-03-20,2024-11-07,南部,
C01401,Customer_1401,M,1979-06-05,2022-10-11,離島,
C01402,Customer_1402,F,1998-09-23,2025-07-01,北部,
C01403,Customer_1403,M,1984-11-21,2024-12-31,南部,
C01404,Customer_1404,F,1978-10-20,2021-05-12,南部,
C01405,Customer_1405,M,1981-09-11,2024-07-11,南部,
C01406,Customer_1406,M,1996-10-28,2020-09-25,中部,
C01407,Customer_1407,F,2000-01-23,2021-12-13,南部,2022-05-24
C01408,Customer_1408,F,2002-02-26,2021-05-17,離島,
C01409,Customer_1409,F,1995-01-03,2024-03-12,北部,2025-05-04
C01410,Customer_1410,M,1981-12-16,2022-01-17,離島,
C01411,Customer_1411,F,1995-06-19,2020-10-26,東部,2023-07-04
C01412,Customer_1412,F,1976-09-12,2023-11-11,離島,
C01413,Customer_1413,M,1979-01-25,2022-08-07,中部,
C01414,Customer_1414,F,1968-08-13,2022-07-05,東部,
C01415,Customer_1415,M,1987-08-17,2024-11-07,東部,
C01416,Customer_1416,M,1981-11-15,2023-06-06,東部,
C01417,Customer_1417,M,1992-11-14,2021-11-27,離島,
C01418,Customer_1418,M,,2021-02-24,離島,
C01419,Customer_1419,M,1985-06-12,2023-04-03,北部,
C01420,Customer_1420,M,1994-05-29,2021-07-20,東部,
C01421,Customer_1421,M,1994-04-14,2023-03-06,南部,2024-04-24
C01422,Customer_1422,M,2002-07-14,2021-02-03,南部,
C01423,Customer_1423,F,1996-04-20,2024-04-13,北部,2025-02-23
C01424,Customer_1424,F,2000-11-24,2024-05-19,離島,2025-03-29
C01425,Customer_1425,F,1993-02-05,2020-10-18,東部,
C01426,Customer_1426,F,,2020-11-08,南部,2021-07-26
C01427,Customer_1427,M,2000-10-22,2022-08-16,離島,2024-12-22
C01428,Customer_1428,F,1999-04-29,2024-01-01,中部,
C01429,Customer_1429,F,2006-07-05,2022-10-12,北部,2023-03-02
C01430,Customer_1430,M,1988-10-04,2022-11-18,中部,
C01431,Customer_1431,M,1980-08-01,2022-05-10,,
C01432,Customer_1432,F,2003-01-18,2024-03-01,南部,
C01433,Customer_1433,F,2005-08-24,2023-12-25,東部,
C01434,Customer_1434,M,1990-07-24,2023-05-31,中部,
C01435,Customer_1435,M,1982-03-25,2024-07-26,北部,
C01436,Customer_1436,M,1972-10-02,2025-07-19,離島,2025-07-27
C01437,Customer_1437,F,1974-03-20,2023-06-25,東部,
C01438,Customer_1438,M,2001-04-19,2022-08-11,東部,
C01439,Customer_1439,M,2002-10-05,2024-07-13,東部,
C01440,Customer_1440,F,1981-03-17,2023-04-17,北部,
C01441,Customer_1441,M,1986-10-24,2021-04-18,離島,
C01442,Customer_1442,M,1997-05-16,2023-05-23,離島,
C01443,Customer_1443,F,1973-02-16,2025-04-06,南部,
C01444,Customer_1444,F,1965-10-11,2024-12-01,離島,2025-03-22
C01445,Customer_1445,M,2003-01-19,2025-07-12,北部,
C01446,Customer_1446,M,1997-06-08,2025-02-27,,
C01447,Customer_1447,F,1969-04-17,2021-04-22,中部,
C01448,Customer_1448,M,2000-12-13,2021-01-14,東部,
C01449,Customer_1449,F,1970-07-01,2024-11-20,東部,
C01450,Customer_1450,M,1992-10-17,2024-08-19,東部,
C01451,Customer_1451,M,1974-06-04,2023-01-03,離島,
C01452,Customer_1452,F,1983-08-01,2024-01-02,離島,
C01453,Customer_1453,F,1980-05-14,2023-03-31,南部,2024-09-29
C01454,Customer_1454,F,1992-11-22,2023-09-05,東部,
C01455,Customer_1455,M,1975-11-19,2022-01-23,南部,
C01456,Customer_1456,M,2000-02-10,2021-07-17,北部,
C01457,Customer_1457,M,1966-06-12,2025-06-11,中部,
C01458,Customer_1458,F,1982-08-13,2022-09-19,北部,
C01459,Customer_1459,F,1985-06-16,2023-09-23,北部,
C01460,Customer_1460,F,1968-02-10,2023-06-13,離島,
C01461,Customer_1461,M,1988-08-02,2023-12-20,東部,
C01462,Customer_1462,F,1973-07-25,2024-10-25,北部,2025-05-12
C01463,Customer_1463,F,2001-03-04,2022-09-03,中部,2024-10-30
C01464,Customer_1464,F,1972-09-29,2025-01-06,中部,
C01465,Customer_1465,F,1976-07-07,2020-08-28,離島,
C01466,Customer_1466,F,1966-04-28,2025-03-15,南部,
C01467,Customer_1467,F,1976-04-14,2021-10-05,離島,
C01468,Customer_1468,M,1994-12-23,2021-11-22,北部,
C01469,Customer_1469,F,1995-09-27,2025-06-23,南部,
C01470,Customer_1470,F,2004-12-16,2023-01-12,南部,
C01471,Customer_1471,M,1981-08-27,2023-03-27,南部,
C01472,Customer_1472,M,1986-02-06,2022-11-15,南部,
C01473,Customer_1473,F,1991-09-06,2020-08-30,東部,
C01474,Customer_1474,F,1967-03-12,2021-09-08,南部,
C01475,Customer_1475,M,1972-01-24,2020-08-25,離島,2023-10-22
C01476,Customer_1476,M,1984-06-10,2024-10-02,中部,
C01477,Customer_1477,F,1979-10-05,2021-06-17,離島,
C01478,Customer_1478,M,1988-05-14,2024-03-28,離島,2025-01-29
C01479,Customer_1479,M,1982-03-14,2020-08-24,北部,
C01480,Customer_1480,F,1987-06-03,2022-09-27,南部,
C01481,Customer_1481,M,1976-08-10,2021-07-02,南部,
C01482,Customer_1482,F,1995-11-13,2025-05-05,中部,
C01483,Customer_1483,M,1993-07-20,2024-02-14,中部,
C01484,Customer_1484,M,1978-06-12,2021-11-14,中部,
C01485,Customer_1485,F,1981-02-02,2024-10-30,東部,
C01486,Customer_1486,M,1965-09-01,2023-06-25,東部,2024-12-13
C01487,Customer_1487,F,1967-04-28,2023-11-14,南部,
C01488,Customer_1488,F,1969-12-08,2021-03-25,北部,
C01489,Customer_1489,F,1977-03-06,2025-02-13,中部,
C01490,Customer_1490,F,1967-12-11,2021-08-18,中部,
C01491,Customer_1491,M,1985-01-23,2021-05-23,中部,
C01492,Customer_1492,M,2004-11-03,2025-06-20,中部,
C01493,Customer_1493,F,2001-10-04,2025-02-19,東部,
C01494,Customer_1494,F,1978-07-24,2025-05-15,南部,
C01495,Customer_1495,F,1970-07-30,2023-08-31,離島,
C01496,Customer_1496,M,1966-08-23,2021-05-03,南部,
C01497,Customer_1497,M,1981-05-21,2022-01-09,南部,
C01498,Customer_1498,F,1990-11-15,2022-03-06,離島,2024-12-19
C01499,Customer_1499,F,2005-02-02,2020-10-15,,
C01500,Customer_1500,M,1989-07-27,2021-06-04,離島,
C01501,Customer_1501,F,1993-09-01,2021-07-24,,2024-01-05
C01502,Customer_1502,F,1984-06-18,2021-10-17,離島,
C01503,Customer_1503,M,1965-10-28,2024-06-05,北部,2025-03-24
C01504,Customer_1504,M,1991-11-21,2022-04-27,南部,2024-02-16
C01505,Customer_1505,F,2000-04-29,2021-11-28,東部,
C01506,Customer_1506,M,1975-04-11,2024-11-21,北部,
C01507,Customer_1507,F,1969-06-06,2024-07-09,南部,
C01508,Customer_1508,M,1992-03-13,2021-09-14,北部,
C01509,Customer_1509,M,1981-01-02,2023-10-12,北部,2024-08-11
C01510,Customer_1510,M,1998-09-02,2024-11-20,中部,
C01511,Customer_1511,M,1992-06-16,2025-07-28,南部,
C01512,Customer_1512,F,1998-09-06,2022-09-30,北部,2023-04-07
C01513,Customer_1513,M,1993-05-09,2022-06-05,南部,
C01514,Customer_1514,F,2001-07-16,2025-07-05,中部,2025-07-20
C01515,Customer_1515,F,1986-06-15,2025-06-30,東部,
C01516,Customer_1516,M,2000-02-08,2024-06-16,東部,2024-07-05
C01517,Customer_1517,M,1966-02-26,2022-04-08,北部,
C01518,Customer_1518,M,,2023-09-24,南部,
C01519,Customer_1519,M,1990-11-23,2022-04-24,南部,2023-09-13
C01520,Customer_1520,M,1990-12-18,2021-12-22,中部,
C01521,Customer_1521,M,1991-03-03,2022-03-29,東部,
C01522,Customer_1522,F,1971-07-09,2021-12-14,南部,
C01523,Customer_1523,M,2003-04-23,2021-11-28,南部,
C01524,Customer_1524,M,1976-05-24,2024-06-22,中部,
C01525,Customer_1525,F,1976/09/10,2023-02-19,北部,
C01526,Customer_1526,F,1994-11-15,2023-01-14,中部,
C01527,Customer_1527,M,1973-11-08,2022-09-08,中部,
C01528,Customer_1528,F,1971-03-19,2021-11-11,南部,
C01529,Customer_1529,F,1982-05-28,2025-02-18,東部,
C01530,Customer_1530,F,1973-08-09,2022-11-02,北部,
C01531,Customer_1531,M,2007-06-10,2025-03-25,北部,2025-07-03
C01532,Customer_1532,M,1997-11-23,2023-02-12,南部,
C01533,Customer_1533,F,1996-08-25,2024-01-15,東部,
C01534,Customer_1534,F,1977-04-07,2024-04-20,離島,
C01535,Customer_1535,F,1993-07-14,2023-09-12,北部,2023-12-17
C01536,Customer_1536,F,1998-06-07,2023-07-23,離島,
C01537,Customer_1537,F,1992-09-20,2023-02-20,離島,
C01538,Customer_1538,M,2007/03/02,2022-06-11,南部,
C01539,Customer_1539,F,1995-10-13,2024-05-04,中部,
C01540,Customer_1540,M,2006-01-14,2021-11-28,南部,
C01541,Customer_1541,M,1994-11-14,2022-04-08,北部,
C01542,Customer_1542,F,1976-02-11,2022-11-13,中部,
C01543,Customer_1543,M,1989-07-11,2023-09-18,北部,
C01544,Customer_1544,F,1987-12-29,2023-01-22,離島,
C01545,Customer_1545,M,,2022-02-18,離島,
C01546,Customer_1546,M,1991-01-15,2022-05-28,離島,
C01547,Customer_1547,M,2004-06-14,2022-05-13,南部,
C01548,Customer_1548,M,1979-09,2020-11-15,東部,2021-09-16
C01549,Customer_1549,M,1975-03-19,2022-08-09,離島,
C01550,Customer_1550,M,1999-08-01,2021-12-03,北部,
C01551,Customer_1551,M,1979-09-19,2021-03-23,東部,
C01552,Customer_1552,F,1989-03-05,2025-06-11,,
C01553,Customer_1553,M,1978-03-10,2020-08-13,中部,
C01554,Customer_1554,M,1999-12-15,2022-04-21,南部,
C01555,Customer_1555,F,1995-01-03,2020-09-09,東部,
C01556,Customer_1556,M,1987-12,2023-02-09,離島,
C01557,Customer_1557,F,1974-01-08,2021-04-27,中部,
C01558,Customer_1558,M,1973-11-28,2024-05-03,東部,
C01559,Customer_1559,F,1966-10-23,2023-12-31,東部,2025-06-17
C01560,Customer_1560,F,2006-01-24,2023-06-30,北部,
C01561,Customer_1561,F,1992-03-25,2023-07-06,南部,
C01562,Customer_1562,M,1974-01-29,2024-11-17,東部,2025-07-28
C01563,Customer_1563,M,1985-04-01,2021-05-26,中部,
C01564,Customer_1564,F,2003-11-04,2022-10-27,中部,
C01565,Customer_1565,M,2006-12-05,2023-09-26,中部,
C01566,Customer_1566,F,1971-08-09,2022-02-13,南部,2022-10-14
C01567,Customer_1567,M,1972-07-11,2023-07-20,中部,
C01568,Customer_1568,M,1989-06-10,2025-05-13,離島,
C01569,Customer_1569,F,1979-10-27,2024-01-23,南部,
C01570,Customer_1570,F,1968-10-28,2021-08-19,南部,2024-05-04
C01571,Customer_1571,M,1973-03-13,2022-07-28,北部,2022-08-27
C01572,Customer_1572,M,1999-04-28,2023-07-23,離島,
C01573,Customer_1573,M,1967-07-12,2021-07-24,南部,
C01574,Customer_1574,F,1980-04-02,2022-10-13,北部,
C01575,Customer_1575,F,2000-07-09,2022-07-30,東部,
C01576,Customer_1576,F,,2020-09-06,中部,2024-05-30
C01577,Customer_1577,F,2005-09-28,2025-04-05,中部,
C01578,Customer_1578,F,1985-03-16,2025-01-18,東部,
C01579,Customer_1579,F,1980-08-13,2021-08-02,東部,
C01580,Customer_1580,M,1993-11-06,2024-05-02,南部,2024-11-04
C01581,Customer_1581,M,2002-05-29,2022-12-07,南部,
C01582,Customer_1582,M,1968-04-14,2025-04-16,北部,
C01583,Customer_1583,M,1983/01/09,2025-07-31,南部,
C01584,Customer_1584,F,1976-04-09,2025-07-15,北部,
C01585,Customer_1585,F,1990-12-26,2022-07-08,中部,
C01586,Customer_1586,M,1973/10/21,2024-11-08,東部,
C01587,Customer_1587,F,1965-09-25,2024-11-11,東部,2025-03-05
C01588,Customer_1588,M,1978-01-27,2021-10-14,中部,2024-04-01
C01589,Customer_1589,M,2004-04-10,2023-08-04,東部,
C01590,Customer_1590,M,2002-12-27,2023-12-28,南部,
C01591,Customer_1591,F,1965-12-26,2021-07-18,離島,
C01592,Customer_1592,M,1977-06-03,2021-10-02,離島,
C01593,Customer_1593,F,1981-09-15,2024-02-07,南部,
C01594,Customer_1594,F,1974-07-08,2024-06-30,中部,
C01595,Customer_1595,M,2002-07-06,2023-05-30,離島,
C01596,Customer_1596,F,,2020-08-28,中部,
C01597,Customer_1597,M,1975-05-08,2025-05-11,南部,
C01598,Customer_1598,M,1975/07/29,2021-01-07,離島,2022-10-14
C01599,Customer_1599,F,1971-08-17,2023-02-03,中部,
C01600,Customer_1600,M,1993-11-18,2021-08-06,東部,2022-03-12
C01601,Customer_1601,M,1975-12-11,2022-10-30,中部,
C01602,Customer_1602,M,1979-02-05,2024-09-29,南部,
C01603,Customer_1603,M,1974-12-04,2022-01-30,中部,
C01604,Customer_1604,M,1990-07-01,2023-01-29,東部,
C01605,Customer_1605,M,2001-09-23,2021-04-14,東部,
C01606,Customer_1606,M,1969-02-03,2023-08-23,東部,2025-05-30
C01607,Customer_1607,M,1972-06-01,2021-06-06,中部,2024-12-19
C01608,Customer_1608,F,1979-12-26,2025-02-04,北部,
C01609,Customer_1609,F,2004-03-23,2023-01-13,中部,2023-05-29
C01610,Customer_1610,F,2000-08-21,2025-06-14,東部,2025-07-22
C01611,Customer_1611,F,1979-05-02,2025-04-14,中部,
C01612,Customer_1612,F,1975-04-25,2023-09-19,,2025-07-22
C01613,Customer_1613,F,1994-01-19,2022-08-14,離島,
C01614,Customer_1614,F,1967-08-02,2022-09-29,中部,
C01615,Customer_1615,F,2001-11-15,2021-05-20,東部,
C01616,Customer_1616,F,1994-07-30,2024-08-18,南部,
C01617,Customer_1617,F,1998-08-07,2022-03-20,北部,2025-01-07
C01618,Customer_1618,F,1996-12-30,2024-12-09,南部,
C01619,Customer_1619,F,2005-01-21,2023-05-08,中部,
C01620,Customer_1620,M,1994-05-23,2021-12-26,東部,
C01621,Customer_1621,M,1975-09-13,2022-11-16,北部,
C01622,Customer_1622,M,1979-12-18,2024-12-26,南部,2025-05-12
C01623,Customer_1623,M,1994-12-12,2023-03-28,離島,
C01624,Customer_1624,F,1985-05-06,2022-08-15,南部,
C01625,Customer_1625,M,1985-10-31,2023-01-13,南部,
C01626,Customer_1626,F,1969-10-05,2024-08-28,南部,
C01627,Customer_1627,M,,2025-06-09,北部,
C01628,Customer_1628,M,1967-10-09,2025-03-09,東部,
C01629,Customer_1629,F,1994-01-31,2020-10-13,南部,
C01630,Customer_1630,F,1998-12-31,2021-05-22,南部,2022-01-27
C01631,Customer_1631,F,1975-10-04,2022-10-12,北部,
C01632,Customer_1632,M,1972-12-22,2020-11-01,北部,2024-12-02
C01633,Customer_1633,M,1971-09-08,2025-05-20,東部,
C01634,Customer_1634,M,1986-04-15,2023-12-04,離島,
C01635,Customer_1635,F,1991-11-24,2020-08-16,北部,
C01636,Customer_1636,M,2002-05-22,2021-02-22,北部,
C01637,Customer_1637,M,2005-01-31,2024-02-28,南部,
C01638,Customer_1638,M,1965-09-13,2025-01-30,南部,
C01639,Customer_1639,F,1977-10-31,2025-01-30,中部,2025-07-01
C01640,Customer_1640,F,1993-04-21,2022-03-17,中部,2023-07-24
C01641,Customer_1641,F,2001-09-20,2020-08-22,南部,
C01642,Customer_1642,F,2005-06-26,2025-04-25,北部,
C01643,Customer_1643,M,2004-12-31,2021-06-09,離島,2023-05-15
C01644,Customer_1644,F,2000-05-29,2024-01-10,中部,2025-02-10
C01645,Customer_1645,F,1973-05-12,2021-11-03,中部,
C01646,Customer_1646,F,2000-09-21,2023-11-02,北部,2024-03-08
C01647,Customer_1647,M,1980-11-28,2021-11-13,中部,2024-12-12
C01648,Customer_1648,F,1978-07-15,2024-10-21,中部,
C01649,Customer_1649,M,1998-08-14,2023-04-29,東部,
C01650,Customer_1650,M,1970-10-05,2025-07-19,北部,
C01651,Customer_1651,F,1976-06-04,2024-06-06,,
C01652,Customer_1652,M,1979-08-15,2021-02-11,南部,2024-04-25
C01653,Customer_1653,M,1965-10-31,2025-05-14,南部,
C01654,Customer_1654,F,2007-07-12,2021-04-20,中部,
C01655,Customer_1655,F,1993-03-29,2022-01-29,北部,
C01656,Customer_1656,F,1989-07-22,2024-10-20,南部,2024-12-19
C01657,Customer_1657,M,1974-01-26,2022-02-16,南部,
C01658,Customer_1658,M,2007-02-18,2024-07-19,中部,
C01659,Customer_1659,M,1970-04-28,2024-02-21,東部,
C01660,Customer_1660,M,1974-06-22,2024-08-21,離島,2025-01-29
C01661,Customer_1661,F,1966-08-13,2023-08-19,中部,
C01662,Customer_1662,F,1984-06-02,2022-08-02,南部,
C01663,Customer_1663,F,2005-08-30,2023-03-04,東部,2024-12-27
C01664,Customer_1664,M,1996-07-27,2020-10-01,東部,2021-04-28
C01665,Customer_3914,M,1967-10-13,2025-06-22,北部,
C01666,Customer_1666,F,1982-03-09,2022-06-11,東部,
C01667,Customer_1667,M,2004-04-22,2024-12-22,東部,
C01668,Customer_1668,M,2001-09-26,2023-05-27,南部,
C01669,Customer_1669,F,1989-05-22,2023-10-31,南部,
C01670,Customer_1670,M,1986-04-17,2022-07-05,北部,
C01671,Customer_1671,F,1968-12-08,2023-07-21,南部,
C01672,Customer_1672,M,2004-08-13,2021-10-03,南部,
C01673,Customer_1673,F,1995-12-22,2022-10-11,南部,2022-11-24
C01674,Customer_1674,M,2001-06-20,2020-09-03,南部,
C01675,Customer_1675,F,2002-10-09,2021-02-19,離島,
C01676,Customer_1676,M,1980-12-30,2021-05-12,中部,
C01677,Customer_1677,F,1999-06-29,2022-05-24,中部,
C01678,Customer_1678,F,1986-01-31,2024-05-27,北部,
C01679,Customer_1679,M,1965-09-12,2022-01-26,東部,
C01680,Customer_1680,M,2003-10-06,2025-04-16,中部,
C01681,Customer_1681,M,,2023-10-08,北部,
C01682,Customer_1682,F,2005-04-20,2023-01-21,中部,2024-08-14
C01683,Customer_1683,M,2005-04-03,2023-11-06,北部,
C01684,Customer_1684,F,2005-04-26,2023-03-07,中部,
C01685,Customer_1685,F,1978-06-12,2024-12-04,中部,
C01686,Customer_1686,F,1999-10-14,2023-08-04,南部,
C01687,Customer_1687,M,2005-06-13,2022-08-25,北部,2022-09-08
C01688,Customer_1688,M,2001-05-27,2021-04-01,南部,
C01689,Customer_1689,M,1974-01-25,2025-03-29,北部,
C01690,Customer_1690,F,1990-07-28,2022-09-30,中部,
C01691,Customer_1691,M,1967-12-08,2023-09-11,南部,
C01692,Customer_1692,F,2003-11-21,2022-05-24,東部,
C01693,Customer_1693,F,1990-08-17,2025-06-24,北部,
C01694,Customer_1694,M,1994-10-25,2023-03-21,中部,
C01695,Customer_1695,M,1978-03-22,2021-08-14,中部,2023-02-28
C01696,Customer_1696,F,2002-01-31,2023-12-03,南部,
C01697,Customer_1697,F,1982-07-09,2025-05-16,中部,
C01698,Customer_1698,F,2004-07-26,2025-08-01,東部,
C01699,Customer_1699,F,1996-02-12,2020-11-26,南部,2025-03-03
C01700,Customer_1700,F,,2020-11-08,南部,2025-05-04
C01701,Customer_1701,F,1978/09/22,2024-02-29,東部,2025-04-22
C01702,Customer_1702,M,1978-02-20,2020-10-23,北部,
C01703,Customer_1703,M,1985-07-05,2022-10-05,南部,
C01704,Customer_1704,M,2003-03-11,2025-05-01,離島,
C01705,Customer_1705,M,1997-02-25,2023-11-19,東部,
C01706,Customer_1706,M,1983-03-31,2020-10-17,,
C01707,Customer_1707,F,1975-08-22,2022-07-19,北部,2023-08-04
C01708,Customer_1708,F,1998-05-07,2021-03-01,北部,
C01709,Customer_2950,F,1986-09-01,2024-05-11,中部,
C01710,Customer_1710,F,1979-10-11,2021-10-25,南部,2022-08-07
C01711,Customer_1711,M,1975-04-16,2024-04-01,離島,2025-04-18
C01712,Customer_1712,F,1987-09-17,2025-06-24,離島,
C01713,Customer_1713,F,1994-04-07,2020-12-13,北部,
C01714,Customer_1714,M,1966-04-29,2024-05-31,離島,2025-05-24
C01715,Customer_1715,F,1993-08-31,2024-08-01,中部,2024-10-21
C01716,Customer_1716,F,1976-06-24,2022-10-30,離島,2024-07-11
C01717,Customer_1717,F,2000-05-03,2023-02-07,離島,
C01718,Customer_1718,M,,2023-12-15,北部,
C01719,Customer_1719,F,1966-02-07,2023-05-15,離島,2024-03-18
C01720,Customer_1720,M,1979-04-11,2024-04-14,中部,
C01721,Customer_1721,F,1984-11-29,2023-07-01,中部,
C01722,Customer_1722,M,1985-08-11,2024-07-25,中部,
C01723,Customer_1723,F,2004-04-27,2023-03-11,離島,
C01724,Customer_1724,M,2004-08-28,2022-07-10,中部,2024-03-01
C01725,Customer_1725,M,1999-07-04,2025-02-19,離島,
C01726,Customer_1726,M,1993-01-27,2020-10-11,東部,
C01727,Customer_1727,M,1969-05-05,2022-07-07,東部,
C01728,Customer_1728,M,2003-03-31,2024-12-21,離島,2025-02-24
C01729,Customer_1729,F,1977-06-02,2023-02-26,南部,
C01730,Customer_1730,F,1978-06-01,2024-06-13,離島,
C01731,Customer_1731,M,2002-06-29,2023-09-19,東部,2024-05-03
C01732,Customer_1732,F,1973-10-21,2025-03-30,中部,
C01733,Customer_1733,F,1979-05-27,2020-12-17,南部,2025-01-24
C01734,Customer_1734,M,1999-01-26,2021-06-16,東部,2022-08-07
C01735,Customer_1735,F,1993-12-12,2025-01-16,北部,
C01736,Customer_1736,M,1976-04-08,2024-11-25,中部,
C01737,Customer_1737,M,,2024-10-17,東部,
C01738,Customer_1738,M,2007-02-11,2023-11-05,北部,
C01739,Customer_1739,F,1986-03-28,2025-05-03,北部,
C01740,Customer_1740,M,2003-02-04,2024-07-20,南部,
C01741,Customer_1741,M,2007-07-16,2021-09-12,南部,2023-02-18
C01742,Customer_1742,M,2005-03-06,2024-06-10,南部,
C01743,Customer_1743,M,1986-01-31,2024-11-02,中部,
C01744,Customer_1744,M,1977-09-10,2023-06-20,北部,
C01745,Customer_1745,F,1992-02-19,2025-08-03,南部,
C01746,Customer_1746,M,1995-07-12,2023-03-07,南部,
C01747,Customer_1747,F,1974-01-27,2022-01-20,東部,
C01748,Customer_1748,F,1990-11-22,2022-12-04,,
C01749,Customer_1749,M,1979-01-10,2021-04-27,北部,
C01750,Customer_1750,F,2007-02-24,2025-05-04,東部,
C01751,Customer_1751,M,1985-10-22,2021-06-06,東部,
C01752,Customer_1752,F,1968-07-10,2022-10-03,中部,
C01753,Customer_1753,M,1974-09-08,2024-04-24,中部,
C01754,Customer_1754,F,1983-10-30,2022-11-28,離島,2024-03-30
C01755,Customer_1755,M,1967-03-22,2024-10-01,南部,
C01756,Customer_1756,F,1990-10-22,2023-07-27,南部,
C01757,Customer_1757,M,1966-04-01,2023-03-06,離島,
C01758,Customer_1758,M,1994-09-16,2022-01-30,南部,
C01759,Customer_1759,M,1994-03-12,2025-06-17,北部,
C01760,Customer_1760,F,1995-02-23,2025-07-30,中部,
C01761,Customer_1761,M,1987-02-13,2021-10-06,東部,2025-05-01
C01762,Customer_1762,M,1968-10-07,2023-10-11,東部,
C01763,Customer_1763,M,,2023-06-03,東部,2024-05-01
C01764,Customer_1764,F,1997-08-18,2023-07-30,東部,2024-12-25
C01765,Customer_1765,M,1978-08-14,2023-07-25,中部,2025-06-12
C01766,Customer_1766,F,1979-12-04,2024-10-07,北部,
C01767,Customer_1767,F,1992-03-04,2024-06-09,中部,
C01768,Customer_1768,F,1983-12-08,2023-04-01,中部,
C01769,Customer_1769,F,1971-06-28,2021-02-17,中部,
C01770,Customer_1770,F,1983/02/06,2022-09-02,南部,
C01771,Customer_1771,F,1992-03-17,2020-09-17,離島,2023-12-22
C01772,Customer_1772,F,1980-12-29,2023-01-25,南部,
C01773,Customer_1773,F,1989-05-28,2023-11-13,中部,
C01774,Customer_1774,F,1974-05-24,2024-09-26,東部,
C01775,Customer_1775,F,1971-11-17,2021-12-19,東部,
C01776,Customer_1776,M,1985-05-14,2023-11-14,北部,2024-02-10
C01777,Customer_1777,M,1970-01-07,2020-12-01,中部,
C01778,Customer_1778,M,1971-08-25,2022-02-07,東部,
C01779,Customer_1779,F,1978-04-27,2020-08-20,北部,
C01780,Customer_1780,M,1981-09-09,2025-02-25,南部,
C01781,Customer_1781,M,1972-11-24,2023-10-19,離島,
C01782,Customer_1782,M,1997-03-04,2020-08-15,北部,2022-06-10
C01783,Customer_1783,M,1987-04-24,2025-07-19,北部,2025-07-22
C01784,Customer_1784,M,1984-06-19,2022-04-22,北部,
C01785,Customer_1785,F,1966-02-22,2024-03-18,中部,
C01786,Customer_1786,F,2001-04-28,2022-12-10,北部,2024-03-20
C01787,Customer_1787,F,1991-03-09,2022-12-09,南部,
C01788,Customer_1788,F,1974-05,2021-02-25,北部,
C01789,Customer_1789,M,1966-01-16,2024-08-22,離島,2025-01-02
C01790,Customer_1790,M,1969-06-11,2022-05-04,中部,2023-07-29
C01791,Customer_1791,M,1976-11-22,2024-08-24,中部,2024-10-22
C01792,Customer_1792,F,1965-11-02,2025-05-02,東部,
C01793,Customer_1793,M,2003-11-07,2024-11-16,中部,
C01794,Customer_1794,F,1976-05-31,2025-07-10,中部,
C01795,Customer_1795,M,,2023-10-25,中部,
C01796,Customer_1796,F,1970-11-24,2022-12-25,中部,
C01797,Customer_1797,M,1998-11-21,2025-06-10,東部,
C01798,Customer_1798,M,2002-10-18,2021-03-24,南部,2021-04-29
C01799,Customer_1799,M,1992-07-22,2021-05-05,南部,
C01800,Customer_1800,M,1973-10-09,2022-09-19,北部,
C01801,Customer_1801,F,1984/02/12,2025-02-11,離島,
C01802,Customer_1802,F,1999-01-14,2022-02-12,中部,
C01803,Customer_1803,F,1969-07-09,2024-03-03,南部,
C01804,Customer_602,M,1971-01-05,2021-05-14,中部,2024-12-09
C01805,Customer_1805,M,2000-06-29,2025-07-06,北部,
C01806,Customer_1806,F,2002-12-11,2023-08-12,中部,
C01807,Customer_1807,F,1990-10-29,2025-02-18,北部,
C01808,Customer_1808,F,1994-04-20,2021-12-09,離島,
C01809,Customer_1809,F,1981-11-03,2021-08-08,南部,
C01810,Customer_1810,M,1988-02-10,2025-07-01,離島,
C01811,Customer_1811,M,1966-10-24,2022-11-08,南部,
C01812,Customer_1812,F,1989-05-09,2024-05-23,離島,2025-07-26
C01813,Customer_1813,F,1995-12-21,2020-08-18,離島,
C01814,Customer_1814,M,2001-07-19,2023-04-26,北部,
C01815,Customer_1815,F,1966-12-03,2021-08-20,中部,
C01816,Customer_1816,F,1991-01-15,2023-06-02,離島,
C01817,Customer_1817,F,1977-12-16,2023-09-05,南部,
C01818,Customer_1818,M,1972-06-17,2020-12-10,南部,2021-01-30
C01819,Customer_1819,F,1969-03-09,2021-09-24,南部,
C01820,Customer_1820,M,1980-06-04,2023-03-18,東部,
C01821,Customer_1821,F,1994/11/12,2021-06-26,北部,
C01822,Customer_1822,F,1991-06-09,2025-02-03,南部,
C01823,Customer_1823,F,1990-10-10,2021-03-25,北部,
C01824,Customer_1824,M,1977-09-02,2024-08-02,中部,
C01825,Customer_1825,F,1971-01-25,2022-05-25,中部,
C01826,Customer_1826,F,1995-09-06,2022-04-19,南部,
C01827,Customer_1827,F,2000-07-19,2020-12-16,東部,
C01828,Customer_1828,F,1976-07,2022-01-19,南部,
C01829,Customer_1829,M,2005-11-18,2023-07-31,中部,
C01830,Customer_1830,M,1971-03-23,2021-09-17,離島,
C01831,Customer_1831,F,1983-06-27,2023-01-27,離島,
C01832,Customer_1832,F,1982-04-07,2023-12-24,南部,2024-03-09
C01833,Customer_1833,F,1999-03-30,2025-01-16,南部,
C01834,Customer_1834,M,1978-05-01,2021-08-28,東部,
C01835,Customer_1835,M,1968-01-30,2024-10-27,北部,
C01836,Customer_1836,M,1972-10-15,2022-09-30,東部,
C01837,Customer_1837,F,1986-01-14,2023-12-09,離島,
C01838,Customer_1838,F,1986-09-26,2020-12-20,離島,
C01839,Customer_1839,F,1979-04-17,2025-07-03,南部,
C01840,Customer_1840,F,1979-02-13,2022-03-17,南部,
C01841,Customer_1841,M,1969-02,2023-11-08,東部,
C01842,Customer_1842,F,1990-02-04,2022-01-14,東部,
C01843,Customer_1843,M,1987-11-10,2024-03-20,北部,2025-07-11
C01844,Customer_1844,F,1979-04-12,2025-03-02,北部,
C01845,Customer_1845,M,1994-06-19,2022-06-15,南部,
C01846,Customer_1846,F,2000-05-30,2021-06-16,南部,2024-06-18
C01847,Customer_1847,F,2000-02-25,2022-07-09,東部,
C01848,Customer_1848,M,1986-07-14,2021-07-31,南部,
C01849,Customer_1849,F,2005-05-27,2025-05-30,南部,
C01850,Customer_1850,F,2006-09,2025-05-11,北部,
C01851,Customer_1851,M,1995-08-28,2022-09-22,東部,
C01852,Customer_1852,M,1980-12-05,2022-10-26,東部,2023-12-15
C01853,Customer_1853,F,2003-07-18,2023-09-28,中部,
C01854,Customer_1854,F,2005-08-09,2022-08-23,中部,
C01855,Customer_1855,M,1984-12-02,2020-10-20,中部,
C01856,Customer_1856,M,1998-10-11,2023-07-28,中部,
C01857,Customer_1857,M,2004-08-16,2023-06-28,中部,
C01858,Customer_1858,F,1984-12-07,2025-05-08,南部,
C01859,Customer_1859,F,1988-06-02,2023-08-23,中部,
C01860,Customer_1860,M,1981-11-07,2022-12-16,北部,
C01861,Customer_1861,F,1976-09-18,2021-08-26,離島,
C01862,Customer_1862,F,1980-07-13,2021-08-26,中部,
C01863,Customer_1863,F,1987-10-20,2025-04-23,東部,
C01864,Customer_1864,M,1985-02-23,2023-08-07,南部,
C01865,Customer_1865,F,1998-10-04,2022-02-20,北部,2024-08-11
C01866,Customer_1866,M,2003-01-23,2020-10-22,東部,
C01867,Customer_1867,M,1974-01-24,2021-05-28,北部,
C01868,Customer_1868,M,1996-06-07,2024-09-04,離島,
C01869,Customer_1869,F,2003-11-30,2024-02-23,南部,
C01870,Customer_1870,M,1989-08-26,2023-04-24,北部,
C01871,Customer_1871,M,1975/12/03,2020-11-21,離島,
C01872,Customer_1872,F,2000-04-22,2022-06-21,中部,
C01873,Customer_1873,M,1984-04-17,2023-03-09,離島,
C01874,Customer_1874,F,1982-06-16,2023-06-06,離島,
C01875,Customer_1875,M,2004-10-07,2023-10-09,北部,
C01876,Customer_1876,M,,2022-09-17,東部,
C01877,Customer_1877,F,2005-11-12,2024-09-06,,
C01878,Customer_1878,F,1978-04-12,2024-11-30,南部,
C01879,Customer_1879,F,1993-07-18,2022-01-27,南部,
C01880,Customer_1880,M,1993-01-12,2023-09-11,離島,
C01881,Customer_1881,F,1997-05-20,2025-03-31,離島,
C01882,Customer_1882,M,1988-02-27,2023-05-14,北部,2024-12-09
C01883,Customer_1883,M,2000-11-11,2024-01-30,中部,
C01884,Customer_1884,M,1976-02-01,2024-08-11,中部,
C01885,Customer_1885,F,1983-05-14,2023-02-16,東部,
C01886,Customer_1886,F,1999-04-27,2022-02-26,東部,
C01887,Customer_1887,F,2002-12-20,2021-03-23,中部,
C01888,Customer_1888,F,1965-09-09,2024-10-02,北部,
C01889,Customer_1889,M,1975-05-12,2020-10-31,離島,
C01890,Customer_1890,F,1983-03-29,2025-01-01,離島,
C01891,Customer_1891,M,,2025-02-02,南部,
C01892,Customer_1892,F,2002-11-09,2023-12-27,離島,
C01893,Customer_1893,M,1976-06-14,2022-06-21,東部,
C01894,Customer_1894,F,1980-10-26,2024-08-31,北部,
C01895,Customer_1895,M,1968-11-13,2024-03-16,北部,
C01896,Customer_1896,F,1991-09-30,2024-01-16,離島,
C01897,Customer_1897,F,1978-07-10,2025-03-01,東部,
C01898,Customer_1898,F,1986-09-16,2021-06-05,東部,
C01899,Customer_1899,M,1978-02-11,2020-11-28,東部,2025-01-19
C01900,Customer_1900,M,1984-03-07,2021-08-01,東部,
C01901,Customer_1901,F,1985-10-07,2022-11-06,南部,
C01902,Customer_1902,M,1977-12-26,2022-09-23,離島,
C01903,Customer_1903,M,1990-06-01,2025-06-05,東部,2025-07-24
C01904,Customer_1904,F,1990-05-22,2021-09-01,中部,
C01905,Customer_1905,M,1994-07-08,2020-10-13,中部,
C01906,Customer_1906,F,1977-02-02,2022-06-24,南部,
C01907,Customer_1907,M,1969-10-31,2025-06-16,北部,
C01908,Customer_1908,F,1990-08-02,2021-02-28,東部,
C01909,Customer_1909,F,1992-06-07,2022-08-26,中部,2024-05-05
C01910,Customer_1910,F,2003-06-18,2023-07-01,離島,
C01911,Customer_1911,M,1987-07-29,2024-10-07,南部,
C01912,Customer_1912,F,1980-12-31,2024-11-06,南部,2025-02-14
C01913,Customer_1913,M,1996-07-09,2022-11-22,中部,
C01914,Customer_1914,M,1999-12-20,2021-06-03,東部,2025-06-21
C01915,Customer_1915,F,1979-01-03,2022-04-12,中部,
C01916,Customer_1916,F,1990-01-03,2024-07-16,南部,
C01917,Customer_1917,F,1979-05-01,2023-10-23,離島,2025-02-05
C01918,Customer_1918,F,1970-05-09,2024-02-10,中部,
C01919,Customer_1919,M,1997-01-21,2021-01-10,,
C01920,Customer_1920,M,2006-12-24,2022-05-20,離島,
C01921,Customer_1921,F,1985-03-03,2021-02-22,離島,
C01922,Customer_1922,M,1966-08-10,2025-01-03,北部,
C01923,Customer_1923,F,1974-03-13,2024-12-29,離島,
C01924,Customer_1924,M,2006-06-13,2022-06-01,北部,
C01925,Customer_1925,M,1993-12-05,2022-09-18,南部,
C01926,Customer_1926,F,2000-09-19,2022-09-01,中部,
C01927,Customer_1927,F,1966-03-08,2023-12-01,中部,
C01928,Customer_1928,M,1967-07-09,2024-02-14,中部,
C01929,Customer_1929,M,1975-08,2025-01-27,東部,
C01930,Customer_1930,F,1971-02-22,2021-07-07,北部,
C01931,Customer_1931,M,2003-02-05,2022-05-31,北部,
C01932,Customer_1932,M,1988-08-06,2022-10-15,離島,
C01933,Customer_1933,M,1973-02-13,2023-05-12,南部,
C01934,Customer_1934,M,1981-12-09,2024-08-08,北部,
C01935,Customer_1935,M,1988-08-28,2022-11-26,北部,
C01936,Customer_1936,F,1968-05-01,2020-12-26,中部,2025-07-11
C01937,Customer_1937,F,1992-07-13,2025-03-31,中部,
C01938,Customer_1938,F,1986-08-30,2025-06-12,離島,
C01939,Customer_1939,F,1995-08-05,2023-04-03,離島,
C01940,Customer_1940,F,2004/03/30,2022-02-24,北部,2022-04-13
C01941,Customer_1941,F,1990-09-26,2022-02-23,東部,
C01942,Customer_1942,F,1985-03-01,2022-03-13,北部,2024-03-28
C01943,Customer_1943,F,,2021-05-07,東部,
C01944,Customer_1944,F,1994-06-25,2021-12-15,北部,2022-01-08
C01945,Customer_1945,M,1991-11-22,2024-09-25,南部,
C01946,Customer_1946,M,1988-01-23,2024-03-01,中部,
C01947,Customer_1947,M,2001-02-07,2021-04-07,東部,2022-04-21
C01948,Customer_1948,F,2002-05-28,2023-02-25,中部,
C01949,Customer_1949,F,1975-07-27,2022-10-15,北部,2024-10-04
C01950,Customer_1950,F,1997-05-04,2022-11-12,東部,
C01951,Customer_1951,F,2000-06-26,2025-01-07,北部,
C01952,Customer_1952,F,1987-05-11,2023-09-24,北部,
C01953,Customer_1953,M,1971-12-02,2023-07-28,中部,
C01954,Customer_1954,F,1988-08-04,2020-09-16,南部,
C01955,Customer_1955,F,1970-07-13,2022-02-28,中部,
C01956,Customer_1956,F,1971-04-14,2023-04-14,中部,2023-09-29
C01957,Customer_1957,M,,2024-07-24,中部,
C01958,Customer_1958,F,1975-10-17,2025-07-09,中部,
C01959,Customer_1959,M,1997-06-25,2020-10-14,北部,
C01960,Customer_1960,F,1967-02-22,2023-10-24,南部,
C01961,Customer_1961,M,2005-03-11,2020-11-13,東部,2025-05-24
C01962,Customer_1962,M,1986-01-17,2024-03-02,北部,
C01963,Customer_1963,F,2002-11-06,2024-10-21,東部,
C01964,Customer_1964,F,1973-01-19,2022-04-03,南部,2023-05-16
C01965,Customer_1965,M,2007-03-04,2024-07-07,離島,2025-03-22
C01966,Customer_1966,F,1991-08-01,2024-06-02,離島,
C01967,Customer_1967,F,2007-04-28,2021-01-24,北部,2023-07-23
C01968,Customer_1968,M,1976-06-14,2022-08-17,離島,
C01969,Customer_1969,F,2003-08-19,2024-10-03,北部,
C01970,Customer_1970,M,1997-06-22,2022-02-28,南部,
C01971,Customer_1971,M,1981-01-02,2022-06-17,中部,
C01972,Customer_1972,M,1994-09-11,2023-03-03,中部,
C01973,Customer_1973,M,1997-02-01,2022-12-28,中部,2023-05-15
C01974,Customer_1974,M,2003-04-26,2025-01-10,中部,
C01975,Customer_1975,M,1984-04-13,2023-05-25,北部,
C01976,Customer_1976,M,1984-09-04,2021-03-16,中部,
C01977,Customer_1977,M,1971-10-18,2025-03-09,離島,
C01978,Customer_1978,M,1972-02-07,2023-06-30,中部,
C01979,Customer_1979,F,2004-12-02,2022-03-13,東部,2024-04-26
C01980,Customer_1980,M,1990-06-18,2025-04-05,北部,
C01981,Customer_1981,F,1984-03-20,2024-12-07,中部,
C01982,Customer_1982,F,1993-08-26,2022-05-04,南部,
C01983,Customer_1983,F,2003-04-26,2023-05-25,離島,
C01984,Customer_1984,M,1991-01-25,2021-05-23,中部,
C01985,Customer_1985,F,1987-04-10,2023-08-12,離島,
C01986,Customer_1986,F,1969-06-28,2023-03-21,南部,
C01987,Customer_1987,M,1978-10-14,2024-04-17,中部,
C01988,Customer_1988,M,1980-06-13,2024-01-25,離島,
C01989,Customer_1989,F,1976-07-16,2023-03-10,東部,
C01990,Customer_1990,M,1983-10-25,2022-01-02,東部,
C01991,Customer_1991,M,2005-07-15,2023-01-10,南部,
C01992,Customer_1992,M,2006-11-14,2023-12-17,東部,
C01993,Customer_1993,M,1971-08-17,2023-05-20,離島,
C01994,Customer_1994,F,1998-08-20,2023-06-16,南部,
C01995,Customer_1995,F,1976-12-24,2023-02-04,東部,
C01996,Customer_1996,M,1977-02-26,2020-12-22,離島,
C01997,Customer_1997,F,2004-01-20,2024-10-20,,
C01998,Customer_1998,F,2002-05-14,2022-08-25,南部,
C01999,Customer_1999,F,1971-04-26,2024-05-28,離島,
C02000,Customer_2000,F,1996-10-26,2023-04-28,北部,
C02001,Customer_2001,M,1976-07-09,2023-04-07,東部,
C02002,Customer_2002,M,1995-02-03,2025-04-24,東部,
C02003,Customer_2003,M,1970-11-17,2021-09-01,東部,
C02004,Customer_2004,F,1983-05-28,2024-11-18,南部,
C02005,Customer_2005,F,1971-09-22,2023-08-26,離島,
C02006,Customer_2006,F,1999-01-08,2024-02-16,離島,
C02007,Customer_2007,F,2004-03,2023-02-23,東部,
C02008,Customer_2008,M,,2021-10-27,東部,
C02009,Customer_2009,F,1998-09-22,2021-03-07,離島,
C02010,Customer_2010,M,2006-01-14,2021-09-15,北部,
C02011,Customer_2011,M,1981-09-24,2023-03-28,離島,
C02012,Customer_2012,M,1966-05-25,2023-04-28,南部,
C02013,Customer_2013,F,1984-05-01,2024-08-30,中部,2024-12-10
C02014,Customer_2014,F,1990-02-08,2021-08-28,東部,
C02015,Customer_2015,F,1982-05-12,2020-12-25,東部,
C02016,Customer_2016,M,1984-09-18,2022-01-12,中部,2022-09-03
C02017,Customer_2017,M,1981-02-23,2021-12-10,南部,
C02018,Customer_2018,F,1972-11-26,2025-04-11,南部,
C02019,Customer_2019,F,1986-06-03,2023-02-16,離島,
C02020,Customer_2020,F,1982-07-12,2020-08-20,中部,2021-09-24
C02021,Customer_2021,F,1997-05-18,2023-12-01,中部,
C02022,Customer_2022,F,1993-07-31,2024-08-20,北部,
C02023,Customer_2023,F,2006-01-02,2024-02-12,北部,2025-05-08
C02024,Customer_2024,F,1987-12-15,2023-08-02,南部,
C02025,Customer_2025,F,,2023-12-04,離島,
C02026,Customer_2026,F,1993-07-21,2022-07-05,東部,2024-05-09
C02027,Customer_2027,F,1982-05-06,2024-05-04,中部,
C02028,Customer_2028,F,2004-07-19,2024-01-14,中部,
C02029,Customer_2029,M,1971-07-30,2022-07-09,離島,
C02030,Customer_2030,F,1970-03-05,2020-11-14,離島,
C02031,Customer_2031,F,1969-12-08,2025-03-11,東部,
C02032,Customer_2032,F,1988-10-01,2024-06-11,東部,
C02033,Customer_2033,M,1966-10-05,2024-04-14,中部,
C02034,Customer_2034,F,1998-11-17,2022-02-13,離島,
C02035,Customer_2035,F,1992-02-02,2023-05-14,南部,
C02036,Customer_2036,F,1972-03-24,2021-02-04,北部,
C02037,Customer_2037,M,1977-12-29,2023-10-20,南部,
C02038,Customer_2038,M,1975-12-05,2021-05-17,中部,
C02039,Customer_2039,M,1975-06-07,2020-09-25,中部,
C02040,Customer_2040,F,1999-01-22,2024-11-25,東部,
C02041,Customer_2041,F,1996-12-24,2023-07-28,東部,
C02042,Customer_2042,F,1983-05-03,2022-06-23,北部,
C02043,Customer_2043,M,2001-11-15,2021-06-04,東部,2022-10-19
C02044,Customer_2044,F,1982-05-07,2024-03-25,南部,
C02045,Customer_2045,M,1995-09-02,2023-09-11,離島,
C02046,Customer_2046,F,1982-11-03,2025-02-24,南部,
C02047,Customer_2047,M,1979-06-02,2023-12-21,東部,2025-03-20
C02048,Customer_2048,F,1998-04-14,2025-02-19,南部,
C02049,Customer_2049,F,1970-07-01,2021-07-10,中部,
C02050,Customer_3907,F,1981-01-12,2024-03-25,東部,2024-08-01
C02051,Customer_2051,F,1990-12-20,2025-04-13,南部,
C02052,Customer_2052,F,1977-09-13,2021-12-30,離島,2024-10-23
C02053,Customer_2053,F,1982-02-28,2020-10-06,中部,
C02054,Customer_2054,F,1976-04-03,2021-10-29,東部,
C02055,Customer_2055,M,1974-12-12,2023-08-27,南部,
C02056,Customer_2056,F,1992-01-14,2024-09-19,離島,
C02057,Customer_2057,F,2006-01-12,2020-12-05,中部,
C02058,Customer_2058,F,1985-04-01,2023-07-08,東部,
C02059,Customer_2059,M,1971-10-21,2022-11-15,南部,
C02060,Customer_2060,M,2007-06-06,2020-12-17,南部,
C02061,Customer_2061,M,2006-06-15,2023-03-05,北部,
C02062,Customer_2062,F,1986-01-26,2023-11-13,南部,
C02063,Customer_2063,F,1973-08-06,2024-01-23,東部,
C02064,Customer_2064,M,1987-04-05,2021-02-10,東部,
C02065,Customer_2065,M,1982-09-01,2024-06-13,南部,
C02066,Customer_2066,F,1984-11-26,2024-12-18,北部,
C02067,Customer_2067,M,1991-11-16,2022-07-18,中部,
C02068,Customer_2068,M,1976-07-28,2024-06-22,南部,
C02069,Customer_2069,M,,2023-09-05,離島,2024-08-07
C02070,Customer_2070,F,2000/09/11,2021-10-28,南部,2023-12-03
C02071,Customer_2071,M,2002-07-27,2022-12-19,南部,2024-02-24
C02072,Customer_2072,M,1972-12-28,2021-11-03,離島,
C02073,Customer_2073,F,2000-03-17,2022-06-11,離島,
C02074,Customer_2074,M,1993-01-21,2023-08-12,,
C02075,Customer_2075,F,1975-06-25,2025-05-26,東部,
C02076,Customer_2076,M,1993-11-04,2021-02-01,南部,
C02077,Customer_2077,M,1967-06-25,2021-09-07,離島,
C02078,Customer_2078,F,1966-08-19,2023-12-05,南部,
C02079,Customer_2079,F,1991-08-31,2023-11-14,中部,2025-07-28
C02080,Customer_2080,M,2007-08-06,2023-11-06,北部,
C02081,Customer_86,M,1969-07-20,2021-04-13,北部,
C02082,Customer_2082,M,2004-04-27,2024-03-16,中部,
C02083,Customer_2083,F,1980-05-09,2025-02-02,北部,2025-05-08
C02084,Customer_2084,F,1999-01-31,2023-08-19,,
C02085,Customer_2085,F,1979-02-26,2021-11-18,南部,
C02086,Customer_2086,F,2002-06-13,2022-10-21,東部,
C02087,Customer_2087,M,1971-03-19,2023-06-21,南部,2024-02-20
C02088,Customer_2088,M,1973-10-06,2023-03-09,離島,
C02089,Customer_2089,F,2002-07-20,2024-08-16,離島,
C02090,Customer_2090,M,1992-02-03,2021-11-29,中部,
C02091,Customer_2091,M,1976-06-26,2024-12-24,東部,
C02092,Customer_2092,F,1983-12-16,2022-06-11,離島,
C02093,Customer_2093,F,1991-02-14,2025-02-07,南部,
C02094,Customer_2094,M,1978-12-12,2021-06-19,中部,2022-05-17
C02095,Customer_2095,F,1999-07-13,2021-06-30,中部,
C02096,Customer_2096,F,1981-10,2023-04-14,東部,
C02097,Customer_2097,M,1987-04-05,2023-07-11,南部,
C02098,Customer_2098,M,1975-01-04,2023-11-17,東部,
C02099,Customer_2099,F,1979-12-13,2020-08-19,東部,
C02100,Customer_2100,F,1991-01-15,2021-06-09,中部,
C02101,Customer_2101,F,1977-05-31,2023-02-22,中部,
C02102,Customer_2102,F,2004-01-09,2023-06-15,北部,
C02103,Customer_2103,F,1993-08-14,2022-06-11,東部,
C02104,Customer_2104,F,1996-02-28,2021-05-06,東部,
C02105,Customer_2105,M,1965-11-18,2021-10-24,北部,
C02106,Customer_2106,F,1971-09-04,2020-11-06,中部,
C02107,Customer_2107,M,2007-05-19,2022-11-19,北部,
C02108,Customer_2108,F,1985-12-07,2023-07-22,東部,
C02109,Customer_2109,M,1967-07-07,2022-04-06,中部,
C02110,Customer_2110,M,2003-01-03,2023-02-28,東部,
C02111,Customer_2111,F,1973-10-11,2023-01-04,中部,
C02112,Customer_2112,M,1984-03-08,2020-11-17,南部,
C02113,Customer_2113,M,,2024-11-09,中部,
C02114,Customer_2114,M,1996-07-09,2021-07-02,東部,2021-12-11
C02115,Customer_2115,F,1971-12-21,2022-02-11,南部,
C02116,Customer_2116,M,1983-06-07,2022-04-11,離島,
C02117,Customer_2117,M,1971-01-15,2021-10-30,中部,2025-05-13
C02118,Customer_2118,F,1967-06-10,2023-08-04,南部,
C02119,Customer_2119,F,1979-08-06,2024-03-22,南部,
C02120,Customer_2120,M,2003-02-10,2020-10-24,南部,2022-11-13
C02121,Customer_2121,M,1969-03-12,2021-01-29,離島,
C02122,Customer_2122,F,1999-09-10,2021-05-04,離島,
C02123,Customer_2123,F,1998-06-22,2020-11-05,,
C02124,Customer_2124,F,1979-06-02,2022-02-11,南部,
C02125,Customer_2125,M,2000-06-15,2021-07-14,北部,
C02126,Customer_2126,F,1989-08-02,2021-07-27,離島,
C02127,Customer_2127,M,1974-05-10,2022-12-31,中部,
C02128,Customer_2128,F,1975-08,2024-04-14,離島,
C02129,Customer_2129,F,1993-02-28,2023-12-06,東部,
C02130,Customer_2130,F,2002-08-02,2021-04-07,中部,
C02131,Customer_2131,M,1990-02-15,2021-09-13,南部,
C02132,Customer_2132,F,1971-05-24,2025-04-05,東部,
C02133,Customer_2133,M,1967-09-07,2022-06-02,北部,
C02134,Customer_2134,F,1968-04,2023-02-14,南部,2024-02-19
C02135,Customer_2135,F,1981-03-03,2022-01-08,南部,
C02136,Customer_2136,F,1986-01-22,2021-01-01,南部,
C02137,Customer_2137,F,,2025-02-24,東部,2025-05-12
C02138,Customer_2138,F,1990-10-25,2020-09-30,離島,
C02139,Customer_2139,M,1966-07-05,2023-05-09,南部,
C02140,Customer_2140,M,1977-09-19,2025-07-17,中部,
C02141,Customer_2141,M,2006-10-30,2025-07-30,北部,
C02142,Customer_2142,F,2004-12-21,2024-06-16,北部,2025-03-17
C02143,Customer_2143,M,1976-02-20,2024-05-17,東部,
C02144,Customer_2144,F,1971-09-08,2022-02-17,離島,2025-02-08
C02145,Customer_2145,F,1970-09-02,2023-09-27,東部,
C02146,Customer_2146,M,1970-06-03,2022-04-29,東部,
C02147,Customer_2147,M,2001-07-12,2024-10-01,北部,
C02148,Customer_2148,M,1984-04-23,2020-10-25,北部,
C02149,Customer_2149,F,1999-06-18,2023-04-06,北部,2025-04-30
C02150,Customer_2150,F,1972-07-14,2022-07-03,北部,
C02151,Customer_2151,F,1983-09-01,2024-09-07,北部,
C02152,Customer_2152,M,1985-11-21,2021-09-06,中部,
C02153,Customer_2153,F,1977-07-25,2022-04-27,北部,
C02154,Customer_2154,F,1976-03-24,2024-03-12,中部,
C02155,Customer_2155,M,1991-02-18,2023-05-17,離島,
C02156,Customer_2156,M,1997-04,2022-03-08,東部,
C02157,Customer_2157,M,1967-06-07,2024-11-26,中部,2025-05-23
C02158,Customer_2158,F,,2024-01-29,南部,
C02159,Customer_2159,M,1992-04-22,2024-12-27,東部,
C02160,Customer_2160,F,1976-05-14,2020-09-30,南部,2022-10-31
C02161,Customer_2161,F,1998-05-30,2022-12-09,中部,
C02162,Customer_2162,M,1987-09-20,2020-12-28,東部,
C02163,Customer_2163,M,1996-05-15,2023-03-03,南部,
C02164,Customer_2164,M,1982/04/19,2021-11-29,南部,2023-05-15
C02165,Customer_2165,F,1972-10-18,2023-05-27,南部,
C02166,Customer_2166,M,1995-03-13,2022-06-14,北部,2025-05-22
C02167,Customer_2167,F,1985-03,2022-12-26,南部,
C02168,Customer_2168,M,1999-07-20,2024-10-27,南部,
C02169,Customer_2169,F,1996-07-28,2021-01-24,南部,
C02170,Customer_2170,M,1999-12-22,2020-09-24,東部,
C02171,Customer_2171,M,1991-11-05,2023-04-18,離島,
C02172,Customer_2172,F,1991-07-07,2023-03-25,南部,
C02173,Customer_2173,F,1969/05/17,2025-02-02,中部,
C02174,Customer_2174,F,1969-02-22,2025-04-30,東部,
C02175,Customer_2175,M,1982-07-22,2023-01-24,東部,
C02176,Customer_2176,F,2002-08-13,2024-01-01,北部,
C02177,Customer_2177,F,1972-07-21,2024-10-16,北部,
C02178,Customer_2178,M,1984-07-10,2024-02-13,南部,
C02179,Customer_2179,F,1969-05-13,2025-01-23,中部,
C02180,Customer_2180,F,1973-12-08,2023-08-05,東部,
C02181,Customer_2181,F,2006-05-14,2025-06-15,北部,
C02182,Customer_2182,F,1990-10-26,2021-10-18,東部,
C02183,Customer_2183,M,1983-04-17,2021-02-11,南部,
C02184,Customer_2184,F,2000-02-14,2023-01-07,東部,2024-11-21
C02185,Customer_2185,F,1967-01-11,2024-10-14,南部,2025-07-08
C02186,Customer_2186,F,1998-01-01,2025-06-25,東部,
C02187,Customer_2187,M,1974-12-21,2021-10-31,中部,
C02188,Customer_2188,F,1988-02-18,2024-11-07,離島,2025-04-16
C02189,Customer_2189,F,1966-05-03,2022-01-18,北部,
C02190,Customer_2190,M,2005-02-07,2022-08-04,東部,
C02191,Customer_2191,M,1981-06-14,2021-11-21,北部,
C02192,Customer_2192,M,1992-04-18,2023-10-24,中部,
C02193,Customer_2193,M,1989-11-29,2023-04-16,南部,
C02194,Customer_2194,M,1986-01-29,2025-07-29,北部,
C02195,Customer_2195,M,1973-04-06,2023-04-05,離島,
C02196,Customer_2196,F,1979-07-21,2023-05-22,中部,2024-12-19
C02197,Customer_2197,M,1993-11-19,2021-06-24,東部,
C02198,Customer_2198,M,1981-10-31,2022-03-27,南部,
C02199,Customer_2199,M,1987-01-14,2022-07-02,南部,2023-05-26
C02200,Customer_2200,M,1986-11-06,2020-12-08,南部,
C02201,Customer_2201,F,2001-11-28,2021-06-22,離島,2021-12-28
C02202,Customer_2202,M,1995-11-19,2022-05-21,離島,
C02203,Customer_2203,F,1975-05-21,2020-11-13,東部,
C02204,Customer_2204,M,1995-03-03,2024-04-17,中部,2024-07-08
C02205,Customer_2205,M,1993-05-17,2022-01-26,北部,2025-01-13
C02206,Customer_2206,M,1981-12-13,2024-09-23,北部,
C02207,Customer_2207,F,,2023-03-23,南部,
C02208,Customer_2208,F,1973-09-01,2025-06-29,北部,
C02209,Customer_2209,M,1978-11-06,2022-12-26,南部,
C02210,Customer_2210,F,1992-11-17,2023-05-19,中部,2024-12-15
C02211,Customer_2211,F,1966-02-18,2022-04-10,南部,
C02212,Customer_2212,M,2003-12-17,2022-02-01,東部,2023-05-24
C02213,Customer_2213,M,1978-09-20,2023-05-30,離島,
C02214,Customer_2214,F,2006-12,2021-10-11,東部,2025-04-28
C02215,Customer_2215,M,1996-08-05,2023-06-15,北部,
C02216,Customer_2216,M,1980-01-24,2020-08-30,中部,
C02217,Customer_2217,M,1971-01-19,2022-04-18,離島,
C02218,Customer_2218,F,1993-10-19,2025-04-29,東部,2025-07-19
C02219,Customer_2219,M,1968-03-26,2022-11-28,,2024-08-09
C02220,Customer_2220,F,1998-10-03,2024-08-20,南部,
C02221,Customer_2221,F,1971-06-15,2024-12-01,北部,
C02222,Customer_2222,F,1994-12-03,2024-11-06,東部,
C02223,Customer_2223,M,1997-01-14,2021-11-21,南部,
C02224,Customer_2224,M,1967-11-22,2020-11-13,中部,
C02225,Customer_2225,F,1969/06/20,2021-12-01,中部,
C02226,Customer_2226,F,1977-11-29,2025-08-01,北部,
C02227,Customer_2227,M,1967-02-11,2022-01-16,離島,
C02228,Customer_2228,F,1995-10-23,2022-04-05,東部,2023-07-10
C02229,Customer_2229,F,1972-02-08,2022-01-17,離島,
C02230,Customer_2230,M,1994-10-26,2024-11-09,中部,
C02231,Customer_2231,M,2000-10-16,2022-04-13,東部,
C02232,Customer_2232,F,1977-01-31,2020-12-28,中部,
C02233,Customer_2233,M,1994-08-13,2022-03-07,南部,
C02234,Customer_2234,M,1985-05-10,2021-02-05,東部,
C02235,Customer_2235,F,1977-11-05,2022-12-15,中部,
C02236,Customer_2236,F,1995-07-19,2021-10-05,中部,
C02237,Customer_2237,M,1972-05-08,2022-11-03,東部,
C02238,Customer_2238,M,1994-03-23,2023-08-22,中部,
C02239,Customer_2239,F,1985-05-22,2020-11-09,南部,
C02240,Customer_2240,F,1965-11-08,2021-07-17,東部,
C02241,Customer_2241,M,1986-07-02,2023-07-20,離島,
C02242,Customer_2242,M,1991-04-02,2021-10-04,中部,
C02243,Customer_2243,F,1992-01-25,2025-04-09,北部,
C02244,Customer_2244,F,1983-06-15,2021-09-02,離島,
C02245,Customer_2245,F,1987-07-02,2022-10-08,東部,2025-01-16
C02246,Customer_2246,M,1977-12-09,2022-02-23,北部,
C02247,Customer_2247,F,1995-01-28,2023-06-09,北部,
C02248,Customer_2248,F,2007-03-24,2021-07-25,中部,
C02249,Customer_2249,F,1968/10/29,2023-07-30,北部,
C02250,Customer_2250,F,2004-08-17,2021-07-30,離島,
C02251,Customer_2251,F,1990-01-16,2023-10-20,離島,
C02252,Customer_2252,F,2001-10-28,2024-10-23,離島,2025-01-19
C02253,Customer_2253,M,1993-09-12,2023-04-10,中部,2024-04-13
C02254,Customer_2254,F,1967-09-16,2021-09-27,東部,
C02255,Customer_2255,F,1974-01-21,2022-05-14,中部,
C02256,Customer_2256,M,1986-12-03,2024-02-20,離島,
C02257,Customer_2257,M,1990-12-06,2024-07-28,離島,
C02258,Customer_2258,F,,2023-03-04,中部,2024-11-04
C02259,Customer_2259,M,1996-01-05,2023-12-30,北部,
C02260,Customer_2260,M,1974-06-21,2022-04-22,離島,
C02261,Customer_2261,F,1999-02-14,2025-01-01,中部,2025-03-23
C02262,Customer_2262,M,1975-03-24,2020-09-22,離島,
C02263,Customer_2263,F,1994-07-09,2024-01-02,南部,
C02264,Customer_2264,M,1994-09-30,2024-07-15,南部,2025-04-30
C02265,Customer_2265,M,1984-11-18,2021-04-02,南部,
C02266,Customer_2266,F,2006-01-22,2023-03-03,東部,
C02267,Customer_2267,F,1971-02-25,2022-08-14,離島,
C02268,Customer_2268,F,1971-04-28,2022-02-20,中部,
C02269,Customer_2269,M,1982-08-27,2021-06-26,離島,2024-08-18
C02270,Customer_2270,F,1989-06-03,2025-06-03,離島,
C02271,Customer_2271,M,2006-05-11,2022-12-11,東部,
C02272,Customer_2272,F,2002-05-25,2022-09-27,離島,2025-02-16
C02273,Customer_2273,F,2002-03-05,2024-02-27,離島,
C02274,Customer_2274,M,2002-05-10,2021-09-24,中部,
C02275,Customer_2275,M,1999-03-11,2024-02-11,離島,
C02276,Customer_2276,M,1967-09-09,2022-06-28,中部,
C02277,Customer_2277,F,1979-02-11,2022-01-02,離島,
C02278,Customer_2278,F,2004-08-03,2020-09-12,北部,2021-06-29
C02279,Customer_2279,M,1992-10-29,2021-05-11,離島,2024-01-10
C02280,Customer_2280,F,1999-06-08,2025-05-04,離島,
C02281,Customer_2281,F,2007-06-14,2024-03-22,南部,
C02282,Customer_2282,M,1999-12-01,2023-06-13,離島,
C02283,Customer_2283,M,1997-10-03,2022-07-17,南部,
C02284,Customer_2284,M,1973-09-11,2024-11-12,東部,
C02285,Customer_2285,F,1996-12-20,2021-03-31,東部,
C02286,Customer_2286,F,1972-11-25,2021-08-08,北部,
C02287,Customer_2287,F,1970-06-15,2024-08-14,中部,
C02288,Customer_2288,F,2005-12-20,2024-12-11,中部,2025-03-25
C02289,Customer_2289,M,1994-02-14,2025-06-14,東部,
C02290,Customer_2290,F,1996-07-19,2021-07-01,北部,
C02291,Customer_2291,F,2005-04-28,2021-05-18,南部,
C02292,Customer_2292,F,1971-05-05,2022-08-14,離島,2024-08-25
C02293,Customer_2293,F,1966-08-17,2025-05-20,中部,
C02294,Customer_2294,M,1987-11-14,2022-10-22,離島,
C02295,Customer_2295,F,2001-07-20,2020-11-12,北部,2023-03-25
C02296,Customer_2296,M,1986-08-29,2023-10-20,北部,
C02297,Customer_2297,F,1977-05-17,2022-01-12,東部,
C02298,Customer_2298,M,1993-06-25,2022-11-10,南部,2024-02-15
C02299,Customer_2299,F,1983-07-31,2023-09-15,中部,
C02300,Customer_2300,M,1983-08-22,2020-09-07,北部,
C02301,Customer_2301,F,1966-05-01,2022-10-03,東部,
C02302,Customer_2302,M,1980/10/11,2020-12-27,北部,
C02303,Customer_2303,F,1988-09-18,2023-02-03,東部,
C02304,Customer_2304,F,1986-04-27,2024-05-13,南部,
C02305,Customer_2305,M,1979-05-20,2024-04-24,北部,
C02306,Customer_2306,M,1992-07-11,2022-07-13,中部,
C02307,Customer_2307,F,1972-04-06,2023-07-22,東部,
C02308,Customer_2308,M,1977-01-26,2022-01-08,東部,2023-08-22
C02309,Customer_2309,M,1986-07-26,2022-02-26,東部,2024-07-05
C02310,Customer_2310,M,1984-03-03,2021-03-25,中部,
C02311,Customer_2311,F,1973-12-12,2025-04-02,南部,2025-06-05
C02312,Customer_2312,F,1998-11-14,2021-06-17,中部,
C02313,Customer_2313,M,1995-08-27,2021-01-10,離島,
C02314,Customer_2314,F,1979-04-14,2021-07-15,中部,
C02315,Customer_2315,F,1974-09-17,2023-03-26,東部,
C02316,Customer_2316,M,2004-12-08,2025-07-15,東部,
C02317,Customer_2317,F,1989-12-04,2021-03-09,離島,
C02318,Customer_2318,F,1978-03-05,2020-10-03,北部,2022-01-18
C02319,Customer_2319,M,1990-03-08,2024-06-19,中部,2025-02-10
C02320,Customer_2320,F,1966-03-01,2023-03-13,南部,
C02321,Customer_2321,F,2001-11-11,2022-01-29,北部,
C02322,Customer_2322,M,1979-12-06,2024-01-28,北部,
C02323,Customer_2323,F,2007-01-15,2023-11-11,離島,2023-12-03
C02324,Customer_2324,M,1974-04-09,2024-12-20,北部,2025-02-14
C02325,Customer_2325,F,1994-03-18,2023-03-02,東部,
C02326,Customer_2326,M,2006-03-02,2024-04-09,東部,
C02327,Customer_2327,F,1982-12-20,2020-10-16,北部,
C02328,Customer_2328,F,1973-09-07,2025-05-06,中部,
C02329,Customer_2329,F,1988-03-17,2022-12-19,,
C02330,Customer_2330,F,2000-10-02,2025-01-02,中部,
C02331,Customer_2331,F,1968-12-03,2022-03-13,中部,
C02332,Customer_2332,M,1970-12-11,2021-12-24,中部,
C02333,Customer_2333,F,1977-07-23,2020-12-04,,
C02334,Customer_2334,M,1974-06-02,2023-03-01,北部,
C02335,Customer_2335,F,1996-06-18,2025-04-16,南部,
C02336,Customer_2336,F,1974-10-16,2025-08-06,離島,
C02337,Customer_2337,M,1982-08-20,2021-01-04,離島,
C02338,Customer_2338,F,1971-04-23,2024-04-24,中部,2024-10-04
C02339,Customer_2339,M,1993-05-17,2023-03-24,東部,2023-10-27
C02340,Customer_2340,M,1997-12-04,2024-11-24,東部,
C02341,Customer_2341,M,1999-01-02,2021-06-18,南部,
C02342,Customer_2342,M,1980-07-15,2024-06-24,東部,
C02343,Customer_2343,M,2006-02-14,2022-02-09,中部,
C02344,Customer_2344,M,1978-08-06,2024-03-08,離島,
C02345,Customer_2345,M,1969-05-14,2020-08-28,離島,2022-02-17
C02346,Customer_2346,M,1968-09-26,2024-02-16,南部,
C02347,Customer_2347,M,1997-03-13,2024-01-29,中部,2025-05-23
C02348,Customer_2348,M,1994-07-06,2024-11-07,東部,2025-04-29
C02349,Customer_2349,F,1977-11-17,2021-08-25,中部,
C02350,Customer_2350,M,1971-03-05,2023-12-31,南部,
C02351,Customer_2351,M,1998-05-16,2021-10-30,東部,
C02352,Customer_2352,M,1992-08-18,2021-03-17,南部,
C02353,Customer_2353,M,2003-07-15,2025-01-13,離島,2025-07-01
C02354,Customer_2354,F,1976-10-22,2021-08-18,南部,
C02355,Customer_2355,F,1966-10-11,2023-03-26,東部,
C02356,Customer_2356,M,1968-07-28,2025-06-15,離島,
C02357,Customer_2357,M,1970-03-04,2023-05-13,離島,2025-06-21
C02358,Customer_2358,M,1984-07-09,2023-04-05,南部,
C02359,Customer_2359,F,2000-01-16,2020-11-14,離島,
C02360,Customer_2360,F,1975-06-07,2021-04-18,東部,
C02361,Customer_2361,F,1996-10-03,2021-12-14,南部,
C02362,Customer_2362,F,1967-01-28,2022-03-25,離島,2022-10-11
C02363,Customer_2363,F,1981-12-01,2024-03-03,中部,
C02364,Customer_2364,F,1980-05-02,2021-05-25,離島,
C02365,Customer_2365,F,1969-10-28,2023-04-27,中部,
C02366,Customer_2366,F,1985-05-27,2021-12-30,東部,
C02367,Customer_2367,M,1972-11-05,2023-07-17,南部,
C02368,Customer_2368,M,1971-08-21,2024-05-24,南部,
C02369,Customer_2369,M,1969-08-09,2022-10-30,南部,
C02370,Customer_2370,M,1993-12-26,2025-04-11,南部,
C02371,Customer_2371,M,2003-07-27,2025-07-02,北部,2025-07-08
C02372,Customer_2372,F,1987-10-06,2024-04-02,離島,
C02373,Customer_2373,M,1981-04-25,2024-07-22,中部,
C02374,Customer_2374,M,1990-08-02,2025-03-02,中部,
C02375,Customer_2375,M,1981-08-18,2025-06-07,中部,
C02376,Customer_2376,M,1999-03-05,2022-01-26,南部,
C02377,Customer_2377,F,1976-09-15,2025-01-12,北部,
C02378,Customer_2378,F,1994-08-29,2022-08-11,離島,
C02379,Customer_2379,F,1998-06-19,2022-06-22,東部,
C02380,Customer_2380,M,1970-03-12,2022-09-24,南部,2024-05-23
C02381,Customer_4494,M,1972-12,2022-04-15,,2024-07-10
C02382,Customer_2382,M,1975-01-05,2020-10-19,中部,
C02383,Customer_2383,F,1980-04-14,2024-07-23,北部,
C02384,Customer_2384,M,1982-03-01,2025-05-24,中部,
C02385,Customer_2385,M,1974-07-31,2024-03-24,南部,
C02386,Customer_2386,F,1998-08-25,2022-09-25,離島,
C02387,Customer_2387,M,2001-04-24,2022-02-01,離島,
C02388,Customer_2388,M,1987-04-12,2021-08-11,東部,
C02389,Customer_2389,F,1989-01-16,2021-05-13,中部,2021-08-06
C02390,Customer_2390,F,1999-08-24,2021-01-03,中部,2025-05-05
C02391,Customer_2391,F,1993-08-14,2023-11-23,北部,
C02392,Customer_2392,F,1999-03-22,2022-01-05,南部,2022-05-28
C02393,Customer_2393,M,1991-08-11,2024-06-06,離島,
C02394,Customer_2394,F,2003-10-04,2024-08-06,北部,2025-02-25
C02395,Customer_2395,M,1987/03/10,2024-04-20,南部,
C02396,Customer_2396,M,2004-02-18,2024-09-26,北部,2025-05-11
C02397,Customer_2397,F,1993-03-24,2022-07-21,南部,2024-06-14
C02398,Customer_2398,M,1969-02-25,2022-07-21,離島,2023-03-24
C02399,Customer_2399,F,1973-02-09,2021-12-02,南部,2021-12-14
C02400,Customer_2400,M,2002-09-01,2020-08-21,南部,
C02401,Customer_2401,M,1976-12-01,2023-09-11,中部,
C02402,Customer_2402,F,1986-04-18,2022-11-02,北部,
C02403,Customer_2403,F,1985-03-19,2022-04-24,離島,
C02404,Customer_2404,F,1993-03-07,2024-05-29,東部,
C02405,Customer_2405,F,1978-06-10,2025-04-06,,
C02406,Customer_2406,M,1994-04-10,2023-10-24,北部,
C02407,Customer_2407,F,1991-01-13,2021-03-13,北部,2022-05-01
C02408,Customer_2408,F,1971-05-17,2024-09-19,北部,2024-11-03
C02409,Customer_2409,M,1982-10-02,2020-09-30,中部,
C02410,Customer_2410,F,1982-11-03,2023-02-26,南部,
C02411,Customer_2411,F,1992-08-12,2025-03-31,離島,
C02412,Customer_2412,F,1979-06-23,2022-07-06,南部,
C02413,Customer_2413,F,1991-03-01,2024-04-07,北部,
C02414,Customer_2414,M,1987-08-04,2025-03-24,中部,
C02415,Customer_2415,M,1992-10-22,2022-04-03,東部,
C02416,Customer_2416,F,2005-11-05,2023-12-30,離島,
C02417,Customer_2417,F,1995-01-08,2022-07-02,南部,
C02418,Customer_2418,F,2001-10-28,2024-03-02,離島,
C02419,Customer_2419,M,2002-10-20,2024-06-02,中部,
C02420,Customer_2420,M,1999-03-07,2024-06-26,離島,
C02421,Customer_2421,F,1980-11-11,2021-03-15,中部,
C02422,Customer_2422,M,2001-05-26,2021-07-03,北部,
C02423,Customer_2423,F,,2023-05-24,中部,
C02424,Customer_2424,F,1976-12-11,2023-02-24,離島,
C02425,Customer_2425,F,1989-02-17,2024-01-21,北部,2024-02-12
C02426,Customer_2426,F,1983-04-12,2022-04-18,離島,2023-05-10
C02427,Customer_2427,F,1975-04-10,2022-07-14,離島,
C02428,Customer_2428,F,1982-04-06,2020-10-12,中部,
C02429,Customer_2429,M,1993-04-27,2024-04-16,離島,
C02430,Customer_1121,M,1984-06,2022-04-09,離島,
C02431,Customer_2431,F,2005-09-27,2025-04-29,南部,
C02432,Customer_2432,F,1994-02-04,2024-09-24,東部,
C02433,Customer_2433,F,1989-11-17,2024-09-03,北部,
C02434,Customer_2434,F,1978-05-22,2022-07-27,南部,
C02435,Customer_2435,M,1981-12-06,2020-10-10,東部,
C02436,Customer_2436,F,1970-07-07,2023-11-12,離島,
C02437,Customer_2437,M,1967-11-11,2022-04-11,北部,
C02438,Customer_2438,F,1972-11-20,2021-03-02,離島,2025-02-07
C02439,Customer_2439,F,2006-08-24,2024-09-24,離島,
C02440,Customer_2440,M,1992-11-11,2021-02-24,東部,
C02441,Customer_2441,M,2005-11-27,2025-02-08,北部,
C02442,Customer_2442,F,1976-10-24,2021-12-19,南部,
C02443,Customer_2443,F,1975-06-29,2023-04-10,南部,
C02444,Customer_2444,F,1969-07-27,2022-11-03,離島,
C02445,Customer_2445,F,1980-03-26,2024-09-26,南部,
C02446,Customer_2446,M,1976-04-22,2021-03-06,南部,
C02447,Customer_2447,F,1992-04-27,2022-11-12,北部,
C02448,Customer_2448,M,1997-11-30,2022-07-19,離島,
C02449,Customer_2449,M,1993-12-08,2021-03-13,東部,
C02450,Customer_2450,F,1978-11-12,2020-12-06,離島,
C02451,Customer_2451,M,1967-05-10,2025-01-26,離島,
C02452,Customer_2452,F,1998-07-30,2020-11-09,北部,
C02453,Customer_3045,M,2005-08-12,2020-12-02,南部,
C02454,Customer_2454,F,,2022-04-06,南部,
C02455,Customer_2455,F,1992-11-13,2021-09-26,中部,
C02456,Customer_2456,M,1977-06-26,2024-02-10,中部,
C02457,Customer_2457,F,2005-10-22,2022-04-14,中部,
C02458,Customer_2458,M,1999-11-14,2024-11-17,北部,2025-06-25
C02459,Customer_2459,M,2006-01-19,2024-11-20,離島,
C02460,Customer_2460,F,1966-06-28,2021-06-24,東部,2022-01-29
C02461,Customer_2461,M,1966-02-23,2021-10-17,東部,
C02462,Customer_2462,F,1987-10-17,2021-03-02,離島,
C02463,Customer_2463,F,1976-02-02,2025-04-07,東部,2025-05-28
C02464,Customer_2464,F,1985-05-23,2024-02-10,北部,
C02465,Customer_2465,F,2004-04-16,2022-12-13,離島,
C02466,Customer_2466,M,1997-02-11,2022-01-20,離島,
C02467,Customer_2467,F,1974-12-20,2021-05-29,中部,
C02468,Customer_2468,M,1970-04-25,2024-03-23,離島,
C02469,Customer_2469,F,2005-04-26,2022-01-15,中部,
C02470,Customer_2470,F,1994-02-17,2022-01-26,東部,
C02471,Customer_2471,M,1995-07-03,2021-06-08,離島,
C02472,Customer_2472,F,,2023-02-14,北部,2025-07-01
C02473,Customer_2473,M,1970-02-24,2022-12-25,,
C02474,Customer_2474,F,1967-07-09,2020-11-04,南部,
C02475,Customer_2475,M,2001-04-04,2024-11-16,南部,
C02476,Customer_2476,F,1968-07-23,2024-10-07,離島,2025-02-28
C02477,Customer_2477,M,1997-01-19,2024-12-20,離島,
C02478,Customer_2478,M,1970-12-30,2025-06-03,北部,
C02479,Customer_2479,M,1973-12-25,2023-02-10,北部,
C02480,Customer_2480,F,1988-08-04,2022-11-03,中部,
C02481,Customer_2481,M,1968-08-07,2023-11-27,南部,
C02482,Customer_2482,F,1971-08-22,2025-02-23,東部,2025-06-18
C02483,Customer_2483,F,1995-02-27,2020-10-23,東部,
C02484,Customer_2484,M,1971-10-19,2025-07-17,中部,
C02485,Customer_2485,F,2000-05,2021-08-14,中部,
C02486,Customer_2486,F,1978-01-17,2021-08-26,東部,2022-03-03
C02487,Customer_2487,F,1971-01-24,2022-09-02,北部,
C02488,Customer_2488,F,1990-07-03,2021-03-28,東部,
C02489,Customer_2489,M,1984-09-05,2021-06-19,離島,
C02490,Customer_2490,M,1996-10-24,2023-08-13,南部,
C02491,Customer_2491,M,1983-10-31,2021-09-29,中部,
C02492,Customer_2492,F,1978-06-27,2021-11-25,東部,
C02493,Customer_2493,M,1993-01-26,2022-12-20,東部,
C02494,Customer_2494,F,1974-03-23,2024-12-24,東部,2025-06-15
C02495,Customer_2495,F,1975-11-06,2022-02-14,南部,
C02496,Customer_2496,M,1971-03-31,2021-11-12,中部,2024-08-17
C02497,Customer_2497,M,1994-06-18,2025-07-10,中部,
C02498,Customer_2498,F,,2021-08-14,離島,
C02499,Customer_2499,F,1976-11-11,2021-04-09,北部,2025-06-01
C02500,Customer_2500,F,1973/09/04,2022-02-15,北部,
C02501,Customer_2501,F,,2021-04-27,離島,
C02502,Customer_2502,M,1990-09-02,2020-12-03,南部,
C02503,Customer_2503,M,2003-10-09,2022-02-02,北部,
C02504,Customer_2504,F,1994-05-30,2021-04-12,離島,
C02505,Customer_2505,F,1972-10-02,2024-04-08,東部,
C02506,Customer_2506,F,1990-07-31,2022-04-19,離島,
C02507,Customer_2507,F,1967-06-23,2024-02-26,南部,
C02508,Customer_2508,M,1974-07-11,2025-01-18,,
C02509,Customer_2509,M,2005/11/22,2021-12-21,南部,
C02510,Customer_2510,F,2000-10-03,2023-11-06,東部,
C02511,Customer_2511,M,1982-06-07,2021-01-24,離島,2024-07-23
C02512,Customer_2512,M,2001/05/29,2024-12-19,北部,
C02513,Customer_2513,F,1988-01-07,2023-11-15,東部,
C02514,Customer_2514,M,2002-12-26,2024-12-24,東部,
C02515,Customer_2515,M,1986-09-06,2025-04-02,東部,
C02516,Customer_2516,F,1967-12-17,2024-03-11,南部,2025-03-24
C02517,Customer_2517,F,1993-09-25,2022-09-08,東部,2023-03-03
C02518,Customer_2518,M,1971-02-27,2020-09-26,南部,
C02519,Customer_2519,F,2005-05-15,2025-02-02,離島,2025-07-08
C02520,Customer_2520,F,1969-06-25,2024-05-28,中部,
C02521,Customer_2521,F,1977-01-17,2025-05-09,中部,2025-06-05
C02522,Customer_2522,M,2004-02-22,2023-06-22,中部,2023-07-30
C02523,Customer_2523,F,1976-06-03,2023-10-06,北部,
C02524,Customer_2524,M,1991-09-09,2023-02-02,南部,2023-04-16
C02525,Customer_2525,M,1996-11-06,2021-02-11,離島,
C02526,Customer_2526,M,2000-05-04,2020-10-24,南部,
C02527,Customer_2527,F,1978-06-26,2022-10-22,東部,2023-10-23
C02528,Customer_2528,M,1991-02-21,2024-06-10,中部,
C02529,Customer_2529,F,1990-06-08,2020-08-15,南部,2023-07-07
C02530,Customer_2530,M,1988-09,2021-01-30,離島,
C02531,Customer_2531,F,1968-09-18,2023-01-25,東部,
C02532,Customer_2532,F,1968-12,2025-05-24,北部,2025-06-28
C02533,Customer_2533,F,,2020-12-03,東部,
C02534,Customer_4923,F,1970-04-23,2023-11-29,南部,
C02535,Customer_2535,F,2006-02-23,2022-01-14,東部,2023-01-06
C02536,Customer_2536,F,1995-08-26,2024-07-02,東部,
C02537,Customer_2537,F,1995-11-30,2021-03-23,中部,2025-01-31
C02538,Customer_2538,F,2006-12-08,2021-09-20,南部,
C02539,Customer_2539,M,1994-06-21,2023-11-06,離島,2024-07-05
C02540,Customer_2540,F,1985-01-11,2022-03-15,東部,2022-12-17
C02541,Customer_2541,M,1971-02-09,2021-07-31,中部,2025-05-19
C02542,Customer_2542,F,1999-11-23,2024-03-05,中部,2024-03-26
C02543,Customer_2543,M,1981-08-01,2024-03-12,離島,
C02544,Customer_2544,M,1968-04-20,2021-03-17,離島,
C02545,Customer_2545,M,1983-11-05,2021-04-22,東部,2023-11-06
C02546,Customer_2546,F,2005-07,2022-03-21,,
C02547,Customer_2547,F,1987-10-09,2025-02-15,南部,
C02548,Customer_2548,M,1972-05-20,2020-10-12,離島,2023-05-06
C02549,Customer_2549,F,1979-10-24,2025-03-27,中部,
C02550,Customer_2550,M,1985-02-10,2021-10-03,中部,
C02551,Customer_2551,F,1976-01-14,2022-05-20,北部,
C02552,Customer_2552,M,1984-11-25,2024-04-19,中部,
C02553,Customer_2553,F,1987-10-24,2022-01-13,東部,2023-12-02
C02554,Customer_2554,F,2004-07-24,2022-11-20,東部,2022-12-19
C02555,Customer_2555,M,1970-08-09,2020-11-13,中部,
C02556,Customer_2556,F,1965-09-17,2024-01-01,南部,
C02557,Customer_2557,F,1985-08-25,2021-08-05,北部,
C02558,Customer_2558,F,2007-05-12,2024-07-25,中部,2024-10-02
C02559,Customer_2559,M,1986-03-11,2024-10-17,南部,
C02560,Customer_2560,M,1977-02-18,2022-06-15,東部,2024-07-26
C02561,Customer_2561,F,2000-06-13,2023-04-09,離島,
C02562,Customer_2562,F,1990-05-16,2024-11-15,南部,2025-02-01
C02563,Customer_2563,F,1974-08-08,2021-01-16,南部,
C02564,Customer_1181,F,2005-09-09,2024-09-25,南部,
C02565,Customer_2565,F,1971-12-26,2022-05-24,離島,
C02566,Customer_2566,F,2000-02-23,2023-12-08,北部,
C02567,Customer_2567,M,1970-11-16,2024-08-01,中部,
C02568,Customer_2568,F,1971-05-10,2022-06-04,中部,
C02569,Customer_2569,F,1986-12-30,2023-08-07,中部,
C02570,Customer_2570,F,1973-08-14,2025-05-06,南部,
C02571,Customer_2571,F,1980-02-15,2023-12-11,南部,
C02572,Customer_2572,F,1978-11-30,2022-04-27,,
C02573,Customer_2573,M,2007-02-02,2023-09-07,南部,
C02574,Customer_2574,F,2000-02-29,2021-06-10,離島,
C02575,Customer_2575,F,2000-05-23,2020-12-07,南部,
C02576,Customer_2576,M,1990-07-27,2022-03-11,北部,
C02577,Customer_2577,M,1983-12-23,2023-01-28,南部,
C02578,Customer_2578,M,1967-10-29,2023-08-26,離島,
C02579,Customer_2579,M,1967-11-13,2021-12-20,北部,
C02580,Customer_2580,F,1998-04-06,2023-05-10,南部,2024-01-19
C02581,Customer_2581,F,1980-04-24,2021-03-17,離島,
C02582,Customer_2582,F,1971-04-09,2025-02-22,中部,
C02583,Customer_2583,M,2006-04-15,2021-10-09,中部,2023-06-28
C02584,Customer_2584,F,1984-08-13,2023-05-28,北部,
C02585,Customer_2585,M,1973-05-04,2020-11-10,東部,
C02586,Customer_2586,M,1993-08-25,2025-05-27,離島,
C02587,Customer_2587,F,1971-10-29,2023-08-18,離島,
C02588,Customer_2588,F,1977-12-02,2025-06-25,中部,
C02589,Customer_2589,F,1981-08-03,2025-07-13,南部,
C02590,Customer_2590,F,2000-08-21,2024-09-07,北部,
C02591,Customer_2591,F,1999-01-10,2025-07-01,離島,2025-07-15
C02592,Customer_2592,M,1976-08-13,2024-10-22,中部,
C02593,Customer_2593,F,1975-03-12,2025-04-04,南部,
C02594,Customer_2594,M,1999-09-08,2021-07-11,北部,
C02595,Customer_2595,M,2003-12-08,2020-08-19,離島,2023-07-27
C02596,Customer_2596,M,1973-08-28,2024-03-28,南部,
C02597,Customer_2597,M,1972-07-15,2024-01-25,南部,
C02598,Customer_2598,M,1997-03-28,2023-10-07,南部,
C02599,Customer_2599,M,1999-07-14,2025-01-06,南部,2025-01-26
C02600,Customer_2600,F,2005-12-26,2023-05-30,北部,
C02601,Customer_769,M,1989-07-08,2020-09-21,東部,
C02602,Customer_2602,F,1968-04-20,2025-06-25,南部,2025-07-11
C02603,Customer_2603,M,1973-09-29,2023-02-06,中部,
C02604,Customer_2604,F,,2024-06-15,離島,2025-01-23
C02605,Customer_2605,M,1994-07-21,2025-03-17,北部,
C02606,Customer_2606,M,1999-01-21,2023-12-09,北部,2025-04-04
C02607,Customer_3909,F,1997-10-21,2023-08-05,南部,
C02608,Customer_2608,M,1976-04-21,2021-02-05,東部,2023-07-14
C02609,Customer_2609,M,1967-12-17,2022-09-04,南部,
C02610,Customer_2610,F,1999-03-17,2024-06-22,東部,
C02611,Customer_2611,F,1997-05-12,2021-01-19,北部,
C02612,Customer_2612,M,1995-08-11,2022-08-20,南部,2023-05-12
C02613,Customer_2613,F,1981-09-20,2024-03-30,東部,
C02614,Customer_2614,F,2003-11-16,2021-03-08,北部,2022-10-16
C02615,Customer_2615,F,1967-04-07,2024-06-09,東部,
C02616,Customer_2616,M,1995-01-18,2020-10-10,東部,2020-12-28
C02617,Customer_2617,M,1980-01-06,2021-06-18,東部,
C02618,Customer_2618,F,1983-01-27,2024-07-19,北部,
C02619,Customer_2619,M,2000-07-07,2024-03-17,中部,
C02620,Customer_2620,M,1985-11-05,2024-11-22,南部,2025-06-13
C02621,Customer_2621,M,2004-04-13,2022-08-08,離島,
C02622,Customer_2622,F,1995-12-12,2021-08-18,離島,
C02623,Customer_2623,M,1995-07-19,2023-02-26,南部,
C02624,Customer_2624,M,1986-02-28,2022-05-17,中部,2022-11-07
C02625,Customer_2625,M,1989-01-09,2024-05-14,中部,
C02626,Customer_2626,M,1983-04-26,2022-10-10,東部,
C02627,Customer_2627,M,2002-10-02,2023-08-23,北部,
C02628,Customer_2628,F,1978-09-06,2025-01-12,東部,
C02629,Customer_2629,M,1990-07-25,2024-04-29,離島,2025-01-11
C02630,Customer_2630,M,1969/10/29,2022-03-09,東部,2023-03-31
C02631,Customer_2631,F,2007-02-22,2025-03-31,東部,
C02632,Customer_2632,F,1967-02-07,2025-05-19,離島,
C02633,Customer_3076,M,1998-11-28,2021-10-22,北部,
C02634,Customer_2634,M,1967-03-04,2024-04-01,離島,
C02635,Customer_2635,M,,2025-04-19,東部,
C02636,Customer_2636,M,1975-11-05,2024-07-22,北部,
C02637,Customer_2637,F,2007-05-09,2021-12-13,北部,2024-03-31
C02638,Customer_2638,F,1990-08-16,2021-11-16,東部,
C02639,Customer_2639,M,1996-05-08,2023-08-19,北部,
C02640,Customer_2640,M,1987-10-05,2022-09-30,中部,
C02641,Customer_2641,F,1998-11-06,2024-07-05,東部,
C02642,Customer_2642,F,1990-09-12,2024-07-16,東部,
C02643,Customer_2643,F,2005-01-27,2022-07-27,北部,
C02644,Customer_2644,F,1989-05-14,2025-07-31,離島,
C02645,Customer_2645,F,1992-02-08,2022-08-01,北部,2024-11-02
C02646,Customer_2646,F,1986-12-26,2022-01-25,北部,2022-11-19
C02647,Customer_2647,M,2002-02-25,2025-04-23,離島,
C02648,Customer_2648,M,1989-12-04,2021-05-03,南部,
C02649,Customer_2649,F,1978-06-04,2021-01-09,中部,
C02650,Customer_2650,M,1995-04-22,2021-07-01,東部,
C02651,Customer_2651,M,1992-06-19,2023-04-22,東部,
C02652,Customer_2652,F,1971-01-21,2020-12-31,北部,
C02653,Customer_2653,M,1988-10-30,2021-05-31,北部,
C02654,Customer_2654,F,1999-09-17,2021-10-16,南部,
C02655,Customer_2655,F,1969-07-02,2021-12-04,北部,
C02656,Customer_2656,M,1969-04-17,2022-01-13,東部,
C02657,Customer_2657,M,1985-03-14,2023-08-17,離島,
C02658,Customer_2658,M,1978-06-22,2021-05-29,中部,
C02659,Customer_2659,M,2007-07-25,2023-05-25,北部,
C02660,Customer_2660,F,1991/05/20,2024-05-02,中部,
C02661,Customer_2661,M,1983-05-30,2025-02-01,中部,
C02662,Customer_2662,F,1991-06-07,2023-01-01,北部,
C02663,Customer_2663,F,1970-03-31,2023-10-19,中部,
C02664,Customer_2664,F,1970-12-17,2024-04-24,東部,
C02665,Customer_1249,M,1965-10-06,2024-01-28,中部,2024-04-20
C02666,Customer_2666,F,1977-02-25,2022-12-11,中部,
C02667,Customer_2667,F,1992-06-06,2021-09-26,北部,
C02668,Customer_2668,F,1975-09-16,2022-06-02,北部,
C02669,Customer_2669,F,1998-06-22,2021-04-15,北部,
C02670,Customer_2670,F,1981-09-08,2022-08-08,離島,
C02671,Customer_2671,F,1967-02-11,2020-08-21,北部,
C02672,Customer_2672,M,1984-07-18,2021-04-10,南部,
C02673,Customer_2673,M,1979-06-29,2023-06-27,東部,
C02674,Customer_2674,F,2006-05-17,2024-08-31,離島,
C02675,Customer_2675,M,2002-10-05,2024-12-30,離島,
C02676,Customer_2676,F,1980-03-12,2021-11-11,離島,
C02677,Customer_2677,F,1990-10-01,2024-10-10,中部,
C02678,Customer_2678,M,2001-03-31,2022-04-18,東部,
C02679,Customer_2679,M,1989-10-12,2022-12-04,北部,
C02680,Customer_2680,M,2003-04-01,2023-01-31,東部,
C02681,Customer_2681,M,1972-02-13,2025-07-05,離島,
C02682,Customer_2682,M,1984-10-28,2020-11-18,離島,
C02683,Customer_2683,M,,2023-03-30,東部,
C02684,Customer_2684,M,1968-06-07,2023-02-28,南部,2023-10-06
C02685,Customer_2685,M,2004-06-02,2025-05-17,北部,
C02686,Customer_2686,F,1988-02,2022-04-11,離島,2023-09-01
C02687,Customer_2687,M,1977-08-16,2020-09-17,離島,
C02688,Customer_2688,M,1996-07-13,2022-10-19,北部,
C02689,Customer_2689,F,1972-09-21,2022-07-31,北部,
C02690,Customer_2690,M,2004-09-26,2024-02-28,中部,
C02691,Customer_2691,F,1977-12-04,2022-09-05,東部,
C02692,Customer_2692,M,1985-10-11,2024-05-30,離島,2024-12-07
C02693,Customer_2693,F,1974-01-01,2024-06-13,離島,
C02694,Customer_2694,M,1980-12-08,2022-07-08,東部,
C02695,Customer_2695,M,2006-09-10,2024-09-22,離島,
C02696,Customer_2696,F,1990-07-17,2025-07-05,北部,2025-07-20
C02697,Customer_2697,F,1984-04-25,2023-03-07,離島,
C02698,Customer_2698,F,1989-02-10,2022-02-27,東部,2023-08-17
C02699,Customer_2699,F,1965-12-25,2022-09-04,北部,
C02700,Customer_2700,F,2004-01-24,2024-04-14,中部,
C02701,Customer_2701,F,1968-06-17,2025-05-25,東部,
C02702,Customer_2702,M,2004-03-02,2025-07-27,南部,
C02703,Customer_2703,F,1976-12-22,2021-12-22,中部,2023-02-27
C02704,Customer_2704,M,1976-10,2025-04-29,南部,
C02705,Customer_2705,F,1983-01-23,2024-05-05,東部,
C02706,Customer_2706,F,1997-11-08,2024-01-17,東部,
C02707,Customer_2707,M,2003-08-05,2023-11-29,北部,
C02708,Customer_2708,F,1983-07-27,2024-07-09,南部,
C02709,Customer_2709,F,1968-08-28,2024-06-15,離島,2024-12-06
C02710,Customer_2710,F,1981-10-04,2022-12-18,北部,
C02711,Customer_2711,M,1996-03-15,2022-10-10,北部,2025-03-04
C02712,Customer_2712,F,2001-03-08,2020-11-21,中部,
C02713,Customer_2713,M,1974-05-28,2023-04-17,東部,
C02714,Customer_2714,F,1999-05-29,2020-12-10,中部,
C02715,Customer_2715,M,2001-05-04,2023-09-18,北部,
C02716,Customer_2716,F,2000-06-02,2023-03-24,南部,
C02717,Customer_2717,M,1976-02-11,2022-01-04,南部,
C02718,Customer_2718,F,1992-12-19,2021-09-11,東部,
C02719,Customer_2719,F,1983-07-04,2024-09-12,東部,2024-12-09
C02720,Customer_2720,M,1997-01-05,2021-07-31,南部,2023-04-07
C02721,Customer_2721,F,2002-12-30,2021-10-19,南部,
C02722,Customer_2722,M,1976-12-14,2022-09-07,離島,2023-04-13
C02723,Customer_2723,M,1978-06-01,2022-03-08,南部,
C02724,Customer_2724,F,1977/12/11,2024-11-29,北部,2025-05-08
C02725,Customer_2725,F,1975-09-16,2021-06-09,中部,2023-05-09
C02726,Customer_2726,F,1986-06-25,2022-03-20,南部,
C02727,Customer_2727,F,1991-02-13,2025-01-17,離島,
C02728,Customer_2728,F,2006-04-17,2021-07-21,北部,
C02729,Customer_2729,F,1971-02-18,2021-07-20,東部,
C02730,Customer_2730,M,1990-02-04,2022-09-14,,
C02731,Customer_2731,F,1991-07-24,2023-10-17,東部,2025-07-23
C02732,Customer_2732,F,1976-12-08,2021-09-28,離島,
C02733,Customer_2733,M,2002-11-28,2022-10-01,北部,
C02734,Customer_2734,M,1987-08-05,2022-05-26,中部,
C02735,Customer_2735,F,1985-07-24,2021-01-18,離島,
C02736,Customer_2736,M,1985-08-06,2024-04-08,中部,
C02737,Customer_2737,F,1979-07-16,2023-12-19,北部,
C02738,Customer_2738,F,1971-12-13,2023-07-18,中部,
C02739,Customer_2739,M,1974-05-11,2021-12-29,北部,
C02740,Customer_2740,F,1982-09-13,2024-05-16,離島,
C02741,Customer_2741,M,1999-10-03,2023-09-11,東部,
C02742,Customer_2742,F,1992-09-02,2021-12-02,中部,
C02743,Customer_2743,F,1990-05-13,2025-02-01,東部,
C02744,Customer_2744,F,1966-12-20,2022-12-06,東部,2025-03-25
C02745,Customer_2745,F,1996-05-17,2021-03-14,東部,
C02746,Customer_2746,M,1972-08-28,2022-07-06,中部,
C02747,Customer_2747,F,1976/04/30,2021-09-09,離島,
C02748,Customer_2748,M,1993-07-08,2020-12-30,南部,
C02749,Customer_2749,F,1979-03-08,2025-04-19,北部,
C02750,Customer_2750,F,1996-05-14,2023-06-01,北部,
C02751,Customer_2751,M,1989-11-09,2023-03-06,東部,
C02752,Customer_2752,M,1987-04-15,2023-11-22,北部,
C02753,Customer_2753,M,1982-11-26,2025-04-02,東部,
C02754,Customer_2754,F,1999-06-03,2021-03-09,東部,
C02755,Customer_2755,M,1976/12/10,2024-08-25,離島,
C02756,Customer_2756,M,1973-11-24,2022-06-12,北部,
C02757,Customer_2757,M,1993-05-01,2025-07-05,中部,
C02758,Customer_2758,F,2001-10-03,2021-03-14,東部,
C02759,Customer_2759,M,1971-12-26,2021-05-16,中部,
C02760,Customer_2760,F,1968-02-19,2025-07-24,東部,
C02761,Customer_2761,M,1972-06-09,2022-05-30,離島,
C02762,Customer_2762,M,1978-01-28,2023-12-30,南部,
C02763,Customer_2763,M,1994-01-26,2021-12-12,中部,
C02764,Customer_2764,F,1992-01-21,2024-06-11,北部,2025-06-24
C02765,Customer_2765,M,1995-03-21,2024-04-27,離島,
C02766,Customer_2766,F,1976-09-03,2025-01-11,北部,
C02767,Customer_2767,M,1975-06-06,2022-08-30,離島,
C02768,Customer_2768,M,1972-07-20,2021-10-01,北部,2024-08-22
C02769,Customer_2769,M,1997-03-10,2024-07-19,北部,
C02770,Customer_2770,F,1994-12-04,2020-09-17,北部,2021-08-06
C02771,Customer_2771,F,1975-10-08,2024-05-03,北部,
C02772,Customer_2772,M,1981-11-16,2023-09-17,東部,2025-04-12
C02773,Customer_2773,M,1984-07-17,2021-03-18,南部,2023-11-17
C02774,Customer_2774,M,2001-10-01,2021-01-11,離島,
C02775,Customer_2775,F,1967-09-19,2022-05-13,東部,2022-10-26
C02776,Customer_2776,F,1968-03-20,2023-10-21,南部,
C02777,Customer_2777,F,1988-05-03,2022-08-03,離島,
C02778,Customer_2778,F,1975-11-21,2022-03-25,中部,
C02779,Customer_2779,F,1979-03-22,2022-05-11,南部,
C02780,Customer_2780,F,1986-08-23,2021-11-01,南部,
C02781,Customer_2781,M,1967-11-11,2020-11-15,中部,2023-04-22
C02782,Customer_2782,F,1986-03-05,2021-07-03,東部,2023-10-28
C02783,Customer_2783,F,1983-07-11,2020-12-01,離島,2023-11-22
C02784,Customer_2784,M,,2021-12-25,北部,2023-10-07
C02785,Customer_2785,M,1990-07-14,2023-04-04,離島,
C02786,Customer_2786,F,1967-12-28,2021-12-13,離島,
C02787,Customer_2787,F,1985-01-01,2023-01-28,東部,2023-04-25
C02788,Customer_2788,F,1966-06-23,2024-05-05,東部,2025-02-19
C02789,Customer_2789,F,1996-07-11,2020-12-02,北部,
C02790,Customer_2790,M,1983-11-13,2021-10-13,北部,
C02791,Customer_2791,F,1999-11-29,2021-09-18,北部,
C02792,Customer_2792,F,1976-06-10,2024-05-20,中部,
C02793,Customer_2793,F,1966-08-19,2022-12-10,東部,
C02794,Customer_2794,F,1979-03-22,2021-11-19,中部,
C02795,Customer_2795,F,1998-12-11,2023-08-14,北部,
C02796,Customer_2796,F,1996-04-28,2024-03-08,南部,2025-07-28
C02797,Customer_2797,F,1972-12-21,2021-04-18,東部,
C02798,Customer_2798,F,2004-03-24,2021-05-17,東部,
C02799,Customer_2799,M,1994-07-20,2020-12-10,北部,
C02800,Customer_2800,F,1976-11-10,2022-10-18,南部,
C02801,Customer_2801,F,1983-11-09,2020-08-11,北部,
C02802,Customer_2802,F,1966-06-26,2024-09-01,離島,
C02803,Customer_2803,F,1973-06-14,2020-12-06,南部,
C02804,Customer_2804,F,2003-08-16,2023-10-11,中部,
C02805,Customer_2805,M,2003-03-19,2021-10-22,南部,
C02806,Customer_2806,F,1971-07-21,2023-04-10,北部,
C02807,Customer_2807,M,1991-09-19,2023-07-22,離島,
C02808,Customer_2808,M,1979-05-27,2021-10-14,離島,
C02809,Customer_2809,M,1968-01-04,2022-07-24,中部,
C02810,Customer_2810,M,1987-01-02,2024-08-18,南部,
C02811,Customer_2811,M,2002-04-07,2021-01-11,中部,2025-02-08
C02812,Customer_2812,F,1982-08-20,2021-03-06,離島,
C02813,Customer_2813,M,1974-01-18,2020-08-28,離島,
C02814,Customer_2814,F,1989-02-17,2024-09-18,,
C02815,Customer_2815,F,1990-06-22,2022-12-11,離島,
C02816,Customer_2816,M,1993-10-10,2023-03-09,南部,
C02817,Customer_2817,F,2000-02-16,2024-01-07,東部,
C02818,Customer_2818,F,1975-04-25,2023-11-20,中部,
C02819,Customer_2819,F,1987-06-12,2022-10-31,離島,
C02820,Customer_2820,F,1983-02-02,2020-09-23,北部,
C02821,Customer_2821,M,1986-01-30,2025-03-25,南部,
C02822,Customer_2822,F,1989-08-28,2023-12-05,南部,
C02823,Customer_2823,F,1976-02-24,2025-06-11,離島,2025-07-25
C02824,Customer_2824,M,2003-01-16,2020-09-01,北部,2022-08-25
C02825,Customer_2825,M,1999-06-14,2025-07-05,南部,
C02826,Customer_2826,M,1982-10-02,2025-07-29,中部,
C02827,Customer_2827,M,1988-10-31,2023-08-12,南部,
C02828,Customer_2828,M,2000-11-14,2023-07-24,中部,
C02829,Customer_2829,M,1997-05-29,2024-07-18,北部,
C02830,Customer_2830,F,2005/08/02,2021-08-08,中部,2023-03-12
C02831,Customer_2831,M,1975-07-15,2022-06-03,北部,
C02832,Customer_2832,M,1987-11-25,2023-12-15,北部,2025-03-25
C02833,Customer_2833,M,1994-10-02,2023-01-02,,
C02834,Customer_2834,F,1981-08-09,2024-03-17,北部,
C02835,Customer_2835,F,1970-11-13,2024-07-12,中部,
C02836,Customer_2836,M,1986-01-12,2023-11-10,中部,
C02837,Customer_2837,F,1991-12-08,2024-12-22,東部,2025-06-16
C02838,Customer_2838,F,1966-09-30,2023-06-16,北部,
C02839,Customer_2839,M,1975-08-03,2021-11-28,東部,
C02840,Customer_2840,M,1995-11-09,2025-05-03,南部,
C02841,Customer_2841,M,1991-08-23,2023-02-04,離島,
C02842,Customer_2842,M,1983-02-11,2024-06-13,東部,2025-06-10
C02843,Customer_2843,M,1972-05-10,2021-10-22,北部,
C02844,Customer_2844,M,1983-06-25,2020-12-12,離島,2023-01-21
C02845,Customer_2845,F,1992-08-31,2022-01-01,南部,
C02846,Customer_2846,M,1980-09-03,2025-01-03,北部,
C02847,Customer_2847,M,1999-12-09,2023-03-19,南部,
C02848,Customer_2848,F,2005-08-27,2024-09-18,南部,2024-12-27
C02849,Customer_2849,F,1986-09-22,2023-04-16,離島,
C02850,Customer_2850,M,,2024-04-30,離島,
C02851,Customer_2851,M,1986-05-06,2025-02-15,北部,
C02852,Customer_2852,F,1966/11/04,2022-03-29,東部,
C02853,Customer_2853,F,1973-10-30,2022-10-04,北部,
C02854,Customer_2854,F,1970-07-26,2021-03-22,中部,
C02855,Customer_2855,M,1974-11-04,2021-03-26,南部,
C02856,Customer_2856,M,1972-06-20,2024-08-29,北部,
C02857,Customer_2857,F,2007-03-04,2023-01-12,中部,
C02858,Customer_2858,M,1996-03-08,2025-06-20,北部,
C02859,Customer_2859,M,1966-09-01,2021-01-10,南部,2024-07-05
C02860,Customer_2860,M,1986-11-20,2025-01-04,南部,
C02861,Customer_2861,F,2004-06-09,2023-09-01,北部,
C02862,Customer_2862,M,1990-05-10,2021-03-11,中部,
C02863,Customer_2863,F,2005-03-06,2022-11-14,南部,
C02864,Customer_2864,F,1977-03-12,2024-12-25,南部,
C02865,Customer_2865,M,1998-12-16,2021-11-25,南部,
C02866,Customer_2866,M,1981-04-08,2020-11-08,南部,
C02867,Customer_2867,M,1997-11-14,2022-11-22,中部,2023-07-22
C02868,Customer_2868,F,1978-02-17,2021-11-15,中部,
C02869,Customer_2869,F,1976-06-19,2020-10-07,北部,
C02870,Customer_2870,M,2004-03-07,2021-05-30,離島,
C02871,Customer_2871,F,2001-11-10,2023-07-07,離島,
C02872,Customer_2872,F,,2023-11-05,離島,
C02873,Customer_2873,M,2005-03-29,2020-09-15,東部,
C02874,Customer_2874,F,1967-08-10,2024-11-19,離島,
C02875,Customer_2875,M,1966-07-09,2021-06-06,離島,2023-12-06
C02876,Customer_2876,F,1966-04-17,2021-11-08,北部,
C02877,Customer_2877,M,1975-02-07,2022-05-04,離島,
C02878,Customer_2878,M,1969-03-27,2021-01-11,中部,
C02879,Customer_2879,M,2006-05-10,2024-05-04,北部,
C02880,Customer_2880,F,1965-09-22,2023-01-27,離島,
C02881,Customer_2881,M,1971-10-07,2024-09-07,離島,
C02882,Customer_2882,F,1969-11-24,2024-07-18,南部,
C02883,Customer_2883,F,2003-02-02,2020-11-15,離島,2022-02-09
C02884,Customer_2884,M,1995-12-30,2025-02-26,東部,
C02885,Customer_2885,F,2000-06-12,2021-03-19,離島,
C02886,Customer_2886,M,1992-04-03,2025-06-29,離島,
C02887,Customer_2887,F,1997-09-20,2024-08-11,離島,
C02888,Customer_2888,F,1978-08-07,2025-07-12,中部,
C02889,Customer_2889,M,,2022-01-07,南部,
C02890,Customer_2890,M,1973-05-15,2024-04-11,中部,2024-04-16
C02891,Customer_2891,F,2004-05-14,2021-05-23,北部,
C02892,Customer_2892,M,1981-09-13,2023-03-17,北部,
C02893,Customer_2893,F,1972-08-30,2023-09-30,離島,
C02894,Customer_2894,F,1992-05,2022-03-25,中部,
C02895,Customer_2895,F,2004-05-12,2024-01-20,北部,
C02896,Customer_2896,M,1996-01-11,2024-05-23,東部,
C02897,Customer_2897,M,1993-07-01,2024-07-07,離島,
C02898,Customer_2898,F,1991-10,2021-05-09,中部,
C02899,Customer_2899,F,1993-05-15,2023-08-14,南部,
C02900,Customer_2900,F,2002-09-22,2020-11-30,北部,
C02901,Customer_2901,F,1987-12-19,2023-03-26,東部,2024-09-22
C02902,Customer_2902,F,1989-10-09,2021-12-01,中部,
C02903,Customer_2903,F,1999-03,2021-04-19,中部,
C02904,Customer_2904,M,1997-05-27,2021-09-20,東部,2024-01-16
C02905,Customer_2905,F,1979-04-14,2020-08-31,東部,
C02906,Customer_2906,F,2001-12-11,2024-01-18,中部,
C02907,Customer_2907,M,2002-10-15,2022-10-14,中部,
C02908,Customer_2908,M,2005-01-28,2025-01-18,南部,
C02909,Customer_2909,M,1986-08-17,2022-08-25,北部,
C02910,Customer_2910,F,2000-12-22,2022-01-11,中部,2022-05-23
C02911,Customer_2911,M,2002-06-20,2022-09-23,中部,
C02912,Customer_2912,M,1990-10-02,2023-09-14,南部,
C02913,Customer_2913,M,2006-07-29,2024-05-11,中部,
C02914,Customer_2914,F,1972-05-03,2023-06-23,南部,
C02915,Customer_2915,F,2000-08-17,2021-08-17,北部,
C02916,Customer_2916,F,2001-08-14,2023-02-28,北部,
C02917,Customer_2917,M,1976-05-27,2023-01-21,北部,
C02918,Customer_2918,F,1978-07-13,2023-01-23,離島,
C02919,Customer_2919,F,1985-10-08,2023-11-05,北部,
C02920,Customer_2920,M,1979-01-31,2022-07-25,東部,
C02921,Customer_2487,M,1993-02-23,2024-06-17,東部,2024-10-30
C02922,Customer_2922,M,2006-07-11,2025-01-06,中部,2025-03-06
C02923,Customer_2923,M,1996-06-06,2021-01-01,北部,
C02924,Customer_2924,F,1988-01-03,2020-10-07,離島,
C02925,Customer_2925,M,2006-05-09,2025-06-30,南部,
C02926,Customer_2926,F,1995-02-27,2022-08-22,離島,
C02927,Customer_2927,M,1994-02-01,2022-04-24,東部,2024-08-13
C02928,Customer_2928,F,2004-11-24,2020-09-15,南部,2022-06-21
C02929,Customer_2929,M,1999-08-15,2023-02-03,東部,
C02930,Customer_2930,F,1990-04-02,2020-11-23,南部,
C02931,Customer_2931,M,1974-07-12,2020-11-24,北部,
C02932,Customer_2932,M,1982-02-25,2024-07-20,中部,
C02933,Customer_2933,M,1970-08-21,2025-03-10,北部,2025-06-08
C02934,Customer_2934,F,1997-12-20,2022-01-17,,
C02935,Customer_2935,F,1979-03-15,2024-12-03,中部,
C02936,Customer_2936,F,1982-02-14,2023-07-31,,
C02937,Customer_2937,F,1999-05-27,2021-03-13,東部,
C02938,Customer_2938,F,1983-11-03,2024-11-21,離島,
C02939,Customer_2939,F,1973-07-10,2025-01-12,中部,
C02940,Customer_2940,M,1995-02-28,2022-06-21,離島,
C02941,Customer_2941,F,2005-07-30,2022-09-24,離島,
C02942,Customer_2942,M,2000-05-26,2024-11-14,東部,
C02943,Customer_2943,F,1994-11-13,2024-05-16,東部,
C02944,Customer_2944,M,1990-09-27,2024-06-14,東部,2025-07-16
C02945,Customer_2945,M,1979-01-23,2021-01-25,離島,
C02946,Customer_2946,F,2005-12-08,2021-07-10,東部,
C02947,Customer_2947,F,1984-02-25,2023-03-13,東部,
C02948,Customer_2948,F,1993-11-22,2025-01-12,南部,
C02949,Customer_2949,F,1985-03-03,2022-12-23,北部,
C02950,Customer_2950,M,1986-04-13,2023-04-13,北部,2023-07-24
C02951,Customer_2951,M,1971-05-14,2021-09-14,離島,
C02952,Customer_2952,M,2000-03-08,2020-11-05,北部,
C02953,Customer_2953,F,1993-06-02,2021-10-25,東部,
C02954,Customer_2954,F,1983-01-12,2021-06-15,離島,2022-02-16
C02955,Customer_2955,F,1993-11-18,2024-09-05,東部,
C02956,Customer_2956,M,1992-09-08,2023-11-02,中部,
C02957,Customer_2957,M,1996-11-17,2023-06-07,南部,
C02958,Customer_2958,M,2000-06-09,2021-03-11,中部,2024-05-18
C02959,Customer_2959,F,1987-04-22,2023-06-23,中部,
C02960,Customer_2960,F,,2023-03-03,中部,
C02961,Customer_2961,F,1990-05-11,2025-03-27,離島,
C02962,Customer_2962,M,1971-03-27,2022-01-15,南部,2024-07-12
C02963,Customer_2963,M,1981-11-05,2021-01-25,北部,
C02964,Customer_2964,F,1969-05-28,2023-04-15,離島,
C02965,Customer_2965,F,1967-01-25,2024-08-12,離島,
C02966,Customer_2966,M,1993-11-18,2023-10-14,離島,
C02967,Customer_2967,M,1974-11-13,2024-08-18,東部,
C02968,Customer_2968,M,1978-09-07,2021-10-14,中部,2024-12-23
C02969,Customer_2969,M,1992-07-22,2025-08-01,東部,
C02970,Customer_2970,M,2002-11-15,2021-01-27,南部,
C02971,Customer_2971,M,1971-11-27,2021-10-28,北部,
C02972,Customer_2972,M,1981-10-24,2024-08-24,北部,
C02973,Customer_2973,M,1988-09-14,2022-12-25,離島,2024-09-04
C02974,Customer_2974,M,1973-05-13,2023-07-23,中部,
C02975,Customer_2975,F,1972-06-07,2021-09-26,離島,
C02976,Customer_2976,M,1968-02-25,2023-03-11,北部,
C02977,Customer_2977,M,1977-01-01,2022-12-02,離島,
C02978,Customer_2978,F,2005-04-19,2022-04-14,中部,
C02979,Customer_2979,F,1978-03-25,2022-02-18,中部,
C02980,Customer_2980,M,1973-04-25,2023-08-31,離島,
C02981,Customer_2981,F,2006-07-28,2020-12-28,中部,
C02982,Customer_2982,M,1986-07-21,2025-01-19,中部,
C02983,Customer_2983,M,2006-10-01,2022-05-08,南部,
C02984,Customer_2984,M,1994-01-10,2022-12-23,東部,
C02985,Customer_2985,F,1973-09-05,2024-11-24,東部,2025-06-20
C02986,Customer_2986,F,1976-05-05,2024-11-10,南部,
C02987,Customer_2987,M,1967-01-11,2020-09-05,北部,2023-09-02
C02988,Customer_2988,M,2002-03-28,2024-04-16,南部,
C02989,Customer_2989,M,1991-11-20,2023-12-25,離島,
C02990,Customer_2990,F,1988-07-30,2024-07-09,南部,
C02991,Customer_2991,M,2005-11-09,2021-09-24,中部,
C02992,Customer_2992,M,1974-05-24,2024-08-20,,
C02993,Customer_2993,M,1996-01-06,2022-05-30,南部,
C02994,Customer_2994,F,1981-02-08,2022-10-26,北部,
C02995,Customer_2995,M,1997-12-26,2022-03-06,離島,
C02996,Customer_2996,M,2004-06,2020-10-21,中部,
C02997,Customer_2997,M,2000-05-21,2020-10-28,南部,
C02998,Customer_2998,M,1971-12-09,2021-04-19,中部,
C02999,Customer_2999,F,1974-12-02,2023-08-14,中部,
C03000,Customer_3000,F,1975-01-12,2022-03-07,東部,
C03001,Customer_3001,M,2003-03-31,2020-08-19,北部,
C03002,Customer_3002,M,1998-12-29,2022-08-27,南部,
C03003,Customer_3003,F,1966-12-06,2021-10-24,離島,2025-05-10
C03004,Customer_3004,M,1977-07-31,2023-04-07,南部,
C03005,Customer_3005,M,1975-06-17,2022-07-05,東部,
C03006,Customer_3006,F,1995-03-13,2020-12-07,東部,
C03007,Customer_3007,F,1990-01-19,2022-05-01,離島,2024-06-17
C03008,Customer_3008,F,1970-06-30,2020-11-14,北部,
C03009,Customer_3009,F,1970-11-07,2025-06-06,中部,
C03010,Customer_3010,F,2007-04-04,2023-06-21,南部,
C03011,Customer_3011,F,1989-07-29,2022-01-25,南部,
C03012,Customer_3012,M,1996-09-08,2022-12-05,東部,
C03013,Customer_3013,M,2006-06-01,2022-12-24,東部,2023-07-09
C03014,Customer_3014,F,1999-02-11,2022-05-08,離島,
C03015,Customer_3015,M,1966-08-30,2020-12-31,離島,
C03016,Customer_3016,F,1993-01-05,2022-03-21,中部,
C03017,Customer_3017,M,2004-10-21,2024-03-03,中部,
C03018,Customer_3018,F,1971-04-10,2022-01-17,中部,2022-06-15
C03019,Customer_3019,F,1971-12-24,2023-03-25,中部,
C03020,Customer_3020,F,1990-07-30,2020-10-25,中部,
C03021,Customer_3021,M,1994-11-14,2020-10-04,北部,
C03022,Customer_3022,M,1992-12-12,2025-01-27,北部,
C03023,Customer_3023,F,2004-12-10,2022-06-18,離島,
C03024,Customer_3024,M,2003-08-26,2023-04-30,中部,
C03025,Customer_3025,M,1975-01-29,2024-02-25,離島,
C03026,Customer_3026,F,1994-07-14,2021-04-10,離島,
C03027,Customer_3027,M,2003-11-12,2022-12-12,北部,
C03028,Customer_3028,M,1979-09-18,2022-04-13,北部,
C03029,Customer_3029,F,1981-08-09,2022-11-23,離島,
C03030,Customer_3030,M,1969-04-13,2020-08-30,北部,
C03031,Customer_3031,M,2006-04-13,2023-08-07,離島,
C03032,Customer_3032,F,1983-07-25,2025-05-18,中部,
C03033,Customer_3033,M,1981-02-16,2022-01-26,東部,2023-06-02
C03034,Customer_3034,M,1978-05-30,2023-11-16,北部,2025-06-28
C03035,Customer_3035,M,1992/08/08,2022-08-12,北部,
C03036,Customer_3036,M,1987-04-05,2024-11-27,中部,
C03037,Customer_3037,M,1999-12-03,2021-10-26,中部,
C03038,Customer_3038,M,2000-09-07,2025-02-18,北部,
C03039,Customer_3039,M,1972-11-24,2025-05-22,北部,
C03040,Customer_3040,M,1991-05-24,2022-03-10,離島,
C03041,Customer_3041,M,1982-11-09,2022-07-28,中部,2022-10-05
C03042,Customer_3042,F,2005-11-07,2024-04-25,北部,
C03043,Customer_3043,M,1981-12-10,2025-06-29,北部,
C03044,Customer_3044,F,1974-12-15,2020-09-16,北部,
C03045,Customer_3045,M,1973-05-05,2021-09-23,離島,
C03046,Customer_3046,M,1977-05-18,2023-02-27,離島,
C03047,Customer_3471,F,1981-04-21,2022-03-07,北部,2024-02-04
C03048,Customer_3048,F,1976-11-29,2024-12-19,東部,
C03049,Customer_3049,M,1966-09-30,2025-08-10,北部,
C03050,Customer_3050,F,1969-01-16,2021-04-17,南部,
C03051,Customer_3051,M,1983-10-03,2021-10-01,東部,
C03052,Customer_3052,F,1977-10-01,2023-07-01,離島,
C03053,Customer_3053,M,1981-09-21,2023-01-15,東部,
C03054,Customer_3054,F,1981-12-01,2021-09-23,中部,
C03055,Customer_3055,F,1989-05-29,2022-12-22,北部,
C03056,Customer_3056,F,1981-10-02,2024-01-09,東部,
C03057,Customer_3057,F,1991-12-01,2022-02-26,中部,2024-11-05
C03058,Customer_3058,F,2001-10-12,2022-03-06,東部,
C03059,Customer_3059,M,1969-04-07,2022-10-31,南部,
C03060,Customer_3060,F,2000-04-08,2024-12-29,北部,
C03061,Customer_3061,F,2004-11-12,2024-09-25,北部,
C03062,Customer_3062,M,1976-05,2023-10-29,離島,
C03063,Customer_3063,F,1975-06-24,2022-07-01,中部,
C03064,Customer_3064,M,1990-04-24,2024-12-31,中部,
C03065,Customer_3065,F,1998/05/11,2023-04-25,東部,
C03066,Customer_3066,M,1971-04-12,2022-11-25,離島,
C03067,Customer_3534,M,2005-04-26,2021-06-22,中部,
C03068,Customer_3068,F,1977-12-03,2020-10-19,南部,
C03069,Customer_3069,F,2001-03-08,2024-04-20,北部,
C03070,Customer_3070,M,1975-09-08,2023-06-23,南部,
C03071,Customer_3071,F,1982-11-02,2021-10-03,南部,
C03072,Customer_3072,F,1966-12-21,2024-11-07,離島,
C03073,Customer_3073,M,2007-02-28,2023-07-03,中部,
C03074,Customer_3074,M,2004-03-13,2022-05-24,南部,
C03075,Customer_3075,F,2005-09-17,2025-01-29,南部,2025-05-04
C03076,Customer_3076,F,2004-11-28,2022-09-20,北部,2022-11-07
C03077,Customer_3077,F,1974-03,2022-11-27,東部,
C03078,Customer_3078,F,1994-12-21,2022-02-10,北部,2024-06-03
C03079,Customer_3079,M,1995-03,2022-09-28,東部,
C03080,Customer_3080,F,2005-12-11,2023-03-28,離島,2025-05-08
C03081,Customer_3081,F,1973-07-22,2020-09-21,離島,2024-11-24
C03082,Customer_3082,M,1967-05-20,2024-03-11,離島,2025-02-21
C03083,Customer_3083,F,1989-12-05,2025-04-25,中部,
C03084,Customer_3084,F,1995-03-22,2025-03-27,中部,
C03085,Customer_2101,F,1967-05-30,2023-08-16,南部,
C03086,Customer_3086,M,2004-04-11,2022-11-10,北部,2024-06-11
C03087,Customer_3087,F,1999-12-08,2021-09-06,東部,
C03088,Customer_3088,M,1984-01-05,2022-07-01,中部,
C03089,Customer_3089,F,1969-12-08,2024-05-13,東部,
C03090,Customer_3090,M,1968-02-26,2025-07-03,北部,
C03091,Customer_3091,M,2001-01-02,2023-03-01,南部,
C03092,Customer_3092,F,1979-02-21,2025-03-12,中部,
C03093,Customer_3093,M,2000-08-10,2023-04-07,南部,
C03094,Customer_3094,M,1992-09-15,2022-03-27,北部,
C03095,Customer_3095,F,1984-04-23,2024-07-25,南部,
C03096,Customer_3096,M,1990-03-25,2023-04-19,中部,
C03097,Customer_3097,M,2002-05-27,2021-04-29,南部,2025-03-01
C03098,Customer_3098,F,1998-03-10,2021-02-12,離島,
C03099,Customer_3099,F,1973-08-11,2022-07-15,北部,
C03100,Customer_3100,M,1981-01-15,2021-12-19,離島,2023-07-28
C03101,Customer_3101,F,1966-12-27,2020-11-25,南部,2023-04-29
C03102,Customer_3102,F,2001-12-06,2024-12-20,北部,
C03103,Customer_3103,F,1983-12-24,2022-02-18,東部,2023-01-05
C03104,Customer_3104,F,2007-01-19,2020-11-10,南部,2025-01-21
C03105,Customer_3105,M,1967-12-21,2024-01-21,中部,
C03106,Customer_3106,M,1969-03-03,2025-06-17,中部,
C03107,Customer_3107,M,1978-10-30,2023-10-25,南部,
C03108,Customer_3108,F,2004-11-15,2020-09-11,北部,2022-03-17
C03109,Customer_3109,F,2006-01-26,2021-01-20,東部,
C03110,Customer_3110,F,1986-08-26,2021-02-11,東部,
C03111,Customer_3111,F,1986-04-16,2020-09-23,中部,
C03112,Customer_3112,F,1970-04-18,2023-03-02,北部,
C03113,Customer_3113,F,1966-10-27,2024-04-04,南部,
C03114,Customer_3114,F,1994-09-30,2025-06-01,南部,2025-07-11
C03115,Customer_3115,M,1987-07,2024-05-19,東部,
C03116,Customer_3116,F,1997-09-08,2024-10-04,南部,2025-07-06
C03117,Customer_3117,F,1996-06-27,2024-10-16,北部,
C03118,Customer_3118,M,1976-01-31,2025-08-10,北部,
C03119,Customer_3119,M,1966-01-27,2023-11-30,東部,
C03120,Customer_3120,M,1992-07-30,2023-03-19,北部,
C03121,Customer_3121,M,1991-12-04,2022-01-21,東部,
C03122,Customer_3122,M,1966-10-20,2020-08-21,中部,
C03123,Customer_3123,M,1979-10-09,2022-06-22,北部,2023-04-26
C03124,Customer_3124,F,2003-05-25,2024-08-11,北部,2024-08-22
C03125,Customer_3125,F,1993-05-23,2020-09-14,北部,
C03126,Customer_3126,F,1975-04-26,2021-05-05,北部,2022-02-21
C03127,Customer_3169,F,1986-03-15,2022-04-19,東部,
C03128,Customer_3128,F,1980-06-23,2021-08-22,中部,
C03129,Customer_3129,M,1981-01-17,2024-04-08,南部,
C03130,Customer_3130,M,1989-06-21,2023-07-20,南部,
C03131,Customer_3131,M,1991-11-30,2021-05-05,離島,
C03132,Customer_3132,M,1994-06-01,2024-10-08,南部,2025-04-11
C03133,Customer_3133,M,1993-06-09,2022-11-29,北部,
C03134,Customer_3134,M,,2023-04-30,東部,
C03135,Customer_3135,F,1979-11-26,2025-01-10,東部,
C03136,Customer_3136,F,1995-11-16,2025-06-15,南部,
C03137,Customer_3137,M,2005-03-11,2022-05-12,東部,
C03138,Customer_3138,M,1982-04-29,2020-09-21,離島,
C03139,Customer_3139,F,1977-04-08,2023-10-28,南部,2025-02-25
C03140,Customer_3140,F,1970-05-22,2022-12-22,中部,
C03141,Customer_3141,M,1984-01-08,2025-05-05,北部,
C03142,Customer_3142,M,1970-02-19,2024-11-24,離島,
C03143,Customer_3143,F,2002-06-16,2020-10-22,中部,
C03144,Customer_3144,F,1992-08-31,2023-10-19,北部,
C03145,Customer_3145,F,1988-03-27,2020-10-01,離島,
C03146,Customer_3146,F,1967-05-22,2023-06-07,北部,
C03147,Customer_3147,F,2002-04-01,2022-02-13,中部,2024-06-13
C03148,Customer_3148,M,1985-02-28,2024-08-24,南部,
C03149,Customer_3149,M,1982-09-26,2022-05-15,南部,
C03150,Customer_3150,M,2005-05-17,2022-10-06,中部,
C03151,Customer_3151,M,1968-08-26,2020-10-24,中部,
C03152,Customer_3152,M,2005-02-07,2021-09-06,東部,
C03153,Customer_3153,M,1985-04-03,2023-06-03,東部,
C03154,Customer_3154,F,2005-01-10,2023-01-29,,
C03155,Customer_3155,M,1982-02-15,2021-01-21,北部,2024-04-09
C03156,Customer_3156,F,1997-11-04,2023-02-05,中部,
C03157,Customer_3157,M,1981-03-14,2023-05-04,中部,
C03158,Customer_3158,F,1981-01,2023-03-31,北部,
C03159,Customer_3159,F,2006-07-10,2021-06-07,離島,
C03160,Customer_3160,M,1984-07-24,2023-05-16,離島,
C03161,Customer_3161,F,1978-09-06,2024-03-02,中部,2025-04-19
C03162,Customer_3162,M,1984-01-23,2024-05-27,南部,
C03163,Customer_3163,F,1966-08-26,2023-09-14,北部,
C03164,Customer_3164,F,1990-07-02,2024-07-26,北部,
C03165,Customer_3165,M,2004-12-15,2022-12-24,南部,
C03166,Customer_3166,M,2004-01-19,2024-05-08,中部,
C03167,Customer_3167,M,1999-04-11,2022-07-19,北部,
C03168,Customer_3168,F,1998-09-28,2024-08-21,南部,
C03169,Customer_3169,M,2001-04-02,2025-05-24,北部,2025-06-03
C03170,Customer_3170,F,1974-12-21,2022-12-09,東部,
C03171,Customer_3171,F,1982-07-19,2022-10-09,南部,
C03172,Customer_3172,F,1967-06-21,2020-12-26,中部,
C03173,Customer_3173,M,2007-03-04,2024-09-03,東部,
C03174,Customer_3174,F,1985-12-12,2023-01-23,北部,
C03175,Customer_3175,F,1997-03-04,2021-02-13,,
C03176,Customer_3176,M,1997-08-26,2024-12-16,中部,
C03177,Customer_3177,F,1984-12-15,2022-12-03,東部,
C03178,Customer_3178,M,2005-09-14,2024-07-26,東部,
C03179,Customer_3179,F,1980-09-27,2023-12-12,,
C03180,Customer_3180,F,1991-05-03,2022-05-08,東部,
C03181,Customer_3181,M,1994-07-06,2023-11-10,中部,2024-08-30
C03182,Customer_3182,M,1977/03/06,2025-04-14,南部,
C03183,Customer_3183,M,1990-11-28,2022-07-21,南部,
C03184,Customer_3184,F,1983-06-24,2024-08-08,北部,
C03185,Customer_3185,F,1995-03-04,2022-02-04,東部,
C03186,Customer_3186,F,1991-07-09,2023-12-13,北部,
C03187,Customer_3187,M,1974-10-14,2021-01-23,南部,2022-06-25
C03188,Customer_3188,F,2005-03-06,2022-12-06,中部,2025-03-23
C03189,Customer_3189,M,1989-02-07,2025-06-09,北部,
C03190,Customer_3190,M,1998-02-27,2023-02-03,北部,
C03191,Customer_3191,M,1978-12-26,2025-06-01,離島,
C03192,Customer_3192,M,2003-07-31,2022-06-10,東部,
C03193,Customer_3193,M,2000-03-29,2021-04-06,南部,
C03194,Customer_3194,M,,2022-04-17,北部,2024-03-11
C03195,Customer_3195,F,1992-05-01,2025-02-17,南部,
C03196,Customer_4297,F,1969-05-26,2021-11-12,東部,2022-10-20
C03197,Customer_3197,M,2002-01-08,2024-04-06,中部,2025-04-07
C03198,Customer_3198,M,1978-03-04,2021-09-26,東部,
C03199,Customer_3199,M,1999-08-22,2022-10-16,中部,
C03200,Customer_3200,F,1984-11-14,2025-03-31,東部,
C03201,Customer_3201,M,1999-08-08,2025-07-20,離島,
C03202,Customer_3202,F,1970-06-28,2025-07-01,東部,
C03203,Customer_3203,F,1969-01-24,2023-02-20,北部,
C03204,Customer_3204,F,2001-12-08,2021-01-14,東部,
C03205,Customer_3205,F,2001-12-19,2021-03-06,北部,2024-11-15
C03206,Customer_3206,F,1969-06-14,2022-01-24,南部,
C03207,Customer_3207,F,1976-11-26,2024-06-09,離島,
C03208,Customer_3208,F,1999-07-15,2024-09-21,中部,
C03209,Customer_3209,F,1979-08-28,2022-06-24,中部,
C03210,Customer_3210,M,1985-04-14,2025-07-01,中部,
C03211,Customer_3211,F,1999-06-15,2024-07-27,北部,
C03212,Customer_4602,M,1970-11-13,2021-06-15,中部,2023-10-04
C03213,Customer_3213,M,1972-11-12,2023-12-24,北部,
C03214,Customer_3214,F,1968-02-10,2024-09-27,離島,
C03215,Customer_3215,F,2002-06-24,2021-10-12,離島,
C03216,Customer_3216,M,1995-07-17,2024-06-11,中部,
C03217,Customer_3217,F,1980-12-05,2022-04-18,南部,2023-10-16
C03218,Customer_3218,F,1983-10-28,2021-11-04,東部,
C03219,Customer_3219,M,1987-01-22,2021-09-25,離島,
C03220,Customer_3220,M,1969-08-25,2025-05-28,南部,
C03221,Customer_3221,F,1992-06-02,2021-10-06,南部,2022-06-09
C03222,Customer_3222,M,1987-10-01,2023-01-13,中部,
C03223,Customer_3223,M,1989-07-04,2024-09-22,東部,
C03224,Customer_3224,F,2005-03-25,2024-10-17,東部,
C03225,Customer_3225,M,1972-04-10,2021-02-13,南部,
C03226,Customer_3226,F,1976-05-30,2022-10-14,中部,
C03227,Customer_3227,M,1986-03-08,2024-10-14,中部,2025-02-20
C03228,Customer_3228,F,2001-06-23,2022-01-16,中部,
C03229,Customer_3229,M,1977-04-04,2023-11-18,南部,
C03230,Customer_3230,M,1977-03-04,2023-10-09,北部,
C03231,Customer_3231,M,1997-04-16,2023-11-19,北部,
C03232,Customer_3232,F,1988-03-22,2021-05-08,北部,
C03233,Customer_3233,M,1999-07-28,2023-05-03,南部,
C03234,Customer_3234,F,2006-11-18,2024-10-31,北部,
C03235,Customer_3235,M,1997/05/30,2024-10-25,中部,
C03236,Customer_3236,M,1967/08/13,2023-09-12,離島,2024-06-02
C03237,Customer_3237,M,1978-12-01,2021-06-09,離島,
C03238,Customer_3238,F,2000-08-14,2023-08-23,東部,
C03239,Customer_3239,M,1981-01-11,2024-11-15,離島,
C03240,Customer_3240,M,2007-07-13,2023-09-21,離島,
C03241,Customer_3241,F,2005-10-08,2022-02-11,東部,
C03242,Customer_3242,M,,2020-09-04,離島,
C03243,Customer_3243,F,2002-11-07,2022-01-12,南部,
C03244,Customer_3244,F,1991-04-07,2023-09-08,北部,
C03245,Customer_3245,M,2000-12-09,2023-06-28,東部,
C03246,Customer_3246,M,1985-01-08,2022-12-25,中部,2025-05-28
C03247,Customer_3247,M,1991-09-01,2021-03-28,東部,2023-07-13
C03248,Customer_3248,F,1971-07-13,2021-01-22,離島,
C03249,Customer_3249,M,1975-10-17,2022-12-16,東部,
C03250,Customer_3250,F,1998-01-31,2025-01-22,離島,2025-06-15
C03251,Customer_3251,M,1974-07-02,2022-12-03,南部,
C03252,Customer_3252,M,1987-03-30,2023-10-16,北部,
C03253,Customer_3253,M,2004/08/09,2021-06-05,南部,
C03254,Customer_3254,F,1989-10-06,2021-03-02,東部,
C03255,Customer_3255,F,1973-05-19,2023-12-04,東部,
C03256,Customer_3256,M,2004-01-16,2021-10-24,北部,
C03257,Customer_3257,M,1996-09-24,2021-11-18,離島,
C03258,Customer_3258,F,1992-04-19,2022-11-30,南部,
C03259,Customer_3259,F,1980-03-18,2024-07-17,離島,
C03260,Customer_3260,F,1999-10-23,2024-05-19,北部,2025-07-27
C03261,Customer_3261,F,1977-02-03,2025-07-27,南部,
C03262,Customer_3262,M,1975-06-21,2021-08-05,東部,
C03263,Customer_3263,F,,2025-01-12,南部,
C03264,Customer_3264,M,1995-07-22,2024-02-01,北部,
C03265,Customer_3265,M,2002-11-10,2022-11-10,北部,
C03266,Customer_3266,F,1994-03-06,2022-08-22,東部,
C03267,Customer_3267,M,1986-11-18,2022-04-19,北部,
C03268,Customer_3268,M,1985-06-21,2021-07-25,離島,2025-03-11
C03269,Customer_3269,M,2003-06-27,2024-11-14,南部,
C03270,Customer_581,F,2005-02-10,2022-04-02,北部,
C03271,Customer_3271,F,1976-01-18,2025-04-04,中部,
C03272,Customer_3272,M,1980-04-21,2025-03-26,北部,
C03273,Customer_3273,M,2003-12-09,2023-04-22,中部,
C03274,Customer_3274,F,1986-05-13,2021-10-20,離島,
C03275,Customer_3275,F,1972-12-02,2025-03-10,北部,
C03276,Customer_3276,F,1990-10-11,2021-12-14,中部,
C03277,Customer_3277,F,1988-07-19,2025-06-14,中部,
C03278,Customer_3278,F,2004-11,2023-11-12,北部,
C03279,Customer_3279,M,1977-09-29,2022-05-18,南部,
C03280,Customer_3280,M,1990-09-08,2021-07-29,南部,
C03281,Customer_3281,M,1971-05-04,2021-12-12,離島,2025-01-28
C03282,Customer_3282,M,1998-11-02,2020-11-30,東部,2023-12-01
C03283,Customer_3283,F,2005-01-07,2024-04-09,,
C03284,Customer_3284,M,1982-12-20,2024-01-25,北部,
C03285,Customer_3285,F,1994-10,2020-11-11,南部,
C03286,Customer_3286,F,1977-01-31,2025-07-20,離島,
C03287,Customer_3287,M,1994-02-26,2022-01-22,離島,
C03288,Customer_3288,F,1982-09-09,2022-07-27,中部,
C03289,Customer_3289,M,2004-04-17,2025-03-27,離島,2025-05-28
C03290,Customer_3290,F,2003-07,2021-06-13,北部,2022-12-27
C03291,Customer_3291,F,2003-06-27,2025-02-18,中部,2025-05-05
C03292,Customer_3292,F,1982-06-03,2024-05-07,離島,
C03293,Customer_3293,F,1991-03,2021-09-14,北部,
C03294,Customer_3294,F,1988-07-06,2020-10-30,離島,
C03295,Customer_3295,M,1996-10-05,2022-03-17,中部,
C03296,Customer_3296,M,1994-12-11,2025-01-01,東部,
C03297,Customer_3297,M,1997-06-30,2025-02-22,離島,
C03298,Customer_3298,F,1979-05-10,2022-07-12,離島,
C03299,Customer_3299,F,1991-08-19,2021-10-05,東部,
C03300,Customer_3300,F,2007-01-03,2025-02-21,中部,
C03301,Customer_3301,M,1991-05-17,2022-02-09,中部,
C03302,Customer_3302,M,1973-06-10,2021-08-21,中部,
C03303,Customer_3303,F,1997-07-30,2023-04-02,中部,
C03304,Customer_3304,F,1970-01-31,2023-05-06,北部,
C03305,Customer_3305,M,1982-04-07,2022-07-20,北部,
C03306,Customer_3306,F,1998-11-27,2023-05-09,北部,
C03307,Customer_3307,M,1991-01-14,2023-08-28,中部,2024-08-13
C03308,Customer_3308,M,1995-05-31,2021-07-10,東部,
C03309,Customer_3309,F,2001-12-06,2024-12-03,東部,2025-05-06
C03310,Customer_3310,F,1990-09-06,2022-05-09,北部,
C03311,Customer_3311,M,1980-03-19,2021-06-21,離島,2022-04-30
C03312,Customer_3312,F,1983-09-27,2022-05-25,,
C03313,Customer_3313,F,1982-03-02,2025-04-16,中部,2025-05-05
C03314,Customer_3314,F,1990-07-06,2021-11-21,中部,
C03315,Customer_3315,M,1990-09-15,2021-02-27,東部,
C03316,Customer_3316,F,1999-02-18,2024-04-08,,
C03317,Customer_3317,F,,2025-07-20,南部,
C03318,Customer_3318,M,1980-03-24,2020-09-27,南部,
C03319,Customer_3319,F,1984-06-27,2023-11-17,北部,
C03320,Customer_3320,F,1979-11-12,2021-01-07,,
C03321,Customer_3321,M,1972-10-06,2023-04-26,離島,
C03322,Customer_3322,M,1983-09-12,2023-08-02,中部,
C03323,Customer_3323,M,1997-08-05,2023-01-13,東部,2025-03-05
C03324,Customer_3324,F,1970-07-06,2020-10-08,東部,
C03325,Customer_3325,F,1974-02-27,2024-11-06,離島,2025-07-31
C03326,Customer_3326,F,1975-10-09,2021-08-25,中部,2021-10-19
C03327,Customer_3327,M,1989-04-02,2025-08-08,北部,
C03328,Customer_3328,F,1992-09-08,2021-07-08,北部,
C03329,Customer_3329,F,1981-11-30,2023-01-22,,
C03330,Customer_3330,F,1968-04-14,2021-12-26,中部,2024-05-29
C03331,Customer_3331,F,1997-03-16,2022-04-24,北部,2024-08-19
C03332,Customer_3332,F,1970-10-09,2024-06-05,東部,
C03333,Customer_3333,M,1972-03-23,2022-11-20,離島,
C03334,Customer_3334,F,1982-03-07,2023-04-09,中部,
C03335,Customer_3335,F,2007-04-11,2025-07-04,離島,
C03336,Customer_3336,M,1979-08-06,2022-05-04,東部,
C03337,Customer_3337,M,1972-10-21,2021-10-03,中部,2024-08-04
C03338,Customer_3338,M,1981-05-07,2021-06-23,中部,
C03339,Customer_3339,F,1999/11/24,2023-11-22,離島,
C03340,Customer_3340,F,1979-06-16,2021-07-28,中部,
C03341,Customer_3341,F,1996-03-16,2024-10-23,北部,2025-04-19
C03342,Customer_3342,M,1967-09-28,2022-10-15,離島,
C03343,Customer_3343,M,1987-10-05,2024-11-14,離島,
C03344,Customer_3344,M,1990-07-25,2020-11-18,南部,
C03345,Customer_3345,F,1970-05-28,2024-06-05,中部,2025-04-18
C03346,Customer_3346,M,2004-08-17,2021-06-03,離島,
C03347,Customer_3347,F,1970-12-05,2024-03-04,東部,
C03348,Customer_3348,F,1968-04-08,2023-05-24,中部,
C03349,Customer_3349,M,1986-08,2021-11-12,中部,
C03350,Customer_3350,F,1994-02-11,2025-02-24,南部,
C03351,Customer_3351,M,2004-07-05,2022-06-05,中部,
C03352,Customer_3352,M,1988-03-04,2023-08-18,中部,2025-02-28
C03353,Customer_3353,M,1969-11-02,2021-12-01,中部,
C03354,Customer_3354,M,1995-05-20,2025-03-03,中部,
C03355,Customer_3355,F,2006-08-04,2021-04-03,東部,
C03356,Customer_3356,F,1970-06-19,2022-01-03,中部,
C03357,Customer_3357,F,2002-02-08,2025-01-23,北部,
C03358,Customer_3358,M,2001-09-06,2023-12-21,北部,
C03359,Customer_3359,M,2004-10-03,2024-03-01,南部,
C03360,Customer_3360,F,1972-05-12,2022-03-28,北部,
C03361,Customer_3361,M,1990-02-11,2023-03-28,中部,2024-02-05
C03362,Customer_3362,M,1976-03-11,2024-01-13,東部,
C03363,Customer_3363,F,1991-04-02,2020-11-27,東部,
C03364,Customer_3364,M,1968-07-26,2025-04-21,東部,
C03365,Customer_3365,F,1985-06-14,2022-01-20,中部,
C03366,Customer_3366,M,1971-10-02,2021-09-26,東部,
C03367,Customer_3367,M,1968-06-18,2023-08-09,北部,
C03368,Customer_3368,M,1971-10-16,2023-03-15,中部,
C03369,Customer_3369,F,1992-03-20,2021-02-07,北部,2022-04-07
C03370,Customer_3370,M,,2023-09-14,北部,
C03371,Customer_3371,F,2003-08-24,2024-12-16,中部,
C03372,Customer_3372,F,1991-06-20,2025-01-28,離島,
C03373,Customer_3373,M,2000-12-06,2022-08-13,東部,2023-09-30
C03374,Customer_3374,M,2002-10-01,2024-02-02,中部,
C03375,Customer_3375,M,2003-10-27,2024-11-17,離島,
C03376,Customer_3376,F,1997-11-14,2021-08-24,離島,2022-02-20
C03377,Customer_3377,F,1972-11-19,2022-10-31,東部,
C03378,Customer_3378,M,1989-06-30,2021-04-22,南部,
C03379,Customer_3379,F,1981-07-08,2021-01-21,中部,
C03380,Customer_3380,F,1990-12-25,2023-09-04,離島,
C03381,Customer_3381,F,1971-05-16,2024-04-04,東部,
C03382,Customer_3382,M,1986-12-03,2021-10-04,北部,
C03383,Customer_3383,M,1981-04-23,2022-02-15,北部,
C03384,Customer_3384,M,1977-03-19,2023-08-31,北部,2024-05-28
C03385,Customer_3385,F,2001-09-22,2024-03-31,南部,2024-06-27
C03386,Customer_3386,F,1978-04-04,2022-02-16,南部,2023-03-24
C03387,Customer_3387,F,1999-02-14,2024-09-29,南部,2025-01-16
C03388,Customer_3388,F,1994-05,2024-07-12,中部,2024-10-18
C03389,Customer_3389,M,2000-05-04,2023-12-31,離島,
C03390,Customer_3390,M,2001-12-25,2020-10-12,中部,
C03391,Customer_3391,M,2000-05,2025-01-11,北部,
C03392,Customer_3392,M,1967-12-22,2021-05-29,南部,
C03393,Customer_3393,F,1984-01-05,2023-10-12,中部,
C03394,Customer_3394,F,1979-09-24,2024-11-20,北部,
C03395,Customer_3395,F,1983-06-17,2022-09-15,南部,
C03396,Customer_3396,F,1968-04-07,2023-04-26,中部,
C03397,Customer_3397,F,2000-07,2024-08-22,離島,
C03398,Customer_3398,F,2000-07-14,2024-10-23,南部,2025-07-06
C03399,Customer_3399,M,1991-07-14,2022-10-31,,
C03400,Customer_3400,F,1979-12-20,2024-11-05,東部,
C03401,Customer_3401,F,1976-02-14,2023-04-06,東部,
C03402,Customer_3402,F,1998-09-19,2023-01-11,北部,
C03403,Customer_3403,M,2003-02-07,2023-03-29,中部,
C03404,Customer_3404,M,1992-02-25,2025-06-22,東部,
C03405,Customer_3405,M,1987-06-11,2022-03-10,東部,
C03406,Customer_3406,F,1977-12-26,2020-09-24,離島,2023-01-26
C03407,Customer_3407,F,1975-09-09,2024-10-01,南部,
C03408,Customer_3408,F,1970-07-29,2023-12-23,東部,2025-07-11
C03409,Customer_3409,M,1975-06-20,2022-12-23,中部,
C03410,Customer_3410,M,1988-01-13,2021-06-05,中部,
C03411,Customer_3411,F,1968-10-26,2022-11-21,離島,
C03412,Customer_3412,M,2006-10-25,2024-07-25,北部,
C03413,Customer_3413,F,1978-12-09,2022-03-10,中部,
C03414,Customer_3414,M,1966-04-12,2025-02-07,中部,
C03415,Customer_3415,M,1997-05-08,2024-04-07,北部,
C03416,Customer_3416,M,1965-09-20,2025-02-23,南部,
C03417,Customer_3417,M,1996-10-01,2022-09-08,中部,
C03418,Customer_3418,M,1981-11-10,2025-05-09,北部,2025-05-29
C03419,Customer_3419,M,1994-03-11,2023-12-26,中部,2024-07-31
C03420,Customer_3420,F,2001-04-01,2025-07-07,北部,
C03421,Customer_3421,F,1999-08-28,2021-06-13,南部,
C03422,Customer_3422,F,1983-11-20,2020-11-17,北部,2021-12-05
C03423,Customer_3423,F,1984-05-20,2023-01-15,離島,
C03424,Customer_3424,M,1989-02-08,2024-12-17,南部,2025-02-18
C03425,Customer_3425,F,1974-04,2024-05-15,北部,2024-06-09
C03426,Customer_3426,M,1971-09-10,2022-03-10,離島,
C03427,Customer_3427,M,2002-11-12,2022-04-17,南部,
C03428,Customer_3428,M,1979-05-23,2021-10-19,中部,
C03429,Customer_3429,M,1989-08-22,2023-05-19,南部,
C03430,Customer_3430,M,2004-01-30,2022-04-27,南部,
C03431,Customer_3431,F,1969-06-28,2025-05-12,東部,2025-06-17
C03432,Customer_3432,M,1968-05-28,2023-04-20,南部,
C03433,Customer_3433,F,1998-11-24,2025-02-12,中部,
C03434,Customer_3434,F,1982-08-09,2024-02-02,東部,
C03435,Customer_3435,M,2000-12-26,2024-06-30,,
C03436,Customer_3436,F,2002-11-24,2021-11-18,中部,
C03437,Customer_3437,F,1987-09-08,2021-02-12,離島,
C03438,Customer_3438,M,1976-08-24,2024-10-24,離島,
C03439,Customer_3439,F,1973-02-22,2024-12-05,東部,
C03440,Customer_3440,F,2004-07-27,2022-09-28,東部,
C03441,Customer_3441,F,2000-11-26,2025-04-02,東部,
C03442,Customer_3442,F,1970-03-21,2025-05-15,北部,
C03443,Customer_3443,M,1984-08-20,2025-06-22,北部,
C03444,Customer_3444,F,1988-12-14,2021-08-26,,
C03445,Customer_3445,F,1986-10-27,2021-10-27,東部,
C03446,Customer_3446,F,1984-09-03,2020-11-03,南部,
C03447,Customer_3447,M,1974-02-16,2022-03-18,南部,
C03448,Customer_3448,M,1999-10-13,2021-01-11,離島,
C03449,Customer_3449,F,2007-03-16,2022-12-27,離島,
C03450,Customer_3450,F,2004/11/19,2024-11-30,中部,
C03451,Customer_3451,F,1990-10-15,2021-09-18,北部,
C03452,Customer_3452,M,1979-08-19,2022-08-06,離島,
C03453,Customer_3453,M,1982-05-21,2022-09-25,東部,
C03454,Customer_3454,F,1977-05-31,2022-02-10,南部,
C03455,Customer_3455,M,1993-03-15,2024-07-20,東部,
C03456,Customer_3456,F,1991-01-16,2024-12-06,中部,
C03457,Customer_3457,F,1991-08-09,2021-12-16,南部,
C03458,Customer_3458,F,2002-02-19,2022-05-07,東部,
C03459,Customer_3459,M,1992-06-02,2021-11-05,南部,
C03460,Customer_3460,M,1977-01-05,2024-05-16,南部,2024-11-13
C03461,Customer_3461,F,1977-03-01,2023-12-11,北部,
C03462,Customer_3462,M,1978-07-27,2025-05-25,南部,
C03463,Customer_3463,M,1972-01-03,2020-09-17,中部,
C03464,Customer_3464,F,2003-03-14,2020-11-15,北部,2022-04-21
C03465,Customer_3465,F,2001-12-15,2022-12-04,中部,
C03466,Customer_3466,M,1977-02-10,2024-10-08,離島,
C03467,Customer_3467,M,1967-06-23,2022-04-25,中部,2022-11-14
C03468,Customer_3468,M,2005-06-29,2021-08-12,北部,
C03469,Customer_3469,M,1974-02-12,2023-11-15,南部,
C03470,Customer_3470,F,1988-05-19,2023-07-05,中部,
C03471,Customer_3471,M,1979-03-09,2025-01-04,離島,
C03472,Customer_3472,M,1973-10-02,2022-02-12,中部,2024-07-07
C03473,Customer_3473,M,1994-03-04,2022-03-18,離島,2023-06-08
C03474,Customer_3474,M,1992-02-29,2023-02-01,中部,
C03475,Customer_3475,F,1974-04-28,2025-05-21,東部,
C03476,Customer_3476,F,1976-12-28,2024-02-10,北部,
C03477,Customer_3477,F,2002-12-29,2024-05-07,北部,
C03478,Customer_3478,F,1999-11-02,2024-04-29,南部,
C03479,Customer_3479,F,1997-09-12,2025-04-06,南部,
C03480,Customer_3480,F,2006-01-27,2021-06-25,北部,
C03481,Customer_3481,F,2004-02-19,2025-07-25,中部,2025-07-29
C03482,Customer_3482,M,1973-01-08,2021-06-05,北部,2025-06-27
C03483,Customer_3483,F,1974-11-16,2021-03-02,離島,
C03484,Customer_3484,M,1980-09-14,2023-07-17,南部,
C03485,Customer_3485,F,1988-08-11,2025-07-04,東部,2025-07-09
C03486,Customer_3486,M,1982-06-11,2022-12-18,南部,
C03487,Customer_3487,F,1971-12-11,2021-08-20,離島,
C03488,Customer_3488,M,2000-09-07,2022-12-18,北部,
C03489,Customer_3489,F,1968-10-07,2025-03-14,北部,2025-07-15
C03490,Customer_3490,F,1978-10-04,2023-03-04,中部,
C03491,Customer_3491,M,1989-12-09,2022-06-01,北部,
C03492,Customer_3492,F,1971-03-24,2022-09-20,南部,
C03493,Customer_3493,F,1970-08-17,2023-02-19,離島,
C03494,Customer_3494,F,2006-12-26,2022-02-20,南部,
C03495,Customer_3495,M,1966-05-26,2025-03-14,南部,
C03496,Customer_3496,F,1992-09-12,2021-02-25,南部,
C03497,Customer_3497,M,2000-01-06,2022-05-31,離島,
C03498,Customer_3498,F,1979-03-10,2025-05-08,東部,2025-06-06
C03499,Customer_3499,F,2000-05-12,2021-02-22,東部,
C03500,Customer_3500,F,1980-10-23,2023-08-18,東部,2025-03-13
C03501,Customer_3501,F,1971-02-03,2020-10-17,,
C03502,Customer_3502,F,2005-10-14,2024-03-03,離島,
C03503,Customer_3503,F,1996-12-12,2023-11-28,南部,
C03504,Customer_3504,M,1993-04-12,2022-08-12,北部,
C03505,Customer_3505,M,1988-09-20,2021-01-15,離島,
C03506,Customer_3506,M,1981-10-20,2022-11-19,離島,
C03507,Customer_3507,M,1997-03-18,2025-06-22,東部,2025-07-05
C03508,Customer_3508,F,1991-10-17,2025-03-01,中部,
C03509,Customer_3509,M,1972-02-03,2025-03-18,北部,2025-04-13
C03510,Customer_3510,M,2000-08-01,2025-07-18,北部,
C03511,Customer_3511,M,1988-02-12,2023-08-13,南部,
C03512,Customer_3512,F,2001-06-29,2021-03-03,中部,2022-02-09
C03513,Customer_3513,M,1987-01-24,2020-10-27,中部,
C03514,Customer_3514,F,1969-07-30,2023-07-09,離島,
C03515,Customer_3515,F,2004-08-10,2024-05-16,中部,2025-07-06
C03516,Customer_3516,M,1977-05-05,2023-03-09,中部,2023-09-16
C03517,Customer_3517,F,1990-11-28,2024-11-09,北部,2025-06-11
C03518,Customer_3518,M,2001-04-12,2024-05-12,北部,
C03519,Customer_3519,M,1998-06-28,2023-06-11,離島,
C03520,Customer_3520,M,2001-04-23,2022-10-14,北部,
C03521,Customer_3521,F,1986-09-23,2023-07-01,東部,
C03522,Customer_3522,F,2007-02-01,2023-03-18,南部,2024-02-11
C03523,Customer_3523,F,1998-11-15,2021-01-21,,
C03524,Customer_3524,M,1988-12-14,2024-05-09,中部,
C03525,Customer_3525,F,1992-03-31,2024-07-01,南部,
C03526,Customer_3526,M,1987-01-21,2023-06-20,中部,
C03527,Customer_3527,M,1965-11-05,2021-10-06,東部,
C03528,Customer_3528,M,1982-11-16,2025-02-25,東部,
C03529,Customer_3529,M,1976-07-25,2024-07-23,中部,
C03530,Customer_3530,F,2002-09-11,2021-11-19,北部,
C03531,Customer_3531,F,1980-02-19,2024-03-19,離島,
C03532,Customer_3532,M,1998-04-10,2022-05-17,中部,
C03533,Customer_3533,F,1977-07-25,2024-04-28,中部,
C03534,Customer_3534,F,2000-01-05,2025-03-28,東部,
C03535,Customer_3535,M,1983-08-22,2024-12-19,中部,
C03536,Customer_3536,M,1984/08/09,2023-06-27,東部,2023-09-24
C03537,Customer_3537,F,2004-04-23,2021-09-23,東部,
C03538,Customer_4996,F,1980-03-21,2021-12-28,中部,
C03539,Customer_3539,M,2003/10/26,2021-07-08,離島,
C03540,Customer_3540,M,1992-10-04,2023-06-17,南部,
C03541,Customer_3541,M,1975-12-13,2021-07-11,北部,
C03542,Customer_3542,F,1973-08-15,2024-06-09,東部,
C03543,Customer_3543,M,1980-06-21,2021-07-11,中部,2022-08-17
C03544,Customer_3544,F,2004-12-10,2022-07-03,東部,
C03545,Customer_3545,F,1998/05/25,2023-03-21,南部,
C03546,Customer_3546,F,1978-09-09,2021-04-30,離島,
C03547,Customer_3547,M,1968-10-25,2022-10-27,離島,
C03548,Customer_3548,F,1998-09-30,2022-08-23,東部,
C03549,Customer_3549,M,1975-02-07,2022-06-28,中部,2024-06-04
C03550,Customer_3550,M,1991-06-03,2021-01-17,南部,
C03551,Customer_3551,F,1995-04-22,2025-01-05,南部,2025-01-08
C03552,Customer_3552,F,1986-01-16,2023-08-07,離島,
C03553,Customer_3553,M,,2022-02-17,中部,2025-07-22
C03554,Customer_3554,F,1994-06-19,2023-01-28,東部,
C03555,Customer_3555,M,2004-10-26,2023-10-06,中部,
C03556,Customer_3556,M,1990-02-01,2022-08-08,東部,
C03557,Customer_3557,F,1979-09-14,2023-04-03,東部,
C03558,Customer_3558,F,1976-10,2021-06-11,東部,
C03559,Customer_3559,M,2001-07-14,2024-09-14,北部,
C03560,Customer_3560,F,1994-10,2025-03-25,南部,
C03561,Customer_3561,M,2005-07-21,2024-04-02,,
C03562,Customer_3562,F,1988-09-09,2025-02-25,中部,
C03563,Customer_3563,M,1965-11-05,2021-08-15,南部,
C03564,Customer_3564,F,1969-02-25,2022-05-27,北部,
C03565,Customer_3565,M,1968-06-26,2020-08-30,離島,
C03566,Customer_3566,M,1979-12-19,2022-01-25,離島,2023-10-09
C03567,Customer_3567,F,1987-04-02,2025-04-14,東部,
C03568,Customer_3568,F,1970-09-12,2022-07-03,東部,2023-01-22
C03569,Customer_3569,M,2005-01-21,2024-12-10,,
C03570,Customer_3570,F,1986-06-19,2025-08-06,南部,
C03571,Customer_3571,M,1991-06-12,2022-05-05,離島,
C03572,Customer_3572,M,1981-02-16,2025-05-31,東部,
C03573,Customer_3573,M,2002-08-19,2021-03-03,,
C03574,Customer_3574,F,1983-01-28,2024-01-12,東部,
C03575,Customer_3575,F,1989-10-10,2021-01-01,中部,2022-07-16
C03576,Customer_3576,M,2006-02-23,2022-07-01,北部,
C03577,Customer_3577,M,1997-06-07,2022-07-22,中部,
C03578,Customer_3578,M,1992-08-05,2024-10-14,北部,
C03579,Customer_3579,F,1987-03-21,2024-06-12,中部,2024-06-20
C03580,Customer_3580,M,1980-10,2021-07-11,東部,
C03581,Customer_3581,F,,2023-04-15,東部,
C03582,Customer_3582,M,1978-12-17,2025-01-14,北部,2025-02-11
C03583,Customer_3583,M,2003-07-31,2020-10-22,北部,
C03584,Customer_3584,F,1995-01-23,2022-05-23,南部,2024-06-11
C03585,Customer_3585,F,1990-02-03,2023-07-10,北部,
C03586,Customer_3586,M,1987-07-30,2022-05-24,中部,
C03587,Customer_3587,M,1980-04-06,2024-10-07,中部,
C03588,Customer_3588,M,1979-02-07,2025-03-11,中部,
C03589,Customer_3589,M,1972-05-16,2021-12-30,南部,
C03590,Customer_3590,F,2000-09-09,2024-07-29,南部,
C03591,Customer_3591,F,1970-10-04,2021-07-07,中部,
C03592,Customer_3592,M,1969-11-17,2020-10-20,南部,
C03593,Customer_3593,F,1986-10-22,2022-04-14,北部,
C03594,Customer_3594,M,1986-10-13,2024-10-30,中部,2025-06-06
C03595,Customer_3595,M,1981-02-10,2022-09-03,南部,
C03596,Customer_3596,M,1980-08-16,2021-05-17,南部,
C03597,Customer_3597,F,2004-08-27,2025-06-09,南部,
C03598,Customer_3598,M,1982-05-14,2021-01-01,北部,
C03599,Customer_3599,M,2002-10-09,2020-10-19,離島,
C03600,Customer_3600,M,1965-09-03,2021-03-18,東部,
C03601,Customer_3601,M,1982-01-30,2025-01-30,南部,
C03602,Customer_3602,M,1990-07-27,2022-11-14,南部,
C03603,Customer_3603,F,2007-07-11,2023-12-02,南部,
C03604,Customer_3604,F,2004-09-17,2025-06-13,北部,
C03605,Customer_3605,F,2002-07-10,2021-06-18,北部,
C03606,Customer_3606,M,2004-09-17,2022-01-23,離島,
C03607,Customer_3607,F,2006-03-23,2022-03-25,東部,
C03608,Customer_3608,M,2003-08-12,2022-12-04,東部,
C03609,Customer_3609,F,2000-01-23,2021-07-23,南部,
C03610,Customer_3610,F,1970-05-02,2024-04-05,北部,
C03611,Customer_3611,M,1971-10-31,2022-10-20,東部,2022-12-07
C03612,Customer_3612,F,1979-11-30,2024-11-30,北部,2025-03-09
C03613,Customer_3613,F,1997-11-30,2021-11-11,離島,
C03614,Customer_3614,F,2003-09-16,2023-01-17,離島,
C03615,Customer_3615,M,1999-04-11,2025-02-07,北部,
C03616,Customer_3616,M,1966-08-09,2023-12-26,離島,
C03617,Customer_3617,F,1969-12-21,2022-03-02,離島,2025-05-31
C03618,Customer_3618,F,,2025-01-03,南部,
C03619,Customer_3619,M,1976-10-02,2024-03-16,中部,
C03620,Customer_3620,F,2001-07-23,2021-02-23,中部,
C03621,Customer_3621,M,2005-10-22,2021-12-10,南部,2022-01-09
C03622,Customer_3622,F,1990-03-18,2022-05-20,南部,
C03623,Customer_3623,F,1968-10-31,2023-08-01,離島,2023-09-19
C03624,Customer_3624,M,1985-04-02,2022-11-02,離島,
C03625,Customer_3625,F,1983-04-08,2021-02-04,離島,
C03626,Customer_3626,M,2002-08-12,2021-11-02,離島,
C03627,Customer_3627,M,1996-06-24,2023-01-13,中部,
C03628,Customer_3628,M,1978-09-29,2022-05-18,中部,
C03629,Customer_3629,M,1980-08-27,2023-05-10,北部,2024-09-28
C03630,Customer_3630,F,1967-08-13,2024-02-16,北部,
C03631,Customer_3631,M,1999-03-04,2023-03-11,離島,
C03632,Customer_3632,M,1990-04-25,2024-06-02,北部,2025-06-06
C03633,Customer_3633,F,1996-11-24,2021-08-09,中部,
C03634,Customer_3634,M,1992/04/21,2021-10-17,東部,
C03635,Customer_3635,M,1993-07-09,2023-06-29,東部,
C03636,Customer_3636,F,1973-02,2023-06-03,南部,
C03637,Customer_3637,F,1985-08-18,2022-05-31,北部,
C03638,Customer_3638,M,1997-05-09,2024-07-24,中部,2024-11-24
C03639,Customer_3639,F,1978-12-24,2022-02-21,離島,
C03640,Customer_3640,F,2005-01-14,2024-12-14,東部,
C03641,Customer_3641,F,1978-08-24,2021-10-20,中部,
C03642,Customer_3642,M,1974-05-08,2021-04-07,北部,2024-06-21
C03643,Customer_3643,M,1980-08-12,2022-09-25,南部,
C03644,Customer_3644,F,1993-04-17,2020-08-22,北部,2024-03-27
C03645,Customer_3645,M,1981-10-07,2022-01-04,離島,
C03646,Customer_3646,F,1994-07-10,2021-07-06,中部,
C03647,Customer_3647,M,1976-01,2021-03-10,離島,2023-03-10
C03648,Customer_3648,F,2007-07-29,2021-02-17,中部,
C03649,Customer_3649,F,1977-05-11,2023-12-14,中部,
C03650,Customer_3650,M,2004-06-09,2024-05-07,中部,
C03651,Customer_3651,M,2000-04-14,2025-05-28,北部,
C03652,Customer_3652,F,1975-11-09,2024-06-28,北部,2025-06-19
C03653,Customer_3653,M,1966-08-31,2025-04-21,中部,
C03654,Customer_3654,M,1971-07-19,2024-08-16,離島,
C03655,Customer_3655,F,1984-10-07,2025-06-12,北部,
C03656,Customer_3656,F,1991-09-06,2022-01-21,離島,
C03657,Customer_3657,F,1982-05-01,2021-04-19,北部,
C03658,Customer_3658,F,1990-06-22,2020-10-22,南部,2021-01-26
C03659,Customer_3659,M,1985-04-25,2022-10-16,東部,
C03660,Customer_3660,M,1976-08-28,2024-03-09,南部,2025-06-23
C03661,Customer_3661,M,1981-06-30,2021-06-23,中部,
C03662,Customer_3662,F,2003-09-25,2024-07-26,離島,
C03663,Customer_3663,F,2002-04-04,2022-03-12,南部,
C03664,Customer_3664,F,,2025-04-05,東部,
C03665,Customer_3665,F,1982-03-26,2020-12-08,南部,
C03666,Customer_3666,M,1976-06-07,2024-12-27,中部,2024-12-29
C03667,Customer_3667,F,2004-01-07,2024-01-31,北部,
C03668,Customer_3668,F,1967-08-11,2025-05-27,離島,
C03669,Customer_3669,M,1968-12-25,2023-04-18,南部,
C03670,Customer_3670,F,1984-04-15,2023-01-08,中部,2023-04-18
C03671,Customer_3671,F,1987-06-25,2021-09-30,離島,2024-05-09
C03672,Customer_3672,F,1998-07-19,2023-10-02,中部,
C03673,Customer_3673,F,1998-11-20,2023-07-19,北部,
C03674,Customer_3674,M,1967-12-19,2022-07-14,中部,
C03675,Customer_3675,M,2006-06-03,2024-10-09,離島,
C03676,Customer_3676,F,1974-12-29,2021-05-31,南部,2024-12-21
C03677,Customer_3677,F,1982-04-10,2022-07-01,中部,
C03678,Customer_3678,M,1972-08-12,2021-01-04,中部,
C03679,Customer_3679,F,1965-09-15,2021-01-07,離島,2022-01-25
C03680,Customer_3680,F,1966-06-03,2024-04-26,南部,
C03681,Customer_3681,F,1993-04-14,2024-01-07,離島,
C03682,Customer_3682,F,1988-06-28,2021-10-23,東部,
C03683,Customer_3683,M,1967-08-26,2021-01-29,離島,
C03684,Customer_3684,M,2001-08-10,2021-03-26,東部,
C03685,Customer_3685,F,2003-03-23,2021-05-09,東部,
C03686,Customer_3686,M,1975-02-18,2021-12-11,東部,
C03687,Customer_3687,M,2000-05-19,2020-08-24,離島,
C03688,Customer_3688,M,1990-03-14,2021-02-28,東部,
C03689,Customer_3689,M,1981-05-17,2022-12-14,南部,
C03690,Customer_3690,M,2003-05-15,2020-10-22,北部,
C03691,Customer_3691,M,1982-05-24,2023-03-07,離島,
C03692,Customer_3692,M,1969-05-31,2025-01-06,中部,
C03693,Customer_3693,M,1990-09-09,2023-03-31,東部,
C03694,Customer_3694,F,1968-07-07,2023-06-08,南部,
C03695,Customer_3695,M,1976-01-17,2025-04-28,東部,
C03696,Customer_3696,F,2006-03-23,2021-12-17,離島,
C03697,Customer_3697,F,1974-03-15,2020-09-30,東部,
C03698,Customer_3698,F,1995-08-28,2020-10-08,,
C03699,Customer_3699,F,2005-05-04,2023-10-08,中部,2023-11-14
C03700,Customer_3700,F,1982-02-23,2023-11-23,離島,
C03701,Customer_3701,M,1988-11-04,2023-07-13,中部,
C03702,Customer_3702,M,1998-11-29,2023-11-10,北部,
C03703,Customer_3703,F,1965-09-18,2022-11-01,南部,
C03704,Customer_3704,M,1996-03-11,2024-02-16,北部,
C03705,Customer_3705,M,2003-08-11,2021-09-14,北部,2023-01-03
C03706,Customer_3706,M,1978-06-30,2024-02-09,南部,
C03707,Customer_3707,F,1990-12-04,2022-07-01,中部,
C03708,Customer_3708,F,1984-10-19,2021-05-14,中部,2024-03-29
C03709,Customer_3709,M,1982-04-28,2022-01-29,離島,
C03710,Customer_3710,M,1969-04-26,2021-03-14,離島,
C03711,Customer_3711,F,1979-06-20,2021-05-22,東部,
C03712,Customer_3712,M,1969-01-12,2022-11-14,中部,
C03713,Customer_3713,F,2007-05-15,2022-09-10,東部,
C03714,Customer_3714,F,2003-01-11,2021-07-07,東部,
C03715,Customer_3715,F,1977-05-08,2023-10-28,南部,
C03716,Customer_3716,M,1981-10-10,2024-08-31,離島,
C03717,Customer_3717,F,1999/01/07,2022-01-30,中部,
C03718,Customer_3718,F,2006-07-12,2021-06-02,中部,2023-08-10
C03719,Customer_3719,F,1968-11-25,2021-11-09,北部,
C03720,Customer_3720,M,1979-08-13,2024-05-22,北部,
C03721,Customer_3721,M,1991-04-15,2023-06-12,東部,
C03722,Customer_3722,M,1975-05-18,2023-03-05,東部,
C03723,Customer_3723,M,1968-03-01,2021-03-16,東部,
C03724,Customer_3724,M,1989-08-20,2020-10-27,南部,2023-10-13
C03725,Customer_3725,F,1973-08-30,2023-11-26,離島,
C03726,Customer_3726,M,1979-04-18,2024-12-12,南部,2025-01-21
C03727,Customer_3727,F,2005-05-01,2021-12-22,離島,
C03728,Customer_3728,F,1986-02-08,2021-08-30,南部,2024-07-10
C03729,Customer_3729,F,1966-09-30,2021-07-06,中部,2024-05-22
C03730,Customer_3730,F,1972-02-06,2023-10-14,離島,2024-05-18
C03731,Customer_3731,F,2005-06-12,2024-09-10,南部,
C03732,Customer_3732,M,1972-11-03,2021-11-15,離島,
C03733,Customer_3733,M,2001-05-18,2022-03-29,東部,
C03734,Customer_3734,F,1979-04-04,2021-08-29,離島,
C03735,Customer_3735,F,1987-06-04,2024-04-12,東部,
C03736,Customer_3736,M,1972-02-18,2025-03-06,東部,
C03737,Customer_3737,M,1990-02-26,2022-03-30,東部,
C03738,Customer_3738,M,1989-01-17,2024-10-14,中部,2025-07-16
C03739,Customer_3739,F,1997-07,2025-03-15,北部,2025-04-22
C03740,Customer_3740,F,1998-12-05,2024-03-04,南部,2025-06-23
C03741,Customer_3741,M,1983-06-21,2023-05-30,離島,
C03742,Customer_3742,F,1990-07-15,2023-03-31,離島,
C03743,Customer_3743,M,2002-09-13,2025-05-18,中部,
C03744,Customer_3744,M,1987-09-03,2024-04-12,中部,
C03745,Customer_3745,F,1979-02-10,2025-02-04,離島,
C03746,Customer_3746,F,1985-12-14,2021-06-30,離島,2021-09-06
C03747,Customer_3747,M,1997-05-11,2023-08-24,東部,
C03748,Customer_3748,M,1989-05-13,2024-06-18,東部,
C03749,Customer_3749,M,1994-11-02,2022-08-21,北部,
C03750,Customer_3750,M,1996-11-30,2023-02-01,北部,
C03751,Customer_3751,F,1986-02-25,2021-02-15,離島,
C03752,Customer_3752,M,1982-12-12,2021-06-05,離島,2023-02-18
C03753,Customer_3753,M,1999-03-17,2023-04-24,中部,
C03754,Customer_3754,F,2006-02-18,2021-01-12,北部,
C03755,Customer_3755,M,1996-11-09,2023-02-10,南部,
C03756,Customer_3756,F,1994-09-16,2024-04-20,中部,
C03757,Customer_3757,F,1972-01-20,2021-03-16,南部,
C03758,Customer_3758,M,1984-11-30,2024-10-03,中部,2024-10-20
C03759,Customer_3759,M,1996-05-18,2025-06-24,中部,
C03760,Customer_3760,M,1968-07-04,2022-02-13,東部,2022-08-15
C03761,Customer_3761,F,1974-09-17,2021-01-07,中部,
C03762,Customer_3762,M,1999-12-19,2022-10-20,東部,2024-02-15
C03763,Customer_3763,F,1996-03-19,2024-06-07,中部,
C03764,Customer_3764,F,1978-11-05,2023-01-15,離島,
C03765,Customer_3765,M,1990-09-22,2024-07-17,南部,
C03766,Customer_3766,M,1996-12-14,2022-12-22,離島,
C03767,Customer_3767,F,1986-08-23,2022-10-03,東部,
C03768,Customer_3768,F,1983-08-12,2024-05-04,北部,
C03769,Customer_3769,M,1969-04-21,2023-06-01,東部,2025-05-15
C03770,Customer_3770,F,1992-04-22,2022-03-24,東部,
C03771,Customer_3771,M,1978-12-02,2024-06-13,南部,
C03772,Customer_3772,M,2007-04-07,2023-09-12,東部,
C03773,Customer_3773,F,2004-01-12,2023-11-25,離島,
C03774,Customer_3774,M,1968-04-18,2025-01-05,中部,
C03775,Customer_3775,F,1975-07-13,2021-05-05,南部,
C03776,Customer_3776,F,1968-11-15,2022-01-27,東部,
C03777,Customer_3777,F,1978-12-04,2021-04-05,南部,
C03778,Customer_3778,M,2007-01-18,2024-01-03,中部,
C03779,Customer_3779,M,1969-12-28,2024-06-06,北部,
C03780,Customer_3780,M,1966-09-06,2025-01-31,中部,
C03781,Customer_3781,F,1981-07-13,2020-10-27,中部,2024-07-16
C03782,Customer_3782,M,1965-10-05,2023-12-02,離島,
C03783,Customer_3783,F,1996-07-15,2024-03-21,中部,
C03784,Customer_3784,F,1996-12-30,2024-05-20,中部,
C03785,Customer_3785,F,1970-05-30,2025-07-12,東部,
C03786,Customer_3786,M,1999-02-27,2023-02-19,中部,
C03787,Customer_3787,F,1998-10-17,2022-06-04,東部,
C03788,Customer_3788,M,1978-06-19,2023-03-25,離島,
C03789,Customer_3789,M,1981-04-15,2022-02-28,離島,
C03790,Customer_3790,F,2005-05-17,2023-11-29,離島,
C03791,Customer_3791,F,1968-11-22,2024-09-26,南部,
C03792,Customer_3792,F,1995-01-20,2023-03-16,中部,
C03793,Customer_3793,M,1976-12-24,2022-03-26,南部,
C03794,Customer_3794,F,,2020-08-31,中部,
C03795,Customer_3795,M,1971-04-15,2024-11-07,北部,2025-02-12
C03796,Customer_3796,F,1990-10,2021-10-02,東部,
C03797,Customer_3797,F,1988-03-09,2023-10-25,北部,2024-04-13
C03798,Customer_3798,M,1981-06-25,2024-08-11,中部,2024-08-22
C03799,Customer_3799,M,1992-04-07,2024-11-21,,2025-02-05
C03800,Customer_3800,F,1984-08-14,2020-10-10,離島,
C03801,Customer_3801,F,1985-09-15,2021-10-30,中部,
C03802,Customer_3802,F,1990-02-19,2024-11-17,離島,
C03803,Customer_3803,F,1994-09-04,2021-03-27,南部,
C03804,Customer_3804,M,1979-08-18,2021-03-27,南部,2024-02-25
C03805,Customer_3805,F,1992-01-16,2023-03-27,離島,
C03806,Customer_3806,F,1979-09-25,2022-05-16,離島,
C03807,Customer_3807,M,1996-01-29,2024-06-03,北部,
C03808,Customer_3808,M,1999-01-09,2020-12-13,北部,2023-01-14
C03809,Customer_3809,M,1995-01-24,2023-09-29,北部,
C03810,Customer_3810,F,1999-07-29,2024-06-30,離島,
C03811,Customer_3811,M,1981-08-13,2020-11-02,東部,2024-07-27
C03812,Customer_3812,M,1975-01-04,2025-07-07,東部,
C03813,Customer_3870,F,1968-07-02,2025-01-30,東部,2025-05-07
C03814,Customer_3814,M,1972-04-14,2021-02-17,南部,
C03815,Customer_3815,M,1972-02-28,2024-08-11,南部,2025-04-14
C03816,Customer_3816,F,2000-05-03,2022-12-05,北部,
C03817,Customer_3817,F,1971-01-18,2023-11-01,東部,2025-04-07
C03818,Customer_3818,M,1985-06-05,2024-08-29,南部,2025-02-14
C03819,Customer_3819,M,2006-10-05,2023-09-04,南部,2025-04-07
C03820,Customer_4226,F,1980-09-06,2022-08-09,,
C03821,Customer_3821,F,1995-09-22,2022-12-15,北部,
C03822,Customer_3822,M,1969-03-12,2020-12-28,離島,
C03823,Customer_3823,F,1987-04-16,2023-10-23,中部,
C03824,Customer_3824,F,2006-06-03,2021-08-14,離島,2024-02-01
C03825,Customer_3825,M,1979-08-05,2021-10-09,南部,
C03826,Customer_3826,F,1974-09-18,2024-05-12,東部,2024-12-24
C03827,Customer_3827,F,1966-06-03,2022-09-10,東部,
C03828,Customer_3828,F,1981-01-24,2024-09-22,南部,
C03829,Customer_3829,M,2000-05-02,2021-06-28,中部,2021-10-15
C03830,Customer_3830,F,1971-10-29,2021-10-27,離島,
C03831,Customer_3831,M,1979-12-10,2020-10-30,北部,2022-09-23
C03832,Customer_3832,F,1969-01-26,2023-01-22,東部,
C03833,Customer_3833,F,1993-03-16,2024-02-06,南部,
C03834,Customer_3834,F,1991-06-23,2024-02-21,,
C03835,Customer_3835,F,1970-11-30,2020-11-04,北部,
C03836,Customer_3836,F,1996-03-06,2022-01-11,離島,2023-09-14
C03837,Customer_3837,F,1999-06-16,2024-04-04,北部,
C03838,Customer_3838,F,2006-11-09,2024-12-05,中部,
C03839,Customer_3839,F,1997-03-13,2021-12-21,中部,
C03840,Customer_3840,F,2004-03-13,2025-08-01,離島,
C03841,Customer_3841,F,1965-12-14,2024-09-22,東部,
C03842,Customer_3842,M,1974-03-15,2022-12-07,中部,
C03843,Customer_3843,F,2001-04-13,2025-03-06,離島,
C03844,Customer_3844,M,1989-04,2023-05-15,南部,
C03845,Customer_3845,M,1991-01-02,2022-04-18,南部,
C03846,Customer_3846,M,2001-08-12,2025-05-27,南部,
C03847,Customer_3847,F,1969-06-19,2022-08-04,北部,
C03848,Customer_3848,F,2006-10-01,2022-10-22,中部,
C03849,Customer_3849,F,2005-07-13,2025-04-14,東部,
C03850,Customer_3850,M,2005-07-28,2024-04-28,中部,
C03851,Customer_3851,M,1979-06-10,2025-05-20,離島,
C03852,Customer_3852,M,1983-10-25,2024-01-20,北部,
C03853,Customer_3853,F,1982-07-31,2024-03-11,離島,
C03854,Customer_3854,M,1985-07-09,2024-06-28,南部,
C03855,Customer_3855,M,1973-02-06,2024-02-16,離島,
C03856,Customer_3856,F,1970-10-07,2021-04-20,南部,
C03857,Customer_3857,M,1987-06-16,2023-11-24,北部,2025-06-09
C03858,Customer_3858,M,2001-11-24,2023-12-01,中部,
C03859,Customer_3859,F,1988-06-14,2022-12-26,東部,
C03860,Customer_3860,M,1970-05-29,2024-09-14,離島,
C03861,Customer_3861,M,1973-03-08,2020-12-31,離島,
C03862,Customer_2616,M,2003-07-14,2021-04-28,離島,
C03863,Customer_3863,M,1972/03/10,2023-11-17,東部,
C03864,Customer_3864,M,1993-10-20,2024-06-12,北部,
C03865,Customer_3865,M,1974-10-19,2021-07-10,離島,
C03866,Customer_3866,F,2000-01-06,2021-05-24,南部,
C03867,Customer_3867,M,1977-10-02,2020-11-10,東部,
C03868,Customer_3868,F,1966-06-30,2023-02-08,北部,
C03869,Customer_3869,M,1993-02-21,2021-02-09,南部,
C03870,Customer_3870,F,2007-06-03,2021-09-14,離島,
C03871,Customer_3871,F,1999-07-20,2023-01-28,南部,
C03872,Customer_3872,M,,2023-09-15,離島,
C03873,Customer_3873,M,1992-11-05,2021-02-24,南部,
C03874,Customer_3874,F,1968-12-10,2023-09-08,南部,
C03875,Customer_3875,M,1986-08-16,2024-08-02,離島,
C03876,Customer_3876,M,1988-10-08,2020-10-21,東部,2024-03-12
C03877,Customer_3877,M,1996-03-20,2022-03-03,南部,
C03878,Customer_3878,M,1981-02-21,2024-08-26,離島,
C03879,Customer_3879,M,1997-07-10,2020-10-09,東部,
C03880,Customer_3880,F,2006-11-10,2021-05-18,東部,
C03881,Customer_3881,F,2004-04-09,2020-08-25,中部,
C03882,Customer_3882,M,1994-07-03,2023-10-13,東部,
C03883,Customer_3883,F,1979-07-08,2022-03-01,離島,
C03884,Customer_3884,M,2002-10-17,2024-02-04,北部,2024-05-01
C03885,Customer_3885,M,1987-02-16,2024-07-17,,
C03886,Customer_3886,F,1997-05-05,2021-08-15,南部,
C03887,Customer_3887,M,1993-05-01,2022-01-25,北部,
C03888,Customer_3888,M,2007-02-06,2021-05-25,中部,2024-11-11
C03889,Customer_3889,M,1993-12-04,2024-06-07,南部,
C03890,Customer_3890,F,2000-09-02,2021-11-28,北部,2022-11-19
C03891,Customer_3891,M,1974-12-22,2024-08-04,離島,
C03892,Customer_3892,F,1980-12-12,2021-04-10,東部,
C03893,Customer_3893,M,1972-01-09,2020-09-16,中部,
C03894,Customer_3894,F,1980-07-19,2023-07-03,南部,2024-11-21
C03895,Customer_3895,F,1994-12-22,2021-06-11,北部,
C03896,Customer_3896,M,1988-09-08,2025-01-13,東部,
C03897,Customer_3897,F,1993-11-30,2024-11-24,離島,2025-05-10
C03898,Customer_3898,M,1987-02-02,2021-03-09,北部,
C03899,Customer_3899,M,1991-01-08,2020-11-09,離島,
C03900,Customer_3900,M,1975/08/24,2022-09-19,中部,
C03901,Customer_3901,M,1988-04-05,2021-02-01,北部,
C03902,Customer_3902,F,1967-04-18,2022-03-20,離島,
C03903,Customer_3903,F,1975-04-10,2022-02-25,離島,
C03904,Customer_3904,M,1986-03-29,2021-11-20,東部,
C03905,Customer_3905,M,1995-05-13,2021-04-06,北部,
C03906,Customer_3906,F,1997-07-29,2020-11-12,東部,
C03907,Customer_3907,M,1974-04,2023-07-09,東部,
C03908,Customer_3908,F,1984-06-08,2024-03-29,北部,
C03909,Customer_3909,F,1995/04/23,2022-04-14,離島,
C03910,Customer_3910,M,2005-11-24,2021-07-29,南部,
C03911,Customer_3911,M,1974-10-19,2025-02-04,中部,
C03912,Customer_3912,M,2003-12-30,2023-01-24,南部,
C03913,Customer_3913,M,1990-12-30,2021-07-18,東部,
C03914,Customer_3914,M,1966-06-08,2023-01-01,中部,2024-09-07
C03915,Customer_3915,F,1974-03-18,2022-09-15,北部,
C03916,Customer_3916,M,,2023-06-13,南部,
C03917,Customer_3917,M,1998-10-21,2022-07-29,南部,
C03918,Customer_3918,M,1996-10-25,2021-08-03,北部,
C03919,Customer_3919,M,2005-06-02,2021-04-21,北部,
C03920,Customer_3920,F,1989-11-26,2021-01-15,離島,
C03921,Customer_3921,M,1994-08-09,2023-09-25,北部,
C03922,Customer_3922,M,1978-08-02,2023-07-02,南部,2023-07-13
C03923,Customer_3923,M,1998-08-20,2020-11-06,東部,
C03924,Customer_3924,M,2006-02-27,2022-04-07,北部,
C03925,Customer_3925,M,1976-03-10,2023-06-24,南部,
C03926,Customer_3926,M,2004-11-11,2023-09-20,北部,
C03927,Customer_3927,M,1969-03-23,2022-04-18,南部,2023-01-17
C03928,Customer_3928,F,1972-06-23,2022-10-01,北部,
C03929,Customer_3929,F,1990-04-22,2024-11-14,北部,
C03930,Customer_3930,F,1996-04-03,2020-08-16,東部,
C03931,Customer_3931,F,1984-04-06,2025-07-03,中部,
C03932,Customer_3932,F,1972-12-06,2021-12-13,北部,
C03933,Customer_3933,F,1989-02-18,2022-09-04,中部,
C03934,Customer_3934,M,1988-06-22,2023-02-28,南部,
C03935,Customer_3935,M,2005-03-26,2024-06-18,東部,
C03936,Customer_3936,M,,2021-01-09,中部,
C03937,Customer_3937,M,1998-10-22,2024-05-04,離島,
C03938,Customer_3938,M,1994-01-09,2024-01-27,東部,
C03939,Customer_3939,M,2007-08-12,2024-07-25,中部,
C03940,Customer_3940,M,1990-09-04,2022-06-14,北部,
C03941,Customer_3941,F,1993-03-30,2022-02-10,離島,
C03942,Customer_3942,F,1993-09-04,2022-12-03,北部,
C03943,Customer_3943,M,2000-01-02,2024-08-12,離島,
C03944,Customer_3944,M,2003-11-24,2023-04-06,北部,
C03945,Customer_3945,F,1980-08-09,2023-02-07,中部,
C03946,Customer_3946,M,1990-05-28,2020-11-03,南部,
C03947,Customer_3947,F,2000-11-16,2024-01-26,中部,2024-11-23
C03948,Customer_3948,F,1970-04-17,2025-03-05,,2025-04-29
C03949,Customer_3949,F,2005-09-12,2022-12-24,北部,
C03950,Customer_3950,F,1978-03-19,2021-10-20,北部,
C03951,Customer_3951,M,1991-09-19,2022-10-17,中部,
C03952,Customer_3952,F,1974-02-06,2023-01-05,離島,
C03953,Customer_3953,F,1998-02-24,2022-09-12,南部,2022-11-14
C03954,Customer_3954,M,1976-05-13,2021-08-16,東部,
C03955,Customer_3955,F,1968-09-21,2021-03-07,北部,2023-02-15
C03956,Customer_3956,F,1972-02-13,2025-06-06,中部,
C03957,Customer_3957,M,1985-07-05,2023-11-17,東部,
C03958,Customer_3958,F,1988-09-18,2024-08-30,中部,2025-03-14
C03959,Customer_3959,F,2007-02-12,2022-02-23,中部,2023-03-11
C03960,Customer_3960,F,2007-06-26,2025-05-26,北部,
C03961,Customer_3961,M,2005-05-30,2022-07-27,北部,
C03962,Customer_3962,F,1977-11-19,2024-02-18,離島,
C03963,Customer_3963,F,1977-07-27,2020-10-31,東部,
C03964,Customer_3964,F,1989-03-01,2024-12-09,東部,
C03965,Customer_3965,M,1969-10-16,2022-09-25,中部,
C03966,Customer_3966,M,1980-05-29,2020-10-06,北部,2025-01-20
C03967,Customer_3967,M,1994-10-30,2024-03-07,中部,
C03968,Customer_3968,M,2002-06-18,2024-06-04,南部,
C03969,Customer_3969,F,1977-06-04,2022-10-08,北部,
C03970,Customer_3970,M,2003-08-21,2024-01-20,南部,2025-04-08
C03971,Customer_3971,F,1967-02-09,2024-06-28,北部,
C03972,Customer_3972,F,1982-12-21,2022-09-19,東部,
C03973,Customer_3973,M,1991-10-22,2021-07-30,南部,
C03974,Customer_3974,M,2001-10-31,2024-06-18,中部,
C03975,Customer_3975,M,1999-05-13,2022-05-24,北部,2024-07-29
C03976,Customer_3976,F,1979-01-16,2022-05-16,東部,
C03977,Customer_3977,M,2006-03-15,2023-08-23,離島,
C03978,Customer_967,M,1975-04-09,2025-04-14,離島,2025-07-25
C03979,Customer_3979,F,1971-11-02,2022-08-31,東部,
C03980,Customer_3980,M,1969-01-25,2024-01-20,東部,
C03981,Customer_3981,F,1977-02-13,2020-09-24,北部,
C03982,Customer_3982,M,1967-03-01,2020-10-21,離島,
C03983,Customer_3983,M,1970-08-25,2023-03-06,東部,
C03984,Customer_3984,F,1981-12-16,2023-11-21,東部,
C03985,Customer_3985,M,1982/02/27,2021-08-20,離島,2025-06-11
C03986,Customer_3986,M,1983-07-05,2021-09-18,中部,
C03987,Customer_3987,M,1971-01-08,2024-05-22,離島,
C03988,Customer_3988,M,1971-06-27,2021-03-05,北部,2023-07-27
C03989,Customer_3989,M,1970-07-01,2023-02-04,中部,
C03990,Customer_3990,M,1983-12-10,2023-08-21,中部,
C03991,Customer_3991,M,2007-06-17,2021-02-02,離島,
C03992,Customer_3992,F,2001-04-24,2021-04-25,中部,
C03993,Customer_3993,M,1999-03-20,2023-02-17,南部,2024-03-15
C03994,Customer_3994,F,1990-10-13,2024-05-10,中部,2024-10-10
C03995,Customer_3995,F,2001-01-31,2021-09-24,中部,
C03996,Customer_3996,F,2004-06-28,2024-01-17,北部,2024-05-22
C03997,Customer_3997,M,1980-07-01,2023-12-09,,
C03998,Customer_3998,F,1971-03-31,2024-01-16,北部,
C03999,Customer_3999,M,1969-03-16,2025-04-05,南部,
C04000,Customer_4000,M,2004-04-30,2025-04-11,東部,
C04001,Customer_4001,F,1993-03-03,2023-05-02,北部,
C04002,Customer_4002,M,1985-12,2023-01-07,中部,
C04003,Customer_4003,F,1968-08-20,2022-08-24,南部,
C04004,Customer_4004,M,1977-11-24,2023-09-15,東部,
C04005,Customer_4005,F,1996-01-26,2024-02-25,南部,
C04006,Customer_4006,M,1979-03-18,2023-09-04,中部,
C04007,Customer_4007,F,1990/02/28,2023-09-08,離島,
C04008,Customer_4008,M,1990-10-19,2024-07-30,東部,
C04009,Customer_4009,M,2007-04-23,2025-02-03,東部,
C04010,Customer_4010,F,1992-07-10,2023-10-18,離島,
C04011,Customer_4011,F,1970-08-23,2025-04-17,南部,
C04012,Customer_4012,M,1986-06-10,2021-07-11,北部,
C04013,Customer_4013,F,1966-03-13,2022-05-09,東部,
C04014,Customer_4014,M,1983-04-04,2021-09-14,東部,
C04015,Customer_4015,M,1966-06-08,2022-10-11,離島,
C04016,Customer_4016,F,1990/12/03,2023-07-31,離島,
C04017,Customer_4017,F,2003/01/04,2021-11-13,中部,
C04018,Customer_4018,M,1980-10-25,2021-12-01,中部,
C04019,Customer_4019,F,1966-06-11,2023-04-24,南部,
C04020,Customer_4020,F,1969-06-14,2023-12-31,南部,2025-01-07
C04021,Customer_4021,F,2007-02-20,2025-03-26,中部,2025-06-05
C04022,Customer_4022,F,2007-05-15,2021-04-24,中部,2023-04-02
C04023,Customer_4023,F,1986-02-17,2021-06-24,離島,2023-03-06
C04024,Customer_4024,M,1977-01-27,2021-11-09,東部,
C04025,Customer_4025,F,1981-10-05,2021-01-02,東部,
C04026,Customer_4026,F,1971-01-02,2020-10-11,中部,2021-01-10
C04027,Customer_4027,M,1983/10/15,2024-10-24,中部,
C04028,Customer_4028,F,1967-06-14,2025-03-08,中部,2025-06-11
C04029,Customer_4029,M,1976-06-30,2021-05-27,東部,
C04030,Customer_4030,M,2003-03-05,2021-02-13,中部,
C04031,Customer_4031,F,2006-03-24,2021-03-11,中部,
C04032,Customer_4032,M,2001-03,2023-03-07,,2023-09-17
C04033,Customer_4033,M,1968-04-01,2024-03-24,南部,2025-06-17
C04034,Customer_4034,F,1972-04-08,2024-07-29,東部,
C04035,Customer_4035,M,1970-11-01,2021-02-08,南部,
C04036,Customer_4036,F,1966-02-11,2023-03-17,離島,
C04037,Customer_4037,M,1982-12-19,2022-08-27,離島,
C04038,Customer_4038,M,1972-03-10,2022-10-17,離島,
C04039,Customer_4039,M,1966-09-01,2021-05-11,中部,
C04040,Customer_4040,M,1978-07-09,2024-02-27,中部,
C04041,Customer_4041,F,1972-03,2023-08-26,,
C04042,Customer_4042,F,1967-05-10,2024-07-30,中部,
C04043,Customer_4043,F,2001-09-19,2021-11-06,離島,
C04044,Customer_4044,M,1989-11-18,2024-01-18,,
C04045,Customer_4045,F,2000-09-17,2020-10-11,中部,
C04046,Customer_4046,F,1998-06-05,2025-06-12,北部,
C04047,Customer_4047,M,2006-07-26,2024-01-20,南部,
C04048,Customer_4048,M,1971-06-20,2021-03-16,中部,2023-04-22
C04049,Customer_4049,M,1995/03/12,2022-12-07,中部,
C04050,Customer_4050,M,,2022-05-22,東部,
C04051,Customer_4051,M,1999-03-05,2021-11-02,東部,
C04052,Customer_4052,F,1999-06-10,2020-11-24,離島,
C04053,Customer_4053,M,1975-04-25,2021-03-06,北部,
C04054,Customer_4054,F,1967-02-02,2022-06-09,北部,
C04055,Customer_4055,F,2004-07-23,2023-04-10,南部,
C04056,Customer_4056,F,1997-07-30,2022-02-11,北部,
C04057,Customer_4057,M,1984-01-23,2023-09-13,南部,
C04058,Customer_4058,F,1970-10-26,2023-06-19,中部,2024-06-01
C04059,Customer_4059,M,1974-12-09,2023-01-29,中部,
C04060,Customer_4060,M,1998-01-24,2024-11-07,北部,
C04061,Customer_4061,F,1968-04-26,2021-07-15,北部,
C04062,Customer_4062,M,1979-03-30,2021-12-18,中部,
C04063,Customer_4063,F,1975-04-24,2024-08-29,離島,
C04064,Customer_4064,M,1985-11-06,2021-08-25,北部,
C04065,Customer_4065,F,1979-11-24,2024-05-13,北部,
C04066,Customer_4066,F,1993-02-25,2022-01-26,北部,
C04067,Customer_4067,F,1974-04-09,2021-12-05,南部,
C04068,Customer_4068,M,1970-12-13,2022-04-20,北部,
C04069,Customer_4069,M,1990-08-18,2025-06-06,北部,
C04070,Customer_4070,M,1983-03-31,2022-03-06,中部,
C04071,Customer_4071,F,1985-01-10,2020-12-10,中部,
C04072,Customer_4072,M,1984-09-12,2025-07-23,離島,
C04073,Customer_4073,M,1991-07-13,2023-05-31,南部,
C04074,Customer_4074,M,1970-02-27,2020-10-18,東部,
C04075,Customer_4075,M,1983-01-14,2024-09-04,離島,
C04076,Customer_4076,M,1978-11-10,2024-04-10,中部,2025-02-09
C04077,Customer_4077,F,1990-01-10,2023-01-23,中部,
C04078,Customer_4078,M,1997-11-02,2024-07-20,南部,
C04079,Customer_4079,M,1995-05-22,2021-02-10,中部,
C04080,Customer_4080,F,2003-06-05,2022-08-30,北部,
C04081,Customer_4081,F,1999-10-25,2022-05-01,北部,
C04082,Customer_4082,M,1983-04-09,2025-07-03,中部,
C04083,Customer_4083,M,2007-04-09,2025-03-04,北部,
C04084,Customer_4084,M,1968-05-13,2023-07-08,中部,
C04085,Customer_4085,F,1972-03-31,2023-11-23,中部,
C04086,Customer_4086,M,1971-05-02,2024-01-11,離島,
C04087,Customer_4087,F,1976-06-24,2023-01-12,離島,
C04088,Customer_4088,M,2001-12-09,2021-02-01,南部,
C04089,Customer_4089,F,1982-03-14,2021-08-20,中部,
C04090,Customer_4090,F,1998-07-01,2022-05-03,北部,
C04091,Customer_4091,F,1994-07-31,2023-09-17,中部,
C04092,Customer_4092,M,1965-10-25,2023-08-05,南部,2024-03-20
C04093,Customer_4093,M,2000-12-03,2023-09-29,北部,
C04094,Customer_4094,M,1990-09-24,2022-03-31,南部,
C04095,Customer_4095,F,1973-04-27,2020-11-06,南部,
C04096,Customer_4096,M,1985-08-25,2024-08-27,中部,
C04097,Customer_4097,M,1965-09-08,2022-08-02,離島,
C04098,Customer_4098,M,1968-06-25,2023-09-18,中部,
C04099,Customer_4099,F,1968-11-22,2022-03-03,中部,
C04100,Customer_4100,F,1970-01-25,2022-07-01,南部,
C04101,Customer_4101,F,1977-11-21,2022-04-12,北部,
C04102,Customer_4102,F,1995-02-15,2023-09-26,離島,
C04103,Customer_4103,F,1986-01-05,2023-10-31,離島,
C04104,Customer_4104,M,2000-05-30,2024-07-28,東部,
C04105,Customer_4105,M,1984-12-06,2025-02-15,南部,
C04106,Customer_4106,M,1994-08-18,2020-09-16,中部,
C04107,Customer_4107,M,1973-12-31,2024-09-07,北部,2024-09-13
C04108,Customer_4108,F,1994-06-24,2022-10-22,離島,
C04109,Customer_4109,F,1990-08-13,2021-08-07,離島,2025-02-07
C04110,Customer_4110,M,,2023-06-30,北部,
C04111,Customer_4111,F,1969-11-19,2024-11-13,北部,
C04112,Customer_4112,F,1975-03-03,2023-08-10,北部,
C04113,Customer_4113,F,1982-10-06,2022-03-20,南部,
C04114,Customer_4114,F,1985-10-21,2022-08-28,北部,
C04115,Customer_4115,F,1999-08-18,2021-12-27,離島,
C04116,Customer_4116,F,1985-06-19,2021-06-17,南部,
C04117,Customer_4117,F,1996-10-01,2021-04-12,離島,
C04118,Customer_4797,M,1976-03-06,2021-05-22,北部,
C04119,Customer_4119,F,1991-02-18,2023-07-15,北部,
C04120,Customer_4120,M,2003-12-24,2025-01-16,離島,2025-07-31
C04121,Customer_4121,F,1998-05-21,2025-05-23,南部,
C04122,Customer_4122,M,1969-08-14,2022-07-23,離島,
C04123,Customer_4123,M,1977-09-19,2024-04-24,南部,
C04124,Customer_4124,M,2005-07-08,2025-03-02,北部,
C04125,Customer_4125,M,1993-01-15,2023-07-27,中部,
C04126,Customer_4126,F,2004-09-01,2025-01-30,南部,
C04127,Customer_4127,F,1982-03-21,2020-12-28,中部,
C04128,Customer_4128,F,2002-12-31,2021-09-20,南部,2021-10-23
C04129,Customer_4129,M,2003-11-03,2024-10-25,南部,
C04130,Customer_4130,M,1989-09,2025-06-26,離島,
C04131,Customer_4131,F,1969-01-15,2022-01-26,南部,
C04132,Customer_4132,M,1993-02-21,2021-07-24,北部,
C04133,Customer_4133,F,1978-02-02,2025-05-14,北部,
C04134,Customer_4134,M,2004-08-12,2021-06-10,北部,2023-07-25
C04135,Customer_4135,F,1992-07-10,2025-07-10,北部,
C04136,Customer_4136,F,1984-12-19,2022-09-15,東部,2025-06-07
C04137,Customer_4137,F,2000-06-01,2023-04-14,南部,
C04138,Customer_4138,F,1974-12,2025-05-17,,
C04139,Customer_4139,F,1999-03-04,2025-04-02,北部,
C04140,Customer_4140,F,1968-07-15,2022-08-24,南部,
C04141,Customer_4141,M,1983-06-09,2022-03-23,北部,
C04142,Customer_4142,M,1969-01-12,2023-10-07,離島,2025-06-29
C04143,Customer_4143,F,1987-04-03,2024-05-19,南部,
C04144,Customer_4144,F,1975-09-19,2024-05-24,南部,2025-03-09
C04145,Customer_4145,M,1978-05-26,2025-05-12,東部,
C04146,Customer_4146,M,1996-10-09,2021-01-04,東部,
C04147,Customer_4147,F,1978-06-23,2023-01-17,北部,
C04148,Customer_4148,M,1965-09-04,2021-01-04,南部,
C04149,Customer_4149,M,2001-11-06,2022-05-20,東部,2024-09-01
C04150,Customer_4150,F,1991-01-09,2024-07-19,南部,2025-07-18
C04151,Customer_4151,F,1971-04-12,2023-01-20,東部,
C04152,Customer_4152,F,1996-08-01,2022-02-10,離島,
C04153,Customer_4153,M,1990-10-27,2024-08-01,東部,
C04154,Customer_4154,F,1973-07-14,2025-03-14,離島,
C04155,Customer_4155,M,1974-01,2024-04-20,離島,
C04156,Customer_4156,M,1979-04-07,2022-09-02,東部,
C04157,Customer_4157,M,1974-02-21,2022-11-25,南部,
C04158,Customer_4158,M,1997-01-31,2024-06-23,離島,2025-04-04
C04159,Customer_4159,M,1998/01/10,2025-07-02,中部,
C04160,Customer_4160,M,1966/11/23,2023-07-01,離島,2025-04-16
C04161,Customer_4161,F,1988-09-14,2021-12-05,中部,2024-05-03
C04162,Customer_4162,M,1998-10-25,2024-04-16,北部,2025-02-13
C04163,Customer_4163,M,1994-03-18,2025-04-12,中部,
C04164,Customer_4164,M,1966-06-11,2021-03-11,,
C04165,Customer_4165,M,2003-08-13,2021-04-10,離島,
C04166,Customer_4166,M,1993-01-13,2022-12-06,離島,
C04167,Customer_4167,M,2005-04-17,2025-02-08,南部,
C04168,Customer_4168,M,1993-01-01,2023-05-27,北部,
C04169,Customer_4169,M,2006-05-25,2022-05-11,東部,
C04170,Customer_4170,F,2001-11-10,2021-07-06,南部,
C04171,Customer_4171,F,1970/12/26,2020-12-31,離島,
C04172,Customer_4172,M,1977-06-30,2021-07-29,離島,
C04173,Customer_4173,M,1968-02-06,2024-07-24,東部,
C04174,Customer_4174,F,1997-06-06,2025-01-25,北部,
C04175,Customer_4175,F,1973-06-17,2021-12-07,中部,
C04176,Customer_4176,F,1981-01-21,2024-10-12,離島,2025-04-02
C04177,Customer_4177,M,1966-02-02,2024-09-14,東部,
C04178,Customer_4178,M,1970-12-03,2023-03-16,離島,
C04179,Customer_4179,M,1995-03-22,2022-09-08,南部,
C04180,Customer_4180,M,1995-12,2022-08-01,中部,2023-02-07
C04181,Customer_4181,M,1984-10-15,2024-07-25,離島,
C04182,Customer_4182,F,1976-02-07,2025-04-09,北部,
C04183,Customer_4183,M,2005-02-16,2025-02-09,東部,
C04184,Customer_4184,F,1994-12-27,2022-05-09,中部,
C04185,Customer_4185,M,1987-03-24,2025-04-26,南部,
C04186,Customer_4186,F,2006-01-16,2021-05-17,北部,
C04187,Customer_4187,M,1978-12-31,2021-11-25,北部,2025-01-17
C04188,Customer_4188,F,1997-12-27,2023-08-26,東部,
C04189,Customer_4189,M,2000-02-29,2024-05-13,南部,
C04190,Customer_4190,M,1975-10-11,2021-03-02,中部,
C04191,Customer_4191,M,1981-10-30,2023-02-04,北部,
C04192,Customer_4192,F,1996-04-19,2022-10-21,離島,
C04193,Customer_4193,M,1969-12-29,2021-04-10,中部,
C04194,Customer_4194,F,1971-02-28,2022-02-01,南部,
C04195,Customer_4195,M,1993-06-26,2024-06-14,南部,2025-04-05
C04196,Customer_4196,M,2004-08-04,2024-06-18,離島,2025-04-22
C04197,Customer_4197,M,,2021-04-25,南部,
C04198,Customer_4198,M,1965-12-13,2021-08-10,中部,
C04199,Customer_4199,M,2005-02-22,2024-03-15,離島,
C04200,Customer_4200,M,1972-04-30,2024-01-29,東部,
C04201,Customer_4201,F,1980-12-03,2020-12-19,南部,
C04202,Customer_4202,M,1998-07-30,2024-11-11,離島,2025-03-15
C04203,Customer_4203,F,1990-09-06,2024-03-18,東部,2024-12-18
C04204,Customer_4204,F,1995-01-08,2022-01-14,離島,
C04205,Customer_4205,F,1969-03-01,2020-09-03,北部,
C04206,Customer_4206,F,1973/12/14,2020-12-07,中部,
C04207,Customer_4207,M,1981-04-03,2021-01-02,離島,
C04208,Customer_4208,F,1982-05-25,2021-12-27,南部,
C04209,Customer_4209,M,1967-02-12,2020-09-02,離島,2023-04-28
C04210,Customer_4210,M,1997-01-15,2021-07-22,北部,
C04211,Customer_4211,F,1973-07-08,2022-07-30,東部,
C04212,Customer_4212,F,1983-04-17,2021-11-04,離島,
C04213,Customer_4213,F,1993-05-30,2022-08-10,南部,
C04214,Customer_4214,F,1989-11-07,2025-01-25,東部,
C04215,Customer_4215,F,2000-05-09,2022-10-16,南部,
C04216,Customer_4216,F,1990-10-20,2023-12-18,南部,2024-06-20
C04217,Customer_4217,M,1990-10-31,2023-03-31,北部,2023-04-24
C04218,Customer_4218,F,1984-07-31,2024-04-04,北部,
C04219,Customer_4219,F,1985-07-18,2024-12-18,中部,
C04220,Customer_4220,F,1965-11-17,2024-09-20,南部,
C04221,Customer_4221,M,2005-04-16,2021-12-21,南部,
C04222,Customer_4222,F,1980-05-27,2023-03-04,北部,
C04223,Customer_4223,M,2002/05/02,2024-11-09,離島,
C04224,Customer_4224,F,1976-07-07,2024-09-25,中部,
C04225,Customer_4225,M,1994-03-22,2024-12-31,南部,
C04226,Customer_4226,M,1974-12-19,2022-03-30,離島,
C04227,Customer_4227,M,2006-04-10,2020-09-02,北部,
C04228,Customer_4228,M,1977-08-22,2022-01-06,北部,
C04229,Customer_4229,F,1974-10-10,2020-09-09,南部,
C04230,Customer_4230,M,1981-07-22,2024-04-08,離島,
C04231,Customer_4231,M,1997-01-31,2023-03-15,中部,
C04232,Customer_4232,M,1985-10,2023-04-24,南部,
C04233,Customer_4233,M,1984-07-03,2021-11-17,東部,
C04234,Customer_4234,M,1971-08-02,2021-04-12,北部,
C04235,Customer_4235,M,1993-09-09,2021-04-09,北部,
C04236,Customer_4236,F,1975-03,2025-04-16,中部,
C04237,Customer_4237,M,2004-10-27,2021-10-25,中部,
C04238,Customer_4238,M,1996-07-21,2022-07-16,中部,
C04239,Customer_4239,F,1971-08-26,2024-07-31,離島,2024-12-30
C04240,Customer_4240,M,2003-07-14,2021-10-26,中部,2023-11-16
C04241,Customer_4241,M,2001-06-10,2022-11-18,東部,2024-07-29
C04242,Customer_4242,F,,2022-12-13,北部,2024-11-06
C04243,Customer_4243,F,1972-11,2025-06-10,離島,
C04244,Customer_4244,M,,2020-10-01,中部,
C04245,Customer_4245,M,1972-12-19,2024-05-20,東部,
C04246,Customer_4246,M,1975-11-13,2021-01-08,中部,
C04247,Customer_4247,F,2005-01-11,2023-05-29,南部,
C04248,Customer_4248,F,1975-06-17,2021-09-11,東部,
C04249,Customer_4249,F,1973-10-17,2021-10-10,離島,
C04250,Customer_4250,F,1969-03-09,2024-08-17,南部,
C04251,Customer_4251,M,1984-08-30,2025-08-09,東部,
C04252,Customer_4252,M,2001-03-11,2022-06-18,東部,
C04253,Customer_4253,M,1995-02-18,2023-06-17,南部,
C04254,Customer_4254,F,1983/02/23,2023-05-02,南部,
C04255,Customer_4255,F,1989-06-30,2025-01-20,北部,
C04256,Customer_4256,M,2003-02-24,2020-10-21,北部,
C04257,Customer_4257,F,1977-10-17,2021-10-19,中部,
C04258,Customer_4258,M,1990-04-01,2021-11-20,東部,2023-07-12
C04259,Customer_4259,M,1969-08-18,2025-01-06,北部,
C04260,Customer_4260,F,1986-12-08,2020-10-25,中部,
C04261,Customer_4261,F,1986-10-20,2022-09-28,南部,
C04262,Customer_4262,F,1973-05-26,2025-01-25,離島,2025-05-16
C04263,Customer_4263,M,1983-03-14,2025-04-13,東部,
C04264,Customer_4264,M,1990-01-06,2022-10-05,中部,
C04265,Customer_4265,F,1978-05-18,2023-08-04,南部,
C04266,Customer_4266,F,2005-01-29,2024-10-06,中部,
C04267,Customer_4267,M,1992-05-20,2023-08-25,南部,
C04268,Customer_4268,M,1987-11-19,2023-04-29,東部,
C04269,Customer_4269,M,1993-08-03,2021-02-27,東部,2022-10-20
C04270,Customer_4270,M,1971-11-27,2021-02-21,北部,
C04271,Customer_4271,F,,2023-03-28,北部,
C04272,Customer_4272,M,2002-08-29,2020-08-30,中部,2023-09-18
C04273,Customer_4273,F,1990-12-19,2022-04-03,,
C04274,Customer_4274,M,2004-02-27,2023-01-03,中部,2024-05-18
C04275,Customer_4275,M,1996-08-12,2024-07-24,離島,
C04276,Customer_4276,F,1980-09-30,2021-12-18,東部,
C04277,Customer_4277,M,2006-06-22,2024-01-17,南部,
C04278,Customer_4278,M,1975-01-09,2020-10-15,南部,2022-08-19
C04279,Customer_4279,F,1972-02-16,2025-02-25,北部,2025-05-23
C04280,Customer_4280,F,1972-12-09,2022-10-13,東部,
C04281,Customer_4281,F,1969-12-23,2023-05-20,離島,
C04282,Customer_4282,F,1989-04-08,2021-06-24,離島,
C04283,Customer_4283,M,1988/07/23,2023-08-27,離島,
C04284,Customer_4284,F,1999-05-08,2021-07-19,中部,
C04285,Customer_4285,F,1975-12-28,2025-06-01,東部,2025-07-23
C04286,Customer_4286,M,1999-01-02,2024-09-28,東部,
C04287,Customer_4287,F,1966-02-08,2024-10-05,離島,
C04288,Customer_4288,F,1987-08-10,2022-12-22,東部,
C04289,Customer_4289,F,1975-03-08,2024-10-06,中部,2024-11-04
C04290,Customer_4290,M,1993-11-10,2020-12-12,離島,
C04291,Customer_4291,M,1988-01-21,2022-03-21,南部,
C04292,Customer_4292,M,1986-02-24,2025-05-19,中部,
C04293,Customer_4293,M,1969-02-05,2025-05-05,東部,
C04294,Customer_4294,M,1986-08-14,2024-03-23,北部,
C04295,Customer_4295,F,1994-01-28,2023-09-11,離島,
C04296,Customer_4296,M,1999-01-11,2024-01-07,中部,
C04297,Customer_4297,M,1982-12,2024-07-06,南部,2025-01-29
C04298,Customer_4298,M,1969-03-11,2024-09-22,東部,
C04299,Customer_4299,M,1972-08-01,2022-10-30,離島,
C04300,Customer_4300,F,2002-01-23,2024-10-14,南部,
C04301,Customer_4301,F,1989-07-30,2025-01-12,中部,
C04302,Customer_4302,F,1998-10-17,2024-07-25,北部,
C04303,Customer_4303,M,,2022-05-14,中部,
C04304,Customer_4304,F,2003-05-12,2023-10-24,北部,
C04305,Customer_4305,M,1989-07-16,2021-07-17,中部,
C04306,Customer_4306,M,1995-10-18,2024-08-03,中部,
C04307,Customer_4307,F,1987-12-22,2023-01-22,南部,
C04308,Customer_4308,F,1997-01-05,2021-12-30,中部,
C04309,Customer_4309,M,1969-03-15,2024-02-13,中部,
C04310,Customer_4310,F,1990-02-26,2025-06-10,東部,
C04311,Customer_4311,F,1977-05-25,2023-07-12,離島,2024-07-30
C04312,Customer_4312,M,1977-08-03,2025-04-20,東部,
C04313,Customer_4313,F,1971-02-05,2023-10-12,南部,
C04314,Customer_4314,M,1999-07-04,2020-08-25,,2023-03-24
C04315,Customer_4315,M,2003-06-20,2025-08-02,離島,
C04316,Customer_4316,M,1968-11-14,2025-04-04,中部,
C04317,Customer_4317,M,2000-03-02,2022-03-05,東部,2022-04-07
C04318,Customer_4318,M,1985-10-25,2021-10-24,離島,
C04319,Customer_4319,F,1980-02-29,2023-01-20,南部,
C04320,Customer_4320,F,2001-11-21,2022-07-16,中部,2023-12-23
C04321,Customer_4321,M,1979-03-14,2024-07-14,南部,
C04322,Customer_4322,F,1987-04-28,2023-01-01,東部,
C04323,Customer_4323,F,1980-08-17,2021-03-13,北部,
C04324,Customer_4324,M,1987-04-20,2022-12-15,中部,
C04325,Customer_4325,M,1991-07-13,2021-07-27,離島,
C04326,Customer_4326,F,1981-06-09,2021-07-17,東部,
C04327,Customer_4327,F,1991-10-07,2021-07-03,北部,
C04328,Customer_4328,F,2003-01-03,2024-10-04,中部,
C04329,Customer_4329,M,1983-06-03,2025-04-01,南部,
C04330,Customer_4330,F,1975-02-23,2024-12-16,中部,2025-04-07
C04331,Customer_4331,F,1985-07-25,2024-11-15,中部,
C04332,Customer_4332,M,1981-01-24,2025-03-06,北部,
C04333,Customer_4333,F,2007-01-17,2024-11-10,南部,2025-03-17
C04334,Customer_4334,F,1984-05-16,2025-01-16,中部,
C04335,Customer_4335,F,1984-08-29,2023-10-19,南部,
C04336,Customer_4336,F,1974-04-17,2022-03-14,離島,2025-06-06
C04337,Customer_4337,F,1988-10-08,2022-10-08,南部,
C04338,Customer_4338,F,2003-02-08,2023-04-16,中部,
C04339,Customer_4339,M,2005-08-10,2024-06-02,東部,
C04340,Customer_4340,M,1979-09-07,2023-12-28,離島,2024-01-06
C04341,Customer_4341,F,1985-12-04,2025-01-06,東部,
C04342,Customer_4342,M,2007-04-26,2022-06-27,東部,2023-11-18
C04343,Customer_4343,F,1992-09-27,2021-05-04,南部,
C04344,Customer_4344,M,1994-12-25,2025-03-11,中部,
C04345,Customer_4345,M,2005-11-25,2024-11-27,東部,
C04346,Customer_4346,F,1998-04-26,2023-09-18,離島,
C04347,Customer_4347,F,1966-11-22,2024-01-26,中部,2024-07-14
C04348,Customer_4348,M,1978-12-07,2023-03-16,北部,2023-12-22
C04349,Customer_4349,M,1971-12-15,2022-07-22,中部,2025-06-16
C04350,Customer_4350,F,1974-05-30,2024-10-31,南部,
C04351,Customer_4351,M,1966-09-01,2022-11-09,東部,
C04352,Customer_4352,M,1967-06-06,2025-03-08,南部,
C04353,Customer_4353,M,1975-08-08,2021-01-06,南部,
C04354,Customer_4354,M,1967-10-05,2021-07-05,中部,
C04355,Customer_4355,M,1991-05-23,2023-08-28,離島,
C04356,Customer_4356,M,1978-02-22,2021-02-08,中部,2022-02-07
C04357,Customer_4357,M,1999-07-14,2023-12-21,北部,
C04358,Customer_4358,M,1971-02-12,2022-10-02,北部,
C04359,Customer_4359,F,1981-02-24,2022-03-25,東部,
C04360,Customer_4360,F,2003-10-19,2023-03-02,中部,
C04361,Customer_4361,M,1994-03-31,2022-04-05,北部,
C04362,Customer_4362,F,1985-07-28,2021-06-09,中部,
C04363,Customer_4363,F,1983-10-16,2024-06-28,中部,
C04364,Customer_4364,M,1995-06,2022-06-30,北部,2024-04-26
C04365,Customer_4365,F,1998-05-24,2020-10-11,南部,
C04366,Customer_4366,M,1981-05-27,2021-10-27,東部,
C04367,Customer_4367,F,1969-06-26,2020-09-06,北部,
C04368,Customer_4368,F,,2021-11-03,中部,
C04369,Customer_4369,F,2007-02-22,2020-09-25,離島,
C04370,Customer_174,F,1968-05-30,2020-08-21,中部,
C04371,Customer_4371,M,1997-04-06,2023-05-05,南部,2024-01-03
C04372,Customer_4372,M,1981-10-20,2023-01-31,離島,
C04373,Customer_4373,F,2004-02-01,2024-05-23,離島,
C04374,Customer_4374,F,2002-01-18,2023-04-06,東部,
C04375,Customer_4375,M,1984-04-24,2023-12-27,離島,
C04376,Customer_4376,F,1978-09-04,2022-09-23,南部,
C04377,Customer_4377,F,1986-02-12,2023-11-24,東部,
C04378,Customer_4378,M,1997-01-30,2025-05-10,離島,
C04379,Customer_4379,F,2001-05-08,2021-10-17,離島,
C04380,Customer_4380,M,1990-06-07,2022-12-27,東部,
C04381,Customer_4381,F,1988-08-10,2021-05-24,中部,
C04382,Customer_4382,F,1978-04-18,2021-12-02,北部,
C04383,Customer_4383,F,1978-07-22,2025-05-24,東部,
C04384,Customer_4384,M,1979-05-29,2025-04-12,東部,
C04385,Customer_4385,F,1977-09-06,2022-12-10,中部,2023-11-04
C04386,Customer_4386,F,1975-07-06,2021-09-01,南部,
C04387,Customer_4387,M,1991-07-19,2023-02-10,東部,2024-09-07
C04388,Customer_4388,M,1998-09-23,2020-10-06,北部,
C04389,Customer_4389,M,2004-02-18,2023-04-22,離島,
C04390,Customer_4390,F,1988-12-02,2025-06-25,南部,
C04391,Customer_4391,M,1972-09-29,2020-09-01,東部,
C04392,Customer_4392,M,2003-05-04,2024-08-24,北部,
C04393,Customer_4393,M,1966-09-08,2021-08-11,南部,
C04394,Customer_4394,F,1980-07-29,2022-03-23,北部,
C04395,Customer_4395,M,1968-11-25,2023-02-27,中部,
C04396,Customer_4396,M,1998-07-26,2023-06-17,北部,
C04397,Customer_4397,F,1971-08-08,2022-01-31,中部,2024-10-23
C04398,Customer_4398,M,1992-01-29,2023-04-07,離島,
C04399,Customer_4399,F,2007-01-11,2024-10-20,離島,2024-11-27
C04400,Customer_4400,M,2001-05-31,2020-09-01,中部,
C04401,Customer_4401,M,1981-02-23,2023-10-10,中部,2025-03-30
C04402,Customer_4402,F,1976-08-04,2024-08-03,東部,2025-04-27
C04403,Customer_4403,F,1966-02-17,2023-01-30,離島,2024-08-06
C04404,Customer_4404,M,1994-04-01,2025-06-05,中部,
C04405,Customer_4405,M,1988-12-27,2023-02-23,北部,
C04406,Customer_4406,F,1999-01-22,2022-03-10,,
C04407,Customer_4407,M,1997-12-11,2022-08-11,南部,
C04408,Customer_4408,F,1982-08-15,2025-07-25,中部,2025-07-27
C04409,Customer_4409,F,1984/02/16,2020-11-26,中部,
C04410,Customer_4410,F,1989-02-21,2022-04-15,北部,2024-05-12
C04411,Customer_4411,M,2004-02-04,2021-11-23,東部,
C04412,Customer_4412,F,2001-02-01,2023-09-24,南部,
C04413,Customer_4413,M,1977-02-05,2023-12-26,北部,
C04414,Customer_4414,F,1998-04-02,2023-01-30,離島,
C04415,Customer_4415,M,1994-02-02,2021-08-17,北部,
C04416,Customer_4416,F,1974-01-17,2022-05-17,中部,2024-11-21
C04417,Customer_4417,M,2004-09-23,2021-08-17,離島,
C04418,Customer_4418,F,1967-09-27,2021-02-26,南部,2024-11-12
C04419,Customer_4419,F,2000-04-15,2022-10-13,中部,
C04420,Customer_4420,F,1968-06-01,2021-12-13,中部,
C04421,Customer_4421,M,1979-07-06,2020-11-02,南部,
C04422,Customer_4422,F,1980-07-11,2025-05-29,東部,
C04423,Customer_4423,M,1996-09-06,2022-12-29,北部,
C04424,Customer_4424,M,2007-06-13,2022-08-02,東部,
C04425,Customer_4425,F,1990-01-18,2023-06-03,中部,
C04426,Customer_4426,M,1997-09-25,2023-03-06,南部,
C04427,Customer_4427,F,1996-01-01,2024-05-08,離島,2024-11-04
C04428,Customer_4428,F,1973-08-14,2022-02-09,離島,2023-02-10
C04429,Customer_4429,M,1976-06-23,2024-06-16,中部,
C04430,Customer_4430,F,1993-02-22,2021-09-19,中部,2022-06-17
C04431,Customer_4431,F,1990-06-06,2021-09-20,北部,
C04432,Customer_4432,M,2001-01-27,2025-06-26,北部,
C04433,Customer_4433,M,1995-08-21,2021-11-23,東部,
C04434,Customer_4434,F,1978-09-07,2020-12-24,北部,
C04435,Customer_4435,F,1993-06-11,2021-11-18,南部,2025-04-19
C04436,Customer_4436,F,1999-05-23,2023-12-06,,
C04437,Customer_4437,F,2003-03-29,2024-07-10,東部,
C04438,Customer_4438,F,2001-01-11,2023-02-08,東部,
C04439,Customer_4439,M,1972-06-10,2025-05-03,南部,
C04440,Customer_4440,F,1995-09-10,2020-12-23,東部,
C04441,Customer_4441,M,1986-06-22,2025-05-10,北部,
C04442,Customer_4442,F,1968-01-25,2022-04-09,離島,
C04443,Customer_4443,M,1977-09-24,2020-10-24,北部,
C04444,Customer_4444,F,2000-12-29,2022-10-11,南部,
C04445,Customer_4445,M,1999-02-24,2023-10-18,中部,
C04446,Customer_4446,F,1989-02-09,2024-10-20,北部,2025-05-11
C04447,Customer_4447,F,1981-03-04,2023-11-17,中部,
C04448,Customer_4448,M,1994-10-22,2025-05-01,北部,
C04449,Customer_4449,F,1965/09/21,2024-01-21,北部,
C04450,Customer_4450,M,1976-08-14,2024-12-28,北部,
C04451,Customer_4451,M,,2022-02-06,中部,
C04452,Customer_4452,M,1976-02-23,2023-04-05,離島,
C04453,Customer_4453,F,1974-12-07,2025-05-24,離島,
C04454,Customer_4454,M,1979-07-01,2021-05-24,北部,
C04455,Customer_4455,M,1992-09-07,2020-12-09,離島,
C04456,Customer_4456,M,1977-08-04,2021-01-14,南部,
C04457,Customer_4457,M,1984-06-07,2022-05-22,中部,
C04458,Customer_4458,F,2005/05/29,2023-02-12,離島,
C04459,Customer_4459,M,1993-12-11,2024-05-15,南部,2025-05-17
C04460,Customer_4460,F,1967-09,2023-03-28,北部,
C04461,Customer_4461,M,1992-02-27,2022-01-21,北部,
C04462,Customer_4462,F,1996-01-03,2024-11-16,中部,
C04463,Customer_4463,M,1998-01-02,2021-08-16,南部,
C04464,Customer_4464,F,1986-01-13,2025-04-22,北部,2025-06-13
C04465,Customer_4465,F,1970-01-22,2021-11-06,東部,
C04466,Customer_4466,F,1966-01-10,2025-06-27,東部,
C04467,Customer_4467,F,1972-03-28,2023-08-24,離島,2024-09-22
C04468,Customer_4468,M,1968-02-13,2024-01-21,北部,
C04469,Customer_4469,F,1983-09-23,2022-11-05,南部,
C04470,Customer_4470,F,1966-05-03,2023-10-23,南部,2024-01-03
C04471,Customer_4471,F,1985-11-18,2022-01-29,南部,2023-09-16
C04472,Customer_4472,M,1994-02-05,2023-03-24,東部,
C04473,Customer_4473,F,1975-02-23,2025-03-27,南部,
C04474,Customer_4474,F,1973-05-04,2020-12-01,離島,2025-03-28
C04475,Customer_4475,F,1972-12-17,2025-04-04,北部,
C04476,Customer_4476,F,1965-09-07,2023-10-11,南部,
C04477,Customer_4477,M,1991-11-05,2023-07-18,離島,2025-07-23
C04478,Customer_4478,F,1970-02-25,2022-11-11,北部,
C04479,Customer_4479,M,1992-07-21,2024-10-04,離島,
C04480,Customer_4480,F,1989-12-31,2021-08-31,南部,
C04481,Customer_4481,F,1970-08-17,2022-09-02,離島,2023-01-10
C04482,Customer_4482,M,1985-07-09,2024-08-09,北部,
C04483,Customer_4483,M,2005-12-26,2023-11-30,東部,
C04484,Customer_4484,F,1971-10-02,2025-03-31,離島,
C04485,Customer_4485,F,,2020-08-15,北部,
C04486,Customer_4486,M,1997-06-24,2024-10-21,南部,
C04487,Customer_4487,M,1983-09-22,2023-08-18,中部,
C04488,Customer_4488,F,2003-10-06,2020-12-21,北部,2022-01-13
C04489,Customer_4489,M,1967-04,2020-12-20,中部,
C04490,Customer_4490,F,2007-04-24,2024-06-30,南部,
C04491,Customer_4491,M,1984-03-25,2022-05-18,南部,
C04492,Customer_4492,F,1981-01-17,2021-12-22,離島,2024-06-18
C04493,Customer_4493,F,1990-04-06,2023-02-23,東部,
C04494,Customer_4494,M,1995-04-27,2021-03-07,南部,2023-06-30
C04495,Customer_4495,M,1982-12-24,2022-02-13,南部,2023-08-27
C04496,Customer_4496,M,1984-08-14,2020-11-19,北部,2024-01-11
C04497,Customer_4497,M,2006-09-15,2020-12-28,離島,
C04498,Customer_4498,M,1968-12-07,2023-09-02,北部,2025-07-26
C04499,Customer_4499,M,1975-04-17,2023-03-16,北部,
C04500,Customer_4500,F,1984-06-11,2025-07-22,東部,
C04501,Customer_4501,F,1980-08-06,2021-02-21,北部,2025-06-22
C04502,Customer_4502,F,1999-01-08,2024-07-21,南部,2024-07-22
C04503,Customer_4503,M,1979-06-09,2024-04-27,北部,2025-01-26
C04504,Customer_4504,M,2000-03-25,2022-07-31,東部,2025-05-30
C04505,Customer_4505,F,1966-06-09,2025-02-26,北部,2025-07-08
C04506,Customer_4506,F,1969-06-09,2021-11-06,中部,
C04507,Customer_358,F,1973-11,2023-05-16,北部,
C04508,Customer_4508,F,1969-07-02,2021-06-27,中部,
C04509,Customer_4509,F,2000-03-21,2022-06-22,離島,
C04510,Customer_4510,F,2004-02-06,2021-02-21,離島,2024-10-01
C04511,Customer_4511,F,1996-12-12,2021-08-07,東部,
C04512,Customer_4512,M,1991-11-10,2022-12-07,南部,
C04513,Customer_4513,F,1991-10-12,2021-09-28,南部,
C04514,Customer_4514,M,1980-05-25,2023-11-16,東部,2024-10-03
C04515,Customer_4515,M,2005-05-22,2025-03-06,南部,
C04516,Customer_4516,F,1993-07-06,2025-02-02,離島,
C04517,Customer_4517,F,1995-03-11,2024-04-04,離島,
C04518,Customer_4518,F,1991-06-14,2020-11-28,東部,2022-06-02
C04519,Customer_4519,M,1991-08-28,2021-12-22,離島,
C04520,Customer_4520,M,1981-05-27,2024-11-12,南部,
C04521,Customer_4521,F,1984-09-17,2021-01-29,中部,
C04522,Customer_4522,F,1976-01-20,2022-04-21,北部,
C04523,Customer_4523,F,1983-01-20,2023-11-09,離島,
C04524,Customer_4524,F,2003-03-01,2024-11-10,中部,
C04525,Customer_4525,M,1978-10-28,2021-06-13,東部,
C04526,Customer_4526,F,1972-12-23,2025-01-05,東部,
C04527,Customer_4527,F,1979-07-08,2022-08-17,南部,
C04528,Customer_4528,M,1974-04-21,2024-09-06,東部,
C04529,Customer_4529,M,1983-03-12,2022-12-05,離島,
C04530,Customer_4530,M,2002-03-18,2024-07-17,東部,
C04531,Customer_4531,F,2001-10-08,2023-07-08,南部,
C04532,Customer_4532,M,1983-11-05,2024-04-17,離島,
C04533,Customer_4533,F,1990-07-26,2024-09-24,東部,
C04534,Customer_4534,F,1993-10-15,2025-04-29,北部,
C04535,Customer_4535,F,1966-05-19,2021-04-12,中部,
C04536,Customer_4536,M,1965-09-09,2025-04-07,中部,2025-07-01
C04537,Customer_4537,M,1996-04-01,2025-05-14,南部,
C04538,Customer_4538,M,1997-09-09,2021-05-18,東部,
C04539,Customer_4539,M,1986-10-27,2024-05-12,中部,
C04540,Customer_4540,F,1979-11-03,2022-11-13,東部,2023-12-31
C04541,Customer_4541,M,2007-03-14,2022-02-25,離島,2024-12-09
C04542,Customer_4542,F,1976-05-25,2020-10-18,東部,
C04543,Customer_4543,F,2007-04-06,2021-10-03,離島,
C04544,Customer_4544,M,1992-06-13,2021-03-08,離島,
C04545,Customer_4545,M,,2022-05-27,離島,2022-06-25
C04546,Customer_4546,M,1984-04-16,2023-10-23,南部,
C04547,Customer_4547,M,1987-09-02,2024-08-09,離島,
C04548,Customer_4548,F,2001-07-09,2022-07-09,南部,
C04549,Customer_4549,M,1967-03-16,2025-06-25,離島,
C04550,Customer_4550,F,1978-08-27,2023-03-15,北部,
C04551,Customer_4551,M,1968-06-26,2020-08-13,南部,2025-02-26
C04552,Customer_4552,M,2000/03/07,2024-06-06,離島,
C04553,Customer_4553,F,2003/04/17,2021-01-30,中部,
C04554,Customer_4554,M,1992-09-12,2023-04-24,東部,2024-12-23
C04555,Customer_4555,M,1970-05-27,2024-06-24,北部,
C04556,Customer_4556,F,1970-04-02,2023-09-27,東部,
C04557,Customer_4557,M,2003-02-23,2024-08-07,南部,
C04558,Customer_4558,F,1973-11-19,2021-06-23,中部,
C04559,Customer_4559,F,1994-10-11,2021-10-23,東部,
C04560,Customer_4560,M,1986-06-04,2022-10-03,南部,
C04561,Customer_4561,M,1968-09-30,2025-04-27,離島,
C04562,Customer_4562,F,1968-10-17,2020-10-26,南部,
C04563,Customer_4563,M,1968-03-23,2025-02-25,東部,2025-06-21
C04564,Customer_4564,M,1988-11-11,2023-10-17,北部,2024-03-07
C04565,Customer_4565,M,1976-07-07,2021-07-21,中部,2024-06-14
C04566,Customer_4566,F,1978-11-30,2022-12-31,南部,2025-06-16
C04567,Customer_4567,F,1982-11-29,2023-03-13,南部,
C04568,Customer_4568,M,2007-02-14,2021-03-03,離島,
C04569,Customer_4569,M,1978/11/07,2024-01-20,東部,
C04570,Customer_4570,M,1994-05-15,2025-04-23,東部,
C04571,Customer_4571,F,,2022-05-08,東部,2022-08-03
C04572,Customer_4572,F,1968-12-03,2022-06-02,南部,
C04573,Customer_4573,F,1965-11-30,2022-07-02,南部,
C04574,Customer_4574,F,1995-09-21,2023-01-01,南部,
C04575,Customer_4575,M,1982-01,2024-09-03,南部,
C04576,Customer_4576,F,1985-05-24,2022-11-16,東部,
C04577,Customer_4577,F,1968-07-18,2021-03-03,中部,2025-06-05
C04578,Customer_4578,F,1986-04-17,2023-06-28,南部,
C04579,Customer_4579,F,1985-10-07,2025-01-12,北部,2025-04-27
C04580,Customer_4580,M,1971-02-21,2025-07-05,離島,2025-07-23
C04581,Customer_4581,F,1981-06-12,2020-09-01,東部,
C04582,Customer_4582,M,1976-10-31,2021-09-24,北部,
C04583,Customer_4583,M,1975-07-13,2023-03-06,東部,
C04584,Customer_4584,M,2004-05-19,2022-07-10,北部,
C04585,Customer_4585,M,1982-03-21,2023-01-27,離島,2024-08-31
C04586,Customer_4586,M,1996-05-14,2021-02-27,離島,
C04587,Customer_4587,F,1968-01-01,2025-03-16,南部,
C04588,Customer_4588,M,1990-05-11,2022-05-10,東部,
C04589,Customer_4589,F,1995-07-26,2021-09-23,南部,
C04590,Customer_4590,F,1981-01-07,2023-07-10,北部,
C04591,Customer_4591,F,1981-05-25,2021-06-21,南部,2021-10-21
C04592,Customer_4592,F,1975-10-14,2024-06-12,中部,2025-07-26
C04593,Customer_4593,F,1974-01-16,2021-05-29,北部,2024-09-03
C04594,Customer_4594,F,1982-09-17,2022-02-05,北部,
C04595,Customer_4595,M,1996-07-16,2023-07-28,南部,
C04596,Customer_4596,F,1973-11-13,2021-03-30,北部,
C04597,Customer_4597,F,1967-05-15,2025-03-19,中部,
C04598,Customer_4598,M,1968-02-14,2022-05-23,中部,
C04599,Customer_4599,F,1967-01-25,2021-07-19,北部,2023-02-23
C04600,Customer_4600,F,1991-11-18,2024-07-11,中部,
C04601,Customer_4601,F,2004-11-11,2023-10-19,北部,2025-03-10
C04602,Customer_4602,M,1985-03-23,2025-07-18,中部,
C04603,Customer_4603,M,1982-02-02,2021-07-23,北部,
C04604,Customer_4604,M,2003-03-21,2025-05-08,北部,
C04605,Customer_4605,M,1976-07-30,2024-07-30,東部,
C04606,Customer_4606,M,1980-11-19,2024-05-05,中部,
C04607,Customer_4607,M,1968-03-07,2025-05-18,南部,2025-07-07
C04608,Customer_4608,F,1984-12-14,2023-02-03,離島,
C04609,Customer_4609,M,1971/04/02,2021-06-20,北部,2023-03-09
C04610,Customer_4610,F,1986-06-20,2022-05-05,中部,
C04611,Customer_4611,F,1992-09-29,2024-06-25,離島,
C04612,Customer_4612,M,1970-07-26,2025-01-12,,2025-04-18
C04613,Customer_4613,M,1998-06-11,2024-03-07,離島,2024-07-12
C04614,Customer_4614,F,1975-08-15,2023-03-19,南部,
C04615,Customer_4615,M,1975-11-13,2023-01-25,離島,
C04616,Customer_4616,F,1991-06-05,2021-08-14,北部,
C04617,Customer_4617,F,2002-01-12,2021-07-03,離島,
C04618,Customer_4618,F,1990-09-27,2021-09-01,東部,
C04619,Customer_4619,M,2006-09-02,2021-10-06,離島,
C04620,Customer_4620,F,,2024-05-01,中部,
C04621,Customer_4621,F,1967/07/11,2021-04-01,離島,
C04622,Customer_4622,F,1981-02-23,2022-11-20,離島,
C04623,Customer_4623,M,1997-01-09,2024-11-11,南部,
C04624,Customer_4624,F,2003-02-21,2022-02-02,東部,
C04625,Customer_4625,F,1976-03-22,2023-05-25,中部,
C04626,Customer_4626,M,2006-07-04,2024-02-02,離島,
C04627,Customer_4627,M,1975-05-02,2021-08-03,中部,
C04628,Customer_4628,M,1995-10-24,2022-01-15,南部,
C04629,Customer_4629,M,1975-09-28,2022-08-19,東部,
C04630,Customer_4630,F,2001-05-28,2025-05-24,南部,2025-05-26
C04631,Customer_4631,M,1976-03-30,2023-01-31,中部,
C04632,Customer_4632,F,,2024-12-03,東部,
C04633,Customer_4633,M,1979-01-20,2022-03-11,南部,2024-10-04
C04634,Customer_4634,F,1988-08-02,2022-10-13,南部,
C04635,Customer_4635,M,1974-02-28,2024-06-13,離島,
C04636,Customer_4636,M,1970-04-14,2020-08-16,離島,
C04637,Customer_4637,M,1968-03-05,2024-08-11,南部,
C04638,Customer_4638,M,1984-06-25,2021-08-26,離島,2023-06-03
C04639,Customer_4639,F,1990-05-25,2024-01-09,離島,
C04640,Customer_4640,M,1967-04-26,2023-03-30,中部,
C04641,Customer_4641,F,2007-03,2021-12-02,中部,
C04642,Customer_4642,M,1970-05-24,2020-11-07,離島,
C04643,Customer_4643,F,2002-12-19,2022-12-17,北部,
C04644,Customer_4644,F,1970-11-27,2021-06-03,中部,
C04645,Customer_4645,F,1969-11-15,2020-10-26,東部,
C04646,Customer_4646,F,2006-10-15,2023-10-08,東部,
C04647,Customer_4647,M,2003-06-25,2023-07-05,東部,
C04648,Customer_4648,F,1983-04-22,2025-04-14,中部,
C04649,Customer_4649,M,1974-02-09,2021-03-18,北部,
C04650,Customer_4650,M,2004-06-10,2020-12-22,北部,
C04651,Customer_4651,M,1991-12-09,2021-01-28,離島,2021-05-13
C04652,Customer_4652,M,1978-11-09,2024-10-26,,
C04653,Customer_4653,F,2007-07-14,2021-08-10,北部,
C04654,Customer_4654,F,2003-07-11,2022-07-05,北部,
C04655,Customer_4655,M,2004-08-21,2023-07-12,北部,
C04656,Customer_4656,F,1971-09-03,2021-10-20,中部,
C04657,Customer_4657,F,1966-04-17,2024-06-07,中部,
C04658,Customer_4658,M,2005-11-30,2023-12-20,北部,
C04659,Customer_4659,M,1982-11-09,2025-04-25,離島,
C04660,Customer_4660,F,1997-01-13,2021-10-14,離島,
C04661,Customer_4661,F,,2022-07-21,,
C04662,Customer_4662,F,1987-09-05,2024-11-12,,
C04663,Customer_4663,M,1966-07-02,2020-11-12,北部,
C04664,Customer_4664,F,1989-08-31,2022-06-21,東部,
C04665,Customer_4665,M,1965-12-26,2021-12-03,北部,
C04666,Customer_4666,M,1997-11-01,2024-02-15,離島,
C04667,Customer_4667,F,2001-02-05,2020-10-06,北部,
C04668,Customer_4668,F,1971-05-30,2021-05-24,離島,2022-12-20
C04669,Customer_4669,F,2006-09-05,2020-12-19,東部,2022-02-17
C04670,Customer_3038,M,1977-05-30,2023-07-25,離島,
C04671,Customer_4671,M,1976-04-21,2025-04-04,北部,
C04672,Customer_4672,M,1979-11-20,2021-08-04,,
C04673,Customer_4673,M,1977-11-09,2022-08-02,中部,2024-06-12
C04674,Customer_4674,M,1975-01-01,2023-11-05,北部,
C04675,Customer_4675,M,1983-11-28,2024-12-12,北部,
C04676,Customer_4676,M,1985-01-02,2022-02-08,北部,2023-05-13
C04677,Customer_4677,M,1968-08-16,2021-07-09,南部,
C04678,Customer_4678,M,1991-04-16,2023-04-11,南部,
C04679,Customer_4679,M,1991-12-18,2025-06-26,北部,
C04680,Customer_4680,F,1978-09-21,2022-12-12,北部,
C04681,Customer_4681,F,1986-07-17,2022-05-27,離島,
C04682,Customer_4682,F,1974-01-25,2021-02-01,中部,
C04683,Customer_4683,M,2006-06-11,2023-09-06,北部,
C04684,Customer_4684,F,1973-09-25,2025-05-16,東部,
C04685,Customer_4685,M,2002-08-29,2024-05-24,中部,
C04686,Customer_4686,M,1982-09-13,2021-08-21,南部,
C04687,Customer_4687,F,2000-10-04,2025-05-07,東部,
C04688,Customer_4688,M,2004-10-13,2021-10-17,北部,
C04689,Customer_4689,M,1969-02-28,2022-08-13,離島,
C04690,Customer_4690,M,1984-07-10,2021-01-14,中部,
C04691,Customer_4691,F,1980-12-09,2023-10-16,北部,
C04692,Customer_4692,M,1970-11-04,2022-11-03,東部,
C04693,Customer_4693,F,1988-12-18,2020-09-14,離島,
C04694,Customer_4694,F,1982-06-08,2023-03-15,中部,2023-07-29
C04695,Customer_4695,M,1994-07-01,2023-08-06,離島,
C04696,Customer_4696,F,1998-04-25,2021-04-15,離島,2024-03-18
C04697,Customer_4697,F,1986-08-08,2020-08-24,東部,
C04698,Customer_4698,M,1991-02-12,2024-03-11,南部,2024-09-04
C04699,Customer_4077,M,1980-12-22,2023-08-13,北部,
C04700,Customer_4700,M,1971-02-16,2023-08-05,離島,
C04701,Customer_4701,M,1969-09-30,2025-02-03,中部,
C04702,Customer_4702,F,,2022-07-26,東部,
C04703,Customer_4703,F,2000-01-14,2023-04-07,南部,
C04704,Customer_4704,F,2000-05-26,2021-05-11,北部,
C04705,Customer_4705,F,1977-04-25,2024-10-06,南部,
C04706,Customer_4706,F,1990-07-15,2022-05-18,東部,2023-09-01
C04707,Customer_4707,M,1976/11/16,2024-07-30,東部,
C04708,Customer_4708,M,1966-06-22,2021-04-17,中部,
C04709,Customer_4709,F,2006-02-24,2021-10-10,南部,2023-10-01
C04710,Customer_4710,M,1986-06-25,2021-12-23,離島,
C04711,Customer_4711,F,1993-07-26,2022-01-07,離島,2022-05-20
C04712,Customer_4712,F,1975-04-13,2022-05-18,南部,
C04713,Customer_4713,F,2007-06-07,2022-03-02,北部,
C04714,Customer_4714,M,1966-09-06,2024-11-03,北部,
C04715,Customer_4715,F,1986-09-05,2022-07-18,南部,2023-05-17
C04716,Customer_4716,M,1999-05-20,2023-12-06,東部,
C04717,Customer_4717,M,1967-05-17,2021-09-25,北部,
C04718,Customer_4718,M,1980-02-07,2021-06-12,中部,2022-09-29
C04719,Customer_4719,M,1980-04-13,2021-01-07,中部,2021-01-25
C04720,Customer_4720,F,1973-01-01,2023-02-11,離島,
C04721,Customer_4721,M,1975-11-27,2023-07-12,南部,2023-11-22
C04722,Customer_4722,M,2006-09-14,2023-06-26,中部,2025-02-04
C04723,Customer_4723,M,1977-04-20,2021-06-07,南部,
C04724,Customer_4724,F,2006-07-05,2024-01-12,北部,
C04725,Customer_4725,M,2006-08-29,2021-02-24,南部,
C04726,Customer_4726,M,1992-11-04,2020-10-31,南部,
C04727,Customer_4727,M,1984-12-23,2021-06-28,南部,
C04728,Customer_4728,F,1986-12-27,2024-09-14,南部,
C04729,Customer_4729,M,1981-08-02,2024-05-30,北部,
C04730,Customer_4730,M,1992-04-04,2024-08-06,中部,
C04731,Customer_4731,F,1982-02-28,2022-05-01,北部,
C04732,Customer_4732,F,2002-07-20,2023-10-07,南部,
C04733,Customer_4733,M,1998-08-15,2021-03-28,東部,
C04734,Customer_4734,M,1971-12-22,2024-05-09,中部,
C04735,Customer_770,F,2003-10-24,2023-02-08,中部,2024-03-03
C04736,Customer_4736,F,1980-10-18,2022-05-08,南部,
C04737,Customer_4737,M,1998-12-26,2024-08-10,北部,
C04738,Customer_4738,M,1988-04-02,2024-08-06,東部,
C04739,Customer_4739,M,1979-04-27,2023-08-19,東部,
C04740,Customer_4740,M,1998-01-20,2020-09-16,離島,
C04741,Customer_4741,M,1980-02-27,2024-10-13,中部,
C04742,Customer_4742,M,1968-05-18,2022-12-25,東部,2024-03-30
C04743,Customer_4743,M,1969-07-16,2024-01-05,北部,
C04744,Customer_4744,M,1988-07-13,2021-01-30,南部,
C04745,Customer_4745,M,1970-07-17,2021-05-08,東部,
C04746,Customer_4746,F,1974-03-22,2022-05-25,北部,2023-09-21
C04747,Customer_4747,F,1992-10-02,2021-06-09,離島,
C04748,Customer_4748,F,1998-01,2025-04-23,南部,
C04749,Customer_4749,M,1972-03-02,2021-08-20,南部,2024-11-01
C04750,Customer_4750,F,1998-02-07,2020-11-09,東部,
C04751,Customer_4751,M,1978-10-10,2024-01-24,中部,2024-06-25
C04752,Customer_4752,M,2006-03-19,2024-05-25,離島,
C04753,Customer_4753,F,1974-06-12,2021-01-06,北部,
C04754,Customer_4754,M,1998-06-03,2021-10-25,東部,
C04755,Customer_4755,F,1985-03-26,2025-03-02,離島,
C04756,Customer_4756,F,2000-12-09,2023-08-03,南部,
C04757,Customer_4757,M,,2025-02-26,北部,2025-04-06
C04758,Customer_4758,F,2005-01-24,2021-08-14,南部,
C04759,Customer_4759,M,2005-06-11,2025-02-02,離島,
C04760,Customer_4760,M,2007-06-27,2020-10-20,中部,
C04761,Customer_4761,F,2002-08-19,2025-07-03,東部,
C04762,Customer_4762,M,2002-03-10,2021-06-24,中部,
C04763,Customer_4763,F,1973-07-16,2023-10-14,東部,
C04764,Customer_4764,F,1984-07-31,2023-04-28,中部,
C04765,Customer_4765,F,1980-09-16,2022-09-20,中部,2025-02-02
C04766,Customer_4766,F,1978-04,2024-03-11,南部,
C04767,Customer_4767,F,1995-11-24,2023-03-17,東部,2024-10-19
C04768,Customer_4768,F,1969-12-22,2021-11-18,中部,
C04769,Customer_4769,F,1993-08-25,2025-07-05,離島,
C04770,Customer_4770,M,1977-04-25,2024-09-20,東部,2025-02-09
C04771,Customer_4771,M,1973-03-31,2024-11-26,東部,
C04772,Customer_4772,M,1966-02-01,2025-07-01,北部,
C04773,Customer_4773,F,2004-04-09,2025-06-22,中部,
C04774,Customer_3183,M,1977-12-29,2024-01-29,東部,
C04775,Customer_4775,F,1989-08-09,2024-10-09,東部,
C04776,Customer_4776,M,1971-08-12,2023-01-07,離島,
C04777,Customer_4777,M,1992-07-16,2023-06-08,北部,
C04778,Customer_4778,F,1994-01-07,2023-10-19,離島,
C04779,Customer_4779,M,1974-08-15,2022-03-10,北部,
C04780,Customer_4780,M,1993-04-22,2023-08-26,南部,
C04781,Customer_4781,M,1979-11-27,2024-09-08,中部,
C04782,Customer_4782,M,1986/06/13,2024-02-13,南部,2025-06-14
C04783,Customer_4783,F,2007-04-03,2021-07-31,東部,
C04784,Customer_4784,M,1980-04-08,2024-10-21,中部,
C04785,Customer_4785,F,1978-06-17,2023-10-25,離島,
C04786,Customer_4786,M,1990-07-14,2025-04-10,中部,
C04787,Customer_4787,F,1985-06-15,2021-12-30,中部,
C04788,Customer_4788,F,1967-06-05,2023-10-06,北部,
C04789,Customer_4789,F,1976-08-04,2022-04-22,離島,
C04790,Customer_4790,F,1969-07-27,2021-10-14,東部,
C04791,Customer_4791,F,1985-12-04,2022-01-12,北部,
C04792,Customer_4792,M,1980-08-30,2022-07-30,南部,
C04793,Customer_4793,F,1978-07-25,2022-04-25,中部,
C04794,Customer_4794,F,2004-08-31,2021-08-14,南部,
C04795,Customer_4795,F,1994-09-09,2021-01-21,東部,2025-03-25
C04796,Customer_4796,F,1995-06-23,2022-01-27,東部,
C04797,Customer_4797,F,1976-11-01,2023-04-08,離島,
C04798,Customer_4798,M,2000-06-12,2022-04-21,離島,
C04799,Customer_4799,M,1979-05-05,2021-08-15,東部,
C04800,Customer_4800,F,1991-05-17,2021-10-21,南部,2025-01-07
C04801,Customer_4801,F,1969-02-25,2023-11-05,離島,
C04802,Customer_4802,M,1977-04-26,2022-05-29,離島,
C04803,Customer_4803,F,1978-04-04,2021-07-08,南部,
C04804,Customer_4804,F,1985-08-14,2024-10-09,南部,
C04805,Customer_160,M,2003-10-07,2020-12-03,南部,
C04806,Customer_4806,F,1969-11-27,2022-05-08,東部,
C04807,Customer_4807,M,1970-06-24,2023-02-14,北部,
C04808,Customer_4808,M,1969-01-16,2024-04-08,北部,
C04809,Customer_4809,M,1971/11/03,2021-05-03,東部,
C04810,Customer_4810,M,1971-06-30,2022-03-09,離島,
C04811,Customer_4811,M,1994-11-15,2024-05-28,離島,2025-01-26
C04812,Customer_4812,F,1976-05-28,2024-11-23,東部,
C04813,Customer_4813,M,1986-11-08,2023-07-27,離島,
C04814,Customer_4814,M,1974-02-05,2023-12-14,,2024-03-28
C04815,Customer_4815,F,1977-10-01,2024-06-10,離島,
C04816,Customer_4816,M,1981-11-23,2023-03-08,北部,
C04817,Customer_4817,M,1996-02-14,2023-03-18,,
C04818,Customer_4818,F,1973-02-07,2020-08-11,東部,
C04819,Customer_4819,M,1980-11-12,2020-10-18,離島,
C04820,Customer_4820,F,1967-06-09,2023-03-06,離島,2024-04-19
C04821,Customer_4821,F,1965-10-18,2021-12-17,東部,2024-03-17
C04822,Customer_4822,F,1981-11-05,2022-10-22,中部,2024-12-26
C04823,Customer_4823,F,2001-02-11,2022-05-19,離島,
C04824,Customer_4824,M,1971-08-16,2021-12-19,離島,
C04825,Customer_4825,F,1966-01-15,2024-05-19,南部,
C04826,Customer_4826,F,2005-09-07,2021-06-04,中部,
C04827,Customer_4827,F,1982-04-18,2022-05-02,中部,
C04828,Customer_4828,F,1975-05,2023-01-11,中部,
C04829,Customer_4829,F,1986-07-22,2022-09-13,東部,
C04830,Customer_4830,M,1987-08-16,2024-06-29,南部,
C04831,Customer_4831,M,1972-12-28,2022-05-20,中部,
C04832,Customer_4832,M,1984-03-11,2022-12-31,中部,
C04833,Customer_4833,M,1968-10-14,2021-10-08,北部,2024-02-10
C04834,Customer_4834,M,1983-06-01,2025-06-21,中部,
C04835,Customer_4835,M,1965-11-24,2021-01-08,離島,2023-06-06
C04836,Customer_4836,F,2003-07-12,2023-10-25,南部,
C04837,Customer_4837,F,1993-04-24,2023-01-20,東部,
C04838,Customer_4838,M,1973-11-13,2021-07-14,離島,
C04839,Customer_4839,F,1976-12-24,2024-06-07,東部,
C04840,Customer_4840,F,2004-03-30,2023-02-19,北部,
C04841,Customer_4841,F,1977-01-22,2022-10-02,南部,
C04842,Customer_4842,M,2006-12-16,2024-07-25,離島,
C04843,Customer_4843,M,1995-11-29,2021-11-20,南部,
C04844,Customer_4844,F,1978-11-27,2021-02-25,中部,
C04845,Customer_4845,M,1993-09-30,2024-07-26,離島,
C04846,Customer_4846,M,1992-03-11,2021-10-28,中部,
C04847,Customer_4847,F,1973-08-04,2021-11-18,中部,2025-05-17
C04848,Customer_4848,M,1999-12-25,2023-03-20,北部,
C04849,Customer_4849,F,2002-09-25,2023-09-20,南部,2024-11-27
C04850,Customer_4850,M,1966/12/29,2023-01-21,南部,2023-06-24
C04851,Customer_4851,F,1966-01-19,2021-12-29,北部,
C04852,Customer_4852,F,1999-12-15,2021-05-05,中部,
C04853,Customer_4853,F,1972-03-17,2025-06-08,離島,
C04854,Customer_4854,M,1969-01-05,2021-07-10,中部,
C04855,Customer_4855,M,1982-11-04,2024-02-21,南部,
C04856,Customer_4856,F,1991-04-17,2023-02-20,東部,2024-07-09
C04857,Customer_4857,F,1966/02/19,2023-11-01,北部,
C04858,Customer_4858,M,1984-04-12,2022-05-23,離島,
C04859,Customer_4859,M,1996-10-20,2021-01-23,東部,
C04860,Customer_4860,M,1974-04-02,2021-06-17,離島,
C04861,Customer_4861,F,1992-09-28,2021-04-28,中部,
C04862,Customer_4862,M,1974-02-24,2024-11-05,北部,
C04863,Customer_4863,F,1988-05-24,2022-12-29,離島,
C04864,Customer_4864,M,2005-05-03,2021-04-19,離島,
C04865,Customer_4865,M,1974-06-19,2022-06-01,離島,
C04866,Customer_4866,F,1984-10-31,2021-04-14,北部,
C04867,Customer_4867,F,2002-08,2024-06-20,離島,2024-08-28
C04868,Customer_4868,M,1967-05-12,2022-01-30,南部,
C04869,Customer_4869,F,1998-10-18,2023-09-30,南部,
C04870,Customer_4870,M,2003-08-17,2022-12-06,北部,
C04871,Customer_4871,M,1977-11-20,2021-08-27,離島,
C04872,Customer_4872,M,1996-12-10,2021-09-29,東部,
C04873,Customer_4873,F,1999-03-18,2020-09-13,北部,
C04874,Customer_4874,M,1981-03-16,2024-11-03,離島,
C04875,Customer_4875,M,1986-02-05,2021-06-13,,
C04876,Customer_4876,F,1980-04-18,2021-03-03,離島,
C04877,Customer_4877,M,1979-07-31,2022-01-03,南部,
C04878,Customer_4878,F,1989-10-17,2020-10-10,北部,2023-11-30
C04879,Customer_4879,M,1999-06-10,2023-10-22,北部,
C04880,Customer_4880,M,1972-08-17,2022-06-20,東部,
C04881,Customer_4881,M,1965-11-04,2023-03-08,南部,
C04882,Customer_4882,M,1991-02-22,2023-06-25,離島,
C04883,Customer_4883,M,1990-05-07,2025-05-10,南部,
C04884,Customer_4884,M,2007-01-23,2021-02-27,北部,
C04885,Customer_4885,M,1967-02-22,2020-10-03,南部,
C04886,Customer_4886,M,1985-01-24,2022-08-29,離島,
C04887,Customer_4887,M,1972-02-16,2022-03-08,中部,
C04888,Customer_4888,F,2007-08-15,2024-12-19,離島,2025-01-30
C04889,Customer_4889,M,1988-12-20,2025-06-23,北部,
C04890,Customer_4890,M,1985-08-20,2023-12-23,東部,
C04891,Customer_4891,M,1969-09-14,2021-06-05,南部,
C04892,Customer_4892,F,1978-01-07,2021-08-29,中部,
C04893,Customer_4893,F,1979-05-28,2021-04-26,南部,
C04894,Customer_4894,F,1976-01-20,2024-05-26,中部,2024-06-08
C04895,Customer_4895,M,2002-01-24,2025-06-18,東部,
C04896,Customer_4896,M,2000-06-09,2024-10-05,南部,2025-03-21
C04897,Customer_4897,F,1984-11-26,2023-07-05,離島,
C04898,Customer_4898,M,1997-02-07,2022-07-07,南部,
C04899,Customer_4899,M,1983-10-23,2023-05-16,離島,
C04900,Customer_4900,F,2000-07-25,2020-09-05,北部,
C04901,Customer_4901,F,1978-08-04,2022-06-28,北部,2023-02-03
C04902,Customer_4902,F,1993-09-28,2023-10-07,南部,
C04903,Customer_4903,F,1992-02-10,2023-03-11,北部,
C04904,Customer_4904,F,1998-03-02,2024-03-08,北部,
C04905,Customer_4905,M,1972-11-12,2020-12-09,北部,
C04906,Customer_4906,M,1980-07-30,2022-05-01,離島,
C04907,Customer_4907,F,1980/10/01,2021-08-24,中部,
C04908,Customer_4908,F,1991-10-18,2023-05-21,南部,
C04909,Customer_4909,M,1974-08-10,2022-12-21,東部,
C04910,Customer_4910,F,1978-06-22,2020-10-24,東部,
C04911,Customer_4911,F,1972-05-09,2021-04-17,離島,
C04912,Customer_4912,M,1982-03-10,2023-03-18,北部,
C04913,Customer_4913,F,1998-12-24,2020-08-18,東部,
C04914,Customer_4914,F,1982-10-09,2022-07-04,東部,
C04915,Customer_4915,F,1970-10-09,2025-08-10,中部,
C04916,Customer_4916,M,1967-06-03,2021-07-30,東部,
C04917,Customer_4917,M,1970/08/26,2021-06-14,北部,2024-12-02
C04918,Customer_4918,M,2002-07,2021-12-22,北部,
C04919,Customer_4919,M,1969-03-23,2024-03-09,東部,
C04920,Customer_4920,F,1973-04-26,2021-07-26,中部,
C04921,Customer_4921,F,2002-06-16,2023-10-21,東部,
C04922,Customer_4922,M,1969-05-30,2023-03-19,北部,
C04923,Customer_4923,M,1994-12-25,2022-03-16,南部,
C04924,Customer_4924,M,1996-01-27,2021-09-21,南部,
C04925,Customer_4925,M,1987-10-17,2024-08-21,離島,
C04926,Customer_4926,F,1975-06-13,2022-05-06,東部,
C04927,Customer_4927,M,1987-05-13,2024-07-12,東部,
C04928,Customer_4928,M,1998-06-21,2020-11-01,南部,
C04929,Customer_4929,M,1978-03-08,2022-01-31,南部,
C04930,Customer_4930,M,1966-06-12,2021-03-29,北部,
C04931,Customer_4931,F,2002-04-08,2023-02-01,南部,
C04932,Customer_4932,M,1992-03-21,2023-06-04,北部,
C04933,Customer_4933,M,1981-10-14,2021-07-13,南部,
C04934,Customer_4934,F,1991-08,2022-12-13,北部,2024-08-20
C04935,Customer_4935,M,1998-08-16,2023-03-19,北部,
C04936,Customer_4936,F,1973-04-18,2024-10-31,離島,
C04937,Customer_4937,F,2004-05-13,2021-02-27,中部,2023-02-14
C04938,Customer_4938,M,1974-03-06,2023-08-29,東部,
C04939,Customer_4939,M,1981-12-11,2022-11-24,中部,2025-07-06
C04940,Customer_4940,F,1992-07-24,2023-08-20,中部,
C04941,Customer_4941,F,1991-10-20,2021-10-01,南部,
C04942,Customer_4942,M,1994-10-22,2021-10-25,東部,
C04943,Customer_4943,M,1980-07-23,2022-01-17,東部,2025-06-29
C04944,Customer_4944,F,,2024-09-11,北部,
C04945,Customer_4945,F,1971-07-26,2021-11-15,南部,
C04946,Customer_4946,F,1990-06-02,2024-04-23,北部,
C04947,Customer_4947,M,1978-09-20,2023-10-15,東部,
C04948,Customer_4948,F,1969-03-26,2023-12-29,北部,2025-05-11
C04949,Customer_4949,F,1984-05-15,2025-06-30,北部,2025-07-30
C04950,Customer_4950,M,1986-09-10,2021-08-07,中部,
C04951,Customer_4951,M,1966-05-20,2025-05-24,中部,
C04952,Customer_1413,F,1987-06-22,2021-08-06,北部,
C04953,Customer_4953,M,2004-04-18,2025-03-16,東部,
C04954,Customer_4954,M,1972-04-03,2024-06-04,離島,
C04955,Customer_4955,M,2001-11-01,2024-03-07,中部,2025-06-05
C04956,Customer_4956,M,2001-01-27,2023-01-25,離島,
C04957,Customer_4957,M,1974-11-18,2021-06-02,中部,
C04958,Customer_4958,F,1983/11/27,2023-11-01,中部,
C04959,Customer_4959,M,1977-11-29,2021-03-04,中部,
C04960,Customer_4960,F,1980-02-08,2025-03-04,離島,
C04961,Customer_4961,M,1996-10-21,2023-05-28,離島,2023-08-09
C04962,Customer_4962,M,1999-10-25,2024-11-09,離島,
C04963,Customer_4963,F,1976-02-15,2020-09-17,中部,
C04964,Customer_4964,M,1992-08-12,2024-10-18,東部,
C04965,Customer_4965,F,1988-09-16,2022-12-14,東部,
C04966,Customer_4966,F,1978-07,2021-09-28,東部,
C04967,Customer_4967,F,1981-01,2025-02-13,東部,
C04968,Customer_4968,M,1982-08-29,2022-09-30,離島,
C04969,Customer_4969,F,1979-04-14,2025-06-21,南部,
C04970,Customer_4970,F,1983-07-19,2025-03-17,北部,
C04971,Customer_4971,M,1968-01-26,2020-08-21,離島,
C04972,Customer_4972,F,1987-06-06,2022-11-04,東部,
C04973,Customer_4973,F,2007-04-21,2024-01-06,南部,
C04974,Customer_4974,M,1969-05-09,2024-01-03,東部,2024-03-27
C04975,Customer_4975,F,1996-06-06,2024-05-03,北部,
C04976,Customer_4976,M,1966-10-29,2024-12-04,中部,
C04977,Customer_4977,M,1988-06-21,2021-01-14,東部,
C04978,Customer_4978,F,1992-02-19,2021-12-06,北部,
C04979,Customer_4979,F,1970-08-16,2021-03-29,北部,
C04980,Customer_4980,F,1990-05-16,2021-07-08,離島,2021-11-01
C04981,Customer_4981,M,1994-06-18,2020-10-18,中部,
C04982,Customer_4982,M,1996-05-15,2022-05-02,東部,
C04983,Customer_4983,M,1999-03-24,2024-02-04,南部,
C04984,Customer_4984,M,2000-09-08,2022-04-12,東部,
C04985,Customer_4985,M,1987-08-17,2024-01-23,東部,
C04986,Customer_4986,M,1968-12-19,2023-11-12,北部,
C04987,Customer_4987,F,1984-08-30,2021-08-19,東部,
C04988,Customer_4988,F,2001-07-14,2021-12-01,中部,
C04989,Customer_4989,F,1993-04-21,2020-11-15,離島,2021-11-20
C04990,Customer_4990,M,1978-02-27,2023-06-20,東部,
C04991,Customer_4991,M,1983-09-01,2025-01-27,北部,
C04992,Customer_4992,M,1972-11-01,2022-07-15,北部,
C04993,Customer_4993,F,1988-07-15,2022-01-18,北部,
C04994,Customer_4994,F,1977-12-14,2021-12-26,北部,
C04995,Customer_4995,M,1997-06-04,2024-02-12,南部,2024-07-08
C04996,Customer_4996,F,1980-08-12,2023-04-02,中部,
C04997,Customer_4997,F,1995-12,2023-06-18,中部,2025-01-11
C04998,Customer_4998,M,1992-01-21,2020-08-12,南部,
C04999,Customer_4999,M,1989-11-05,2023-11-05,離島,
