product_id,product_name,category,brand,list_price,sale_price,weight_dimensions,employee_id,create_date,modify_date
P00000,Product_0,圖書,Brand_I,3009,2843,4385g,EMP0001,2024-10-28,2025-06-02
P00001,Product_1,圖書,Brand_G,723,554,81x87x39cm,EMP0004,2024-11-22,
P00002,Product_2,美妝,Brand_D,2195,1559,2309g,EMP0002,2025-03-20,
P00003,Product_3,美妝,Brand_C,888,778,1724g,EMP0000,2024-10-24,
P00004,Product_4,家居,Brand_H,3532,2870,23x28x62cm,EMP0005,2024-10-21,
P00005,Product_5,家居,Brand_C,3818,2769,885g,EMP0002,2025-06-16,2025-07-19
P00006,Product_6,3C,Brand_C,618,542,813g,EMP0006,2024-09-11,
P00007,Product_7,圖書,Brand_F,2580,1826,17x13x82cm,EMP0002,2025-01-01,
P00008,Product_8,服飾,Brand_B,4092,3754,4174g,EMP0003,2025-06-04,
P00009,Product_9,食品,Brand_H,4687,3444,41x86x26cm,EMP0001,2024-12-10,
P00010,Product_10,3C,Brand_C,2616,1915,52x47x16cm,EMP0004,2024-09-01,2025-06-01
P00011,Product_11,3C,Brand_J,4756,3538,1745g,EMP0000,2024-11-24,
P00012,Product_12,服飾,Brand_B,2725,2562,69x96x82cm,EMP0005,2025-05-07,
P00013,Product_13,圖書,Brand_E,2032,1774,2622g,EMP0006,2025-07-02,
P00014,Product_14,3C,Brand_C,4256,3832,57x15x34cm,EMP0006,2024-09-24,
P00015,Product_15,服飾,Brand_A,2516,2011,44x98x94cm,EMP0003,2025-03-15,
P00016,Product_16,食品,Brand_H,2412,1891,90x27x93cm,EMP0002,2024-12-13,
P00017,Product_17,服飾,Brand_B,2503,1898,2393g,EMP0007,2025-04-03,
P00018,Product_18,家居,Brand_D,4249,3485,31x51x37cm,EMP0005,2025-04-17,
P00019,Product_19,圖書,Brand_C,4177,3500,86x54x16cm,EMP0007,2024-12-30,2025-06-18
P00020,Product_20,美妝,Brand_J,2077,1782,4897g,EMP0001,2025-01-30,
P00021,Product_21,圖書,Brand_J,1733,1325,64x85x72cm,EMP0003,2025-06-28,
P00022,Product_22,圖書,Brand_B,2510,2353,4057g,EMP0005,2024-12-15,
P00023,Product_23,家居,Brand_I,2907,2158,2787g,EMP0002,2025-06-17,
P00024,Product_24,食品,Brand_A,1268,1194,4917g,EMP0002,2025-02-15,2025-05-17
P00025,Product_25,服飾,Brand_E,3990,2808,36x92x42cm,EMP0002,2025-01-19,
P00026,Product_26,美妝,Brand_C,2484,2037,72x21x95cm,EMP0000,2024-08-01,
P00027,Product_27,服飾,Brand_H,1737,1361,17x73x39cm,EMP0006,2025-02-22,
P00028,Product_28,家居,Brand_J,623,506,4989g,EMP0000,2024-09-03,
P00029,Product_29,3C,Brand_I,1270,1070,46x57x82cm,EMP0000,2024-08-30,
P00030,Product_30,美妝,Brand_C,4751,3843,23x80x59cm,EMP0003,2024-12-11,
P00031,Product_31,圖書,Brand_H,1595,1282,4901g,EMP0003,2025-06-18,
P00032,Product_32,圖書,Brand_A,927,819,1472g,EMP0006,2024-07-30,
P00033,Product_33,家居,Brand_F,2357,2054,2646g,EMP0005,2024-07-23,
P00034,Product_34,圖書,Brand_F,1605,1458,1695g,EMP0005,2024-09-17,
P00035,Product_35,食品,Brand_G,272,208,81x52x59cm,EMP0006,2024-09-13,
P00036,Product_36,美妝,Brand_H,1683,1435,24x12x84cm,EMP0008,2025-01-08,
P00037,Product_37,家居,Brand_A,2766,2341,4196g,EMP0007,2025-06-04,
P00038,Product_38,食品,Brand_F,2803,2222,35x94x36cm,EMP0007,2024-12-16,
P00039,Product_39,3C,Brand_I,1847,1517,318g,EMP0009,2024-12-04,
P00040,Product_40,家居,Brand_D,2292,1784,84x30x22cm,EMP0008,2024-08-03,
P00041,Product_41,圖書,Brand_D,4831,3553,92x43x65cm,EMP0004,2024-12-04,
P00042,Product_42,食品,Brand_D,1949,1468,2563g,EMP0007,2025-02-18,
P00043,Product_43,食品,Brand_H,1365,992,593g,EMP0004,2025-05-26,
P00044,Product_44,食品,Brand_I,1293,1126,59x29x60cm,EMP0003,2025-06-05,2025-07-10
P00045,Product_45,食品,Brand_G,2343,2027,1498g,EMP0002,2024-12-03,
P00046,Product_46,3C,Brand_E,3822,3583,89x79x57cm,EMP0000,2025-05-09,
P00047,Product_47,食品,Brand_A,1109,979,4718g,EMP0007,2025-04-23,
P00048,Product_48,食品,Brand_D,3576,2549,86x84x95cm,EMP0008,2025-02-18,2025-07-10
P00049,Product_49,食品,Brand_H,204,188,29x76x46cm,EMP0000,2024-09-10,
P00050,Product_50,3C,Brand_I,2153,1971,4378g,EMP0001,2024-08-03,
P00051,Product_51,家居,Brand_G,3902,3164,28x44x66cm,EMP0004,2025-05-13,
P00052,Product_52,美妝,Brand_I,1760,1490,100x68x67cm,EMP0008,2024-11-22,
P00053,Product_53,美妝,Brand_F,2862,2702,20x28x76cm,EMP0000,2025-06-27,
P00054,Product_54,食品,Brand_A,1104,920,2633g,EMP0005,2024-12-18,
P00055,Product_55,美妝,Brand_J,3736,3461,30x44x65cm,EMP0009,2024-11-22,
P00056,Product_56,家居,Brand_D,356,257,86x98x69cm,EMP0008,2025-02-07,
P00057,Product_57,美妝,Brand_I,4277,3199,2568g,EMP0002,2024-07-13,
P00058,Product_58,服飾,Brand_G,1071,868,4236g,EMP0002,2024-10-02,2025-07-06
P00059,Product_59,美妝,Brand_F,4385,3710,20x59x40cm,EMP0007,2024-07-08,
P00060,Product_60,3C,Brand_D,1827,1652,4086g,EMP0001,2025-06-23,
P00061,Product_61,圖書,Brand_G,3641,3448,2842g,EMP0001,2024-07-12,2025-07-07
P00062,Product_62,3C,Brand_A,1664,1327,69x26x81cm,EMP0002,2024-09-24,
P00063,Product_63,圖書,Brand_H,4539,3231,4105g,EMP0006,2025-04-11,
P00064,Product_64,食品,Brand_F,721,649,2973g,EMP0001,2025-04-30,
P00065,Product_65,食品,Brand_G,975,830,2183g,EMP0000,2025-07-01,
P00066,Product_66,家居,Brand_I,2516,1886,23x18x81cm,EMP0008,2024-09-10,
P00067,Product_67,美妝,Brand_I,502,413,36x17x61cm,EMP0000,2025-01-06,
P00068,Product_68,3C,Brand_J,1060,939,41x14x92cm,EMP0002,2024-11-20,
P00069,Product_69,家居,Brand_J,4724,4217,89x16x36cm,EMP0002,2024-12-02,
P00070,Product_70,3C,Brand_E,4885,4029,47x25x51cm,EMP0003,2024-09-06,
P00071,Product_71,服飾,Brand_I,1944,1509,58x43x64cm,EMP0000,2024-08-30,
P00072,Product_72,服飾,Brand_J,4624,4363,1896g,EMP0006,2024-10-19,2025-07-22
P00073,Product_73,美妝,Brand_D,2770,2398,4900g,EMP0005,2024-10-21,2025-01-17
P00074,Product_74,美妝,Brand_J,1422,1140,59x60x39cm,EMP0006,2024-08-24,
P00075,Product_75,服飾,Brand_B,3542,2728,3592g,EMP0002,2025-06-22,
P00076,Product_76,食品,Brand_J,3329,2938,89x68x57cm,EMP0003,2024-12-07,
P00077,Product_77,3C,Brand_E,4947,3762,46x10x39cm,EMP0005,2025-04-19,
P00078,Product_78,圖書,Brand_I,1399,1039,4571g,EMP0001,2025-02-11,2025-06-19
P00079,Product_79,家居,Brand_G,3393,2825,3760g,EMP0000,2025-04-08,
P00080,Product_80,食品,Brand_C,355,274,63x59x80cm,EMP0006,2024-11-11,
P00081,Product_81,圖書,Brand_A,657,563,1584g,EMP0001,2024-07-07,
P00082,Product_82,3C,Brand_F,119,87,19x52x27cm,EMP0007,2025-05-19,2025-06-01
P00083,Product_83,3C,Brand_D,4997,4316,78x57x100cm,EMP0006,2025-06-19,
P00084,Product_84,美妝,Brand_G,4031,3107,51x51x14cm,EMP0006,2025-01-17,
P00085,Product_85,3C,Brand_E,3955,2769,1944g,EMP0003,2024-11-22,
P00086,Product_86,食品,Brand_J,2598,1901,4618g,EMP0003,2024-10-31,
P00087,Product_87,家居,Brand_C,1570,1466,2028g,EMP0007,2025-06-05,
P00088,Product_88,美妝,Brand_F,841,771,2513g,EMP0007,2025-01-05,
P00089,Product_89,家居,Brand_D,1495,1134,3512g,EMP0001,2024-07-28,
P00090,Product_90,圖書,Brand_E,1942,1738,75x95x95cm,EMP0004,2025-01-09,
P00091,Product_91,美妝,Brand_D,3806,-75,4823g,EMP0005,2024-09-01,
P00092,Product_92,3C,Brand_G,2744,2587,18x42x80cm,EMP0005,2024-08-01,
P00093,Product_93,服飾,Brand_D,480,381,1696g,EMP0001,2025-01-31,
P00094,Product_94,圖書,Brand_E,188,164,166g,EMP0005,2024-09-22,
P00095,Product_95,圖書,Brand_C,601,-77,42x56x75cm,EMP0005,2024-12-24,
P00096,Product_96,食品,Brand_C,2111,1687,55x63x90cm,EMP0006,2024-10-29,
P00097,Product_97,服飾,Brand_F,4673,4397,4931g,EMP0008,2025-04-27,
P00098,Product_98,美妝,Brand_H,3223,2691,1026g,EMP0002,2025-01-19,
P00099,Product_99,食品,Brand_G,4029,3110,84x78x40cm,EMP0002,2025-01-27,
P00100,Product_100,服飾,Brand_A,2385,1741,96x11x74cm,EMP0004,2024-07-22,
P00101,Product_101,食品,Brand_F,1872,1640,2092g,EMP0009,2024-11-24,
P00102,Product_102,服飾,Brand_E,631,544,51x62x41cm,EMP0007,2024-10-16,
P00103,Product_103,美妝,Brand_I,4392,3485,3705g,EMP0000,2024-10-19,
P00104,Product_104,美妝,Brand_E,3937,3692,66x82x96cm,EMP0001,2024-08-30,
P00105,Product_105,美妝,Brand_H,924,652,4022g,EMP0007,2025-02-28,2025-05-16
P00106,Product_106,食品,Brand_F,2610,2025,78x38x48cm,EMP0008,2025-04-10,2025-05-26
P00107,Product_107,3C,Brand_D,2488,2315,90x94x96cm,EMP0007,2025-06-22,
P00108,Product_108,服飾,Brand_F,3163,2468,94x63x34cm,EMP0009,2024-11-23,
P00109,Product_109,美妝,Brand_A,4736,3614,2446g,EMP0002,2025-06-10,
P00110,Product_110,服飾,Brand_D,2941,2451,2823g,EMP0007,2024-11-24,
P00111,Product_111,圖書,Brand_B,2747,2489,114g,EMP0006,2025-04-20,
P00112,Product_112,食品,Brand_A,347,252,1867g,EMP0000,2024-09-03,
P00113,Product_113,服飾,Brand_I,408,382,1635g,EMP0003,2025-05-16,
P00114,Product_114,食品,Brand_B,1018,915,51x12x36cm,EMP0000,2024-12-09,
P00115,Product_115,家居,Brand_E,259,193,23x67x96cm,EMP0003,2025-06-28,
P00116,Product_116,服飾,Brand_J,3742,3286,75x86x96cm,EMP0005,2024-11-21,
P00117,Product_117,食品,Brand_D,3644,2902,2930g,EMP0001,2025-04-22,
P00118,Product_118,家居,Brand_D,767,614,80x66x70cm,EMP0007,2025-03-02,
P00119,Product_119,美妝,Brand_E,4197,3760,2926g,EMP0002,2025-01-30,
P00120,Product_120,3C,Brand_A,858,808,27x17x32cm,EMP0007,2025-02-10,
P00121,Product_121,食品,Brand_B,1576,1153,1930g,EMP0005,2024-10-26,
P00122,Product_122,家居,Brand_F,1320,1063,51x75x17cm,EMP0003,2025-02-13,
P00123,Product_123,美妝,Brand_B,1924,1578,927g,EMP0002,2025-06-03,
P00124,Product_124,食品,Brand_F,1348,1070,87x58x60cm,EMP0008,2025-06-11,
P00125,Product_125,食品,Brand_D,2496,1974,10x37x49cm,EMP0002,2024-08-19,
P00126,Product_126,服飾,Brand_A,2096,1495,3540g,EMP0005,2025-03-09,
P00127,Product_127,3C,Brand_G,4934,4300,47x48x64cm,EMP0008,2025-03-12,
P00128,Product_128,食品,Brand_H,374,303,45x68x55cm,EMP0008,2025-02-22,
P00129,Product_129,圖書,Brand_B,797,596,1574g,EMP0004,2025-01-19,2025-06-09
P00130,Product_130,食品,Brand_C,359,324,4565g,EMP0002,2024-11-25,
P00131,Product_131,家居,Brand_I,3167,2852,98x88x75cm,EMP0001,2024-08-25,
P00132,Product_132,服飾,Brand_E,367,302,36x40x28cm,EMP0009,2024-07-26,
P00133,Product_133,食品,Brand_H,4199,3252,96x24x61cm,EMP0007,2024-10-08,
P00134,Product_134,3C,Brand_A,2608,-68,43x31x51cm,EMP0002,2024-12-02,
P00135,Product_135,美妝,Brand_C,2682,2071,3111g,EMP0000,2024-09-08,
P00136,Product_136,美妝,Brand_B,2852,2165,909g,EMP0007,2025-01-22,
P00137,Product_137,服飾,Brand_J,937,827,14x88x90cm,EMP0001,2025-07-11,
P00138,Product_138,美妝,Brand_F,1069,759,2345g,EMP0001,2024-10-25,
P00139,Product_139,3C,Brand_D,1662,1203,1081g,EMP0001,2025-03-12,
P00140,Product_140,美妝,Brand_A,3008,2111,76x52x56cm,EMP0000,2025-01-17,
P00141,Product_141,3C,Brand_B,1130,834,94x31x63cm,EMP0008,2024-11-22,
P00142,Product_142,3C,Brand_G,670,481,63x90x55cm,EMP0002,2024-11-02,2025-03-10
P00143,Product_143,服飾,Brand_E,4854,4606,100x16x31cm,EMP0001,2025-07-08,
P00144,Product_144,3C,Brand_I,208,160,92x65x93cm,EMP0000,2025-01-01,2025-05-08
P00145,Product_145,圖書,Brand_C,4033,2974,34x25x14cm,EMP0008,2025-06-19,
P00146,Product_146,美妝,Brand_D,3961,3012,3762g,EMP0004,2024-09-23,
P00147,Product_147,服飾,Brand_F,1556,1454,156g,EMP0005,2024-07-08,
P00148,Product_148,服飾,Brand_G,765,635,3589g,EMP0001,2025-03-21,
P00149,Product_149,服飾,Brand_A,814,644,1590g,EMP0001,2025-02-16,2025-04-27
P00150,Product_150,圖書,Brand_C,3517,3230,3778g,EMP0007,2024-09-12,
P00151,Product_151,食品,Brand_D,3250,2596,184g,EMP0005,2025-01-28,
P00152,Product_152,食品,Brand_E,3935,3084,20x49x10cm,EMP0009,2025-06-10,
P00153,Product_153,食品,Brand_D,4694,3529,26x64x73cm,EMP0001,2024-09-07,2025-02-15
P00154,Product_154,家居,Brand_G,3490,2773,65x58x70cm,EMP0004,2025-04-04,
P00155,Product_155,3C,Brand_G,864,673,47x62x46cm,EMP0007,2024-09-15,2025-03-02
P00156,Product_156,家居,Brand_C,1293,1124,21x53x79cm,EMP0003,2024-09-22,
P00157,Product_157,服飾,Brand_E,4227,3265,60x62x12cm,EMP0004,2025-04-14,
P00158,Product_158,家居,Brand_E,1126,950,76x95x84cm,EMP0006,2024-10-31,
P00159,Product_159,食品,Brand_B,455,326,3489g,EMP0006,2025-04-14,
P00160,Product_160,家居,Brand_F,3546,2652,58x46x63cm,EMP0002,2025-06-21,
P00161,Product_161,服飾,Brand_C,2072,1662,84x74x71cm,EMP0006,2025-06-27,
P00162,Product_162,服飾,Brand_F,4608,4305,509g,EMP0000,2024-09-13,
P00163,Product_163,食品,Brand_E,3286,2610,4275g,EMP0001,2025-02-22,
P00164,Product_164,3C,Brand_B,543,470,3805g,EMP0002,2024-11-23,
P00165,Product_165,家居,Brand_E,4744,3624,62x30x34cm,EMP0006,2025-01-27,
P00166,Product_166,美妝,Brand_D,1367,1000,754g,EMP0009,2025-01-06,
P00167,Product_167,服飾,Brand_C,1752,1252,3701g,EMP0002,2025-01-29,
P00168,Product_168,食品,Brand_D,2071,1608,1876g,EMP0004,2025-01-08,
P00169,Product_169,服飾,Brand_A,351,260,82x62x98cm,EMP0007,2024-08-07,2025-07-28
P00170,Product_170,3C,Brand_E,2533,1883,70x99x23cm,EMP0004,2025-04-20,
P00171,Product_171,美妝,Brand_I,704,627,2580g,EMP0005,2025-04-20,
P00172,Product_172,美妝,Brand_J,2065,1454,44x54x46cm,EMP0007,2025-05-17,
P00173,Product_173,3C,Brand_B,1818,1527,2451g,EMP0002,2025-04-09,
P00174,Product_174,美妝,Brand_G,3887,3090,14x98x98cm,EMP0008,2025-06-10,
P00175,Product_175,食品,Brand_J,4036,3336,978g,EMP0008,2024-09-30,
P00176,Product_176,圖書,Brand_J,852,716,14x16x13cm,EMP0001,2024-07-31,
P00177,Product_177,3C,Brand_I,1896,1476,4801g,EMP0002,2024-12-01,
P00178,Product_178,圖書,Brand_H,1929,1493,61x10x48cm,EMP0001,2024-07-09,
P00179,Product_179,家居,Brand_D,842,744,3090g,EMP0007,2025-05-12,
P00180,Product_180,圖書,Brand_A,4012,3683,3852g,EMP0007,2024-08-25,2024-12-09
P00181,Product_181,美妝,Brand_I,3565,2667,54x43x84cm,EMP0006,2024-11-05,2024-11-24
P00182,Product_182,3C,Brand_A,1033,748,4468g,EMP0007,2025-03-07,
P00183,Product_183,服飾,Brand_F,1897,1754,3168g,EMP0004,2025-04-02,
P00184,Product_184,美妝,Brand_G,618,487,89x73x63cm,EMP0000,2024-07-09,2025-01-24
P00185,Product_185,圖書,Brand_A,3178,2663,62x14x24cm,EMP0004,2025-01-17,
P00186,Product_186,圖書,Brand_D,695,549,1760g,EMP0002,2024-09-16,
P00187,Product_187,圖書,Brand_A,4931,3607,3641g,EMP0007,2024-12-27,2025-06-10
P00188,Product_188,服飾,Brand_J,3925,3326,66x28x30cm,EMP0000,2025-04-24,
P00189,Product_189,食品,Brand_H,2012,1673,2353g,EMP0009,2024-07-08,
P00190,Product_190,服飾,Brand_E,2935,2203,69x86x24cm,EMP0008,2024-08-10,
P00191,Product_191,美妝,Brand_G,4566,3712,4915g,EMP0000,2024-10-30,
P00192,Product_192,3C,Brand_J,2815,2531,3862g,EMP0001,2024-09-08,
P00193,Product_193,服飾,Brand_E,955,810,51x38x71cm,EMP0008,2025-05-04,
P00194,Product_194,家居,Brand_A,1956,1416,4015g,EMP0003,2024-07-25,
P00195,Product_195,家居,Brand_A,4231,3542,3997g,EMP0003,2024-10-30,2025-06-07
P00196,Product_196,圖書,Brand_F,3257,2852,96x62x57cm,EMP0006,2025-01-08,
P00197,Product_197,美妝,Brand_F,3289,2954,630g,EMP0004,2025-04-10,
P00198,Product_198,家居,Brand_H,4347,3727,4718g,EMP0006,2024-08-25,
P00199,Product_199,服飾,Brand_F,4480,3307,619g,EMP0003,2024-09-15,
P00200,Product_200,美妝,Brand_B,4607,4043,75x22x61cm,EMP0005,2024-11-26,
P00201,Product_201,食品,Brand_E,565,491,37x91x65cm,EMP0003,2025-01-06,
P00202,Product_202,家居,Brand_J,2766,1953,1636g,EMP0007,2025-03-09,
P00203,Product_203,美妝,Brand_D,3728,2994,4125g,EMP0004,2025-03-10,
P00204,Product_204,3C,Brand_D,3809,2983,2465g,EMP0009,2025-02-10,
P00205,Product_205,家居,Brand_I,3073,2665,4426g,EMP0004,2024-09-24,
P00206,Product_206,家居,Brand_E,917,692,36x62x59cm,EMP0006,2024-11-10,
P00207,Product_207,家居,Brand_F,4007,3397,37x55x19cm,EMP0009,2025-01-25,
P00208,Product_208,3C,Brand_A,3629,3368,73x15x69cm,EMP0003,2024-11-06,
P00209,Product_209,食品,Brand_H,522,470,3764g,EMP0007,2025-01-23,
P00210,Product_210,食品,Brand_E,2373,2207,47x18x57cm,EMP0005,2024-07-16,
P00211,Product_211,食品,Brand_A,952,900,78x20x56cm,EMP0005,2025-01-31,
P00212,Product_212,食品,Brand_G,1754,1232,84x43x21cm,EMP0001,2025-01-09,
P00213,Product_213,圖書,Brand_B,189,161,99x73x37cm,EMP0000,2025-03-31,
P00214,Product_214,家居,Brand_A,2062,1656,693g,EMP0002,2024-08-23,
P00215,Product_215,圖書,Brand_I,2794,2557,11x67x34cm,EMP0008,2024-10-02,
P00216,Product_216,家居,Brand_E,3136,2393,81x13x77cm,EMP0007,2025-04-03,
P00217,Product_217,服飾,Brand_A,3351,3168,93x10x55cm,EMP0005,2025-06-21,
P00218,Product_218,3C,Brand_C,4198,3583,1629g,EMP0007,2025-05-24,
P00219,Product_219,美妝,Brand_D,1156,1038,3289g,EMP0005,2025-06-01,
P00220,Product_220,服飾,Brand_F,690,498,58x45x70cm,EMP0002,2024-09-07,
P00221,Product_221,食品,Brand_C,4273,3187,2337g,EMP0003,2024-11-13,
P00222,Product_222,家居,Brand_F,867,772,63x61x14cm,EMP0002,2024-09-02,
P00223,Product_223,美妝,Brand_I,4876,3440,16x45x43cm,EMP0008,2024-12-28,
P00224,Product_224,圖書,Brand_C,4228,3823,10x66x16cm,EMP0005,2025-01-17,
P00225,Product_225,美妝,Brand_C,2554,1797,3886g,EMP0007,2024-12-06,
P00226,Product_226,美妝,Brand_J,4909,4243,65x68x16cm,EMP0008,2025-06-02,
P00227,Product_227,美妝,Brand_B,577,457,95x23x91cm,EMP0008,2024-07-29,
P00228,Product_228,食品,Brand_G,1585,1352,4091g,EMP0008,2024-08-31,
P00229,Product_229,食品,Brand_I,3227,2821,632g,EMP0002,2024-09-02,
P00230,Product_230,美妝,Brand_E,1815,1426,3138g,EMP0001,2025-02-10,
P00231,Product_231,服飾,Brand_B,4649,3380,15x83x95cm,EMP0008,2025-02-21,
P00232,Product_232,服飾,Brand_H,422,302,3331g,EMP0002,2025-02-05,
P00233,Product_233,家居,Brand_F,2792,2366,66x98x47cm,EMP0007,2024-08-02,
P00234,Product_234,圖書,Brand_G,2995,2487,28x71x11cm,EMP0001,2025-01-13,
P00235,Product_235,美妝,Brand_D,3298,2921,2569g,EMP0009,2024-10-13,
P00236,Product_236,服飾,Brand_G,1353,1119,1017g,EMP0007,2024-10-17,
P00237,Product_237,美妝,Brand_G,1886,1520,62x50x15cm,EMP0004,2025-06-14,
P00238,Product_238,圖書,Brand_B,4234,3385,4874g,EMP0002,2024-08-23,
P00239,Product_239,圖書,Brand_I,1055,746,1223g,EMP0006,2025-04-30,
P00240,Product_240,美妝,Brand_G,4152,3254,51x87x31cm,EMP0007,2025-06-15,
P00241,Product_241,食品,Brand_C,2857,2697,17x99x30cm,EMP0009,2025-03-07,
P00242,Product_242,家居,Brand_G,3835,3522,57x29x19cm,EMP0000,2025-03-04,
P00243,Product_243,服飾,Brand_A,3597,2814,63x92x43cm,EMP0007,2024-12-22,
P00244,Product_244,服飾,Brand_H,1117,946,316g,EMP0005,2024-08-10,
P00245,Product_245,服飾,Brand_I,2887,2633,799g,EMP0002,2025-01-11,
P00246,Product_246,美妝,Brand_C,4352,3526,53x95x88cm,EMP0005,2024-09-19,
P00247,Product_247,圖書,Brand_F,2217,1562,1767g,EMP0004,2025-01-05,
P00248,Product_248,圖書,Brand_H,4836,3475,4927g,EMP0000,2025-04-10,
P00249,Product_249,美妝,Brand_E,2316,1917,2336g,EMP0004,2025-02-24,
P00250,Product_250,3C,Brand_E,800,754,3243g,EMP0003,2024-07-13,
P00251,Product_251,3C,Brand_A,2008,1754,84x35x83cm,EMP0006,2024-11-12,
P00252,Product_252,美妝,Brand_G,4763,3419,89x96x31cm,EMP0001,2025-02-16,
P00253,Product_253,食品,Brand_H,1667,1246,4314g,EMP0003,2025-03-04,2025-03-10
P00254,Product_254,服飾,Brand_J,4354,3887,2647g,EMP0007,2025-03-19,
P00255,Product_255,服飾,Brand_G,4418,4022,4865g,EMP0007,2025-06-08,
P00256,Product_256,美妝,Brand_D,1816,1552,3479g,EMP0005,2025-05-02,
P00257,Product_257,美妝,Brand_J,508,437,17x46x72cm,EMP0003,2024-09-18,
P00258,Product_258,家居,Brand_H,3650,2581,845g,EMP0008,2024-07-31,
P00259,Product_259,食品,Brand_F,1626,1475,10x95x28cm,EMP0004,2024-10-14,
P00260,Product_260,3C,Brand_D,3936,3531,63x93x18cm,EMP0003,2024-09-16,
P00261,Product_261,圖書,Brand_A,2269,1735,77x71x89cm,EMP0005,2024-11-29,
P00262,Product_262,圖書,Brand_G,2478,2173,2562g,EMP0007,2024-12-05,
P00263,Product_263,服飾,Brand_H,3912,2948,3834g,EMP0008,2025-06-01,
P00264,Product_264,3C,Brand_E,1974,1401,90x82x13cm,EMP0006,2025-04-02,
P00265,Product_265,3C,Brand_I,2271,1704,3650g,EMP0001,2024-09-09,
P00266,Product_266,家居,Brand_A,1943,1447,3833g,EMP0003,2024-07-29,
P00267,Product_267,食品,Brand_J,1900,1490,80x40x26cm,EMP0002,2025-03-09,
P00268,Product_268,服飾,Brand_E,2677,2154,4314g,EMP0003,2025-03-14,
P00269,Product_269,家居,Brand_D,4063,3361,60x58x44cm,EMP0008,2025-02-07,
P00270,Product_270,服飾,Brand_F,1873,1534,46x22x40cm,EMP0002,2025-06-14,
P00271,Product_271,食品,Brand_G,2669,2049,1927g,EMP0008,2024-11-23,
P00272,Product_272,圖書,Brand_C,3387,2395,85x54x24cm,EMP0004,2025-06-24,
P00273,Product_273,服飾,Brand_I,1420,1209,2168g,EMP0006,2024-10-18,
P00274,Product_274,美妝,Brand_B,1460,1166,74x75x61cm,EMP0002,2025-03-31,
P00275,Product_275,美妝,Brand_D,4674,3621,4356g,EMP0007,2025-02-01,
P00276,Product_276,美妝,Brand_A,3645,3342,305g,EMP0009,2024-09-24,
P00277,Product_277,圖書,Brand_A,2928,2596,2736g,EMP0003,2025-01-01,
P00278,Product_278,3C,Brand_B,3274,2994,3315g,EMP0001,2024-08-07,
P00279,Product_279,美妝,Brand_E,244,201,59x98x43cm,EMP0007,2025-01-20,
P00280,Product_280,3C,Brand_A,3129,2292,37x29x96cm,EMP0008,2025-07-09,
P00281,Product_281,食品,Brand_H,2597,2270,60x71x40cm,EMP0001,2024-10-06,
P00282,Product_282,3C,Brand_G,2774,2085,366g,EMP0001,2024-07-25,
P00283,Product_283,3C,Brand_C,1861,1508,36x77x77cm,EMP0004,2025-05-05,
P00284,Product_284,3C,Brand_F,499,358,17x95x27cm,EMP0002,2025-03-22,
P00285,Product_285,美妝,Brand_D,1047,949,64x79x26cm,EMP0000,2025-06-16,
P00286,Product_286,家居,Brand_A,4759,3481,921g,EMP0009,2024-09-16,
P00287,Product_287,食品,Brand_E,2103,1947,18x78x66cm,EMP0006,2025-04-16,2025-06-04
P00288,Product_288,美妝,Brand_B,2387,2186,39x54x46cm,EMP0008,2024-08-13,
P00289,Product_289,美妝,Brand_G,358,292,62x78x64cm,EMP0006,2025-01-20,
P00290,Product_290,家居,Brand_J,284,252,14x94x94cm,EMP0001,2025-02-13,
P00291,Product_291,3C,Brand_D,3614,3090,933g,EMP0006,2025-06-30,
P00292,Product_292,食品,Brand_E,2737,2465,2732g,EMP0000,2024-08-08,
P00293,Product_293,家居,Brand_F,2593,2095,41x84x15cm,EMP0007,2024-12-24,
P00294,Product_294,食品,Brand_G,1291,1158,1996g,EMP0003,2025-04-04,
P00295,Product_295,食品,Brand_D,3749,3058,1198g,EMP0008,2024-07-11,
P00296,Product_296,3C,Brand_H,924,864,67x37x36cm,EMP0002,2024-10-24,
P00297,Product_297,3C,Brand_E,1031,847,67x57x43cm,EMP0005,2025-03-07,
P00298,Product_298,美妝,Brand_C,2357,1923,2886g,EMP0006,2024-08-31,
P00299,Product_299,美妝,Brand_D,1503,1347,2870g,EMP0002,2025-03-21,
P00300,Product_300,食品,Brand_H,1313,1188,803g,EMP0002,2025-04-25,
P00301,Product_301,美妝,Brand_F,3262,2735,984g,EMP0002,2024-10-30,
P00302,Product_302,食品,Brand_E,3290,2451,3658g,EMP0002,2024-08-26,
P00303,Product_303,食品,Brand_B,4140,3382,4758g,EMP0008,2025-02-03,
P00304,Product_304,食品,Brand_A,2147,2022,4256g,EMP0001,2025-01-25,
P00305,Product_305,3C,Brand_D,458,407,2116g,EMP0000,2025-01-31,2025-07-07
P00306,Product_306,圖書,Brand_F,1441,1301,3975g,EMP0007,2025-02-19,2025-04-09
P00307,Product_307,服飾,Brand_F,4902,3472,4952g,EMP0009,2025-04-29,
P00308,Product_308,家居,Brand_B,3022,2469,56x16x93cm,EMP0002,2025-06-01,
P00309,Product_309,家居,Brand_J,3578,3083,91x88x37cm,EMP0000,2024-09-08,
P00310,Product_310,3C,Brand_I,136,123,55x51x18cm,EMP0009,2024-11-06,2024-12-16
P00311,Product_311,服飾,Brand_G,2639,1880,3695g,EMP0003,2025-02-08,2025-02-25
P00312,Product_312,3C,Brand_E,284,259,89x40x50cm,EMP0006,2024-12-13,
P00313,Product_313,食品,Brand_I,2889,2419,4390g,EMP0004,2024-08-15,
P00314,Product_314,食品,Brand_G,4612,3456,96x100x71cm,EMP0002,2024-07-12,
P00315,Product_315,服飾,Brand_E,4845,3776,43x93x80cm,EMP0003,2025-03-22,
P00316,Product_316,圖書,Brand_D,2749,2118,54x75x70cm,EMP0006,2024-12-05,
P00317,Product_317,3C,Brand_J,2345,1953,66x57x72cm,EMP0007,2025-03-13,
P00318,Product_318,美妝,Brand_C,4731,3373,1800g,EMP0008,2024-09-02,2025-01-03
P00319,Product_319,食品,Brand_F,3401,2515,1069g,EMP0004,2025-03-06,
P00320,Product_320,服飾,Brand_A,418,378,2372g,EMP0005,2025-01-13,
P00321,Product_321,食品,Brand_D,2382,1746,80x66x65cm,EMP0002,2024-11-27,
P00322,Product_322,食品,Brand_A,1277,969,58x19x23cm,EMP0000,2024-09-18,2025-06-15
P00323,Product_323,圖書,Brand_A,2402,1954,978g,EMP0001,2024-08-17,
P00324,Product_324,食品,Brand_C,2332,1934,70x94x93cm,EMP0008,2024-10-22,2025-07-21
P00325,Product_325,美妝,Brand_A,2953,2630,71x80x41cm,EMP0001,2025-04-11,
P00326,Product_326,食品,Brand_I,1848,1500,51x88x34cm,EMP0004,2025-01-12,2025-06-25
P00327,Product_327,3C,Brand_B,905,812,4562g,EMP0008,2024-11-30,
P00328,Product_328,圖書,Brand_C,2568,2195,3621g,EMP0007,2025-05-08,
P00329,Product_329,服飾,Brand_H,4168,3035,77x92x34cm,EMP0008,2025-05-01,
P00330,Product_330,家居,Brand_E,3354,2479,36x71x48cm,EMP0000,2024-07-31,
P00331,Product_331,3C,Brand_C,1758,1423,2102g,EMP0002,2024-11-12,
P00332,Product_332,家居,Brand_D,4684,3744,1109g,EMP0005,2025-05-21,
P00333,Product_333,3C,Brand_E,4570,4048,91x24x60cm,EMP0004,2024-09-07,
P00334,Product_334,服飾,Brand_J,1126,952,4597g,EMP0004,2025-02-12,
P00335,Product_335,圖書,Brand_C,293,234,1439g,EMP0007,2025-04-11,
P00336,Product_336,服飾,Brand_I,3732,2772,3100g,EMP0009,2025-03-21,
P00337,Product_337,圖書,Brand_B,4155,3144,2750g,EMP0009,2024-12-27,2025-03-17
P00338,Product_338,圖書,Brand_J,4843,4086,16x100x27cm,EMP0001,2025-05-26,
P00339,Product_339,圖書,Brand_E,4460,3594,27x38x77cm,EMP0001,2024-11-28,
P00340,Product_340,食品,Brand_G,3043,2522,1487g,EMP0000,2025-05-30,
P00341,Product_341,服飾,Brand_A,2697,2003,86x81x77cm,EMP0004,2024-09-15,
P00342,Product_342,家居,Brand_J,236,205,17x56x16cm,EMP0005,2024-08-22,
P00343,Product_343,3C,Brand_E,1309,1195,100x48x74cm,EMP0005,2025-05-01,
P00344,Product_344,家居,Brand_D,2352,1798,1138g,EMP0002,2025-06-18,
P00345,Product_345,食品,Brand_D,3180,2616,4872g,EMP0001,2025-04-29,
P00346,Product_346,服飾,Brand_H,2831,2672,3693g,EMP0001,2024-08-18,
P00347,Product_347,家居,Brand_A,3739,2929,51x45x31cm,EMP0000,2024-10-11,
P00348,Product_348,3C,Brand_C,1471,1248,10x24x44cm,EMP0002,2025-01-15,
P00349,Product_349,圖書,Brand_J,2868,-32,1254g,EMP0005,2025-05-17,
P00350,Product_350,家居,Brand_G,532,453,1756g,EMP0000,2025-04-19,
P00351,Product_351,服飾,Brand_J,2127,1537,954g,EMP0008,2025-05-15,
P00352,Product_352,3C,Brand_A,3776,3549,65x25x15cm,EMP0003,2025-06-07,
P00353,Product_353,美妝,Brand_F,3498,3074,3116g,EMP0009,2025-01-14,
P00354,Product_354,美妝,Brand_F,4954,4444,2276g,EMP0002,2024-09-09,
P00355,Product_355,美妝,Brand_G,1462,1280,619g,EMP0004,2024-09-29,
P00356,Product_356,家居,Brand_G,2541,2153,38x64x46cm,EMP0006,2025-01-01,
P00357,Product_357,食品,Brand_D,1715,1393,1731g,EMP0003,2025-01-21,
P00358,Product_358,服飾,Brand_B,2259,2066,309g,EMP0007,2024-11-22,
P00359,Product_359,服飾,Brand_B,4299,4038,3826g,EMP0003,2025-04-09,
P00360,Product_360,3C,Brand_F,3453,2848,96x36x99cm,EMP0007,2025-02-08,2025-06-09
P00361,Product_361,美妝,Brand_B,4424,4127,76x61x93cm,EMP0003,2024-08-21,
P00362,Product_362,圖書,Brand_H,1097,928,44x85x69cm,EMP0000,2024-11-08,
P00363,Product_363,家居,Brand_F,4379,3655,95x67x59cm,EMP0005,2024-11-24,
P00364,Product_364,服飾,Brand_C,393,320,767g,EMP0009,2024-08-13,
P00365,Product_365,家居,Brand_C,4454,3351,60x83x22cm,EMP0003,2025-01-04,
P00366,Product_366,圖書,Brand_C,1712,1200,13x48x10cm,EMP0000,2025-05-17,2025-07-03
P00367,Product_367,服飾,Brand_F,1641,1248,50x16x21cm,EMP0007,2024-10-06,
P00368,Product_368,美妝,Brand_F,2609,2159,2844g,EMP0005,2025-03-31,
P00369,Product_369,3C,Brand_J,4709,3744,2373g,EMP0008,2024-10-09,
P00370,Product_370,服飾,Brand_A,334,271,96x35x24cm,EMP0008,2024-06-01,
P00371,Product_371,家居,Brand_J,1826,1726,2879g,EMP0000,2025-04-06,
P00372,Product_372,食品,Brand_E,4297,3384,2352g,EMP0005,2025-06-13,
P00373,Product_373,3C,Brand_D,2041,1659,1146g,EMP0000,2024-08-16,
P00374,Product_374,服飾,Brand_D,1076,789,4117g,EMP0009,2025-03-30,
P00375,Product_375,圖書,Brand_H,2181,1553,51x23x38cm,EMP0007,2024-08-18,
P00376,Product_376,服飾,Brand_G,1989,1778,76x40x79cm,EMP0009,2024-07-10,
P00377,Product_377,服飾,Brand_H,4586,3864,77x65x72cm,EMP0008,2024-10-31,
P00378,Product_378,圖書,Brand_G,3833,3412,1175g,EMP0002,2024-08-08,
P00379,Product_379,美妝,Brand_F,2575,1899,2835g,EMP0009,2024-07-18,
P00380,Product_380,圖書,Brand_G,4943,4167,1938g,EMP0000,2024-10-25,
P00381,Product_381,食品,Brand_E,2380,1817,1893g,EMP0005,2025-03-20,
P00382,Product_382,美妝,Brand_J,385,292,91x30x97cm,EMP0004,2025-03-10,
P00383,Product_383,圖書,Brand_E,1385,-53,95x27x30cm,EMP0000,2025-03-07,
P00384,Product_384,家居,Brand_F,2237,1639,529g,EMP0009,2025-04-15,
P00385,Product_385,食品,Brand_I,869,675,4195g,EMP0005,2025-03-23,
P00386,Product_386,美妝,Brand_A,4743,3459,2937g,EMP0003,2024-09-22,
P00387,Product_387,圖書,Brand_A,3858,3651,4618g,EMP0002,2024-11-12,
P00388,Product_388,家居,Brand_D,1415,1099,1416g,EMP0002,2024-10-15,
P00389,Product_389,圖書,Brand_C,2995,2194,83x82x38cm,EMP0002,2025-03-19,
P00390,Product_390,食品,Brand_D,3635,2725,1488g,EMP0000,2025-01-10,
P00391,Product_391,食品,Brand_H,4712,3991,78x74x89cm,EMP0009,2024-11-23,
P00392,Product_392,美妝,Brand_H,4420,3165,2995g,EMP0007,2025-05-10,2025-07-27
P00393,Product_393,服飾,Brand_B,2624,2403,96x62x82cm,EMP0007,2025-05-18,
P00394,Product_394,食品,Brand_B,3896,3664,18x79x25cm,EMP0001,2025-06-22,
P00395,Product_395,服飾,Brand_J,2855,2174,75x86x26cm,EMP0006,2024-08-03,
P00396,Product_396,3C,Brand_I,2808,2282,15x58x42cm,EMP0005,2024-12-10,
P00397,Product_397,圖書,Brand_H,662,467,30x88x95cm,EMP0004,2024-09-27,
P00398,Product_398,食品,Brand_I,718,618,19x85x86cm,EMP0006,2025-05-23,
P00399,Product_399,家居,Brand_B,2695,2165,2282g,EMP0005,2025-04-01,
P00400,Product_400,圖書,Brand_B,1417,1088,2116g,EMP0000,2025-03-23,
P00401,Product_401,家居,Brand_D,203,153,98x61x70cm,EMP0007,2025-05-26,
P00402,Product_402,3C,Brand_E,3642,3145,2037g,EMP0002,2025-04-16,
P00403,Product_403,食品,Brand_G,259,208,51x58x19cm,EMP0007,2024-07-12,
P00404,Product_404,美妝,Brand_C,3017,2247,83x95x32cm,EMP0008,2024-12-16,
P00405,Product_405,圖書,Brand_G,2742,2392,45x84x67cm,EMP0003,2025-01-20,
P00406,Product_406,家居,Brand_A,4847,4078,88x24x50cm,EMP0001,2024-07-29,
P00407,Product_407,家居,Brand_G,2473,2262,412g,EMP0006,2025-02-22,
P00408,Product_408,圖書,Brand_C,412,300,48x36x85cm,EMP0007,2024-11-13,
P00409,Product_409,服飾,Brand_A,2803,2513,4736g,EMP0005,2024-10-30,
P00410,Product_410,美妝,Brand_F,4221,3666,39x46x80cm,EMP0009,2025-06-20,
P00411,Product_411,美妝,Brand_B,4985,3633,1531g,EMP0006,2025-02-03,
P00412,Product_412,3C,Brand_G,2209,1930,552g,EMP0005,2024-07-12,
P00413,Product_413,食品,Brand_B,1669,1353,29x33x93cm,EMP0003,2025-07-12,
P00414,Product_414,家居,Brand_C,4543,4253,3270g,EMP0007,2024-11-29,
P00415,Product_415,美妝,Brand_F,1037,763,4645g,EMP0008,2025-01-12,
P00416,Product_416,圖書,Brand_H,3116,2682,2577g,EMP0005,2024-10-24,
P00417,Product_417,美妝,Brand_A,2088,1661,584g,EMP0004,2024-12-10,
P00418,Product_418,食品,Brand_B,301,283,1224g,EMP0009,2025-05-18,
P00419,Product_419,家居,Brand_J,1802,1410,33x77x43cm,EMP0007,2024-12-31,
P00420,Product_420,服飾,Brand_J,1400,1316,100x67x18cm,EMP0001,2024-07-29,
P00421,Product_421,美妝,Brand_H,3462,3204,97x56x54cm,EMP0005,2025-05-11,2025-05-27
P00422,Product_422,美妝,Brand_C,4749,3645,59x99x49cm,EMP0003,2024-12-06,
P00423,Product_423,圖書,Brand_F,1413,1273,35x44x65cm,EMP0001,2025-04-23,
P00424,Product_424,食品,Brand_B,4076,3868,72x50x62cm,EMP0004,2024-09-28,
P00425,Product_425,美妝,Brand_B,371,283,2664g,EMP0006,2025-03-18,
P00426,Product_426,家居,Brand_J,2737,2215,1647g,EMP0003,2024-09-08,
P00427,Product_427,家居,Brand_D,446,370,100x59x19cm,EMP0007,2024-09-19,
P00428,Product_428,食品,Brand_I,4677,3619,3854g,EMP0003,2024-09-28,
P00429,Product_429,美妝,Brand_I,3855,2713,4672g,EMP0003,2025-04-02,
P00430,Product_430,3C,Brand_D,3324,2510,67x38x32cm,EMP0006,2024-09-18,
P00431,Product_431,圖書,Brand_E,4137,3188,2531g,EMP0000,2025-02-07,
P00432,Product_432,食品,Brand_C,3273,2654,56x12x20cm,EMP0002,2024-12-24,
P00433,Product_433,家居,Brand_E,4848,3601,1090g,EMP0001,2024-07-24,
P00434,Product_434,美妝,Brand_A,3598,3304,38x85x93cm,EMP0008,2025-01-12,
P00435,Product_435,家居,Brand_J,4631,4058,4764g,EMP0004,2024-11-07,
P00436,Product_436,食品,Brand_G,2634,1900,40x96x36cm,EMP0007,2025-05-11,
P00437,Product_437,3C,Brand_A,674,581,40x91x21cm,EMP0000,2025-04-04,
P00438,Product_438,3C,Brand_J,2688,2321,1674g,EMP0004,2024-10-21,
P00439,Product_439,美妝,Brand_E,722,678,2069g,EMP0009,2024-08-18,
P00440,Product_440,食品,Brand_J,3003,2105,86x21x36cm,EMP0002,2024-10-03,
P00441,Product_441,美妝,Brand_E,2464,1878,3343g,EMP0003,2025-06-14,
P00442,Product_442,圖書,Brand_I,3151,2936,49x21x77cm,EMP0005,2024-09-15,
P00443,Product_443,服飾,Brand_E,149,139,93x30x64cm,EMP0002,2025-06-28,
P00444,Product_444,食品,Brand_D,1055,928,3782g,EMP0004,2024-11-26,2025-04-26
P00445,Product_445,家居,Brand_A,2508,2235,3831g,EMP0002,2024-12-12,
P00446,Product_446,美妝,Brand_C,4757,3439,18x60x96cm,EMP0007,2025-04-02,
P00447,Product_447,3C,Brand_A,1980,1640,4209g,EMP0007,2025-01-20,
P00448,Product_448,美妝,Brand_E,2179,1652,4164g,EMP0006,2025-06-12,
P00449,Product_449,圖書,Brand_I,3602,2685,25x48x38cm,EMP0004,2025-06-02,
P00450,Product_450,圖書,Brand_D,3059,2761,86x96x63cm,EMP0006,2025-05-22,
P00451,Product_451,服飾,Brand_D,1565,1148,4876g,EMP0001,2024-12-09,
P00452,Product_452,服飾,Brand_G,2113,1727,3018g,EMP0002,2024-10-29,
P00453,Product_453,圖書,Brand_E,1167,1090,30x86x33cm,EMP0001,2025-01-23,
P00454,Product_454,食品,Brand_B,4834,3608,32x15x24cm,EMP0005,2025-04-20,
P00455,Product_455,圖書,Brand_H,740,699,3834g,EMP0005,2025-03-24,
P00456,Product_456,食品,Brand_B,1922,1823,1907g,EMP0002,2024-12-30,
P00457,Product_457,食品,Brand_H,227,190,47x19x94cm,EMP0000,2025-02-24,
P00458,Product_458,圖書,Brand_E,1187,881,1198g,EMP0009,2024-08-20,
P00459,Product_459,圖書,Brand_A,3924,3057,53x31x96cm,EMP0004,2025-06-28,
P00460,Product_460,圖書,Brand_H,1086,875,4299g,EMP0003,2025-06-12,
P00461,Product_461,美妝,Brand_H,492,383,45x32x79cm,EMP0005,2025-05-10,
P00462,Product_462,3C,Brand_F,2425,1868,1761g,EMP0001,2025-01-23,
P00463,Product_463,家居,Brand_I,149,140,29x52x66cm,EMP0002,2024-12-15,
P00464,Product_464,3C,Brand_I,515,380,75x64x64cm,EMP0004,2025-03-27,
P00465,Product_465,圖書,Brand_B,4057,3584,2488g,EMP0005,2025-06-10,
P00466,Product_466,圖書,Brand_I,3880,2717,4950g,EMP0008,2025-01-18,2025-04-21
P00467,Product_467,食品,Brand_F,4584,3892,1888g,EMP0006,2025-05-18,
P00468,Product_468,圖書,Brand_G,4287,3983,27x51x53cm,EMP0008,2025-04-04,
P00469,Product_469,圖書,Brand_G,3448,2661,13x80x10cm,EMP0009,2024-09-05,2024-09-16
P00470,Product_470,家居,Brand_D,356,266,2358g,EMP0003,2024-07-23,
P00471,Product_471,美妝,Brand_G,3936,3396,98x49x85cm,EMP0007,2025-01-05,
P00472,Product_472,美妝,Brand_I,4243,3726,579g,EMP0003,2024-10-10,
P00473,Product_473,美妝,Brand_D,4016,3502,71x91x91cm,EMP0005,2024-09-14,
P00474,Product_474,食品,Brand_C,2592,2021,10x13x43cm,EMP0007,2025-05-11,
P00475,Product_475,食品,Brand_D,1241,947,1335g,EMP0004,2025-05-15,
P00476,Product_476,食品,Brand_F,4242,3983,2711g,EMP0009,2024-12-24,
P00477,Product_477,3C,Brand_H,3663,3410,89x63x74cm,EMP0002,2024-11-03,
P00478,Product_478,食品,Brand_C,4906,3995,34x91x31cm,EMP0007,2024-09-24,
P00479,Product_479,食品,Brand_J,863,787,38x60x29cm,EMP0007,2025-06-08,
P00480,Product_480,美妝,Brand_D,1206,980,65x37x93cm,EMP0009,2025-03-06,
P00481,Product_481,美妝,Brand_F,1138,917,40x52x96cm,EMP0001,2024-12-30,
P00482,Product_482,家居,Brand_D,3983,2945,12x44x97cm,EMP0001,2025-02-24,
P00483,Product_483,美妝,Brand_C,1016,819,432g,EMP0000,2024-12-13,
P00484,Product_484,服飾,Brand_H,427,356,4725g,EMP0006,2024-10-09,
P00485,Product_485,服飾,Brand_H,4993,3523,10x71x24cm,EMP0001,2024-10-17,
P00486,Product_486,3C,Brand_E,222,180,73x87x83cm,EMP0005,2024-09-19,2025-07-21
P00487,Product_487,圖書,Brand_D,4193,3754,94x39x97cm,EMP0008,2024-07-22,
P00488,Product_488,家居,Brand_A,1890,1645,45x22x55cm,EMP0001,2024-12-31,
P00489,Product_489,服飾,Brand_A,4224,3627,274g,EMP0001,2025-02-23,
P00490,Product_490,美妝,Brand_D,2818,2613,62x45x67cm,EMP0009,2025-04-21,2025-06-26
P00491,Product_491,3C,Brand_I,4518,3183,4179g,EMP0007,2025-03-08,
P00492,Product_492,美妝,Brand_F,4638,3893,1572g,EMP0007,2025-02-22,
P00493,Product_493,服飾,Brand_H,145,130,36x99x94cm,EMP0006,2024-09-03,
P00494,Product_494,食品,Brand_H,470,392,79x95x81cm,EMP0003,2025-01-23,
P00495,Product_495,3C,Brand_H,1327,1036,890g,EMP0008,2025-05-23,
P00496,Product_496,家居,Brand_D,3380,2481,54x28x23cm,EMP0009,2024-12-17,
P00497,Product_497,食品,Brand_B,4453,4105,1896g,EMP0005,2025-04-13,
P00498,Product_498,圖書,Brand_C,2354,1925,3853g,EMP0007,2025-04-21,
P00499,Product_499,3C,Brand_F,3074,2827,93x29x62cm,EMP0000,2025-05-30,
P00500,Product_500,服飾,Brand_J,1024,866,3209g,EMP0000,2025-01-14,
P00501,Product_501,食品,Brand_G,4044,3513,11x22x26cm,EMP0008,2025-04-22,
P00502,Product_502,食品,Brand_G,4840,4361,3660g,EMP0006,2024-07-27,
P00503,Product_503,圖書,Brand_C,1416,1225,59x12x79cm,EMP0005,2025-06-30,
P00504,Product_504,3C,Brand_D,2525,2018,33x71x36cm,EMP0002,2024-09-08,
P00505,Product_505,美妝,Brand_E,522,432,73x22x80cm,EMP0002,2024-09-08,
P00506,Product_506,美妝,Brand_F,2840,2558,1482g,EMP0009,2025-02-10,
P00507,Product_507,食品,Brand_J,2564,2034,4050g,EMP0005,2025-03-02,
P00508,Product_508,服飾,Brand_E,808,644,35x24x89cm,EMP0001,2024-08-22,
P00509,Product_509,食品,Brand_B,2266,1640,29x34x73cm,EMP0005,2025-05-04,
P00510,Product_510,圖書,Brand_F,1737,1613,176g,EMP0008,2024-08-11,2024-10-22
P00511,Product_511,3C,Brand_J,2657,1920,96x98x29cm,EMP0002,2025-03-03,
P00512,Product_512,家居,Brand_E,2970,2560,4797g,EMP0008,2024-10-10,2025-01-20
P00513,Product_513,美妝,Brand_E,142,114,1131g,EMP0004,2024-11-27,
P00514,Product_514,3C,Brand_I,3829,3069,27x70x22cm,EMP0008,2025-05-27,
P00515,Product_515,服飾,Brand_A,3594,3126,31x73x25cm,EMP0004,2024-09-01,
P00516,Product_516,美妝,Brand_F,1895,1358,77x96x16cm,EMP0009,2025-03-27,
P00517,Product_517,家居,Brand_B,359,305,279g,EMP0003,2024-07-27,
P00518,Product_518,服飾,Brand_B,3799,3393,93x78x86cm,EMP0002,2025-06-04,
P00519,Product_519,美妝,Brand_J,4780,4336,1756g,EMP0004,2024-07-10,
P00520,Product_520,美妝,Brand_D,1277,948,1939g,EMP0005,2024-09-04,
P00521,Product_521,服飾,Brand_G,1685,1558,490g,EMP0001,2025-04-10,
P00522,Product_522,圖書,Brand_E,1001,865,32x43x71cm,EMP0003,2025-05-29,
P00523,Product_523,服飾,Brand_H,2927,2694,3702g,EMP0007,2025-01-08,
P00524,Product_524,家居,Brand_C,859,705,93x19x73cm,EMP0005,2024-12-15,
P00525,Product_525,美妝,Brand_G,1845,1542,37x48x49cm,EMP0003,2024-07-09,
P00526,Product_526,3C,Brand_H,3515,3268,4508g,EMP0004,2024-08-15,
P00527,Product_527,美妝,Brand_E,2845,2631,390g,EMP0001,2024-07-04,
P00528,Product_528,圖書,Brand_B,1994,1619,3551g,EMP0006,2025-05-06,
P00529,Product_529,3C,Brand_B,2159,1660,3942g,EMP0008,2024-12-05,
P00530,Product_530,食品,Brand_F,2854,2279,69x46x70cm,EMP0001,2025-04-22,
P00531,Product_531,食品,Brand_F,129,103,82x37x15cm,EMP0004,2025-01-05,
P00532,Product_532,食品,Brand_C,485,374,4537g,EMP0001,2024-09-11,
P00533,Product_533,服飾,Brand_H,4418,3389,2841g,EMP0008,2025-05-31,
P00534,Product_534,食品,Brand_J,482,441,2465g,EMP0009,2024-12-05,
P00535,Product_535,家居,Brand_I,3563,2557,10x89x12cm,EMP0001,2024-11-27,
P00536,Product_536,圖書,Brand_I,4608,4006,56x72x13cm,EMP0008,2024-12-05,2024-12-24
P00537,Product_537,食品,Brand_D,1426,1060,548g,EMP0004,2024-11-05,
P00538,Product_538,服飾,Brand_F,1915,1506,3910g,EMP0006,2025-03-24,
P00539,Product_539,食品,Brand_A,2888,2066,2522g,EMP0002,2025-04-30,2025-07-04
P00540,Product_540,家居,Brand_J,4420,3393,1335g,EMP0000,2025-01-07,
P00541,Product_541,食品,Brand_F,4715,4207,4624g,EMP0002,2025-03-19,
P00542,Product_542,3C,Brand_A,3724,3431,13x57x72cm,EMP0009,2025-05-29,
P00543,Product_543,3C,Brand_I,524,-90,49x73x63cm,EMP0005,2025-02-17,
P00544,Product_544,食品,Brand_G,3379,2757,4892g,EMP0001,2025-01-10,
P00545,Product_545,食品,Brand_F,2110,1726,65x73x95cm,EMP0003,2025-01-15,
P00546,Product_546,圖書,Brand_C,2406,2210,28x56x36cm,EMP0006,2024-11-12,
P00547,Product_547,美妝,Brand_G,341,304,4224g,EMP0002,2024-11-30,
P00548,Product_548,美妝,Brand_B,1036,858,73x42x81cm,EMP0007,2024-11-15,2025-05-12
P00549,Product_549,食品,Brand_J,3974,3448,93x79x94cm,EMP0007,2025-02-19,
P00550,Product_550,圖書,Brand_E,2324,2119,1544g,EMP0000,2024-09-26,
P00551,Product_551,美妝,Brand_E,1578,1108,3773g,EMP0002,2024-12-07,
P00552,Product_552,食品,Brand_H,1982,1587,1071g,EMP0002,2025-04-02,
P00553,Product_553,圖書,Brand_E,4287,3973,1410g,EMP0002,2024-12-19,2025-02-27
P00554,Product_554,服飾,Brand_D,3770,3337,3687g,EMP0009,2024-10-14,
P00555,Product_555,家居,Brand_J,1434,1199,4731g,EMP0002,2025-01-25,
P00556,Product_556,圖書,Brand_J,676,563,69x67x62cm,EMP0008,2025-04-12,
P00557,Product_557,服飾,Brand_F,1335,1050,4269g,EMP0006,2025-01-06,2025-03-22
P00558,Product_558,3C,Brand_A,4612,3828,1206g,EMP0000,2025-01-21,
P00559,Product_559,食品,Brand_F,2950,2548,594g,EMP0004,2025-06-15,
P00560,Product_560,食品,Brand_A,2714,2184,1105g,EMP0007,2025-01-16,2025-06-04
P00561,Product_561,圖書,Brand_F,3022,2655,1145g,EMP0009,2024-08-26,
P00562,Product_562,3C,Brand_F,1894,1733,3920g,EMP0001,2024-09-08,2025-06-07
P00563,Product_563,服飾,Brand_J,4055,2995,73x60x22cm,EMP0009,2024-07-24,
P00564,Product_564,食品,Brand_B,2664,2166,83x50x86cm,EMP0001,2024-08-19,
P00565,Product_565,家居,Brand_A,672,539,15x96x75cm,EMP0001,2025-06-07,
P00566,Product_566,家居,Brand_I,732,639,3931g,EMP0008,2025-04-17,
P00567,Product_567,3C,Brand_F,2731,2082,97x78x82cm,EMP0001,2025-01-13,
P00568,Product_568,美妝,Brand_C,4689,4033,2099g,EMP0005,2025-06-14,
P00569,Product_569,食品,Brand_D,1611,1481,1738g,EMP0001,2024-12-24,
P00570,Product_570,服飾,Brand_G,4361,3508,128g,EMP0006,2024-07-21,
P00571,Product_571,3C,Brand_I,3844,3566,98x82x49cm,EMP0003,2025-04-07,
P00572,Product_572,美妝,Brand_I,1314,1246,1979g,EMP0007,2025-05-08,
P00573,Product_573,家居,Brand_C,278,202,24x16x90cm,EMP0002,2024-07-02,
P00574,Product_574,服飾,Brand_A,599,454,952g,EMP0003,2025-02-12,
P00575,Product_575,食品,Brand_F,3670,3441,2792g,EMP0005,2024-07-10,
P00576,Product_576,食品,Brand_F,1078,1013,37x29x13cm,EMP0005,2025-03-24,
P00577,Product_577,圖書,Brand_G,1919,1390,14x13x26cm,EMP0002,2025-01-06,
P00578,Product_578,美妝,Brand_I,2558,1800,19x17x62cm,EMP0009,2025-03-09,
P00579,Product_579,3C,Brand_D,3655,2706,3052g,EMP0004,2024-08-14,
P00580,Product_580,家居,Brand_E,655,621,87x42x63cm,EMP0003,2025-05-02,
P00581,Product_581,美妝,Brand_I,2091,1558,36x61x86cm,EMP0004,2024-08-14,
P00582,Product_582,圖書,Brand_F,2477,2045,27x58x31cm,EMP0006,2024-08-04,
P00583,Product_583,服飾,Brand_A,2750,2508,71x69x88cm,EMP0007,2025-06-25,
P00584,Product_584,服飾,Brand_B,4110,2898,1128g,EMP0003,2024-12-02,
P00585,Product_585,食品,Brand_F,941,801,56x37x71cm,EMP0003,2024-08-30,
P00586,Product_586,家居,Brand_I,4058,3122,2588g,EMP0005,2025-01-05,
P00587,Product_587,3C,Brand_F,3495,3200,1724g,EMP0003,2024-09-14,
P00588,Product_588,3C,Brand_G,2824,2177,68x35x96cm,EMP0008,2024-12-27,2025-02-19
P00589,Product_589,食品,Brand_J,3528,3075,85x74x60cm,EMP0006,2024-07-26,
P00590,Product_590,圖書,Brand_I,2119,1840,79x87x25cm,EMP0005,2024-08-28,
P00591,Product_591,美妝,Brand_F,778,-24,684g,EMP0008,2025-06-19,
P00592,Product_592,食品,Brand_F,3362,2383,82x14x39cm,EMP0006,2024-11-07,
P00593,Product_593,圖書,Brand_E,2671,2143,915g,EMP0000,2025-05-15,
P00594,Product_594,服飾,Brand_I,3233,2497,73x73x78cm,EMP0001,2024-08-05,
P00595,Product_595,美妝,Brand_G,1756,1585,3560g,EMP0004,2024-09-28,2025-05-27
P00596,Product_596,食品,Brand_E,4544,4090,57x19x36cm,EMP0008,2025-05-02,
P00597,Product_597,家居,Brand_A,2978,2425,3413g,EMP0002,2025-04-28,
P00598,Product_598,食品,Brand_H,518,442,71x57x26cm,EMP0003,2025-05-01,
P00599,Product_599,美妝,Brand_H,2304,1961,71x42x84cm,EMP0007,2024-09-10,2025-04-21
P00600,Product_600,家居,Brand_F,3806,3451,238g,EMP0007,2024-10-12,
P00601,Product_601,食品,Brand_J,3991,3218,97x90x93cm,EMP0000,2024-12-06,
P00602,Product_602,食品,Brand_D,2524,1940,77x41x20cm,EMP0008,2024-10-16,
P00603,Product_603,美妝,Brand_C,4484,3436,30x98x50cm,EMP0005,2024-10-09,
P00604,Product_604,3C,Brand_D,1412,1177,584g,EMP0001,2024-11-24,
P00605,Product_605,食品,Brand_I,2112,1715,99x18x22cm,EMP0008,2024-10-06,
P00606,Product_606,家居,Brand_I,4503,3648,2714g,EMP0007,2024-07-27,
P00607,Product_607,3C,Brand_D,4492,3246,1905g,EMP0001,2025-03-30,
P00608,Product_608,3C,Brand_A,3460,3044,2785g,EMP0007,2024-10-16,
P00609,Product_609,家居,Brand_E,4309,3247,3309g,EMP0000,2024-08-28,
P00610,Product_610,食品,Brand_J,535,401,3927g,EMP0001,2025-01-11,
P00611,Product_611,美妝,Brand_J,4338,3485,74x62x77cm,EMP0007,2024-09-15,
P00612,Product_612,服飾,Brand_B,1671,1265,3886g,EMP0005,2024-09-08,
P00613,Product_613,圖書,Brand_G,974,824,12x91x49cm,EMP0008,2025-01-03,
P00614,Product_614,食品,Brand_I,1273,1009,97x97x83cm,EMP0004,2025-03-21,
P00615,Product_615,家居,Brand_A,2148,1745,70x18x69cm,EMP0003,2024-11-30,
P00616,Product_616,圖書,Brand_A,1331,1110,588g,EMP0001,2024-11-21,
P00617,Product_617,家居,Brand_A,1671,1255,4253g,EMP0001,2025-05-22,
P00618,Product_618,3C,Brand_H,761,563,43x49x40cm,EMP0000,2024-08-30,
P00619,Product_619,3C,Brand_G,1551,1427,85x74x98cm,EMP0002,2025-03-06,
P00620,Product_620,食品,Brand_J,2904,2348,69x74x95cm,EMP0002,2025-02-13,2025-06-04
P00621,Product_621,家居,Brand_C,2265,1819,264g,EMP0003,2025-05-22,2025-07-11
P00622,Product_622,食品,Brand_A,1799,1275,3013g,EMP0002,2024-08-27,
P00623,Product_623,食品,Brand_J,3758,3098,4227g,EMP0003,2025-02-28,
P00624,Product_624,美妝,Brand_D,4478,3755,2337g,EMP0008,2024-09-22,
P00625,Product_625,服飾,Brand_H,3808,3198,4808g,EMP0009,2025-02-02,
P00626,Product_626,3C,Brand_G,1727,1514,3278g,EMP0004,2024-09-19,2024-12-02
P00627,Product_627,美妝,Brand_F,3748,2790,1193g,EMP0003,2024-11-24,2025-05-14
P00628,Product_628,服飾,Brand_C,845,645,42x91x92cm,EMP0001,2024-09-02,2024-11-05
P00629,Product_629,圖書,Brand_E,739,667,1162g,EMP0004,2025-06-26,
P00630,Product_630,美妝,Brand_A,1794,1680,3335g,EMP0008,2024-12-11,2025-03-09
P00631,Product_631,家居,Brand_H,4058,2978,3768g,EMP0008,2024-12-14,
P00632,Product_632,服飾,Brand_H,1307,1078,4539g,EMP0008,2025-04-06,
P00633,Product_633,圖書,Brand_I,410,309,29x44x76cm,EMP0009,2025-05-16,
P00634,Product_634,食品,Brand_A,745,533,2036g,EMP0007,2025-05-19,
P00635,Product_635,圖書,Brand_I,4308,3366,2839g,EMP0000,2024-12-07,
P00636,Product_636,圖書,Brand_H,3206,2359,2619g,EMP0001,2024-08-23,
P00637,Product_637,美妝,Brand_J,1341,1176,88x48x76cm,EMP0002,2025-03-12,
P00638,Product_638,食品,Brand_F,2821,2351,3225g,EMP0007,2024-10-24,
P00639,Product_639,圖書,Brand_D,2685,1976,55x84x100cm,EMP0008,2025-03-28,
P00640,Product_640,圖書,Brand_F,3312,2326,3193g,EMP0006,2024-11-26,
P00641,Product_641,圖書,Brand_J,1243,1121,2978g,EMP0006,2024-11-28,
P00642,Product_642,圖書,Brand_J,4336,3226,701g,EMP0008,2025-01-17,
P00643,Product_643,家居,Brand_B,1616,1376,1093g,EMP0007,2024-07-30,
P00644,Product_644,食品,Brand_E,3501,2746,1245g,EMP0000,2024-11-22,
P00645,Product_645,家居,Brand_H,179,152,98x94x30cm,EMP0004,2024-08-31,
P00646,Product_646,食品,Brand_H,1926,1500,85x49x32cm,EMP0000,2024-07-25,
P00647,Product_647,3C,Brand_G,1823,1316,4191g,EMP0003,2024-07-11,
P00648,Product_648,美妝,Brand_B,2763,2088,1837g,EMP0003,2024-10-13,
P00649,Product_649,美妝,Brand_H,456,341,25x33x40cm,EMP0008,2025-04-15,
P00650,Product_650,食品,Brand_F,3972,3205,1141g,EMP0004,2024-10-26,2025-07-31
P00651,Product_651,服飾,Brand_C,1167,1009,82x17x62cm,EMP0000,2025-01-06,
P00652,Product_652,服飾,Brand_J,3417,2618,659g,EMP0004,2024-12-30,
P00653,Product_653,家居,Brand_E,4036,2837,3619g,EMP0007,2024-10-28,
P00654,Product_654,食品,Brand_A,2853,2367,2236g,EMP0001,2024-10-04,
P00655,Product_655,圖書,Brand_G,3730,3176,69x32x47cm,EMP0007,2024-12-16,
P00656,Product_656,服飾,Brand_A,3343,3145,390g,EMP0003,2025-03-24,
P00657,Product_657,家居,Brand_C,1842,1561,1957g,EMP0006,2024-09-28,2025-04-12
P00658,Product_658,家居,Brand_F,4063,3323,906g,EMP0004,2025-05-22,
P00659,Product_659,家居,Brand_J,1544,1302,32x70x95cm,EMP0003,2025-04-12,
P00660,Product_660,服飾,Brand_E,2899,2702,3881g,EMP0008,2024-07-19,
P00661,Product_661,食品,Brand_H,3752,3404,3812g,EMP0004,2025-05-12,
P00662,Product_662,圖書,Brand_D,1957,1528,68x11x67cm,EMP0002,2024-12-23,
P00663,Product_663,3C,Brand_I,1584,1202,27x54x19cm,EMP0009,2024-11-10,
P00664,Product_664,美妝,Brand_F,2351,1800,73x94x56cm,EMP0004,2024-11-19,
P00665,Product_665,圖書,Brand_E,4108,3394,93x54x30cm,EMP0008,2025-01-18,
P00666,Product_666,3C,Brand_J,4657,4126,4781g,EMP0001,2025-03-25,
P00667,Product_667,3C,Brand_B,2771,2288,1885g,EMP0007,2025-02-10,
P00668,Product_668,食品,Brand_D,3341,2395,868g,EMP0001,2024-07-25,
P00669,Product_669,服飾,Brand_B,4526,3987,4935g,EMP0005,2024-09-08,
P00670,Product_670,美妝,Brand_A,583,525,76x30x15cm,EMP0006,2025-01-18,
P00671,Product_671,3C,Brand_J,1237,956,1342g,EMP0006,2024-08-01,
P00672,Product_672,圖書,Brand_B,3574,3095,73x54x92cm,EMP0006,2025-06-27,
P00673,Product_673,圖書,Brand_I,4136,3337,1475g,EMP0004,2025-05-20,
P00674,Product_674,家居,Brand_B,4299,3965,3188g,EMP0009,2025-03-28,
P00675,Product_675,食品,Brand_B,2134,1945,1607g,EMP0008,2025-04-03,
P00676,Product_676,家居,Brand_A,538,447,3289g,EMP0006,2025-04-20,
P00677,Product_677,家居,Brand_H,2245,1960,35x27x88cm,EMP0009,2025-02-13,
P00678,Product_678,食品,Brand_D,1231,1133,11x16x66cm,EMP0008,2024-12-21,
P00679,Product_679,服飾,Brand_C,1527,1258,1261g,EMP0001,2024-11-22,
P00680,Product_680,家居,Brand_F,3884,3023,2235g,EMP0008,2025-06-24,2025-07-18
P00681,Product_681,美妝,Brand_G,470,418,133g,EMP0005,2024-12-31,2025-01-13
P00682,Product_682,3C,Brand_G,4155,3137,3982g,EMP0000,2024-07-12,
P00683,Product_683,3C,Brand_I,2196,1750,86x53x29cm,EMP0000,2024-10-07,2025-04-22
P00684,Product_684,圖書,Brand_C,3021,2768,2275g,EMP0008,2025-04-10,
P00685,Product_685,食品,Brand_G,539,475,29x16x34cm,EMP0007,2025-05-13,
P00686,Product_686,食品,Brand_E,1753,1404,84x58x67cm,EMP0008,2024-08-31,
P00687,Product_687,3C,Brand_I,540,407,18x54x34cm,EMP0001,2024-10-19,
P00688,Product_688,食品,Brand_A,4812,3796,89x54x60cm,EMP0006,2025-03-10,
P00689,Product_689,圖書,Brand_G,4056,3127,28x92x27cm,EMP0007,2025-05-09,
P00690,Product_690,3C,Brand_B,2352,1750,2278g,EMP0005,2024-11-07,2025-01-22
P00691,Product_691,美妝,Brand_H,1196,1059,4757g,EMP0001,2024-08-13,
P00692,Product_692,美妝,Brand_I,4674,3566,90x98x74cm,EMP0001,2024-08-23,
P00693,Product_693,食品,Brand_D,1789,1455,971g,EMP0003,2025-04-03,
P00694,Product_694,服飾,Brand_J,889,708,98x10x100cm,EMP0001,2025-02-26,
P00695,Product_695,圖書,Brand_D,2860,2704,12x85x86cm,EMP0002,2025-01-10,
P00696,Product_696,家居,Brand_H,4724,3769,30x38x32cm,EMP0001,2024-08-01,
P00697,Product_697,3C,Brand_I,119,86,1204g,EMP0003,2024-08-25,
P00698,Product_698,3C,Brand_A,1267,915,1940g,EMP0004,2024-12-09,
P00699,Product_699,食品,Brand_C,4698,3983,11x67x65cm,EMP0008,2025-01-01,
P00700,Product_700,服飾,Brand_B,938,797,99x90x16cm,EMP0007,2025-03-30,
P00701,Product_701,圖書,Brand_D,655,527,43x55x50cm,EMP0000,2025-02-13,
P00702,Product_702,家居,Brand_A,2894,2338,82x38x90cm,EMP0008,2025-01-26,
P00703,Product_703,美妝,Brand_B,4323,3084,2565g,EMP0004,2024-10-02,
P00704,Product_704,食品,Brand_D,2438,2021,58x74x47cm,EMP0005,2024-08-14,2025-07-25
P00705,Product_705,家居,Brand_B,4973,4109,48x36x50cm,EMP0000,2024-07-19,
P00706,Product_706,3C,Brand_E,3428,2528,35x93x49cm,EMP0003,2024-10-28,
P00707,Product_707,食品,Brand_B,463,336,1937g,EMP0000,2024-12-14,2025-04-22
P00708,Product_708,美妝,Brand_G,4965,3629,449g,EMP0005,2025-07-14,
P00709,Product_709,食品,Brand_J,2099,1522,32x61x53cm,EMP0002,2025-01-31,
P00710,Product_710,3C,Brand_B,1508,1286,20x95x23cm,EMP0003,2024-08-07,
P00711,Product_711,圖書,Brand_E,2834,2123,30x27x15cm,EMP0007,2024-09-18,
P00712,Product_712,3C,Brand_H,1591,1214,23x67x76cm,EMP0001,2025-06-24,
P00713,Product_713,3C,Brand_B,524,389,94x39x92cm,EMP0006,2024-11-28,2024-12-23
P00714,Product_714,美妝,Brand_A,107,101,2108g,EMP0001,2024-07-18,
P00715,Product_715,服飾,Brand_B,2303,2104,15x78x25cm,EMP0001,2024-08-27,
P00716,Product_716,服飾,Brand_F,4201,-94,48x60x48cm,EMP0002,2024-09-12,
P00717,Product_717,家居,Brand_D,2904,2271,41x55x19cm,EMP0002,2025-03-21,
P00718,Product_718,圖書,Brand_B,4996,3759,13x30x75cm,EMP0002,2024-10-10,
P00719,Product_719,美妝,Brand_C,1506,1239,737g,EMP0002,2024-12-20,
P00720,Product_720,美妝,Brand_F,1474,1039,2321g,EMP0004,2024-11-19,
P00721,Product_721,食品,Brand_G,883,766,38x23x81cm,EMP0000,2025-02-17,
P00722,Product_722,圖書,Brand_E,904,751,53x86x92cm,EMP0005,2024-08-12,
P00723,Product_723,美妝,Brand_H,1497,1385,1255g,EMP0000,2024-11-01,
P00724,Product_724,美妝,Brand_H,3985,2953,4667g,EMP0009,2024-08-24,
P00725,Product_725,服飾,Brand_C,4538,4089,25x76x64cm,EMP0003,2024-08-08,
P00726,Product_726,服飾,Brand_F,4878,4380,58x69x71cm,EMP0006,2025-06-14,
P00727,Product_727,食品,Brand_F,1238,906,11x41x22cm,EMP0001,2025-03-28,
P00728,Product_728,美妝,Brand_A,4418,3533,1581g,EMP0005,2025-03-12,
P00729,Product_729,3C,Brand_A,1708,1269,12x97x88cm,EMP0001,2024-12-05,
P00730,Product_730,家居,Brand_H,653,499,78x87x34cm,EMP0001,2024-12-04,
P00731,Product_731,美妝,Brand_H,4363,3341,34x65x62cm,EMP0001,2024-08-17,
P00732,Product_732,美妝,Brand_G,3217,2699,92x53x20cm,EMP0009,2025-06-08,
P00733,Product_733,服飾,Brand_H,907,728,458g,EMP0008,2024-07-20,
P00734,Product_734,家居,Brand_B,2206,2067,4808g,EMP0009,2025-06-24,2025-07-08
P00735,Product_735,圖書,Brand_G,1508,1103,62x25x76cm,EMP0003,2024-10-23,
P00736,Product_736,服飾,Brand_E,3710,3500,40x79x49cm,EMP0006,2025-03-18,
P00737,Product_737,3C,Brand_G,2322,1759,1581g,EMP0003,2024-10-14,
P00738,Product_738,3C,Brand_J,4947,4419,91x55x42cm,EMP0008,2025-03-20,
P00739,Product_739,美妝,Brand_D,368,289,3503g,EMP0001,2024-08-04,
P00740,Product_740,3C,Brand_B,1840,1354,675g,EMP0005,2024-11-24,
P00741,Product_741,3C,Brand_I,2461,2251,15x34x97cm,EMP0003,2024-08-06,
P00742,Product_742,圖書,Brand_I,2565,1994,28x35x71cm,EMP0006,2024-07-09,
P00743,Product_743,美妝,Brand_G,1648,1425,96x37x17cm,EMP0008,2025-05-08,
P00744,Product_744,3C,Brand_E,3673,3091,1391g,EMP0005,2024-07-19,
P00745,Product_745,3C,Brand_C,4386,3588,63x46x41cm,EMP0006,2025-05-11,
P00746,Product_746,服飾,Brand_C,4700,3872,2631g,EMP0003,2025-03-10,2025-06-11
P00747,Product_747,美妝,Brand_G,4045,3572,931g,EMP0007,2025-03-15,
P00748,Product_748,美妝,Brand_G,4268,3081,1466g,EMP0003,2024-09-17,
P00749,Product_749,家居,Brand_E,2798,2426,3289g,EMP0002,2025-03-07,
P00750,Product_750,家居,Brand_G,4147,3831,919g,EMP0009,2024-08-17,
P00751,Product_751,服飾,Brand_J,1587,1134,99x41x97cm,EMP0004,2024-09-25,
P00752,Product_752,美妝,Brand_J,2053,1509,49x70x28cm,EMP0007,2024-07-21,
P00753,Product_753,3C,Brand_A,1653,1453,62x99x13cm,EMP0000,2025-06-03,
P00754,Product_754,美妝,Brand_F,2390,1934,88x56x58cm,EMP0006,2024-11-06,
P00755,Product_755,食品,Brand_C,1499,1201,64x48x33cm,EMP0007,2025-02-13,2025-07-19
P00756,Product_756,家居,Brand_C,4812,3533,15x56x29cm,EMP0001,2024-08-13,
P00757,Product_757,家居,Brand_C,1633,1350,4510g,EMP0006,2024-11-04,
P00758,Product_758,圖書,Brand_F,580,425,1617g,EMP0008,2025-06-18,
P00759,Product_759,美妝,Brand_E,2681,2196,4578g,EMP0002,2024-10-18,
P00760,Product_760,食品,Brand_B,380,338,4262g,EMP0002,2024-09-22,
P00761,Product_761,服飾,Brand_G,642,491,41x79x25cm,EMP0007,2025-01-30,
P00762,Product_762,圖書,Brand_D,1175,964,26x19x59cm,EMP0004,2024-10-15,2025-04-28
P00763,Product_763,3C,Brand_G,2375,2252,64x28x51cm,EMP0005,2024-11-24,
P00764,Product_764,食品,Brand_A,2223,1938,646g,EMP0007,2024-08-26,
P00765,Product_765,3C,Brand_D,4018,3658,22x90x61cm,EMP0009,2024-07-06,2025-02-15
P00766,Product_766,圖書,Brand_I,3723,2993,15x45x87cm,EMP0000,2024-08-17,
P00767,Product_767,食品,Brand_C,2189,1952,50x79x83cm,EMP0003,2024-10-09,
P00768,Product_768,圖書,Brand_I,1735,1232,93x17x33cm,EMP0006,2024-09-05,
P00769,Product_769,圖書,Brand_B,1651,1206,3858g,EMP0001,2025-04-13,
P00770,Product_770,3C,Brand_B,3893,2922,4312g,EMP0002,2024-07-21,
P00771,Product_771,食品,Brand_C,355,284,1629g,EMP0002,2025-01-31,
P00772,Product_772,食品,Brand_B,163,148,66x39x48cm,EMP0007,2025-03-19,
P00773,Product_773,3C,Brand_B,3998,3145,52x59x83cm,EMP0005,2024-07-30,
P00774,Product_774,家居,Brand_J,2438,2106,12x11x65cm,EMP0007,2025-03-20,
P00775,Product_775,美妝,Brand_H,741,650,75x76x84cm,EMP0006,2024-11-10,
P00776,Product_776,圖書,Brand_E,1254,1062,94x59x38cm,EMP0003,2025-04-30,
P00777,Product_777,食品,Brand_D,4669,3686,2100g,EMP0004,2024-07-28,
P00778,Product_778,服飾,Brand_H,4312,3640,1854g,EMP0009,2024-09-15,
P00779,Product_779,美妝,Brand_E,3578,2811,4741g,EMP0000,2024-12-23,
P00780,Product_780,3C,Brand_J,2463,1776,4684g,EMP0008,2025-04-04,
P00781,Product_781,美妝,Brand_H,2650,-56,84x92x70cm,EMP0001,2024-09-02,
P00782,Product_782,服飾,Brand_B,4879,3570,3594g,EMP0002,2024-09-11,
P00783,Product_783,食品,Brand_A,4832,3470,12x77x61cm,EMP0004,2024-11-12,
P00784,Product_784,圖書,Brand_C,1155,1062,83x78x38cm,EMP0002,2025-05-05,
P00785,Product_785,美妝,Brand_B,4074,3160,97x100x70cm,EMP0006,2024-08-30,
P00786,Product_786,家居,Brand_G,1066,920,65x98x35cm,EMP0002,2024-10-07,
P00787,Product_787,美妝,Brand_E,1146,897,3503g,EMP0003,2024-11-19,
P00788,Product_788,3C,Brand_B,3413,2723,4622g,EMP0004,2025-01-25,
P00789,Product_789,3C,Brand_F,2085,1596,1051g,EMP0002,2024-11-04,
P00790,Product_790,家居,Brand_E,4665,3665,67x87x19cm,EMP0001,2024-07-21,
P00791,Product_791,家居,Brand_A,536,430,2989g,EMP0001,2024-07-26,
P00792,Product_792,3C,Brand_I,2606,2294,1026g,EMP0009,2025-06-01,
P00793,Product_793,食品,Brand_J,4601,3809,21x11x100cm,EMP0001,2025-04-20,
P00794,Product_794,食品,Brand_D,4530,4240,565g,EMP0006,2025-05-06,
P00795,Product_795,家居,Brand_H,867,-66,1470g,EMP0004,2025-01-14,
P00796,Product_796,家居,Brand_H,1897,1566,19x40x84cm,EMP0008,2024-07-06,
P00797,Product_797,美妝,Brand_A,3134,2651,2289g,EMP0008,2024-12-03,
P00798,Product_798,食品,Brand_D,881,819,55x44x21cm,EMP0001,2025-05-19,
P00799,Product_799,3C,Brand_J,4843,3450,68x45x73cm,EMP0004,2024-10-31,
P00800,Product_800,美妝,Brand_A,4582,3865,562g,EMP0001,2024-09-28,
P00801,Product_801,食品,Brand_I,918,839,1784g,EMP0001,2025-05-23,
P00802,Product_802,3C,Brand_G,694,528,2925g,EMP0008,2025-04-09,
P00803,Product_803,3C,Brand_B,518,477,1614g,EMP0008,2024-10-15,
P00804,Product_804,美妝,Brand_C,4556,3211,35x63x50cm,EMP0002,2025-03-22,
P00805,Product_805,3C,Brand_H,1049,926,4824g,EMP0003,2024-12-27,
P00806,Product_806,3C,Brand_F,2140,1997,88x56x89cm,EMP0009,2024-11-10,
P00807,Product_807,服飾,Brand_H,2299,1987,27x87x45cm,EMP0004,2024-12-21,
P00808,Product_808,美妝,Brand_F,3035,2458,2528g,EMP0001,2025-05-25,
P00809,Product_809,家居,Brand_B,452,321,892g,EMP0002,2024-07-27,
P00810,Product_810,服飾,Brand_G,1211,1126,1768g,EMP0007,2025-02-02,
P00811,Product_811,3C,Brand_C,4664,3813,86x74x46cm,EMP0001,2025-02-11,
P00812,Product_812,家居,Brand_B,4551,3219,99x67x52cm,EMP0007,2025-04-10,
P00813,Product_813,家居,Brand_C,3928,3427,59x80x38cm,EMP0009,2025-03-30,
P00814,Product_814,美妝,Brand_F,195,160,1704g,EMP0006,2025-02-15,
P00815,Product_815,家居,Brand_E,1702,1245,1066g,EMP0009,2024-07-27,
P00816,Product_816,服飾,Brand_J,3177,2394,14x36x54cm,EMP0003,2025-02-12,2025-07-03
P00817,Product_817,服飾,Brand_C,1448,1037,701g,EMP0001,2025-06-14,
P00818,Product_818,美妝,Brand_I,4557,3844,49x53x11cm,EMP0009,2024-12-18,
P00819,Product_819,美妝,Brand_I,3206,2743,861g,EMP0005,2024-09-12,2025-04-23
P00820,Product_820,圖書,Brand_F,452,374,1570g,EMP0003,2025-04-14,
P00821,Product_821,圖書,Brand_F,4554,4118,3664g,EMP0008,2024-08-20,
P00822,Product_822,3C,Brand_H,4793,4387,3812g,EMP0007,2025-02-12,
P00823,Product_823,服飾,Brand_I,481,411,2248g,EMP0005,2025-03-27,
P00824,Product_824,家居,Brand_I,2709,1905,284g,EMP0002,2025-02-25,
P00825,Product_825,家居,Brand_J,1586,1386,46x45x50cm,EMP0000,2024-09-04,
P00826,Product_826,食品,Brand_G,2025,1629,4417g,EMP0009,2024-12-09,
P00827,Product_827,服飾,Brand_A,980,825,13x36x27cm,EMP0004,2025-06-03,
P00828,Product_828,家居,Brand_G,2933,2529,924g,EMP0008,2025-02-09,
P00829,Product_829,圖書,Brand_D,4794,3776,1888g,EMP0005,2024-08-20,
P00830,Product_830,食品,Brand_H,2565,2384,64x45x60cm,EMP0009,2025-01-28,
P00831,Product_831,3C,Brand_I,506,371,1373g,EMP0005,2024-10-18,
P00832,Product_832,食品,Brand_C,3138,2723,1611g,EMP0002,2024-12-10,
P00833,Product_833,美妝,Brand_H,1767,1239,35x32x99cm,EMP0007,2024-11-23,
P00834,Product_834,圖書,Brand_J,4294,3998,249g,EMP0001,2024-09-17,
P00835,Product_835,3C,Brand_B,2230,1624,92x44x46cm,EMP0006,2024-11-24,
P00836,Product_836,3C,Brand_H,1045,756,3848g,EMP0000,2025-04-04,
P00837,Product_837,圖書,Brand_D,1036,812,97x36x95cm,EMP0000,2024-11-27,
P00838,Product_838,食品,Brand_F,3867,3068,555g,EMP0001,2024-07-09,2024-12-03
P00839,Product_839,美妝,Brand_D,1401,1056,611g,EMP0004,2025-01-07,
P00840,Product_840,圖書,Brand_E,3859,3266,21x87x46cm,EMP0005,2024-10-11,
P00841,Product_841,3C,Brand_D,1109,899,48x43x44cm,EMP0003,2024-10-29,
P00842,Product_842,3C,Brand_J,1676,1188,17x64x99cm,EMP0009,2024-09-14,2024-10-14
P00843,Product_843,圖書,Brand_E,2381,1857,809g,EMP0002,2025-03-19,
P00844,Product_844,家居,Brand_G,4722,4262,44x80x75cm,EMP0007,2025-05-06,2025-06-12
P00845,Product_845,家居,Brand_H,4665,4070,63x35x24cm,EMP0006,2024-11-30,2025-04-10
P00846,Product_846,圖書,Brand_B,1114,981,702g,EMP0004,2024-12-06,
P00847,Product_847,美妝,Brand_B,1855,1622,2180g,EMP0000,2024-09-01,
P00848,Product_848,3C,Brand_G,832,647,1464g,EMP0008,2025-04-04,
P00849,Product_849,美妝,Brand_C,2599,1884,1587g,EMP0005,2024-12-16,
P00850,Product_850,圖書,Brand_C,2357,1810,3920g,EMP0007,2024-12-13,
P00851,Product_851,家居,Brand_C,4514,4098,1333g,EMP0006,2024-09-01,
P00852,Product_852,食品,Brand_G,4657,4401,2034g,EMP0002,2024-09-15,
P00853,Product_853,3C,Brand_I,1979,1630,72x73x46cm,EMP0000,2024-08-17,
P00854,Product_854,美妝,Brand_D,2510,1763,1557g,EMP0000,2025-05-30,
P00855,Product_855,家居,Brand_B,4492,3301,110g,EMP0009,2025-01-01,
P00856,Product_856,圖書,Brand_G,4053,3163,2438g,EMP0007,2024-10-08,2025-06-20
P00857,Product_857,3C,Brand_C,118,100,19x78x23cm,EMP0005,2024-08-27,
P00858,Product_858,圖書,Brand_D,1668,1199,4851g,EMP0005,2024-09-02,
P00859,Product_859,3C,Brand_B,2167,2028,129g,EMP0000,2025-01-30,
P00860,Product_860,美妝,Brand_H,1226,970,3113g,EMP0000,2025-01-14,
P00861,Product_861,家居,Brand_E,1078,1000,30x91x51cm,EMP0009,2025-01-07,
P00862,Product_862,3C,Brand_H,285,255,2391g,EMP0000,2025-03-21,
P00863,Product_863,食品,Brand_E,3253,2891,73x13x67cm,EMP0007,2025-06-19,
P00864,Product_864,圖書,Brand_A,1386,1181,19x80x51cm,EMP0006,2024-10-01,
P00865,Product_865,服飾,Brand_J,356,305,1419g,EMP0007,2025-03-14,2025-03-21
P00866,Product_866,服飾,Brand_B,1232,1059,13x81x96cm,EMP0003,2024-08-18,
P00867,Product_867,服飾,Brand_C,4029,3454,68x46x28cm,EMP0009,2025-06-15,
P00868,Product_868,圖書,Brand_D,4272,3582,62x39x49cm,EMP0003,2025-02-02,
P00869,Product_869,3C,Brand_F,2467,2335,100x72x20cm,EMP0002,2024-07-31,
P00870,Product_870,3C,Brand_D,2139,1889,16x19x100cm,EMP0007,2025-06-21,
P00871,Product_871,家居,Brand_B,4891,4374,27x86x16cm,EMP0004,2024-08-02,
P00872,Product_872,圖書,Brand_A,1083,994,80x66x40cm,EMP0004,2024-09-14,
P00873,Product_873,家居,Brand_D,1155,871,57x86x91cm,EMP0008,2025-06-09,
P00874,Product_874,食品,Brand_B,1530,1103,61x80x11cm,EMP0005,2025-03-15,
P00875,Product_875,圖書,Brand_B,947,777,90x10x63cm,EMP0001,2024-12-15,2025-07-15
P00876,Product_876,美妝,Brand_I,1959,1623,88x41x55cm,EMP0008,2025-02-28,
P00877,Product_877,3C,Brand_G,4563,4140,1171g,EMP0005,2025-02-12,
P00878,Product_878,圖書,Brand_A,3115,2526,3606g,EMP0008,2024-08-06,
P00879,Product_879,圖書,Brand_J,2119,-98,26x24x93cm,EMP0007,2024-09-28,
P00880,Product_880,美妝,Brand_E,4679,3892,3074g,EMP0009,2024-11-10,
P00881,Product_881,3C,Brand_A,337,239,26x11x55cm,EMP0005,2025-02-28,
P00882,Product_882,食品,Brand_B,1130,965,82x64x92cm,EMP0002,2025-06-10,
P00883,Product_883,服飾,Brand_I,2873,2606,97x89x54cm,EMP0005,2025-02-13,
P00884,Product_884,家居,Brand_C,3116,2304,337g,EMP0008,2024-09-21,
P00885,Product_885,美妝,Brand_A,294,249,1056g,EMP0009,2024-08-26,
P00886,Product_886,美妝,Brand_C,2075,1760,12x86x48cm,EMP0006,2024-12-26,
P00887,Product_887,家居,Brand_E,3281,2431,88x30x14cm,EMP0002,2025-04-18,
P00888,Product_888,服飾,Brand_E,3521,2573,4916g,EMP0003,2025-01-18,
P00889,Product_889,食品,Brand_A,3227,3049,187g,EMP0003,2025-02-04,
P00890,Product_890,美妝,Brand_J,1671,1334,53x84x81cm,EMP0009,2025-03-29,
P00891,Product_891,食品,Brand_F,558,423,140g,EMP0000,2025-01-20,
P00892,Product_892,美妝,Brand_I,2193,1629,62x17x56cm,EMP0002,2025-02-13,
P00893,Product_893,美妝,Brand_D,731,634,1915g,EMP0003,2024-07-21,
P00894,Product_894,食品,Brand_H,4743,4043,17x22x64cm,EMP0006,2024-09-27,
P00895,Product_895,圖書,Brand_I,2428,2091,4008g,EMP0007,2024-09-07,
P00896,Product_896,圖書,Brand_B,1655,1195,3297g,EMP0004,2024-11-07,
P00897,Product_897,3C,Brand_E,3855,3560,94x14x41cm,EMP0006,2025-02-11,
P00898,Product_898,食品,Brand_B,2540,2025,1555g,EMP0002,2024-09-07,
P00899,Product_899,3C,Brand_D,1619,1260,15x96x20cm,EMP0004,2025-01-09,
P00900,Product_900,圖書,Brand_G,4079,3326,1046g,EMP0000,2024-12-12,
P00901,Product_901,服飾,Brand_I,4349,3468,1248g,EMP0001,2024-08-07,
P00902,Product_902,食品,Brand_I,3398,3112,3279g,EMP0009,2025-03-02,
P00903,Product_903,3C,Brand_I,330,308,16x84x86cm,EMP0006,2025-05-13,
P00904,Product_904,服飾,Brand_B,2875,-81,83x82x98cm,EMP0005,2024-12-19,
P00905,Product_905,美妝,Brand_C,3840,3518,2999g,EMP0006,2024-10-06,
P00906,Product_906,食品,Brand_J,769,688,2705g,EMP0007,2025-05-27,
P00907,Product_907,食品,Brand_H,1220,1138,32x78x37cm,EMP0000,2025-05-22,
P00908,Product_908,圖書,Brand_H,4424,3369,100x85x50cm,EMP0003,2024-09-03,2024-10-24
P00909,Product_909,服飾,Brand_G,199,168,2531g,EMP0009,2024-08-28,2024-08-31
P00910,Product_910,圖書,Brand_B,3788,2912,59x41x91cm,EMP0009,2025-05-17,
P00911,Product_911,服飾,Brand_B,2421,2194,1488g,EMP0002,2024-08-26,
P00912,Product_912,美妝,Brand_I,2289,1605,41x58x87cm,EMP0002,2024-09-02,
P00913,Product_913,美妝,Brand_H,135,113,2938g,EMP0005,2024-10-08,
P00914,Product_914,3C,Brand_B,4115,3229,60x69x57cm,EMP0008,2024-12-23,2025-07-23
P00915,Product_915,家居,Brand_J,1863,1454,90x99x59cm,EMP0003,2024-10-04,
P00916,Product_916,3C,Brand_G,2750,2368,1501g,EMP0005,2025-04-21,
P00917,Product_917,服飾,Brand_H,3419,3121,26x16x88cm,EMP0007,2025-01-30,2025-06-11
P00918,Product_918,家居,Brand_F,3543,3020,4235g,EMP0009,2025-03-03,
P00919,Product_919,食品,Brand_B,4784,4369,99x30x60cm,EMP0008,2025-02-16,
P00920,Product_920,美妝,Brand_E,2704,2071,4134g,EMP0009,2024-07-22,
P00921,Product_921,服飾,Brand_I,2059,1708,23x16x55cm,EMP0009,2024-08-03,
P00922,Product_922,食品,Brand_J,4773,3879,55x78x16cm,EMP0001,2024-09-02,
P00923,Product_923,3C,Brand_B,3246,2282,904g,EMP0008,2025-07-01,
P00924,Product_924,家居,Brand_F,1561,1310,708g,EMP0009,2024-12-30,
P00925,Product_925,3C,Brand_D,720,623,92x47x97cm,EMP0006,2024-10-24,
P00926,Product_926,家居,Brand_G,4229,3586,4493g,EMP0007,2025-01-03,
P00927,Product_927,食品,Brand_E,1875,1657,93x55x40cm,EMP0007,2025-04-01,
P00928,Product_928,服飾,Brand_D,3336,2812,99x87x95cm,EMP0003,2024-11-11,
P00929,Product_929,食品,Brand_A,2407,1725,329g,EMP0002,2024-07-19,
P00930,Product_930,食品,Brand_F,1075,784,97x17x21cm,EMP0007,2024-12-23,
P00931,Product_931,食品,Brand_I,3048,2588,80x26x67cm,EMP0001,2025-05-17,
P00932,Product_932,3C,Brand_D,397,305,3438g,EMP0006,2024-08-22,
P00933,Product_933,服飾,Brand_I,2125,1530,941g,EMP0001,2024-09-01,
P00934,Product_934,圖書,Brand_D,2778,2243,93x72x52cm,EMP0008,2025-03-16,
P00935,Product_935,3C,Brand_G,2237,1876,23x26x61cm,EMP0002,2024-07-17,
P00936,Product_936,圖書,Brand_I,3768,2948,1009g,EMP0007,2024-07-13,
P00937,Product_937,服飾,Brand_B,4157,3658,54x30x29cm,EMP0008,2024-07-24,
P00938,Product_938,3C,Brand_H,3879,3340,36x51x85cm,EMP0003,2025-04-28,
P00939,Product_939,3C,Brand_E,290,227,1401g,EMP0007,2024-12-18,
P00940,Product_940,美妝,Brand_H,1051,934,36x33x51cm,EMP0001,2025-03-21,
P00941,Product_941,美妝,Brand_H,2729,2353,78x50x57cm,EMP0006,2025-02-28,
P00942,Product_942,美妝,Brand_I,4681,4022,52x54x75cm,EMP0001,2024-11-24,
P00943,Product_943,服飾,Brand_D,4191,3514,14x27x10cm,EMP0001,2024-08-23,
P00944,Product_944,家居,Brand_I,4228,2972,889g,EMP0002,2025-04-23,
P00945,Product_945,圖書,Brand_B,1586,1386,833g,EMP0002,2025-05-15,
P00946,Product_946,家居,Brand_B,2204,1750,65x29x71cm,EMP0002,2025-06-11,
P00947,Product_947,美妝,Brand_B,2406,2252,67x55x16cm,EMP0003,2025-06-11,
P00948,Product_948,服飾,Brand_A,871,788,3969g,EMP0002,2024-09-27,
P00949,Product_949,家居,Brand_G,252,214,4476g,EMP0007,2025-04-16,
P00950,Product_950,3C,Brand_A,4740,3617,1335g,EMP0007,2025-01-09,
P00951,Product_951,圖書,Brand_I,1279,961,1045g,EMP0000,2024-08-27,
P00952,Product_952,服飾,Brand_D,1276,1002,3558g,EMP0001,2024-12-29,
P00953,Product_953,服飾,Brand_H,509,417,2816g,EMP0003,2024-10-27,
P00954,Product_954,圖書,Brand_A,4650,3599,90x17x28cm,EMP0007,2024-12-17,
P00955,Product_955,食品,Brand_H,2941,2437,64x15x73cm,EMP0001,2025-02-18,
P00956,Product_956,3C,Brand_D,3368,2497,98x50x96cm,EMP0004,2024-10-29,
P00957,Product_957,圖書,Brand_C,4567,4313,1354g,EMP0004,2024-08-29,
P00958,Product_958,美妝,Brand_C,1794,1304,51x50x67cm,EMP0007,2025-06-17,
P00959,Product_959,食品,Brand_D,3145,2935,4886g,EMP0004,2025-06-01,
P00960,Product_960,美妝,Brand_E,290,269,66x18x99cm,EMP0007,2025-05-25,
P00961,Product_961,食品,Brand_A,1015,844,3108g,EMP0004,2024-11-08,
P00962,Product_962,圖書,Brand_A,4173,3677,65x13x45cm,EMP0004,2024-09-07,
P00963,Product_963,美妝,Brand_D,3857,3120,62x30x79cm,EMP0006,2024-07-20,
P00964,Product_964,食品,Brand_H,1818,1559,4840g,EMP0000,2025-02-24,
P00965,Product_965,圖書,Brand_F,1946,1528,99x37x43cm,EMP0008,2024-12-19,
P00966,Product_966,家居,Brand_F,2714,2104,81x48x77cm,EMP0004,2025-04-03,
P00967,Product_967,食品,Brand_A,101,85,87x78x36cm,EMP0005,2025-04-08,
P00968,Product_968,食品,Brand_F,1282,1057,4307g,EMP0001,2025-06-13,
P00969,Product_969,3C,Brand_J,1120,947,90x58x20cm,EMP0004,2025-03-23,
P00970,Product_970,家居,Brand_J,1327,1024,2111g,EMP0003,2024-11-03,2025-03-17
P00971,Product_971,服飾,Brand_I,4049,3206,4783g,EMP0002,2024-11-16,2025-05-17
P00972,Product_972,食品,Brand_H,1470,1060,423g,EMP0002,2025-03-26,
P00973,Product_973,3C,Brand_H,1038,740,100x33x97cm,EMP0004,2025-04-28,
P00974,Product_974,服飾,Brand_C,2571,1963,75x38x61cm,EMP0007,2024-12-06,
P00975,Product_975,服飾,Brand_F,4342,3120,33x17x89cm,EMP0000,2025-06-17,
P00976,Product_976,家居,Brand_D,1283,931,59x97x92cm,EMP0004,2024-12-05,
P00977,Product_977,服飾,Brand_H,485,438,13x11x52cm,EMP0001,2025-01-12,
P00978,Product_978,家居,Brand_G,1846,1310,1492g,EMP0009,2025-03-03,
P00979,Product_979,家居,Brand_D,3763,3254,1406g,EMP0001,2024-12-18,
P00980,Product_980,食品,Brand_F,2798,2150,4847g,EMP0006,2024-10-25,
P00981,Product_981,食品,Brand_E,4102,3765,909g,EMP0008,2025-05-08,
P00982,Product_982,家居,Brand_D,4802,3944,1029g,EMP0001,2025-01-11,
P00983,Product_983,食品,Brand_F,3984,3093,388g,EMP0002,2024-08-04,
P00984,Product_984,家居,Brand_J,3059,2537,864g,EMP0004,2024-12-25,
P00985,Product_985,食品,Brand_E,2517,2003,12x59x31cm,EMP0003,2024-12-12,
P00986,Product_986,服飾,Brand_D,296,249,511g,EMP0003,2024-08-23,
P00987,Product_987,服飾,Brand_J,4923,3587,43x55x38cm,EMP0006,2024-09-02,2024-11-23
P00988,Product_988,3C,Brand_F,1979,1879,299g,EMP0009,2025-03-28,
P00989,Product_989,家居,Brand_G,846,682,87x63x98cm,EMP0000,2024-07-11,
P00990,Product_990,3C,Brand_F,3367,2650,3416g,EMP0001,2025-05-04,
P00991,Product_991,美妝,Brand_I,1493,1310,3364g,EMP0003,2025-06-27,
P00992,Product_992,圖書,Brand_D,2970,2349,4741g,EMP0003,2024-09-19,2024-12-28
P00993,Product_993,食品,Brand_E,2975,2702,17x98x66cm,EMP0003,2025-02-26,
P00994,Product_994,3C,Brand_G,2284,1858,24x98x58cm,EMP0008,2025-03-05,
P00995,Product_995,服飾,Brand_A,4197,3693,1380g,EMP0006,2024-10-02,
P00996,Product_996,3C,Brand_A,1398,1016,85x47x86cm,EMP0007,2024-08-01,
P00997,Product_997,圖書,Brand_G,2298,2095,1056g,EMP0001,2025-07-07,
P00998,Product_998,圖書,Brand_C,2735,2417,52x39x72cm,EMP0002,2024-08-30,
P00999,Product_999,3C,Brand_I,3352,2524,59x91x77cm,EMP0002,2025-03-20,
P01000,Product_1000,家居,Brand_G,3941,2902,16x49x15cm,EMP0009,2024-10-22,
P01001,Product_1001,圖書,Brand_F,2035,1585,60x23x52cm,EMP0009,2025-06-01,
P01002,Product_1002,3C,Brand_E,3266,3083,74x92x42cm,EMP0005,2024-10-27,
P01003,Product_1003,美妝,Brand_I,838,640,24x51x52cm,EMP0003,2024-10-21,
P01004,Product_1004,食品,Brand_C,4670,3802,2990g,EMP0009,2025-01-19,
P01005,Product_1005,家居,Brand_G,1977,1399,48x39x83cm,EMP0006,2025-04-30,
P01006,Product_1006,家居,Brand_G,3675,2937,21x10x10cm,EMP0008,2025-05-16,
P01007,Product_1007,食品,Brand_B,200,168,4046g,EMP0007,2024-08-16,
P01008,Product_1008,3C,Brand_F,1105,1037,1209g,EMP0006,2025-01-22,
P01009,Product_1009,家居,Brand_G,2487,2062,78x90x68cm,EMP0007,2025-07-01,
P01010,Product_1010,服飾,Brand_I,4403,3984,84x61x80cm,EMP0003,2025-06-25,
P01011,Product_1011,食品,Brand_H,2684,2246,3910g,EMP0006,2024-07-21,
P01012,Product_1012,美妝,Brand_D,4656,3307,85x92x77cm,EMP0001,2024-12-26,
P01013,Product_1013,食品,Brand_H,2471,1924,2629g,EMP0000,2024-10-06,
P01014,Product_1014,食品,Brand_E,2503,2112,2135g,EMP0000,2024-07-10,
P01015,Product_1015,美妝,Brand_J,687,644,857g,EMP0004,2024-10-24,
P01016,Product_1016,服飾,Brand_A,4033,3689,60x77x91cm,EMP0006,2024-11-01,
P01017,Product_1017,3C,Brand_H,1310,992,4885g,EMP0009,2025-04-29,
P01018,Product_1018,家居,Brand_J,4508,3404,269g,EMP0004,2025-07-04,
P01019,Product_1019,3C,Brand_H,4563,3424,3768g,EMP0009,2025-06-20,
P01020,Product_1020,食品,Brand_G,4722,4395,70x60x14cm,EMP0008,2024-12-15,
P01021,Product_1021,食品,Brand_F,2649,2419,12x54x58cm,EMP0004,2025-03-22,
P01022,Product_1022,家居,Brand_G,3418,3055,11x85x61cm,EMP0009,2024-10-16,
P01023,Product_1023,美妝,Brand_A,3915,3125,87x29x41cm,EMP0004,2025-05-03,
P01024,Product_1024,服飾,Brand_B,742,613,3539g,EMP0007,2025-03-10,
P01025,Product_1025,3C,Brand_D,3045,2485,78x84x25cm,EMP0000,2024-09-17,
P01026,Product_1026,美妝,Brand_C,268,205,1595g,EMP0008,2025-01-20,
P01027,Product_1027,家居,Brand_J,2538,2097,2883g,EMP0000,2025-03-13,
P01028,Product_1028,食品,Brand_E,859,608,4347g,EMP0000,2024-09-01,
P01029,Product_1029,3C,Brand_E,996,730,2993g,EMP0003,2025-07-05,
P01030,Product_1030,食品,Brand_A,1889,1741,82x31x59cm,EMP0003,2024-10-12,
P01031,Product_1031,服飾,Brand_E,2219,1970,78x65x74cm,EMP0000,2024-11-21,
P01032,Product_1032,圖書,Brand_B,3154,2541,67x41x75cm,EMP0008,2024-09-07,2025-07-10
P01033,Product_1033,家居,Brand_E,465,385,4054g,EMP0002,2025-06-21,2025-07-26
P01034,Product_1034,圖書,Brand_H,2568,2035,20x24x54cm,EMP0002,2025-01-05,
P01035,Product_1035,食品,Brand_J,995,881,1351g,EMP0005,2024-07-27,
P01036,Product_1036,家居,Brand_C,2912,2610,4056g,EMP0008,2024-08-06,
P01037,Product_1037,3C,Brand_E,3223,2871,3552g,EMP0005,2024-11-19,
P01038,Product_1038,圖書,Brand_J,2828,-21,3828g,EMP0005,2024-12-09,2025-02-11
P01039,Product_1039,家居,Brand_B,3718,2792,17x78x36cm,EMP0006,2025-03-06,
P01040,Product_1040,圖書,Brand_B,1744,1369,91x64x65cm,EMP0007,2024-11-11,
P01041,Product_1041,家居,Brand_G,3849,3146,3377g,EMP0001,2025-01-27,
P01042,Product_1042,美妝,Brand_E,2221,1738,36x28x100cm,EMP0008,2024-09-30,
P01043,Product_1043,食品,Brand_F,2472,2197,3552g,EMP0004,2025-01-15,
P01044,Product_1044,美妝,Brand_B,3276,2563,1406g,EMP0000,2025-01-14,
P01045,Product_1045,服飾,Brand_B,190,140,2821g,EMP0003,2024-10-01,2024-12-01
P01046,Product_1046,家居,Brand_H,3305,2643,3363g,EMP0008,2025-04-03,
P01047,Product_1047,服飾,Brand_C,3131,2959,2486g,EMP0000,2025-01-19,
P01048,Product_1048,家居,Brand_B,1618,1224,352g,EMP0002,2025-06-22,
P01049,Product_1049,服飾,Brand_E,520,444,3446g,EMP0005,2025-03-09,
P01050,Product_1050,服飾,Brand_D,546,441,98x84x56cm,EMP0000,2024-07-06,
P01051,Product_1051,圖書,Brand_G,4624,3319,4790g,EMP0006,2025-04-30,
P01052,Product_1052,家居,Brand_E,3477,2858,1258g,EMP0002,2025-05-29,
P01053,Product_1053,3C,Brand_F,723,-24,930g,EMP0007,2024-12-03,
P01054,Product_1054,3C,Brand_E,1848,1531,3404g,EMP0005,2024-09-11,
P01055,Product_1055,家居,Brand_G,3003,2757,2268g,EMP0004,2025-01-08,
P01056,Product_1056,服飾,Brand_F,4194,3239,55x50x27cm,EMP0004,2024-12-16,
P01057,Product_1057,食品,Brand_C,314,227,2124g,EMP0002,2025-02-07,
P01058,Product_1058,3C,Brand_D,1260,1177,653g,EMP0008,2024-11-12,
P01059,Product_1059,服飾,Brand_F,4460,3544,40x81x67cm,EMP0007,2025-01-30,
P01060,Product_1060,家居,Brand_J,145,122,4007g,EMP0004,2024-12-30,
P01061,Product_1061,家居,Brand_J,1087,976,879g,EMP0000,2025-03-22,
P01062,Product_1062,3C,Brand_A,4799,3749,3650g,EMP0007,2025-04-26,
P01063,Product_1063,服飾,Brand_B,3106,2730,64x39x48cm,EMP0000,2025-03-29,
P01064,Product_1064,服飾,Brand_B,1382,1014,680g,EMP0009,2025-03-01,
P01065,Product_1065,食品,Brand_H,428,331,3495g,EMP0007,2024-12-20,
P01066,Product_1066,美妝,Brand_F,238,175,1215g,EMP0001,2025-02-28,
P01067,Product_1067,食品,Brand_H,1299,1173,56x35x95cm,EMP0007,2024-09-14,
P01068,Product_1068,食品,Brand_F,4419,3339,28x60x45cm,EMP0004,2024-10-24,
P01069,Product_1069,美妝,Brand_F,2138,1880,3241g,EMP0005,2025-04-28,
P01070,Product_1070,家居,Brand_D,3630,3397,79x37x82cm,EMP0007,2025-04-14,2025-07-05
P01071,Product_1071,服飾,Brand_G,4600,3827,41x84x57cm,EMP0009,2025-01-15,
P01072,Product_1072,食品,Brand_I,2099,1753,18x40x71cm,EMP0003,2024-07-23,
P01073,Product_1073,圖書,Brand_G,1037,846,30x65x98cm,EMP0003,2024-11-18,
P01074,Product_1074,家居,Brand_F,2634,2058,2053g,EMP0000,2025-04-20,2025-06-22
P01075,Product_1075,食品,Brand_A,4550,3726,4589g,EMP0005,2024-09-08,
P01076,Product_1076,家居,Brand_I,4041,3438,66x57x65cm,EMP0005,2025-05-22,
P01077,Product_1077,食品,Brand_B,423,400,219g,EMP0007,2024-11-30,
P01078,Product_1078,服飾,Brand_G,3494,3265,72x73x64cm,EMP0007,2025-03-31,
P01079,Product_1079,家居,Brand_E,2902,2657,15x54x60cm,EMP0004,2025-04-16,
P01080,Product_1080,食品,Brand_B,4547,4193,3453g,EMP0007,2024-09-18,
P01081,Product_1081,服飾,Brand_I,700,572,38x76x24cm,EMP0009,2024-11-13,
P01082,Product_1082,家居,Brand_D,2717,2348,2888g,EMP0004,2025-03-16,
P01083,Product_1083,服飾,Brand_A,4409,4073,633g,EMP0008,2024-07-12,2025-04-20
P01084,Product_1084,美妝,Brand_I,2109,1684,3468g,EMP0009,2025-02-03,
P01085,Product_1085,圖書,Brand_I,2462,2315,4367g,EMP0006,2024-07-21,
P01086,Product_1086,食品,Brand_J,445,358,3442g,EMP0009,2024-10-19,
P01087,Product_1087,美妝,Brand_B,1463,1244,120g,EMP0006,2025-05-30,
P01088,Product_1088,圖書,Brand_A,1690,1483,19x22x72cm,EMP0008,2024-08-23,
P01089,Product_1089,美妝,Brand_C,4731,4436,82x60x98cm,EMP0009,2025-06-25,
P01090,Product_1090,美妝,Brand_I,1485,1130,4974g,EMP0002,2025-01-13,
P01091,Product_1091,美妝,Brand_B,2358,2091,2531g,EMP0004,2025-06-18,
P01092,Product_1092,服飾,Brand_F,3389,2814,3131g,EMP0003,2025-06-15,
P01093,Product_1093,家居,Brand_J,895,686,100x100x16cm,EMP0009,2024-09-23,
P01094,Product_1094,圖書,Brand_E,2484,2221,4937g,EMP0001,2024-12-06,2025-01-07
P01095,Product_1095,服飾,Brand_E,3719,3117,40x75x54cm,EMP0000,2024-11-20,
P01096,Product_1096,服飾,Brand_I,4348,3762,1241g,EMP0004,2025-04-01,
P01097,Product_1097,服飾,Brand_E,3169,2474,4259g,EMP0009,2025-02-15,
P01098,Product_1098,美妝,Brand_B,3378,2771,4615g,EMP0008,2024-07-24,
P01099,Product_1099,美妝,Brand_H,719,614,38x17x32cm,EMP0003,2025-01-22,2025-07-04
P01100,Product_1100,圖書,Brand_E,4734,3793,3251g,EMP0007,2024-10-28,
P01101,Product_1101,家居,Brand_A,750,562,41x46x25cm,EMP0009,2024-07-22,
P01102,Product_1102,圖書,Brand_I,3896,3664,87x44x93cm,EMP0000,2025-01-21,
P01103,Product_1103,食品,Brand_A,1398,1157,96x35x66cm,EMP0009,2024-11-30,
P01104,Product_1104,服飾,Brand_G,4675,4130,31x64x94cm,EMP0006,2025-04-20,
P01105,Product_1105,食品,Brand_E,3628,2912,3292g,EMP0009,2024-07-27,
P01106,Product_1106,圖書,Brand_C,3794,2992,63x70x60cm,EMP0000,2024-10-16,
P01107,Product_1107,家居,Brand_I,1173,941,1137g,EMP0009,2024-09-22,
P01108,Product_1108,食品,Brand_H,2271,1822,33x36x13cm,EMP0005,2025-06-10,
P01109,Product_1109,食品,Brand_E,3127,2615,45x37x26cm,EMP0006,2025-03-05,
P01110,Product_1110,美妝,Brand_E,3873,3237,3915g,EMP0008,2024-09-10,
P01111,Product_1111,圖書,Brand_E,609,502,2748g,EMP0006,2025-05-24,
P01112,Product_1112,食品,Brand_F,4816,3533,83x39x36cm,EMP0001,2025-01-18,
P01113,Product_1113,家居,Brand_I,4462,3677,2849g,EMP0000,2025-05-06,
P01114,Product_1114,美妝,Brand_I,1425,1058,75x18x20cm,EMP0005,2024-09-23,
P01115,Product_1115,3C,Brand_C,4132,3022,2281g,EMP0009,2025-02-04,
P01116,Product_1116,家居,Brand_J,2640,2463,18x59x99cm,EMP0002,2025-05-17,
P01117,Product_1117,圖書,Brand_F,2363,2011,3818g,EMP0005,2024-08-05,
P01118,Product_1118,3C,Brand_D,1641,1419,30x99x97cm,EMP0001,2024-08-14,
P01119,Product_1119,食品,Brand_A,2947,2359,93x73x31cm,EMP0004,2025-05-18,
P01120,Product_1120,服飾,Brand_J,3676,3409,10x33x53cm,EMP0003,2024-10-07,2025-05-26
P01121,Product_1121,食品,Brand_F,2114,1817,1522g,EMP0006,2024-09-05,
P01122,Product_1122,服飾,Brand_F,3183,-45,3432g,EMP0005,2024-07-09,2025-05-22
P01123,Product_1123,3C,Brand_C,3527,2794,978g,EMP0003,2025-02-25,
P01124,Product_1124,食品,Brand_E,3584,3369,88x24x84cm,EMP0004,2025-05-11,2025-06-28
P01125,Product_1125,食品,Brand_D,355,321,4982g,EMP0002,2024-09-02,
P01126,Product_1126,食品,Brand_B,4313,-48,2786g,EMP0009,2025-04-10,
P01127,Product_1127,食品,Brand_F,2345,1743,85x46x47cm,EMP0002,2024-09-02,
P01128,Product_1128,美妝,Brand_H,1386,1064,1074g,EMP0006,2024-10-01,2025-07-12
P01129,Product_1129,家居,Brand_E,1285,991,3132g,EMP0006,2025-06-25,2025-07-07
P01130,Product_1130,服飾,Brand_F,2467,1894,2396g,EMP0008,2024-10-29,
P01131,Product_1131,美妝,Brand_H,4445,4062,1144g,EMP0002,2024-09-02,
P01132,Product_1132,3C,Brand_H,1954,1383,634g,EMP0008,2025-05-25,
P01133,Product_1133,圖書,Brand_H,3774,2713,28x53x18cm,EMP0000,2024-11-07,2025-04-09
P01134,Product_1134,服飾,Brand_H,574,441,56x37x47cm,EMP0000,2024-12-21,
P01135,Product_1135,美妝,Brand_H,2433,1824,72x95x33cm,EMP0006,2024-08-06,
P01136,Product_1136,圖書,Brand_C,4959,3759,3501g,EMP0003,2025-01-26,
P01137,Product_1137,食品,Brand_B,3875,3486,2228g,EMP0001,2025-03-30,
P01138,Product_1138,服飾,Brand_H,1132,951,73x44x12cm,EMP0008,2025-05-08,
P01139,Product_1139,美妝,Brand_A,2557,1794,567g,EMP0005,2024-10-27,
P01140,Product_1140,家居,Brand_J,1245,1005,34x85x100cm,EMP0000,2025-06-17,2025-07-31
P01141,Product_1141,家居,Brand_I,2107,1690,24x28x72cm,EMP0007,2025-02-26,
P01142,Product_1142,美妝,Brand_H,3922,2857,80x36x64cm,EMP0002,2024-08-31,
P01143,Product_1143,美妝,Brand_C,3879,3371,21x11x26cm,EMP0002,2024-08-28,
P01144,Product_1144,美妝,Brand_F,1218,1066,93x99x39cm,EMP0003,2024-11-04,
P01145,Product_1145,家居,Brand_D,4619,4066,4791g,EMP0007,2024-11-20,
P01146,Product_1146,圖書,Brand_J,3004,2650,35x39x13cm,EMP0000,2024-08-18,
P01147,Product_1147,美妝,Brand_F,1962,1373,12x19x12cm,EMP0006,2024-09-23,
P01148,Product_1148,美妝,Brand_G,2559,2402,15x84x50cm,EMP0005,2024-07-15,2025-02-07
P01149,Product_1149,3C,Brand_E,3065,2769,1024g,EMP0000,2024-09-06,
P01150,Product_1150,食品,Brand_B,2843,2633,1938g,EMP0005,2024-10-16,
P01151,Product_1151,美妝,Brand_A,2483,1748,3698g,EMP0003,2024-08-08,
P01152,Product_1152,圖書,Brand_F,2574,2403,80x91x91cm,EMP0008,2025-05-17,
P01153,Product_1153,圖書,Brand_C,964,870,3856g,EMP0002,2025-01-25,
P01154,Product_1154,食品,Brand_J,4082,3712,93x19x78cm,EMP0000,2025-06-25,
P01155,Product_1155,食品,Brand_C,2755,1992,37x27x48cm,EMP0001,2025-01-15,
P01156,Product_1156,3C,Brand_B,742,657,31x46x85cm,EMP0000,2024-09-28,2025-03-07
P01157,Product_1157,3C,Brand_J,3854,3623,64x95x29cm,EMP0006,2025-04-04,
P01158,Product_1158,食品,Brand_E,4669,4060,16x89x47cm,EMP0005,2024-10-13,
P01159,Product_1159,服飾,Brand_J,4742,3996,46x98x55cm,EMP0005,2025-02-04,2025-07-02
P01160,Product_1160,圖書,Brand_F,1908,1787,4661g,EMP0007,2025-07-12,
P01161,Product_1161,食品,Brand_C,764,619,95x94x70cm,EMP0000,2024-07-30,
P01162,Product_1162,美妝,Brand_D,2640,2244,3054g,EMP0002,2025-03-06,
P01163,Product_1163,圖書,Brand_H,652,534,851g,EMP0009,2025-02-21,
P01164,Product_1164,家居,Brand_B,4677,4364,59x61x18cm,EMP0005,2025-06-28,2025-07-23
P01165,Product_1165,家居,Brand_E,1000,719,64x58x16cm,EMP0006,2024-11-12,
P01166,Product_1166,3C,Brand_A,1339,1105,76x49x49cm,EMP0006,2024-11-27,
P01167,Product_1167,家居,Brand_J,2093,1824,4133g,EMP0007,2024-10-08,
P01168,Product_1168,美妝,Brand_F,1978,1776,83x31x18cm,EMP0008,2024-12-20,
P01169,Product_1169,服飾,Brand_G,3994,3378,61x71x78cm,EMP0005,2024-09-08,
P01170,Product_1170,圖書,Brand_C,2336,2166,3938g,EMP0006,2024-10-22,
P01171,Product_1171,美妝,Brand_C,937,876,2814g,EMP0003,2024-09-23,
P01172,Product_1172,3C,Brand_F,1409,1009,100x31x67cm,EMP0003,2025-04-15,2025-05-12
P01173,Product_1173,3C,Brand_B,2595,2077,28x45x98cm,EMP0003,2024-09-21,
P01174,Product_1174,食品,Brand_E,823,581,98x88x63cm,EMP0003,2025-01-14,
P01175,Product_1175,美妝,Brand_G,3097,2423,42x88x28cm,EMP0004,2025-03-06,
P01176,Product_1176,家居,Brand_C,2872,2396,3778g,EMP0007,2025-01-17,
P01177,Product_1177,3C,Brand_F,3602,3342,39x60x50cm,EMP0006,2024-10-22,
P01178,Product_1178,食品,Brand_C,4695,4280,4360g,EMP0002,2025-02-04,
P01179,Product_1179,食品,Brand_F,4570,3345,109g,EMP0003,2025-06-01,
P01180,Product_1180,圖書,Brand_C,4736,3425,4545g,EMP0007,2024-10-19,
P01181,Product_1181,圖書,Brand_I,1299,1101,4644g,EMP0002,2024-10-15,
P01182,Product_1182,3C,Brand_I,745,620,42x19x49cm,EMP0007,2024-07-08,
P01183,Product_1183,3C,Brand_J,1581,1212,75x25x32cm,EMP0003,2024-07-27,
P01184,Product_1184,家居,Brand_I,4486,-90,25x25x45cm,EMP0008,2024-11-16,
P01185,Product_1185,3C,Brand_E,4863,4532,62x63x83cm,EMP0008,2024-09-11,
P01186,Product_1186,圖書,Brand_J,4311,3451,1076g,EMP0009,2024-12-16,
P01187,Product_1187,服飾,Brand_I,639,590,86x19x73cm,EMP0004,2024-07-14,
P01188,Product_1188,圖書,Brand_G,4742,3775,46x19x54cm,EMP0008,2025-04-09,
P01189,Product_1189,圖書,Brand_A,2174,1923,4467g,EMP0003,2025-02-20,
P01190,Product_1190,美妝,Brand_H,146,119,392g,EMP0008,2024-09-10,
P01191,Product_1191,3C,Brand_D,2268,1657,83x74x62cm,EMP0004,2024-09-26,
P01192,Product_1192,食品,Brand_B,326,304,60x59x97cm,EMP0007,2024-11-24,
P01193,Product_1193,3C,Brand_G,2765,2249,20x42x59cm,EMP0001,2024-07-20,
P01194,Product_1194,圖書,Brand_G,1759,1554,4463g,EMP0009,2024-12-31,
P01195,Product_1195,家居,Brand_G,2420,1916,97x64x42cm,EMP0009,2024-10-14,
P01196,Product_1196,3C,Brand_H,3105,2188,2419g,EMP0000,2025-02-22,
P01197,Product_1197,美妝,Brand_I,4357,3160,1547g,EMP0008,2025-06-04,
P01198,Product_1198,圖書,Brand_G,3343,2755,4080g,EMP0006,2025-01-30,
P01199,Product_1199,服飾,Brand_H,2227,1943,4870g,EMP0004,2025-04-03,
P01200,Product_1200,圖書,Brand_B,4115,3225,4418g,EMP0009,2024-12-25,
P01201,Product_1201,圖書,Brand_G,4537,3965,25x46x45cm,EMP0003,2025-05-09,
P01202,Product_1202,3C,Brand_J,687,601,1180g,EMP0000,2025-01-05,
P01203,Product_1203,3C,Brand_G,2706,2371,3926g,EMP0006,2025-03-08,
P01204,Product_1204,食品,Brand_C,1494,1230,60x20x13cm,EMP0006,2025-02-20,
P01205,Product_1205,食品,Brand_I,331,307,94x38x29cm,EMP0008,2024-12-24,
P01206,Product_1206,食品,Brand_A,3376,2776,4470g,EMP0003,2024-09-20,
P01207,Product_1207,食品,Brand_F,4328,3516,94x46x49cm,EMP0002,2025-01-12,
P01208,Product_1208,3C,Brand_F,898,674,4934g,EMP0005,2024-10-21,
P01209,Product_1209,家居,Brand_C,4081,3170,56x53x34cm,EMP0005,2025-04-20,
P01210,Product_1210,美妝,Brand_I,4282,3042,661g,EMP0005,2025-03-19,
P01211,Product_1211,家居,Brand_J,4580,3932,3717g,EMP0002,2025-01-04,
P01212,Product_1212,3C,Brand_C,1400,1067,979g,EMP0000,2024-09-13,
P01213,Product_1213,食品,Brand_F,4529,3515,2237g,EMP0000,2025-01-10,
P01214,Product_1214,食品,Brand_D,1671,1492,825g,EMP0004,2024-11-19,
P01215,Product_1215,家居,Brand_H,2806,2194,17x73x14cm,EMP0000,2024-10-14,
P01216,Product_1216,3C,Brand_I,347,264,2147g,EMP0006,2025-05-07,
P01217,Product_1217,服飾,Brand_H,315,234,15x73x45cm,EMP0004,2025-04-06,
P01218,Product_1218,美妝,Brand_H,3630,3244,21x33x93cm,EMP0009,2024-11-20,2025-05-26
P01219,Product_1219,家居,Brand_D,2278,1668,29x41x98cm,EMP0009,2024-12-02,2025-01-30
P01220,Product_1220,3C,Brand_D,1356,1103,1721g,EMP0009,2025-07-03,
P01221,Product_1221,圖書,Brand_B,1033,854,14x71x33cm,EMP0003,2025-05-19,
P01222,Product_1222,美妝,Brand_C,3383,2949,2691g,EMP0003,2024-08-14,
P01223,Product_1223,美妝,Brand_C,102,-81,70x50x77cm,EMP0008,2025-06-08,
P01224,Product_1224,美妝,Brand_J,4049,3655,52x92x17cm,EMP0006,2024-11-23,
P01225,Product_1225,食品,Brand_D,488,347,576g,EMP0008,2025-05-16,
P01226,Product_1226,食品,Brand_E,1038,804,3423g,EMP0000,2025-02-14,
P01227,Product_1227,家居,Brand_I,1993,1534,39x35x23cm,EMP0004,2025-04-21,
P01228,Product_1228,圖書,Brand_A,2476,1823,39x31x17cm,EMP0005,2025-01-01,
P01229,Product_1229,服飾,Brand_J,1839,1421,2339g,EMP0002,2025-05-17,2025-07-05
P01230,Product_1230,美妝,Brand_D,1671,1299,76x59x46cm,EMP0002,2024-08-01,
P01231,Product_1231,3C,Brand_I,4823,4006,3674g,EMP0002,2024-10-03,
P01232,Product_1232,食品,Brand_F,3244,2809,2693g,EMP0003,2024-08-03,2025-04-29
P01233,Product_1233,服飾,Brand_E,215,171,25x41x29cm,EMP0002,2024-07-20,
P01234,Product_1234,家居,Brand_A,2208,1943,66x28x91cm,EMP0006,2025-01-29,
P01235,Product_1235,食品,Brand_E,4388,3440,63x12x47cm,EMP0003,2024-09-09,
P01236,Product_1236,服飾,Brand_C,1577,1218,3501g,EMP0003,2024-12-18,
P01237,Product_1237,3C,Brand_H,563,471,3650g,EMP0008,2025-05-10,
P01238,Product_1238,服飾,Brand_E,3816,2694,10x81x15cm,EMP0000,2024-11-23,
P01239,Product_1239,圖書,Brand_B,3069,2210,3414g,EMP0007,2024-11-11,2025-03-19
P01240,Product_1240,美妝,Brand_F,2895,-5,78x84x79cm,EMP0000,2025-02-28,
P01241,Product_1241,美妝,Brand_F,363,339,2620g,EMP0004,2024-10-10,
P01242,Product_1242,圖書,Brand_G,788,694,29x45x34cm,EMP0000,2024-11-07,
P01243,Product_1243,家居,Brand_F,3150,2275,1255g,EMP0001,2025-04-29,
P01244,Product_1244,圖書,Brand_B,1118,1019,2195g,EMP0003,2025-04-18,2025-06-04
P01245,Product_1245,3C,Brand_D,2570,2269,55x19x100cm,EMP0006,2025-02-19,
P01246,Product_1246,美妝,Brand_G,2770,2362,26x100x29cm,EMP0007,2024-10-04,
P01247,Product_1247,食品,Brand_F,1489,1348,27x75x63cm,EMP0002,2025-01-27,
P01248,Product_1248,家居,Brand_G,4747,3803,3107g,EMP0003,2025-01-26,
P01249,Product_1249,食品,Brand_G,4228,3194,80x88x42cm,EMP0002,2024-07-18,
P01250,Product_1250,服飾,Brand_B,3640,3014,74x18x69cm,EMP0002,2025-04-06,2025-07-10
P01251,Product_1251,服飾,Brand_I,482,404,90x85x40cm,EMP0005,2025-07-02,
P01252,Product_1252,服飾,Brand_F,620,517,4975g,EMP0002,2025-07-02,
P01253,Product_1253,圖書,Brand_G,2515,2115,30x76x27cm,EMP0006,2025-01-02,
P01254,Product_1254,美妝,Brand_J,888,832,1665g,EMP0003,2024-12-23,
P01255,Product_1255,食品,Brand_E,4894,4529,40x31x27cm,EMP0009,2025-04-08,
P01256,Product_1256,3C,Brand_J,877,806,94x69x68cm,EMP0006,2024-10-09,
P01257,Product_1257,食品,Brand_B,2489,2241,51x10x81cm,EMP0002,2025-05-08,
P01258,Product_1258,3C,Brand_E,1884,-31,628g,EMP0001,2025-05-03,
P01259,Product_1259,圖書,Brand_D,3233,2343,53x65x29cm,EMP0008,2025-04-30,
P01260,Product_1260,家居,Brand_G,732,561,4415g,EMP0005,2025-01-24,
P01261,Product_1261,家居,Brand_C,2209,1819,415g,EMP0003,2025-02-26,
P01262,Product_1262,食品,Brand_I,1446,1318,89x90x98cm,EMP0001,2024-11-13,
P01263,Product_1263,服飾,Brand_H,4450,3677,72x46x63cm,EMP0006,2024-07-10,
P01264,Product_1264,3C,Brand_E,299,265,2205g,EMP0003,2025-01-16,2025-02-15
P01265,Product_1265,服飾,Brand_H,4577,3363,66x44x13cm,EMP0000,2025-05-06,
P01266,Product_1266,美妝,Brand_A,4182,3191,4151g,EMP0005,2025-04-27,
P01267,Product_1267,服飾,Brand_H,1558,1376,54x29x68cm,EMP0007,2025-01-17,
P01268,Product_1268,美妝,Brand_D,3968,2941,90x17x25cm,EMP0009,2025-06-22,
P01269,Product_1269,美妝,Brand_J,253,199,68x35x50cm,EMP0007,2025-05-11,2025-07-08
P01270,Product_1270,圖書,Brand_G,4838,3707,47x76x66cm,EMP0009,2024-08-08,
P01271,Product_1271,家居,Brand_A,2680,2111,481g,EMP0008,2024-10-26,
P01272,Product_1272,服飾,Brand_J,1586,1391,852g,EMP0006,2025-02-04,
P01273,Product_1273,食品,Brand_J,1877,1486,53x64x57cm,EMP0002,2024-09-16,
P01274,Product_1274,3C,Brand_D,425,357,16x56x74cm,EMP0008,2025-02-02,
P01275,Product_1275,美妝,Brand_B,4948,3587,20x48x51cm,EMP0009,2024-11-25,
P01276,Product_1276,3C,Brand_H,293,264,102g,EMP0000,2025-05-01,
P01277,Product_1277,圖書,Brand_G,3309,-59,4152g,EMP0001,2024-12-02,
P01278,Product_1278,美妝,Brand_J,2269,1957,2901g,EMP0007,2025-05-30,
P01279,Product_1279,服飾,Brand_I,4750,4186,30x56x70cm,EMP0009,2024-09-22,
P01280,Product_1280,服飾,Brand_G,1305,982,1412g,EMP0003,2024-08-06,
P01281,Product_1281,3C,Brand_D,2707,2494,4453g,EMP0003,2024-10-05,
P01282,Product_1282,美妝,Brand_G,2464,2104,46x45x51cm,EMP0006,2025-05-24,
P01283,Product_1283,3C,Brand_H,3544,2861,31x18x92cm,EMP0001,2025-01-30,
P01284,Product_1284,服飾,Brand_C,433,323,2637g,EMP0001,2025-05-05,
P01285,Product_1285,家居,Brand_F,1050,982,12x88x50cm,EMP0001,2024-10-11,
P01286,Product_1286,食品,Brand_G,1151,1023,1315g,EMP0005,2024-11-11,
P01287,Product_1287,家居,Brand_E,3717,2795,85x23x25cm,EMP0000,2025-01-12,
P01288,Product_1288,圖書,Brand_F,1027,805,86x66x58cm,EMP0008,2025-02-04,
P01289,Product_1289,美妝,Brand_D,2910,2626,1206g,EMP0006,2024-10-15,
P01290,Product_1290,美妝,Brand_F,1155,1009,721g,EMP0004,2024-11-09,
P01291,Product_1291,3C,Brand_C,4322,3853,966g,EMP0009,2024-10-25,
P01292,Product_1292,服飾,Brand_I,4717,3822,97x83x77cm,EMP0009,2024-07-30,
P01293,Product_1293,3C,Brand_H,2641,2321,25x41x13cm,EMP0001,2025-06-30,
P01294,Product_1294,3C,Brand_D,1826,1455,28x63x42cm,EMP0007,2025-05-17,2025-06-29
P01295,Product_1295,3C,Brand_C,1247,939,64x48x35cm,EMP0008,2025-05-30,
P01296,Product_1296,美妝,Brand_G,344,295,48x50x49cm,EMP0005,2025-06-11,
P01297,Product_1297,美妝,Brand_J,1416,1336,2161g,EMP0004,2025-02-12,
P01298,Product_1298,服飾,Brand_G,3306,2571,2425g,EMP0007,2024-10-03,
P01299,Product_1299,3C,Brand_B,2715,2213,2119g,EMP0001,2024-07-10,
P01300,Product_1300,美妝,Brand_D,4726,4104,2029g,EMP0000,2024-10-28,2025-01-24
P01301,Product_1301,食品,Brand_D,2042,1706,53x93x67cm,EMP0003,2024-09-10,
P01302,Product_1302,家居,Brand_G,3500,3188,89x73x87cm,EMP0004,2024-09-06,2024-12-30
P01303,Product_1303,美妝,Brand_J,2498,2224,26x35x13cm,EMP0008,2024-09-01,
P01304,Product_1304,圖書,Brand_F,2612,1866,1786g,EMP0006,2024-08-29,
P01305,Product_1305,家居,Brand_I,1412,1341,44x82x80cm,EMP0002,2025-01-20,
P01306,Product_1306,3C,Brand_G,2329,2069,72x53x85cm,EMP0002,2024-10-24,
P01307,Product_1307,3C,Brand_C,2407,2205,93x40x35cm,EMP0001,2025-02-14,
P01308,Product_1308,家居,Brand_C,3563,3074,4814g,EMP0007,2025-04-30,
P01309,Product_1309,服飾,Brand_B,4709,4304,65x27x77cm,EMP0004,2025-01-20,
P01310,Product_1310,3C,Brand_G,1714,1248,1288g,EMP0005,2024-12-20,
P01311,Product_1311,服飾,Brand_I,307,241,11x61x20cm,EMP0005,2024-09-27,2025-02-27
P01312,Product_1312,食品,Brand_G,2532,2327,96x59x15cm,EMP0006,2024-10-25,
P01313,Product_1313,3C,Brand_C,2768,2077,3572g,EMP0004,2025-01-26,
P01314,Product_1314,圖書,Brand_B,925,666,688g,EMP0001,2025-01-21,
P01315,Product_1315,服飾,Brand_C,3826,3432,57x85x33cm,EMP0002,2025-03-13,
P01316,Product_1316,服飾,Brand_A,4926,4477,3402g,EMP0004,2025-05-20,
P01317,Product_1317,服飾,Brand_J,4734,3507,2047g,EMP0000,2025-06-27,
P01318,Product_1318,服飾,Brand_J,1066,974,46x41x96cm,EMP0004,2024-12-27,
P01319,Product_1319,3C,Brand_I,4389,3826,54x19x80cm,EMP0007,2025-06-18,
P01320,Product_1320,美妝,Brand_D,3552,2948,3518g,EMP0003,2024-07-28,
P01321,Product_1321,家居,Brand_F,2324,2109,1087g,EMP0002,2025-05-09,
P01322,Product_1322,服飾,Brand_A,2749,2212,4833g,EMP0007,2024-08-25,
P01323,Product_1323,3C,Brand_C,4263,3191,3005g,EMP0006,2024-10-20,
P01324,Product_1324,圖書,Brand_E,2453,1892,61x80x57cm,EMP0008,2025-06-23,
P01325,Product_1325,服飾,Brand_C,1929,1594,1835g,EMP0001,2025-06-28,
P01326,Product_1326,3C,Brand_D,2517,2096,84x94x33cm,EMP0006,2025-06-14,
P01327,Product_1327,美妝,Brand_C,2938,2648,4622g,EMP0008,2025-01-25,
P01328,Product_1328,3C,Brand_B,1026,922,4842g,EMP0007,2025-04-18,
P01329,Product_1329,服飾,Brand_E,4514,3816,4611g,EMP0008,2025-03-18,
P01330,Product_1330,服飾,Brand_F,3404,3047,46x10x32cm,EMP0003,2025-05-07,
P01331,Product_1331,家居,Brand_E,3203,2396,2485g,EMP0003,2024-09-28,
P01332,Product_1332,美妝,Brand_A,588,419,1445g,EMP0004,2024-08-09,
P01333,Product_1333,食品,Brand_C,3060,2811,54x77x10cm,EMP0006,2025-06-16,
P01334,Product_1334,美妝,Brand_F,693,498,93x58x92cm,EMP0001,2024-10-05,
P01335,Product_1335,服飾,Brand_A,486,370,59x26x95cm,EMP0000,2025-02-13,
P01336,Product_1336,圖書,Brand_I,2684,2345,11x86x26cm,EMP0003,2025-05-23,
P01337,Product_1337,家居,Brand_B,2074,1664,4694g,EMP0006,2024-10-24,
P01338,Product_1338,圖書,Brand_G,2985,2744,100x59x71cm,EMP0002,2025-03-14,
P01339,Product_1339,圖書,Brand_H,537,416,2037g,EMP0004,2024-07-24,
P01340,Product_1340,3C,Brand_D,2212,-7,29x48x62cm,EMP0000,2025-06-24,
P01341,Product_1341,服飾,Brand_F,956,741,97x63x34cm,EMP0002,2025-06-02,2025-07-29
P01342,Product_1342,家居,Brand_H,4937,4169,4437g,EMP0004,2025-06-04,
P01343,Product_1343,家居,Brand_A,2850,2263,28x52x45cm,EMP0005,2025-04-21,
P01344,Product_1344,3C,Brand_C,3468,2892,84x69x41cm,EMP0003,2024-07-18,2025-04-07
P01345,Product_1345,圖書,Brand_A,1695,1558,2517g,EMP0003,2024-12-16,
P01346,Product_1346,食品,Brand_I,564,524,4757g,EMP0001,2025-03-06,
P01347,Product_1347,服飾,Brand_A,4882,3742,3461g,EMP0005,2025-04-25,
P01348,Product_1348,家居,Brand_I,1503,1225,1621g,EMP0000,2025-04-03,
P01349,Product_1349,美妝,Brand_F,2177,1822,3222g,EMP0005,2025-06-29,2025-07-29
P01350,Product_1350,圖書,Brand_I,3284,3078,51x11x72cm,EMP0009,2024-11-09,
P01351,Product_1351,美妝,Brand_B,221,210,2952g,EMP0003,2025-05-01,
P01352,Product_1352,3C,Brand_D,4070,3089,2505g,EMP0009,2024-09-06,
P01353,Product_1353,美妝,Brand_C,2729,2406,1633g,EMP0006,2025-01-12,
P01354,Product_1354,3C,Brand_D,1463,1163,4882g,EMP0003,2025-03-16,
P01355,Product_1355,家居,Brand_H,402,282,1693g,EMP0001,2024-08-27,
P01356,Product_1356,家居,Brand_B,896,629,1012g,EMP0001,2025-01-02,
P01357,Product_1357,家居,Brand_I,4486,3656,37x68x38cm,EMP0003,2024-12-02,
P01358,Product_1358,食品,Brand_H,3462,2846,24x30x94cm,EMP0009,2024-09-08,
P01359,Product_1359,家居,Brand_G,1325,935,20x42x94cm,EMP0002,2025-06-21,
P01360,Product_1360,美妝,Brand_G,421,367,61x57x44cm,EMP0009,2024-09-10,2025-01-03
P01361,Product_1361,食品,Brand_A,3484,2695,27x90x22cm,EMP0008,2024-07-08,
P01362,Product_1362,3C,Brand_E,2905,2440,1156g,EMP0007,2025-06-21,
P01363,Product_1363,家居,Brand_G,2082,1614,2865g,EMP0001,2024-12-10,
P01364,Product_1364,美妝,Brand_E,1882,1396,86x57x86cm,EMP0005,2025-01-25,
P01365,Product_1365,服飾,Brand_F,1162,932,1493g,EMP0003,2024-11-12,
P01366,Product_1366,服飾,Brand_E,3381,2563,149g,EMP0003,2025-02-02,
P01367,Product_1367,家居,Brand_J,4856,4049,89x98x33cm,EMP0003,2024-11-01,2025-05-28
P01368,Product_1368,服飾,Brand_A,961,720,3089g,EMP0000,2024-08-01,
P01369,Product_1369,服飾,Brand_A,3026,2503,1401g,EMP0007,2025-04-07,
P01370,Product_1370,3C,Brand_I,2179,1611,1656g,EMP0002,2024-08-11,
P01371,Product_1371,家居,Brand_H,2289,1986,292g,EMP0006,2025-04-10,
P01372,Product_1372,圖書,Brand_B,1345,1195,40x48x25cm,EMP0008,2024-09-15,2025-07-26
P01373,Product_1373,美妝,Brand_B,4143,3015,80x46x68cm,EMP0005,2025-05-16,
P01374,Product_1374,3C,Brand_J,2478,2024,3860g,EMP0005,2025-06-29,
P01375,Product_1375,家居,Brand_D,2763,1983,3591g,EMP0006,2025-02-18,
P01376,Product_1376,食品,Brand_F,1593,1354,558g,EMP0004,2024-10-22,
P01377,Product_1377,家居,Brand_J,991,759,2960g,EMP0007,2025-05-31,
P01378,Product_1378,家居,Brand_D,521,433,2610g,EMP0002,2024-10-03,
P01379,Product_1379,服飾,Brand_F,3599,2985,65x95x46cm,EMP0001,2024-08-29,
P01380,Product_1380,圖書,Brand_F,1062,988,74x19x10cm,EMP0006,2024-08-01,
P01381,Product_1381,家居,Brand_J,3481,2915,390g,EMP0003,2024-07-24,
P01382,Product_1382,服飾,Brand_D,2013,1702,4277g,EMP0000,2025-04-16,
P01383,Product_1383,美妝,Brand_H,2137,1711,1525g,EMP0001,2024-12-29,
P01384,Product_1384,美妝,Brand_D,2399,2248,29x41x94cm,EMP0002,2024-09-27,
P01385,Product_1385,3C,Brand_F,1902,1701,88x93x92cm,EMP0008,2024-05-13,
P01386,Product_1386,圖書,Brand_B,593,457,62x80x19cm,EMP0003,2024-11-22,
P01387,Product_1387,圖書,Brand_I,1617,1473,32x16x45cm,EMP0008,2025-03-22,
P01388,Product_1388,食品,Brand_H,3352,2709,1050g,EMP0003,2025-06-04,
P01389,Product_1389,家居,Brand_C,3362,3050,10x51x85cm,EMP0007,2024-09-04,
P01390,Product_1390,食品,Brand_B,1502,1361,3468g,EMP0006,2025-06-26,
P01391,Product_1391,美妝,Brand_G,2354,1759,4473g,EMP0004,2025-06-09,
P01392,Product_1392,圖書,Brand_J,1048,917,4376g,EMP0003,2024-07-08,2025-07-24
P01393,Product_1393,服飾,Brand_B,1131,874,72x96x69cm,EMP0007,2025-02-14,
P01394,Product_1394,3C,Brand_B,213,165,3153g,EMP0007,2025-07-01,2025-07-28
P01395,Product_1395,家居,Brand_G,4494,3479,4815g,EMP0009,2025-03-20,
P01396,Product_1396,3C,Brand_D,1132,998,74x11x68cm,EMP0005,2024-07-13,2024-12-26
P01397,Product_1397,食品,Brand_G,1215,920,1661g,EMP0005,2025-01-19,
P01398,Product_1398,圖書,Brand_A,1470,1029,41x47x79cm,EMP0002,2024-07-09,
P01399,Product_1399,圖書,Brand_A,724,637,4064g,EMP0001,2025-04-22,
P01400,Product_1400,圖書,Brand_C,3232,2401,1539g,EMP0006,2025-03-29,
P01401,Product_1401,圖書,Brand_H,468,340,2044g,EMP0009,2025-07-01,
P01402,Product_1402,圖書,Brand_B,758,575,41x90x30cm,EMP0002,2025-04-19,
P01403,Product_1403,服飾,Brand_E,3259,2591,13x16x17cm,EMP0002,2024-08-24,
P01404,Product_1404,食品,Brand_A,1764,1445,522g,EMP0008,2025-05-09,
P01405,Product_1405,家居,Brand_J,3569,2538,4651g,EMP0002,2025-04-11,
P01406,Product_1406,服飾,Brand_A,2831,2669,72x80x64cm,EMP0009,2024-07-31,
P01407,Product_1407,食品,Brand_H,1354,1191,2933g,EMP0003,2024-12-03,2025-07-04
P01408,Product_1408,服飾,Brand_A,3289,2568,49x95x50cm,EMP0003,2025-03-18,
P01409,Product_1409,圖書,Brand_I,670,522,74x17x94cm,EMP0005,2025-04-12,
P01410,Product_1410,3C,Brand_H,2728,2216,68x31x19cm,EMP0009,2024-12-26,
P01411,Product_1411,服飾,Brand_E,2242,1920,1885g,EMP0005,2025-02-03,
P01412,Product_1412,家居,Brand_F,1413,1040,82x87x67cm,EMP0007,2025-05-28,
P01413,Product_1413,3C,Brand_C,3060,2286,2851g,EMP0002,2025-01-09,
P01414,Product_1414,美妝,Brand_E,4370,3998,12x96x25cm,EMP0005,2025-06-27,2025-07-07
P01415,Product_1415,服飾,Brand_J,4995,3816,4043g,EMP0004,2025-03-17,
P01416,Product_1416,家居,Brand_I,3078,2447,787g,EMP0000,2025-03-04,
P01417,Product_1417,服飾,Brand_D,2083,1912,20x16x77cm,EMP0002,2025-01-04,
P01418,Product_1418,服飾,Brand_A,1204,1042,44x54x87cm,EMP0001,2025-01-03,
P01419,Product_1419,食品,Brand_B,1360,1068,45x87x88cm,EMP0006,2024-11-03,
P01420,Product_1420,家居,Brand_B,2449,2133,94x90x21cm,EMP0001,2024-12-09,
P01421,Product_1421,圖書,Brand_J,1900,1339,84x18x35cm,EMP0004,2025-06-29,
P01422,Product_1422,圖書,Brand_D,4578,4046,2768g,EMP0009,2025-02-18,
P01423,Product_1423,圖書,Brand_E,1905,1565,41x51x82cm,EMP0004,2025-03-14,
P01424,Product_1424,美妝,Brand_E,1930,1743,28x76x40cm,EMP0002,2024-07-05,
P01425,Product_1425,服飾,Brand_E,1979,1858,10x40x70cm,EMP0007,2025-05-06,
P01426,Product_1426,服飾,Brand_F,4199,3912,4322g,EMP0008,2024-08-23,2025-01-05
P01427,Product_1427,食品,Brand_H,3289,3050,45x18x72cm,EMP0007,2025-01-16,
P01428,Product_1428,美妝,Brand_F,3109,2575,26x95x64cm,EMP0004,2025-02-28,
P01429,Product_1429,3C,Brand_H,1737,1373,99x72x37cm,EMP0003,2024-10-07,
P01430,Product_1430,服飾,Brand_D,4108,3353,762g,EMP0009,2024-11-25,
P01431,Product_1431,美妝,Brand_J,288,251,32x74x19cm,EMP0009,2025-05-15,
P01432,Product_1432,家居,Brand_J,4367,4022,4161g,EMP0006,2025-03-06,
P01433,Product_1433,家居,Brand_I,2612,1964,4374g,EMP0008,2024-09-02,
P01434,Product_1434,3C,Brand_D,2051,1907,3524g,EMP0009,2025-01-11,
P01435,Product_1435,服飾,Brand_H,2536,2292,41x30x47cm,EMP0000,2025-05-08,
P01436,Product_1436,家居,Brand_H,3370,3184,3198g,EMP0000,2025-01-30,
P01437,Product_1437,圖書,Brand_I,163,150,436g,EMP0000,2025-02-08,
P01438,Product_1438,家居,Brand_I,4371,-42,21x78x99cm,EMP0007,2024-12-23,
P01439,Product_1439,美妝,Brand_E,2289,-98,63x87x40cm,EMP0002,2025-03-22,
P01440,Product_1440,家居,Brand_J,1781,1296,1508g,EMP0009,2024-09-22,
P01441,Product_1441,3C,Brand_J,777,601,4307g,EMP0008,2025-03-02,
P01442,Product_1442,圖書,Brand_I,2253,-51,494g,EMP0003,2025-01-09,
P01443,Product_1443,食品,Brand_J,2532,2282,89x88x61cm,EMP0002,2024-09-06,
P01444,Product_1444,食品,Brand_G,2078,1922,100x97x70cm,EMP0008,2025-03-24,
P01445,Product_1445,美妝,Brand_B,3425,2932,12x41x72cm,EMP0006,2025-05-17,
P01446,Product_1446,家居,Brand_H,2162,1517,18x63x74cm,EMP0009,2025-06-29,
P01447,Product_1447,家居,Brand_G,4811,3592,1681g,EMP0000,2024-09-07,
P01448,Product_1448,3C,Brand_G,3036,2201,61x69x55cm,EMP0009,2025-03-27,
P01449,Product_1449,圖書,Brand_A,4057,3208,24x13x25cm,EMP0005,2025-03-28,
P01450,Product_1450,家居,Brand_A,636,525,11x32x77cm,EMP0003,2024-12-17,
P01451,Product_1451,家居,Brand_D,2047,1455,4617g,EMP0008,2024-12-27,
P01452,Product_1452,3C,Brand_B,1751,-27,39x97x26cm,EMP0008,2025-02-14,
P01453,Product_1453,服飾,Brand_C,2890,2153,94x61x80cm,EMP0000,2025-04-09,
P01454,Product_1454,服飾,Brand_D,4319,3722,19x46x73cm,EMP0002,2025-03-09,
P01455,Product_1455,圖書,Brand_H,484,395,1226g,EMP0009,2025-01-31,
P01456,Product_1456,食品,Brand_F,456,375,76x86x75cm,EMP0006,2024-09-10,
P01457,Product_1457,3C,Brand_E,4267,3443,1063g,EMP0008,2025-02-05,
P01458,Product_1458,美妝,Brand_C,1143,1073,3954g,EMP0008,2025-03-05,
P01459,Product_1459,食品,Brand_E,3377,2545,82x89x73cm,EMP0004,2024-10-23,
P01460,Product_1460,3C,Brand_J,2760,2289,1204g,EMP0006,2025-03-27,
P01461,Product_1461,食品,Brand_A,4181,3696,62x67x64cm,EMP0006,2024-07-16,
P01462,Product_1462,美妝,Brand_J,713,598,4062g,EMP0004,2024-12-17,
P01463,Product_1463,圖書,Brand_F,736,686,56x81x39cm,EMP0005,2024-09-09,
P01464,Product_1464,美妝,Brand_E,2828,2247,19x17x19cm,EMP0004,2024-08-08,2024-10-14
P01465,Product_1465,食品,Brand_D,4737,3865,2431g,EMP0009,2024-12-26,
P01466,Product_1466,家居,Brand_A,2133,1541,19x18x78cm,EMP0004,2024-07-03,
P01467,Product_1467,3C,Brand_J,1702,1451,724g,EMP0000,2025-06-04,
P01468,Product_1468,圖書,Brand_I,3073,2372,72x98x58cm,EMP0007,2025-05-02,
P01469,Product_1469,家居,Brand_F,4659,3448,54x83x10cm,EMP0007,2024-08-27,2025-03-27
P01470,Product_1470,食品,Brand_G,4201,3513,2308g,EMP0006,2025-06-13,2025-07-31
P01471,Product_1471,美妝,Brand_H,4978,4147,88x94x89cm,EMP0009,2024-09-10,
P01472,Product_1472,服飾,Brand_F,211,151,3850g,EMP0008,2025-04-14,
P01473,Product_1473,3C,Brand_I,653,571,89x47x98cm,EMP0007,2024-10-06,2024-12-26
P01474,Product_1474,家居,Brand_J,3086,2642,95x66x10cm,EMP0002,2025-06-01,
P01475,Product_1475,家居,Brand_C,4121,3079,15x46x92cm,EMP0005,2024-08-05,
P01476,Product_1476,3C,Brand_C,1498,1224,4980g,EMP0000,2024-10-08,
P01477,Product_1477,圖書,Brand_G,1272,-23,47x61x21cm,EMP0007,2025-03-30,2025-06-25
P01478,Product_1478,圖書,Brand_C,3956,3293,86x93x13cm,EMP0004,2025-03-18,
P01479,Product_1479,美妝,Brand_A,376,301,61x92x51cm,EMP0001,2025-04-18,
P01480,Product_1480,食品,Brand_E,1910,1491,79x59x38cm,EMP0009,2025-01-19,
P01481,Product_1481,3C,Brand_A,2578,2198,21x86x36cm,EMP0000,2024-07-05,
P01482,Product_1482,3C,Brand_C,2846,2660,78x58x100cm,EMP0009,2025-05-19,
P01483,Product_1483,家居,Brand_I,3670,3186,101g,EMP0008,2025-03-21,
P01484,Product_1484,家居,Brand_D,1839,1321,356g,EMP0004,2025-06-18,
P01485,Product_1485,美妝,Brand_F,3102,2529,51x97x48cm,EMP0004,2025-05-16,
P01486,Product_1486,食品,Brand_B,2968,2739,403g,EMP0007,2025-01-03,
P01487,Product_1487,服飾,Brand_C,2783,2014,3778g,EMP0000,2025-06-28,2025-07-10
P01488,Product_1488,服飾,Brand_G,3238,3067,88x18x54cm,EMP0001,2025-01-24,
P01489,Product_1489,服飾,Brand_H,1371,1285,29x29x37cm,EMP0006,2025-04-25,
P01490,Product_1490,家居,Brand_J,515,370,91x66x38cm,EMP0005,2024-11-30,2025-04-07
P01491,Product_1491,服飾,Brand_C,684,639,21x71x89cm,EMP0008,2025-03-15,
P01492,Product_1492,食品,Brand_D,1200,949,63x14x39cm,EMP0008,2024-07-06,
P01493,Product_1493,家居,Brand_F,2551,2324,2886g,EMP0006,2024-07-26,
P01494,Product_1494,食品,Brand_A,4218,3394,66x65x30cm,EMP0003,2024-12-13,
P01495,Product_1495,圖書,Brand_A,3536,2865,1783g,EMP0000,2025-04-13,
P01496,Product_1496,食品,Brand_C,3966,3405,2095g,EMP0004,2024-12-27,
P01497,Product_1497,家居,Brand_B,1820,1626,84x97x81cm,EMP0005,2025-06-19,
P01498,Product_1498,3C,Brand_A,2083,1476,39x24x24cm,EMP0006,2025-02-05,
P01499,Product_1499,美妝,Brand_B,2029,1721,3233g,EMP0009,2024-10-25,
P01500,Product_1500,圖書,Brand_A,1040,777,22x28x35cm,EMP0001,2024-07-14,2024-09-16
P01501,Product_1501,圖書,Brand_D,400,315,2660g,EMP0003,2024-09-27,
P01502,Product_1502,3C,Brand_G,2995,2357,4607g,EMP0004,2024-07-03,
P01503,Product_1503,圖書,Brand_G,4947,4043,68x61x28cm,EMP0004,2024-08-11,
P01504,Product_1504,服飾,Brand_E,917,719,66x34x61cm,EMP0002,2025-06-17,
P01505,Product_1505,圖書,Brand_J,329,239,45x55x44cm,EMP0002,2024-08-19,
P01506,Product_1506,圖書,Brand_A,3920,2886,73x51x75cm,EMP0008,2025-05-24,
P01507,Product_1507,圖書,Brand_E,1338,948,2370g,EMP0002,2025-05-08,
P01508,Product_1508,3C,Brand_C,4165,3405,89x53x86cm,EMP0000,2025-06-16,
P01509,Product_1509,食品,Brand_J,3549,3331,4127g,EMP0004,2025-01-16,
P01510,Product_1510,美妝,Brand_F,4734,3451,1864g,EMP0008,2024-10-28,
P01511,Product_1511,服飾,Brand_C,2104,1970,99x20x44cm,EMP0001,2024-07-10,
P01512,Product_1512,服飾,Brand_G,3344,2954,13x83x56cm,EMP0001,2024-07-15,
P01513,Product_1513,美妝,Brand_D,2378,2043,4835g,EMP0006,2024-09-26,
P01514,Product_1514,3C,Brand_G,3190,2748,966g,EMP0004,2024-07-13,
P01515,Product_1515,3C,Brand_G,2303,2088,64x22x42cm,EMP0007,2025-04-07,
P01516,Product_1516,食品,Brand_A,1024,744,45x43x71cm,EMP0008,2025-01-30,
P01517,Product_1517,食品,Brand_C,2589,2139,364g,EMP0005,2025-04-14,
P01518,Product_1518,美妝,Brand_H,2690,2352,69x64x26cm,EMP0000,2024-09-19,
P01519,Product_1519,美妝,Brand_D,4072,3448,217g,EMP0007,2025-06-13,
P01520,Product_1520,圖書,Brand_H,3704,3364,42x89x33cm,EMP0003,2024-09-03,
P01521,Product_1521,美妝,Brand_G,3353,2407,172g,EMP0005,2025-03-14,
P01522,Product_1522,食品,Brand_B,656,572,77x85x23cm,EMP0009,2024-08-22,
P01523,Product_1523,圖書,Brand_D,3631,3026,4677g,EMP0002,2024-08-02,2025-01-15
P01524,Product_1524,圖書,Brand_H,2552,2028,3621g,EMP0004,2025-04-23,
P01525,Product_1525,3C,Brand_B,4481,3518,2595g,EMP0007,2024-10-12,
P01526,Product_1526,3C,Brand_G,4607,3940,622g,EMP0002,2025-02-02,
P01527,Product_1527,美妝,Brand_B,370,342,32x28x38cm,EMP0003,2025-06-29,2025-07-15
P01528,Product_1528,食品,Brand_J,4121,3396,4799g,EMP0005,2025-01-08,
P01529,Product_1529,3C,Brand_I,285,258,49x90x34cm,EMP0007,2024-09-23,2025-06-27
P01530,Product_1530,美妝,Brand_D,1899,1520,16x32x89cm,EMP0001,2024-12-11,
P01531,Product_1531,3C,Brand_I,2757,2001,2121g,EMP0007,2024-11-06,
P01532,Product_1532,家居,Brand_G,826,591,1194g,EMP0007,2024-11-04,
P01533,Product_1533,食品,Brand_B,3757,2678,185g,EMP0005,2025-04-29,
P01534,Product_1534,圖書,Brand_A,141,112,3859g,EMP0006,2024-11-29,
P01535,Product_1535,服飾,Brand_H,926,726,18x71x55cm,EMP0000,2025-02-09,
P01536,Product_1536,服飾,Brand_E,2946,2591,3352g,EMP0008,2024-12-13,
P01537,Product_1537,3C,Brand_D,3600,3189,2503g,EMP0008,2024-07-11,
P01538,Product_1538,3C,Brand_J,4592,3272,3177g,EMP0002,2024-11-03,
P01539,Product_1539,圖書,Brand_D,3557,2686,3934g,EMP0005,2024-10-03,
P01540,Product_1540,美妝,Brand_G,3392,2607,3128g,EMP0003,2025-04-05,
P01541,Product_1541,服飾,Brand_A,2032,1701,4302g,EMP0004,2024-12-02,
P01542,Product_1542,食品,Brand_A,106,78,24x87x58cm,EMP0001,2025-03-23,
P01543,Product_1543,圖書,Brand_A,689,505,2053g,EMP0008,2024-11-07,
P01544,Product_1544,家居,Brand_G,2719,2545,83x74x66cm,EMP0001,2024-08-06,
P01545,Product_1545,家居,Brand_A,3408,3071,1965g,EMP0007,2024-12-08,
P01546,Product_1546,3C,Brand_B,2146,1599,566g,EMP0006,2025-04-19,
P01547,Product_1547,3C,Brand_I,3680,2950,24x15x51cm,EMP0009,2025-01-29,
P01548,Product_1548,食品,Brand_E,2657,2096,29x70x23cm,EMP0004,2025-01-10,
P01549,Product_1549,家居,Brand_G,463,416,32x70x90cm,EMP0002,2025-02-09,
P01550,Product_1550,美妝,Brand_I,1041,861,71x71x52cm,EMP0001,2025-06-13,
P01551,Product_1551,美妝,Brand_G,4216,3086,3545g,EMP0008,2025-02-04,
P01552,Product_1552,3C,Brand_E,3652,3231,171g,EMP0005,2024-09-11,
P01553,Product_1553,食品,Brand_J,4484,3584,2215g,EMP0008,2025-04-26,
P01554,Product_1554,家居,Brand_F,676,-78,944g,EMP0005,2025-05-31,
P01555,Product_1555,家居,Brand_I,4952,3931,83x26x68cm,EMP0000,2025-06-16,
P01556,Product_1556,3C,Brand_J,1126,928,18x65x99cm,EMP0005,2025-05-21,2025-06-04
P01557,Product_1557,服飾,Brand_I,158,124,85x38x61cm,EMP0007,2025-06-14,
P01558,Product_1558,3C,Brand_C,4987,3793,1473g,EMP0009,2025-06-07,
P01559,Product_1559,美妝,Brand_J,1477,1181,72x73x75cm,EMP0004,2025-02-05,
P01560,Product_1560,家居,Brand_F,3373,2377,38x54x57cm,EMP0008,2024-12-16,
P01561,Product_1561,美妝,Brand_A,966,863,1346g,EMP0004,2025-07-01,
P01562,Product_1562,家居,Brand_E,2943,-64,2602g,EMP0008,2024-10-07,
P01563,Product_1563,服飾,Brand_H,4530,3221,13x93x23cm,EMP0005,2025-01-05,
P01564,Product_1564,家居,Brand_B,1669,1441,4271g,EMP0002,2024-08-27,
P01565,Product_1565,3C,Brand_F,3384,3024,31x26x76cm,EMP0004,2025-01-22,
P01566,Product_1566,服飾,Brand_H,1021,922,91x56x72cm,EMP0002,2024-11-18,2024-12-30
P01567,Product_1567,食品,Brand_B,3162,2603,57x80x49cm,EMP0007,2025-06-30,
P01568,Product_1568,美妝,Brand_I,1749,1314,1458g,EMP0009,2025-02-01,
P01569,Product_1569,圖書,Brand_D,1135,1004,78x20x29cm,EMP0002,2025-03-30,
P01570,Product_1570,家居,Brand_E,1635,1430,4552g,EMP0006,2024-08-04,
P01571,Product_1571,美妝,Brand_C,976,744,82x53x72cm,EMP0001,2024-07-14,
P01572,Product_1572,圖書,Brand_J,4519,4184,98x98x98cm,EMP0007,2024-09-03,
P01573,Product_1573,3C,Brand_C,2046,-16,3945g,EMP0009,2025-02-14,
P01574,Product_1574,家居,Brand_F,1302,1231,1615g,EMP0009,2025-02-07,
P01575,Product_1575,服飾,Brand_E,2297,2102,37x39x19cm,EMP0008,2024-10-18,2025-07-20
P01576,Product_1576,服飾,Brand_B,1671,1457,1289g,EMP0006,2025-03-03,
P01577,Product_1577,服飾,Brand_G,3748,3503,2006g,EMP0006,2025-03-12,
P01578,Product_1578,美妝,Brand_H,4859,4279,98x63x71cm,EMP0008,2025-04-02,
P01579,Product_1579,服飾,Brand_D,2246,1679,74x48x33cm,EMP0007,2025-06-09,
P01580,Product_1580,美妝,Brand_F,4319,3501,96x99x33cm,EMP0009,2024-12-28,
P01581,Product_1581,美妝,Brand_I,2873,2062,3413g,EMP0004,2024-07-19,
P01582,Product_1582,家居,Brand_F,870,694,66x87x66cm,EMP0000,2025-02-02,
P01583,Product_1583,圖書,Brand_B,3484,3085,2460g,EMP0008,2024-10-29,
P01584,Product_1584,圖書,Brand_J,2616,2084,90x83x46cm,EMP0008,2024-11-24,
P01585,Product_1585,圖書,Brand_F,3288,2573,2090g,EMP0004,2025-03-18,
P01586,Product_1586,服飾,Brand_F,4459,3785,43x26x60cm,EMP0002,2024-10-09,
P01587,Product_1587,美妝,Brand_C,2258,2073,57x81x80cm,EMP0009,2025-06-02,
P01588,Product_1588,家居,Brand_B,4516,3215,4550g,EMP0001,2024-10-25,
P01589,Product_1589,圖書,Brand_A,3778,3009,59x43x37cm,EMP0009,2025-01-11,
P01590,Product_1590,美妝,Brand_H,2494,1845,396g,EMP0006,2024-07-09,
P01591,Product_1591,服飾,Brand_F,3056,2670,1529g,EMP0007,2024-09-16,2024-10-25
P01592,Product_1592,食品,Brand_E,1695,1232,1900g,EMP0001,2025-03-01,
P01593,Product_1593,服飾,Brand_A,4920,4261,95x53x18cm,EMP0002,2025-04-03,
P01594,Product_1594,家居,Brand_C,3370,2600,3925g,EMP0004,2025-03-28,
P01595,Product_1595,服飾,Brand_H,315,236,752g,EMP0006,2025-05-04,
P01596,Product_1596,家居,Brand_C,1700,1588,1780g,EMP0005,2025-01-11,
P01597,Product_1597,服飾,Brand_E,3154,2223,90x43x88cm,EMP0006,2025-06-05,
P01598,Product_1598,圖書,Brand_H,376,304,3675g,EMP0004,2024-12-10,
P01599,Product_1599,美妝,Brand_I,217,153,2092g,EMP0004,2025-01-09,
P01600,Product_1600,家居,Brand_C,2305,1892,30x53x59cm,EMP0004,2024-09-20,
P01601,Product_1601,服飾,Brand_H,1730,1428,1533g,EMP0009,2025-02-25,
P01602,Product_1602,美妝,Brand_H,2248,1754,41x65x91cm,EMP0003,2024-09-05,
P01603,Product_1603,食品,Brand_F,1387,1017,25x46x55cm,EMP0004,2025-01-15,2025-07-19
P01604,Product_1604,圖書,Brand_F,907,720,12x34x86cm,EMP0007,2025-02-07,
P01605,Product_1605,服飾,Brand_A,3477,3018,4054g,EMP0003,2025-03-02,
P01606,Product_1606,美妝,Brand_I,2621,2348,2590g,EMP0003,2024-08-01,
P01607,Product_1607,食品,Brand_I,1081,900,39x27x91cm,EMP0004,2025-01-21,
P01608,Product_1608,食品,Brand_E,1666,1412,77x96x44cm,EMP0009,2024-10-13,
P01609,Product_1609,3C,Brand_F,3000,2250,856g,EMP0003,2025-04-27,
P01610,Product_1610,3C,Brand_I,454,350,46x21x30cm,EMP0004,2024-08-31,
P01611,Product_1611,3C,Brand_E,823,609,90x31x86cm,EMP0002,2025-05-30,
P01612,Product_1612,服飾,Brand_I,459,350,4091g,EMP0003,2024-09-13,
P01613,Product_1613,圖書,Brand_A,4080,3086,50x44x67cm,EMP0001,2024-10-31,
P01614,Product_1614,3C,Brand_H,3787,3143,97x70x33cm,EMP0008,2025-02-24,
P01615,Product_1615,美妝,Brand_F,3791,3187,1756g,EMP0003,2024-09-04,
P01616,Product_1616,美妝,Brand_A,3610,3380,59x50x29cm,EMP0007,2025-05-23,
P01617,Product_1617,3C,Brand_A,3380,2531,50x79x90cm,EMP0009,2025-01-20,
P01618,Product_1618,服飾,Brand_A,2437,2097,3587g,EMP0004,2024-12-11,
P01619,Product_1619,美妝,Brand_A,3247,-76,4498g,EMP0008,2025-06-21,
P01620,Product_1620,服飾,Brand_E,288,242,3144g,EMP0009,2025-04-27,
P01621,Product_1621,圖書,Brand_G,3145,2402,3345g,EMP0001,2024-07-31,
P01622,Product_1622,家居,Brand_I,3912,2995,90x20x11cm,EMP0005,2025-04-15,
P01623,Product_1623,美妝,Brand_D,2552,1811,3779g,EMP0002,2024-11-30,
P01624,Product_1624,食品,Brand_E,1852,-45,45x99x24cm,EMP0002,2024-08-13,
P01625,Product_1625,圖書,Brand_A,1459,-99,1450g,EMP0005,2025-04-19,
P01626,Product_1626,3C,Brand_C,3250,2313,535g,EMP0005,2025-07-16,
P01627,Product_1627,家居,Brand_I,3495,2638,62x89x66cm,EMP0009,2025-04-23,
P01628,Product_1628,家居,Brand_E,4368,3829,21x55x25cm,EMP0007,2025-05-05,2025-05-18
P01629,Product_1629,食品,Brand_G,1777,1592,97x32x57cm,EMP0002,2025-01-13,2025-02-06
P01630,Product_1630,食品,Brand_I,3872,3151,1866g,EMP0008,2025-05-07,
P01631,Product_1631,食品,Brand_I,2851,2493,22x83x10cm,EMP0009,2024-10-04,
P01632,Product_1632,服飾,Brand_J,4426,3527,1279g,EMP0005,2025-04-22,
P01633,Product_1633,美妝,Brand_H,2686,1988,92x70x77cm,EMP0005,2025-05-18,
P01634,Product_1634,3C,Brand_C,2636,2108,83x33x79cm,EMP0000,2025-03-21,
P01635,Product_1635,3C,Brand_J,2932,2477,670g,EMP0004,2024-10-31,
P01636,Product_1636,3C,Brand_G,3772,3534,42x45x30cm,EMP0009,2025-06-07,
P01637,Product_1637,家居,Brand_C,4827,3462,72x77x43cm,EMP0001,2024-09-03,
P01638,Product_1638,家居,Brand_F,460,381,11x91x43cm,EMP0002,2025-05-10,
P01639,Product_1639,服飾,Brand_D,362,283,3875g,EMP0002,2025-03-28,
P01640,Product_1640,服飾,Brand_E,4694,3882,45x93x41cm,EMP0007,2024-12-05,2025-05-04
P01641,Product_1641,服飾,Brand_I,2696,1904,88x37x42cm,EMP0004,2025-02-24,2025-06-13
P01642,Product_1642,食品,Brand_C,3113,2423,60x96x84cm,EMP0004,2024-07-04,2024-08-07
P01643,Product_1643,圖書,Brand_H,2464,-28,42x26x91cm,EMP0006,2024-11-01,
P01644,Product_1644,食品,Brand_G,559,469,58x50x75cm,EMP0005,2024-09-05,
P01645,Product_1645,3C,Brand_J,3864,3140,23x69x57cm,EMP0002,2024-07-28,
P01646,Product_1646,服飾,Brand_G,3761,2901,560g,EMP0008,2025-02-25,
P01647,Product_1647,食品,Brand_G,1627,1260,3827g,EMP0009,2024-12-28,2025-01-10
P01648,Product_1648,服飾,Brand_A,1601,1274,2215g,EMP0003,2024-08-29,2024-12-16
P01649,Product_1649,家居,Brand_B,4205,3822,2472g,EMP0008,2024-09-04,
P01650,Product_1650,美妝,Brand_B,455,428,292g,EMP0002,2024-11-27,
P01651,Product_1651,家居,Brand_D,4417,3577,76x13x71cm,EMP0009,2024-09-14,
P01652,Product_1652,圖書,Brand_I,1358,1084,54x92x94cm,EMP0005,2024-09-08,
P01653,Product_1653,美妝,Brand_B,3006,2740,443g,EMP0003,2024-07-19,
P01654,Product_1654,3C,Brand_I,4686,3781,805g,EMP0007,2025-02-25,
P01655,Product_1655,美妝,Brand_F,3423,2868,55x53x90cm,EMP0005,2025-01-24,
P01656,Product_1656,美妝,Brand_E,2131,1615,2056g,EMP0007,2025-06-10,
P01657,Product_1657,3C,Brand_A,3479,3082,336g,EMP0002,2025-04-03,
P01658,Product_1658,圖書,Brand_H,1786,-1,66x84x19cm,EMP0003,2024-08-23,
P01659,Product_1659,美妝,Brand_G,1459,1316,57x68x10cm,EMP0004,2025-06-06,
P01660,Product_1660,服飾,Brand_E,4984,4461,42x80x43cm,EMP0008,2025-01-10,
P01661,Product_1661,服飾,Brand_E,3779,2848,3955g,EMP0004,2024-11-26,
P01662,Product_1662,圖書,Brand_E,3259,2864,1450g,EMP0002,2025-03-23,
P01663,Product_1663,家居,Brand_F,1841,1657,67x48x84cm,EMP0001,2024-08-10,
P01664,Product_1664,美妝,Brand_E,341,268,47x41x89cm,EMP0006,2024-10-31,
P01665,Product_1665,家居,Brand_H,252,187,38x15x48cm,EMP0005,2024-07-11,
P01666,Product_1666,服飾,Brand_C,2815,1973,93x45x50cm,EMP0007,2024-09-10,
P01667,Product_1667,家居,Brand_F,3834,3116,3730g,EMP0009,2025-05-08,
P01668,Product_1668,食品,Brand_G,2733,2154,2355g,EMP0006,2024-08-15,
P01669,Product_1669,3C,Brand_H,4220,3539,18x86x29cm,EMP0003,2025-06-27,
P01670,Product_1670,圖書,Brand_J,264,197,4838g,EMP0002,2024-10-27,
P01671,Product_1671,美妝,Brand_B,1897,1736,74x89x99cm,EMP0001,2024-12-15,
P01672,Product_1672,美妝,Brand_A,1262,964,93x95x100cm,EMP0001,2024-09-27,
P01673,Product_1673,美妝,Brand_J,2292,1734,19x64x65cm,EMP0002,2024-07-15,2025-02-19
P01674,Product_1674,服飾,Brand_B,455,373,61x59x42cm,EMP0006,2025-03-24,
P01675,Product_1675,3C,Brand_C,4775,3938,79x92x44cm,EMP0003,2024-09-14,2024-09-22
P01676,Product_1676,圖書,Brand_I,1194,900,2868g,EMP0004,2024-10-15,
P01677,Product_1677,服飾,Brand_C,4619,3547,55x94x10cm,EMP0004,2025-03-12,2025-04-02
P01678,Product_1678,美妝,Brand_F,2187,1624,4446g,EMP0000,2025-05-29,
P01679,Product_1679,食品,Brand_D,4929,4336,89x94x43cm,EMP0006,2025-05-31,
P01680,Product_1680,服飾,Brand_D,2815,2512,45x35x20cm,EMP0005,2025-04-23,
P01681,Product_1681,服飾,Brand_A,4661,3801,67x71x82cm,EMP0007,2024-08-03,
P01682,Product_1682,服飾,Brand_D,126,111,55x38x96cm,EMP0004,2024-12-24,
P01683,Product_1683,食品,Brand_A,3766,3329,3544g,EMP0003,2025-03-23,
P01684,Product_1684,圖書,Brand_I,4525,3324,39x14x11cm,EMP0006,2025-02-03,
P01685,Product_1685,3C,Brand_J,785,739,3878g,EMP0008,2025-04-16,
P01686,Product_1686,食品,Brand_F,571,517,62x48x60cm,EMP0007,2024-12-06,
P01687,Product_1687,美妝,Brand_I,2180,1638,15x15x74cm,EMP0000,2024-09-01,
P01688,Product_1688,美妝,Brand_F,4675,3490,3426g,EMP0003,2025-03-02,2025-05-17
P01689,Product_1689,食品,Brand_H,2758,2017,75x57x56cm,EMP0002,2024-11-10,
P01690,Product_1690,美妝,Brand_C,2685,1972,4741g,EMP0000,2025-06-15,
P01691,Product_1691,圖書,Brand_H,792,702,4329g,EMP0002,2025-06-26,
P01692,Product_1692,美妝,Brand_J,104,85,2513g,EMP0004,2025-01-07,
P01693,Product_1693,美妝,Brand_I,4070,3645,69x14x61cm,EMP0008,2024-07-05,2025-06-05
P01694,Product_1694,家居,Brand_B,529,469,27x76x59cm,EMP0002,2024-12-16,
P01695,Product_1695,3C,Brand_G,3206,2729,57x95x29cm,EMP0003,2024-10-15,
P01696,Product_1696,服飾,Brand_F,4582,3993,91x66x48cm,EMP0008,2025-05-23,
P01697,Product_1697,3C,Brand_E,1122,791,2735g,EMP0005,2025-03-20,
P01698,Product_1698,3C,Brand_H,3360,2614,4353g,EMP0001,2025-01-17,
P01699,Product_1699,家居,Brand_H,486,417,3201g,EMP0005,2024-11-04,
P01700,Product_1700,3C,Brand_H,3058,2148,24x73x61cm,EMP0002,2024-12-04,
P01701,Product_1701,圖書,Brand_D,903,640,1967g,EMP0000,2025-04-21,
P01702,Product_1702,食品,Brand_G,3706,3384,3929g,EMP0009,2024-11-09,
P01703,Product_1703,服飾,Brand_E,1576,1373,28x68x21cm,EMP0007,2024-09-21,
P01704,Product_1704,美妝,Brand_A,2371,1817,1145g,EMP0002,2025-06-04,
P01705,Product_1705,家居,Brand_E,3037,2648,242g,EMP0000,2024-09-29,
P01706,Product_1706,服飾,Brand_E,939,844,11x32x30cm,EMP0001,2024-08-07,
P01707,Product_1707,3C,Brand_A,3734,2900,56x19x37cm,EMP0003,2024-12-09,
P01708,Product_1708,美妝,Brand_D,1583,1122,87x19x82cm,EMP0004,2025-05-20,
P01709,Product_1709,3C,Brand_G,3346,3122,77x42x71cm,EMP0007,2025-02-25,
P01710,Product_1710,家居,Brand_A,876,688,3348g,EMP0000,2025-04-26,
P01711,Product_1711,圖書,Brand_C,3472,2523,13x99x68cm,EMP0004,2025-03-20,2025-07-19
P01712,Product_1712,圖書,Brand_H,728,599,4591g,EMP0009,2025-04-07,
P01713,Product_1713,家居,Brand_G,2184,1949,3099g,EMP0007,2024-11-29,
P01714,Product_1714,3C,Brand_B,1311,991,4982g,EMP0004,2025-04-08,
P01715,Product_1715,家居,Brand_E,3767,-53,63x64x73cm,EMP0007,2024-11-24,
P01716,Product_1716,3C,Brand_G,1384,1053,48x45x29cm,EMP0009,2024-08-10,
P01717,Product_1717,圖書,Brand_C,4420,4190,38x78x14cm,EMP0001,2024-10-12,
P01718,Product_1718,3C,Brand_J,4470,3350,48x10x22cm,EMP0003,2025-01-28,
P01719,Product_1719,家居,Brand_F,1063,897,67x55x100cm,EMP0000,2025-06-12,
P01720,Product_1720,3C,Brand_F,3108,2894,922g,EMP0001,2025-06-04,
P01721,Product_1721,美妝,Brand_I,530,390,4778g,EMP0006,2025-04-14,
P01722,Product_1722,圖書,Brand_A,2019,1903,23x99x70cm,EMP0001,2024-08-07,
P01723,Product_1723,圖書,Brand_C,3595,3368,3842g,EMP0007,2025-06-28,
P01724,Product_1724,食品,Brand_A,3331,3068,1572g,EMP0006,2024-08-17,
P01725,Product_1725,圖書,Brand_B,3161,2382,62x98x17cm,EMP0003,2025-02-19,
P01726,Product_1726,美妝,Brand_C,1484,1274,2258g,EMP0003,2025-01-30,
P01727,Product_1727,服飾,Brand_E,1952,1738,326g,EMP0007,2024-10-15,
P01728,Product_1728,圖書,Brand_H,604,572,2529g,EMP0007,2024-09-02,
P01729,Product_1729,美妝,Brand_C,3623,2700,63x94x19cm,EMP0007,2025-04-06,
P01730,Product_1730,3C,Brand_B,2569,2290,50x69x43cm,EMP0006,2025-02-03,
P01731,Product_1731,3C,Brand_H,3573,2804,90x74x89cm,EMP0002,2024-09-24,
P01732,Product_1732,3C,Brand_D,1320,982,4076g,EMP0005,2024-09-07,
P01733,Product_1733,服飾,Brand_I,1690,1361,49x72x51cm,EMP0003,2024-09-29,
P01734,Product_1734,圖書,Brand_D,1738,1561,18x71x93cm,EMP0001,2024-08-21,
P01735,Product_1735,3C,Brand_B,226,185,3257g,EMP0002,2024-11-15,
P01736,Product_1736,家居,Brand_H,1771,1478,13x56x36cm,EMP0008,2025-02-11,
P01737,Product_1737,圖書,Brand_I,4036,3830,84x72x60cm,EMP0007,2024-10-15,2024-12-08
P01738,Product_1738,服飾,Brand_C,4497,3596,3126g,EMP0007,2025-03-25,2025-06-17
P01739,Product_1739,美妝,Brand_A,2639,2254,12x64x53cm,EMP0006,2025-01-07,
P01740,Product_1740,食品,Brand_A,2332,1845,38x72x77cm,EMP0005,2025-05-20,
P01741,Product_1741,圖書,Brand_F,251,200,1266g,EMP0001,2024-07-28,
P01742,Product_1742,3C,Brand_D,4408,3852,23x81x63cm,EMP0000,2024-11-13,
P01743,Product_1743,食品,Brand_E,164,153,146g,EMP0003,2024-12-28,
P01744,Product_1744,美妝,Brand_I,4729,3952,2497g,EMP0004,2025-06-22,
P01745,Product_1745,家居,Brand_G,2497,2228,76x96x88cm,EMP0001,2025-02-18,
P01746,Product_1746,圖書,Brand_I,1775,1282,4275g,EMP0005,2024-07-22,
P01747,Product_1747,圖書,Brand_A,4629,3484,55x14x18cm,EMP0008,2025-05-25,
P01748,Product_1748,3C,Brand_H,220,181,2086g,EMP0006,2025-01-03,
P01749,Product_1749,食品,Brand_H,2949,2079,3370g,EMP0004,2024-12-13,
P01750,Product_1750,圖書,Brand_A,2790,2129,2347g,EMP0004,2024-09-26,
P01751,Product_1751,服飾,Brand_D,1175,974,53x18x97cm,EMP0005,2024-10-23,
P01752,Product_1752,服飾,Brand_F,2202,1549,2131g,EMP0003,2025-03-28,
P01753,Product_1753,服飾,Brand_F,3296,2525,1163g,EMP0001,2025-02-09,
P01754,Product_1754,3C,Brand_B,3663,3035,37x13x62cm,EMP0002,2024-08-27,
P01755,Product_1755,3C,Brand_E,104,87,19x30x44cm,EMP0003,2025-03-16,
P01756,Product_1756,3C,Brand_C,4691,4369,3213g,EMP0002,2025-04-27,
P01757,Product_1757,家居,Brand_B,906,781,97x60x90cm,EMP0008,2025-06-07,
P01758,Product_1758,家居,Brand_G,1245,1000,100x32x43cm,EMP0006,2024-10-19,
P01759,Product_1759,食品,Brand_C,1391,1297,2590g,EMP0006,2025-05-19,
P01760,Product_1760,圖書,Brand_E,285,256,58x52x34cm,EMP0007,2025-03-11,2025-04-24
P01761,Product_1761,家居,Brand_A,703,527,39x38x95cm,EMP0009,2024-11-02,
P01762,Product_1762,3C,Brand_B,4933,3615,11x40x74cm,EMP0003,2025-02-01,
P01763,Product_1763,3C,Brand_J,1645,1429,2103g,EMP0002,2024-07-11,
P01764,Product_1764,食品,Brand_G,665,559,4637g,EMP0007,2024-12-20,
P01765,Product_1765,3C,Brand_D,624,560,2256g,EMP0002,2024-08-14,
P01766,Product_1766,3C,Brand_D,3625,3207,39x77x10cm,EMP0003,2025-02-10,
P01767,Product_1767,圖書,Brand_J,4287,3671,22x42x41cm,EMP0009,2024-10-26,
P01768,Product_1768,服飾,Brand_E,1359,1286,65x67x29cm,EMP0008,2025-05-31,
P01769,Product_1769,食品,Brand_F,202,169,10x38x80cm,EMP0004,2025-05-24,
P01770,Product_1770,食品,Brand_F,1193,869,100x43x86cm,EMP0001,2024-11-28,
P01771,Product_1771,美妝,Brand_F,377,342,62x49x48cm,EMP0006,2025-06-15,
P01772,Product_1772,食品,Brand_B,607,463,3568g,EMP0009,2024-12-03,
P01773,Product_1773,家居,Brand_F,2214,1980,3219g,EMP0001,2024-11-25,2025-05-31
P01774,Product_1774,3C,Brand_J,1227,1152,58x68x45cm,EMP0001,2025-05-20,2025-05-26
P01775,Product_1775,服飾,Brand_J,2628,2298,16x86x100cm,EMP0005,2024-09-15,
P01776,Product_1776,圖書,Brand_J,1342,1139,1601g,EMP0002,2024-09-02,
P01777,Product_1777,食品,Brand_H,4709,3838,586g,EMP0005,2024-11-07,
P01778,Product_1778,圖書,Brand_B,4539,3591,2191g,EMP0001,2024-08-06,
P01779,Product_1779,服飾,Brand_D,2877,2268,40x42x99cm,EMP0009,2024-11-17,
P01780,Product_1780,3C,Brand_H,1837,1578,331g,EMP0006,2024-12-07,
P01781,Product_1781,3C,Brand_I,1968,1747,427g,EMP0004,2025-01-19,
P01782,Product_1782,食品,Brand_E,2118,1842,1719g,EMP0006,2024-09-14,
P01783,Product_1783,家居,Brand_I,3665,2747,109g,EMP0004,2025-02-03,
P01784,Product_1784,3C,Brand_D,2313,1905,3386g,EMP0009,2025-04-25,
P01785,Product_1785,圖書,Brand_D,4298,3859,559g,EMP0006,2025-02-07,
P01786,Product_1786,美妝,Brand_J,4726,3870,80x97x11cm,EMP0009,2025-03-13,
P01787,Product_1787,食品,Brand_A,1746,1457,2581g,EMP0002,2025-06-11,2025-07-29
P01788,Product_1788,圖書,Brand_D,2847,2542,65x13x94cm,EMP0006,2024-11-24,
P01789,Product_1789,美妝,Brand_H,566,490,73x60x59cm,EMP0002,2025-06-24,
P01790,Product_1790,美妝,Brand_F,1082,868,38x46x71cm,EMP0009,2024-10-17,
P01791,Product_1791,3C,Brand_I,2126,1964,2154g,EMP0001,2025-03-31,
P01792,Product_1792,圖書,Brand_E,1110,822,1347g,EMP0000,2024-08-09,
P01793,Product_1793,食品,Brand_A,4395,-62,31x81x69cm,EMP0006,2025-02-09,
P01794,Product_1794,美妝,Brand_A,876,639,38x77x93cm,EMP0004,2025-03-16,
P01795,Product_1795,服飾,Brand_G,2333,1642,1692g,EMP0005,2024-08-10,
P01796,Product_1796,3C,Brand_I,3068,2830,71x67x33cm,EMP0005,2025-05-22,2025-06-29
P01797,Product_1797,家居,Brand_C,3490,2657,69x99x47cm,EMP0004,2024-07-02,
P01798,Product_1798,美妝,Brand_E,1977,1745,78x99x47cm,EMP0001,2025-04-02,2025-06-03
P01799,Product_1799,家居,Brand_D,4359,3935,10x96x54cm,EMP0009,2025-03-12,
P01800,Product_1800,3C,Brand_D,2885,2639,42x67x70cm,EMP0003,2025-04-06,
P01801,Product_1801,美妝,Brand_J,2254,2136,1721g,EMP0003,2024-10-04,
P01802,Product_1802,服飾,Brand_E,429,332,72x32x97cm,EMP0007,2024-09-07,
P01803,Product_1803,服飾,Brand_B,2377,2086,3464g,EMP0004,2025-06-18,
P01804,Product_1804,服飾,Brand_I,4122,3004,1146g,EMP0002,2024-12-10,2025-05-17
P01805,Product_1805,服飾,Brand_D,3111,2494,77x14x10cm,EMP0006,2025-04-06,
P01806,Product_1806,服飾,Brand_C,4178,3810,3313g,EMP0007,2024-12-14,
P01807,Product_1807,食品,Brand_I,2521,1996,1646g,EMP0000,2025-01-16,
P01808,Product_1808,美妝,Brand_H,680,577,3771g,EMP0008,2024-12-21,
P01809,Product_1809,食品,Brand_D,167,138,90x49x16cm,EMP0004,2024-10-16,
P01810,Product_1810,美妝,Brand_D,1586,1366,51x91x33cm,EMP0009,2024-07-20,
P01811,Product_1811,美妝,Brand_J,3520,3320,63x82x100cm,EMP0007,2024-08-09,
P01812,Product_1812,家居,Brand_A,3972,2836,1030g,EMP0002,2024-11-28,
P01813,Product_1813,食品,Brand_G,1549,1307,99x14x19cm,EMP0001,2025-04-28,
P01814,Product_1814,食品,Brand_C,2529,2316,29x94x28cm,EMP0003,2024-11-06,
P01815,Product_1815,服飾,Brand_J,2163,1775,4800g,EMP0008,2024-07-29,
P01816,Product_1816,服飾,Brand_C,2112,1520,86x23x28cm,EMP0009,2024-08-02,2024-11-25
P01817,Product_1817,家居,Brand_G,1234,1036,3512g,EMP0005,2025-02-21,
P01818,Product_1818,家居,Brand_C,768,602,1582g,EMP0004,2025-01-13,
P01819,Product_1819,家居,Brand_B,1064,786,455g,EMP0003,2024-11-28,
P01820,Product_1820,3C,Brand_C,371,339,52x64x62cm,EMP0002,2025-02-14,
P01821,Product_1821,圖書,Brand_E,1071,889,3048g,EMP0009,2024-08-14,
P01822,Product_1822,食品,Brand_E,145,135,2092g,EMP0004,2024-07-14,
P01823,Product_1823,食品,Brand_G,3174,2861,780g,EMP0002,2024-12-24,
P01824,Product_1824,3C,Brand_J,1650,1441,10x79x66cm,EMP0007,2024-12-05,
P01825,Product_1825,圖書,Brand_C,4868,3414,1000g,EMP0002,2024-07-13,
P01826,Product_1826,家居,Brand_F,1049,847,21x73x25cm,EMP0006,2025-04-24,
P01827,Product_1827,家居,Brand_C,1795,1345,1081g,EMP0003,2025-06-25,
P01828,Product_1828,圖書,Brand_I,1853,1719,2613g,EMP0008,2024-11-04,
P01829,Product_1829,食品,Brand_G,141,105,2875g,EMP0005,2025-04-29,
P01830,Product_1830,圖書,Brand_A,4212,3250,2111g,EMP0005,2025-02-21,
P01831,Product_1831,家居,Brand_H,257,213,22x36x52cm,EMP0007,2025-03-02,
P01832,Product_1832,美妝,Brand_A,4707,3605,3941g,EMP0003,2024-09-10,
P01833,Product_1833,服飾,Brand_D,4471,3364,50x55x26cm,EMP0002,2025-07-04,
P01834,Product_1834,食品,Brand_G,2724,2315,43x33x82cm,EMP0002,2025-05-19,
P01835,Product_1835,圖書,Brand_I,2764,1996,2154g,EMP0004,2025-06-13,
P01836,Product_1836,家居,Brand_E,3304,2360,16x97x63cm,EMP0003,2024-08-06,2025-06-04
P01837,Product_1837,3C,Brand_D,1997,1583,72x56x46cm,EMP0005,2024-10-15,
P01838,Product_1838,食品,Brand_B,3271,2879,4644g,EMP0007,2024-07-21,
P01839,Product_1839,圖書,Brand_G,319,268,3734g,EMP0000,2025-01-05,
P01840,Product_1840,服飾,Brand_E,365,294,3424g,EMP0000,2024-08-23,
P01841,Product_1841,美妝,Brand_B,2340,1969,1726g,EMP0003,2024-07-18,
P01842,Product_1842,3C,Brand_D,2793,2210,99x69x77cm,EMP0005,2024-11-22,
P01843,Product_1843,服飾,Brand_A,4450,4157,14x50x39cm,EMP0008,2025-06-10,
P01844,Product_1844,家居,Brand_F,613,437,4387g,EMP0001,2025-01-15,2025-01-29
P01845,Product_1845,美妝,Brand_F,4131,3587,4621g,EMP0000,2024-10-09,
P01846,Product_1846,3C,Brand_A,1129,1042,1478g,EMP0008,2024-12-15,
P01847,Product_1847,圖書,Brand_F,2031,1830,27x72x57cm,EMP0004,2024-08-28,
P01848,Product_1848,圖書,Brand_F,1651,1232,159g,EMP0004,2025-06-23,
P01849,Product_1849,圖書,Brand_H,2061,1595,33x81x48cm,EMP0008,2025-05-16,
P01850,Product_1850,食品,Brand_J,837,736,994g,EMP0008,2024-08-10,
P01851,Product_1851,美妝,Brand_H,2567,1851,4156g,EMP0005,2024-10-15,2025-03-07
P01852,Product_1852,圖書,Brand_J,4028,3637,4241g,EMP0007,2024-07-27,2024-12-31
P01853,Product_1853,3C,Brand_A,2264,1991,76x29x93cm,EMP0000,2024-12-09,
P01854,Product_1854,圖書,Brand_G,2504,2210,24x93x41cm,EMP0006,2024-07-03,2024-08-06
P01855,Product_1855,食品,Brand_D,4259,3088,64x67x64cm,EMP0004,2025-06-10,
P01856,Product_1856,美妝,Brand_A,3560,3131,20x24x60cm,EMP0006,2025-02-23,
P01857,Product_1857,家居,Brand_F,2503,2178,77x25x91cm,EMP0005,2024-09-22,
P01858,Product_1858,美妝,Brand_A,1363,1237,1940g,EMP0006,2024-12-07,
P01859,Product_1859,服飾,Brand_H,4436,3151,37x11x27cm,EMP0006,2025-05-06,
P01860,Product_1860,3C,Brand_C,2927,2066,706g,EMP0002,2025-02-06,
P01861,Product_1861,食品,Brand_G,1184,939,42x53x46cm,EMP0005,2024-10-20,
P01862,Product_1862,食品,Brand_I,1419,1046,4744g,EMP0004,2025-02-14,
P01863,Product_1863,食品,Brand_H,4035,3388,1820g,EMP0000,2025-04-01,
P01864,Product_1864,服飾,Brand_B,316,294,42x89x88cm,EMP0002,2025-06-03,
P01865,Product_1865,食品,Brand_B,4961,3958,48x34x41cm,EMP0002,2024-09-04,
P01866,Product_1866,美妝,Brand_D,739,673,3708g,EMP0003,2025-03-23,
P01867,Product_1867,服飾,Brand_E,4001,2801,1146g,EMP0006,2025-01-22,
P01868,Product_1868,家居,Brand_C,2034,1510,45x96x51cm,EMP0007,2024-11-24,
P01869,Product_1869,3C,Brand_A,2512,1777,1717g,EMP0003,2025-05-30,
P01870,Product_1870,美妝,Brand_F,4415,3453,50x35x34cm,EMP0006,2025-02-26,
P01871,Product_1871,食品,Brand_E,2123,1968,4459g,EMP0001,2024-08-13,
P01872,Product_1872,圖書,Brand_G,2734,-92,84x72x65cm,EMP0002,2024-12-20,
P01873,Product_1873,3C,Brand_B,342,291,60x83x58cm,EMP0006,2024-09-11,
P01874,Product_1874,圖書,Brand_D,112,91,56x25x63cm,EMP0007,2024-10-11,
P01875,Product_1875,圖書,Brand_C,1300,1215,1717g,EMP0004,2025-05-17,
P01876,Product_1876,家居,Brand_D,3435,2510,83x37x73cm,EMP0003,2024-08-24,
P01877,Product_1877,圖書,Brand_G,694,523,43x92x69cm,EMP0008,2024-08-07,
P01878,Product_1878,美妝,Brand_A,657,465,74x79x17cm,EMP0004,2025-06-06,
P01879,Product_1879,美妝,Brand_H,2114,1709,44x92x78cm,EMP0000,2025-01-29,
P01880,Product_1880,食品,Brand_I,3274,2520,32x87x75cm,EMP0009,2024-12-06,
P01881,Product_1881,食品,Brand_A,3589,3293,76x28x79cm,EMP0005,2024-12-21,
P01882,Product_1882,食品,Brand_B,974,829,2015g,EMP0003,2024-12-26,
P01883,Product_1883,3C,Brand_G,490,418,63x48x23cm,EMP0001,2024-09-16,
P01884,Product_1884,服飾,Brand_A,4708,3922,84x85x50cm,EMP0004,2024-08-02,
P01885,Product_1885,3C,Brand_E,1377,996,66x48x50cm,EMP0008,2024-12-11,
P01886,Product_1886,食品,Brand_G,4281,-15,62x53x96cm,EMP0008,2024-08-29,2025-07-17
P01887,Product_1887,服飾,Brand_I,4331,4114,440g,EMP0001,2024-10-30,
P01888,Product_1888,食品,Brand_H,3885,3531,90x46x88cm,EMP0008,2024-09-18,
P01889,Product_1889,3C,Brand_A,927,856,1999g,EMP0007,2025-01-21,2025-05-06
P01890,Product_1890,3C,Brand_F,4127,3738,31x64x19cm,EMP0005,2025-01-13,
P01891,Product_1891,圖書,Brand_F,3869,2808,51x42x13cm,EMP0004,2024-09-10,
P01892,Product_1892,食品,Brand_A,3024,2289,4393g,EMP0007,2025-05-09,
P01893,Product_1893,服飾,Brand_H,1752,1228,14x53x99cm,EMP0007,2025-04-20,
P01894,Product_1894,家居,Brand_H,1386,1076,81x50x35cm,EMP0000,2025-05-25,
P01895,Product_1895,圖書,Brand_G,697,507,3302g,EMP0000,2025-04-02,
P01896,Product_1896,美妝,Brand_I,2598,2126,36x10x44cm,EMP0002,2024-11-22,
P01897,Product_1897,圖書,Brand_H,2968,2580,3419g,EMP0001,2024-07-28,
P01898,Product_1898,服飾,Brand_A,1861,1709,76x88x69cm,EMP0005,2024-12-03,
P01899,Product_1899,圖書,Brand_A,2429,2155,52x27x23cm,EMP0009,2024-11-24,
P01900,Product_1900,家居,Brand_A,1881,1758,41x54x99cm,EMP0004,2025-04-11,
P01901,Product_1901,美妝,Brand_I,3241,2312,34x66x42cm,EMP0005,2025-07-04,
P01902,Product_1902,3C,Brand_D,4516,3175,32x14x37cm,EMP0001,2024-12-09,
P01903,Product_1903,3C,Brand_I,903,782,4965g,EMP0003,2025-02-02,
P01904,Product_1904,圖書,Brand_G,1969,1521,618g,EMP0005,2024-11-03,
P01905,Product_1905,美妝,Brand_G,790,603,63x40x63cm,EMP0004,2025-02-11,2025-07-03
P01906,Product_1906,美妝,Brand_C,3162,2475,65x31x47cm,EMP0000,2025-04-29,
P01907,Product_1907,美妝,Brand_C,3671,2818,2395g,EMP0007,2025-03-25,
P01908,Product_1908,食品,Brand_F,4666,3863,2567g,EMP0003,2024-12-08,
P01909,Product_1909,服飾,Brand_J,1466,1188,4887g,EMP0003,2024-08-28,
P01910,Product_1910,家居,Brand_C,4756,3938,2328g,EMP0003,2024-07-03,
P01911,Product_1911,美妝,Brand_J,410,356,3527g,EMP0008,2024-09-30,
P01912,Product_1912,美妝,Brand_J,3055,2434,2482g,EMP0009,2024-09-29,
P01913,Product_1913,3C,Brand_E,380,290,52x98x82cm,EMP0002,2025-03-07,
P01914,Product_1914,美妝,Brand_C,4479,3322,1493g,EMP0001,2025-04-07,
P01915,Product_1915,服飾,Brand_F,2696,2123,20x76x67cm,EMP0002,2025-03-22,
P01916,Product_1916,美妝,Brand_G,3380,2993,39x74x40cm,EMP0005,2024-10-12,
P01917,Product_1917,家居,Brand_J,4175,3712,63x56x16cm,EMP0000,2024-10-29,
P01918,Product_1918,家居,Brand_J,837,725,1096g,EMP0004,2025-02-19,
P01919,Product_1919,美妝,Brand_B,289,219,89x59x86cm,EMP0006,2024-12-24,
P01920,Product_1920,家居,Brand_F,4407,3732,81x17x35cm,EMP0009,2025-05-22,
P01921,Product_1921,3C,Brand_D,1643,1385,62x79x49cm,EMP0007,2024-08-13,
P01922,Product_1922,3C,Brand_J,732,601,18x59x66cm,EMP0008,2025-03-22,
P01923,Product_1923,家居,Brand_H,2395,2006,73x77x97cm,EMP0007,2025-04-12,
P01924,Product_1924,美妝,Brand_J,3032,2495,3198g,EMP0008,2024-11-16,
P01925,Product_1925,3C,Brand_D,252,212,53x22x100cm,EMP0001,2025-05-27,2025-07-25
P01926,Product_1926,服飾,Brand_E,1447,1272,72x70x98cm,EMP0005,2025-06-20,2025-07-02
P01927,Product_1927,美妝,Brand_H,261,190,2590g,EMP0002,2025-04-22,
P01928,Product_1928,食品,Brand_B,2160,1916,544g,EMP0004,2024-09-24,
P01929,Product_1929,家居,Brand_B,4486,3293,4660g,EMP0000,2024-09-09,
P01930,Product_1930,圖書,Brand_E,4915,3522,4940g,EMP0004,2025-04-19,
P01931,Product_1931,美妝,Brand_F,3222,3041,57x10x53cm,EMP0009,2025-01-15,
P01932,Product_1932,食品,Brand_I,892,838,34x41x41cm,EMP0008,2024-12-04,
P01933,Product_1933,3C,Brand_G,4539,3246,48x53x48cm,EMP0006,2024-07-26,
P01934,Product_1934,食品,Brand_J,2630,2132,1789g,EMP0009,2024-07-14,
P01935,Product_1935,美妝,Brand_J,853,637,18x76x29cm,EMP0006,2024-09-04,
P01936,Product_1936,圖書,Brand_D,4616,3792,30x50x21cm,EMP0004,2025-02-14,
P01937,Product_1937,食品,Brand_A,3812,3459,3044g,EMP0003,2024-08-17,
P01938,Product_1938,食品,Brand_C,3685,3456,367g,EMP0001,2025-04-13,
P01939,Product_1939,食品,Brand_D,3575,3069,3137g,EMP0001,2024-09-25,
P01940,Product_1940,3C,Brand_C,1082,853,3142g,EMP0009,2024-12-06,
P01941,Product_1941,家居,Brand_C,1134,965,1467g,EMP0002,2025-01-30,
P01942,Product_1942,圖書,Brand_A,3473,2702,2069g,EMP0003,2025-03-06,
P01943,Product_1943,家居,Brand_G,1177,1091,3700g,EMP0009,2024-12-30,
P01944,Product_1944,3C,Brand_G,2249,2064,4875g,EMP0008,2024-12-13,
P01945,Product_1945,3C,Brand_A,3932,3301,3452g,EMP0005,2025-04-01,
P01946,Product_1946,圖書,Brand_C,3941,3079,76x86x43cm,EMP0000,2024-07-14,
P01947,Product_1947,3C,Brand_A,2321,1795,77x31x52cm,EMP0006,2024-08-03,2025-02-26
P01948,Product_1948,家居,Brand_H,3982,2820,2453g,EMP0009,2024-07-05,
P01949,Product_1949,圖書,Brand_H,4209,3805,2729g,EMP0003,2025-01-15,
P01950,Product_1950,食品,Brand_H,3308,2688,30x57x73cm,EMP0002,2025-06-07,2025-07-29
P01951,Product_1951,3C,Brand_H,1219,953,1056g,EMP0006,2025-05-23,
P01952,Product_1952,圖書,Brand_D,1443,1180,53x53x85cm,EMP0005,2025-01-28,
P01953,Product_1953,3C,Brand_G,1643,1486,4649g,EMP0002,2024-10-20,
P01954,Product_1954,3C,Brand_E,672,492,45x91x90cm,EMP0000,2024-08-14,
P01955,Product_1955,服飾,Brand_D,1438,1315,32x70x42cm,EMP0004,2025-07-04,
P01956,Product_1956,3C,Brand_B,1127,1041,2354g,EMP0008,2024-09-19,2025-01-28
P01957,Product_1957,家居,Brand_G,2331,2184,2079g,EMP0004,2024-12-30,
P01958,Product_1958,美妝,Brand_F,4551,3638,1295g,EMP0008,2025-03-03,2025-04-24
P01959,Product_1959,服飾,Brand_B,612,462,92x12x87cm,EMP0009,2025-06-09,
P01960,Product_1960,3C,Brand_E,3629,2880,657g,EMP0002,2024-07-13,
P01961,Product_1961,服飾,Brand_A,3468,2716,237g,EMP0008,2025-02-04,
P01962,Product_1962,食品,Brand_I,569,424,25x78x15cm,EMP0007,2025-03-19,
P01963,Product_1963,家居,Brand_A,4621,3936,1941g,EMP0000,2024-11-21,
P01964,Product_1964,家居,Brand_I,2886,2364,41x97x26cm,EMP0005,2025-02-27,
P01965,Product_1965,家居,Brand_A,1882,1725,1874g,EMP0001,2025-06-02,
P01966,Product_1966,美妝,Brand_A,3807,2695,32x72x19cm,EMP0005,2024-08-13,2024-12-15
P01967,Product_1967,3C,Brand_B,1361,1172,17x90x56cm,EMP0007,2024-07-31,
P01968,Product_1968,食品,Brand_A,3498,3116,2722g,EMP0008,2025-07-03,
P01969,Product_1969,圖書,Brand_E,295,262,27x53x97cm,EMP0000,2025-03-14,
P01970,Product_1970,服飾,Brand_A,4213,3882,513g,EMP0008,2024-08-18,
P01971,Product_1971,服飾,Brand_J,2296,2026,309g,EMP0007,2025-05-27,
P01972,Product_1972,服飾,Brand_H,3220,3001,4609g,EMP0007,2024-12-06,
P01973,Product_1973,食品,Brand_A,1184,927,2679g,EMP0004,2024-11-27,
P01974,Product_1974,3C,Brand_I,3418,2822,542g,EMP0008,2025-02-13,
P01975,Product_1975,家居,Brand_F,3884,2732,1708g,EMP0006,2025-01-17,
P01976,Product_1976,家居,Brand_C,2419,1697,3765g,EMP0005,2024-12-30,
P01977,Product_1977,食品,Brand_E,3127,2377,3359g,EMP0002,2024-08-02,
P01978,Product_1978,服飾,Brand_A,2336,1694,3429g,EMP0005,2025-05-09,
P01979,Product_1979,家居,Brand_A,4481,3428,22x85x100cm,EMP0002,2024-08-15,
P01980,Product_1980,3C,Brand_I,2540,1890,26x57x10cm,EMP0008,2025-04-28,
P01981,Product_1981,食品,Brand_B,4225,2988,1401g,EMP0009,2024-10-12,
P01982,Product_1982,食品,Brand_H,4027,3734,2982g,EMP0009,2024-07-16,
P01983,Product_1983,3C,Brand_C,2111,1482,2583g,EMP0000,2024-12-01,
P01984,Product_1984,食品,Brand_D,1227,1085,76x27x48cm,EMP0005,2025-03-28,
P01985,Product_1985,食品,Brand_B,2090,1542,566g,EMP0001,2024-08-01,
P01986,Product_1986,家居,Brand_C,4148,3850,2381g,EMP0002,2024-08-28,
P01987,Product_1987,圖書,Brand_D,1215,1122,1375g,EMP0003,2024-10-10,
P01988,Product_1988,3C,Brand_G,2670,-47,88x77x69cm,EMP0001,2025-03-13,
P01989,Product_1989,服飾,Brand_I,4050,3516,4852g,EMP0006,2025-05-01,2025-05-28
P01990,Product_1990,食品,Brand_F,1832,1285,84x60x17cm,EMP0006,2024-11-20,
P01991,Product_1991,圖書,Brand_F,3247,3072,95x73x58cm,EMP0004,2025-01-08,
P01992,Product_1992,圖書,Brand_I,1304,1199,4790g,EMP0000,2024-11-01,
P01993,Product_1993,3C,Brand_D,635,587,1412g,EMP0003,2024-09-15,
P01994,Product_1994,3C,Brand_A,3992,3453,600g,EMP0009,2024-09-24,
P01995,Product_1995,家居,Brand_H,585,460,453g,EMP0003,2025-03-16,
P01996,Product_1996,圖書,Brand_F,1430,1320,3557g,EMP0001,2024-08-22,
P01997,Product_1997,服飾,Brand_F,4290,3316,48x78x83cm,EMP0002,2025-01-23,
P01998,Product_1998,家居,Brand_F,1798,1511,2286g,EMP0009,2025-01-14,
P01999,Product_1999,服飾,Brand_B,4868,3529,2447g,EMP0006,2024-10-25,
