transaction_id,customer_id,product_id,quantity,amount,transaction_time,payment_method
T0000000,C03197,P01807,3,5988,2025-07-06 13:06:26,信用卡
T0000001,C00125,P00843,4,7428,2025-07-15 11:28:16,行動支付
T0000002,C01375,P00787,1,897,2025-07-13 02:53:08,行動支付
T0000003,C01116,P01488,3,9201,2025-07-28 06:20:53,行動支付
T0000004,C03682,P00694,3,2124,2025-07-16 13:27:46,信用卡
T0000005,C03383,P01576,4,5828,2025-07-24 19:47:10,轉帳
T0000006,C04460,P01704,1,1817,2025-07-25 14:56:06,轉帳
T0000007,C00434,P01146,1,2650,2025-07-06 18:01:32,信用卡
T0000008,C02109,P01045,3,420,2025-07-09 15:32:50,轉帳
T0000009,C00148,P01880,2,5040,2025-07-21 14:10:00,行動支付
T0000010,C01093,P01626,3,6939,2025-07-19 14:03:27,轉帳
T0000011,C02526,P01256,3,2418,2025-07-19 05:38:53,轉帳
T0000012,C00132,P01555,3,11793,2025-07-14 11:50:54,信用卡
T0000013,C00994,P01338,3,8232,2025-07-08 22:38:21,信用卡
T0000014,C03249,P00051,4,12656,2025-07-31 05:47:31,行動支付
T0000015,C02724,P01133,1,2713,2025-07-31 04:21:02,行動支付
T0000016,C01102,P00048,4,10196,2025-07-23 13:39:52,行動支付
T0000017,C02946,P01891,4,11232,2025-07-19 12:58:52,貨到付款
T0000018,C04047,P00197,4,11816,2025-07-05 21:45:46,貨到付款
T0000019,C00032,P01841,3,5907,2025-07-14 14:43:51,行動支付
T0000020,C04029,P01603,2,2034,2025-07-04 22:48:13,貨到付款
T0000021,C03490,P01458,1,1073,2025-07-09 19:52:49,轉帳
T0000022,C01701,P01698,2,5228,2025-07-17 21:33:02,轉帳
T0000023,C00777,P00507,4,8136,2025-07-10 15:54:59,行動支付
T0000024,C04786,P01636,4,14136,2025-07-03 17:41:09,信用卡
T0000025,C01682,P00688,2,7592,2025-07-02 10:38:52,轉帳
T0000026,C00463,P01947,2,3590,2025-07-08 14:23:02,信用卡
T0000027,C00483,P00497,2,8210,2025-07-28 18:35:11,信用卡
T0000028,C04237,P00892,4,6516,2025-07-26 17:06:15,貨到付款
T0000029,C03018,P00095,4,-308,2025-07-09 10:23:49,行動支付
T0000030,C04035,P00916,1,2368,2025-07-12 10:29:11,轉帳
T0000031,C03648,P01981,1,2988,2025-07-20 14:07:45,貨到付款
T0000032,C02681,P00526,4,13072,2025-07-11 12:01:47,轉帳
T0000033,C04865,P01587,2,4146,2025-07-10 17:12:57,信用卡
T0000034,C01892,P00418,2,566,2025-07-03 15:45:12,轉帳
T0000035,C02760,P01541,1,1701,2025-07-21 12:27:56,轉帳
T0000036,C04147,P01094,4,8884,2025-07-20 08:58:50,信用卡
T0000037,C03092,P00643,1,1376,2025-07-03 21:43:41,貨到付款
T0000038,C04308,P00802,1,528,2025-07-28 10:37:30,信用卡
T0000039,C02886,P00697,3,258,2025-07-16 09:41:06,轉帳
T0000040,C03522,P01630,3,9453,2025-07-11 01:09:43,貨到付款
T0000041,C00229,P01689,3,6051,2025-07-19 02:43:59,貨到付款
T0000042,C01139,P01713,2,3898,2025-07-15 17:24:57,信用卡
T0000043,C01446,P00667,4,9152,2025-07-26 23:51:04,信用卡
T0000044,C00398,P01232,4,11236,2025-07-30 14:54:10,轉帳
T0000045,C01163,P01479,4,1204,2025-07-17 08:27:09,行動支付
T0000046,C00505,P01672,4,3856,2025-07-22 17:47:03,貨到付款
T0000047,C01389,P00455,3,2097,2025-07-24 15:14:52,信用卡
T0000048,C03178,P01657,2,6164,2025-07-20 03:06:37,信用卡
T0000049,C01824,P00202,2,3906,2025-07-18 11:36:57,貨到付款
T0000050,C01850,P01443,3,6846,2025-07-03 19:28:13,行動支付
T0000051,C01047,P01278,2,3914,2025-07-22 14:49:30,行動支付
T0000052,C01334,P00625,3,9594,2025-07-04 19:22:08,信用卡
T0000053,C04683,P00994,4,7432,2025-07-19 12:28:31,行動支付
T0000054,C03240,P00372,3,10152,2025-07-01 14:18:22,貨到付款
T0000055,C03045,P00765,4,14632,2025-07-28 17:39:53,行動支付
T0000056,C00855,P00529,4,6640,2025-07-24 06:55:12,轉帳
T0000057,C03645,P01414,1,3998,2025-07-02 11:20:03,轉帳
T0000058,C00817,P00701,3,1581,2025-07-01 20:11:00,行動支付
T0000059,C01897,P01611,1,609,2025-07-05 18:24:47,信用卡
T0000060,C04947,P01791,3,5892,2025-07-26 12:35:31,行動支付
T0000061,C03199,P01509,3,9993,2025-07-18 17:56:13,轉帳
T0000062,C02784,P01918,1,725,2025-07-24 22:40:22,貨到付款
T0000063,C03423,P00645,1,152,2025-07-29 04:38:20,信用卡
T0000064,C04214,P00222,3,2316,2025-07-17 14:48:25,轉帳
T0000065,C03879,P01163,2,1068,2025-07-02 11:49:03,轉帳
T0000066,C01145,P01817,4,4144,2025-07-09 00:49:46,貨到付款
T0000067,C00160,P01400,1,2401,2025-07-26 04:26:43,行動支付
T0000068,C01577,P01120,4,13636,2025-07-23 14:22:19,轉帳
T0000069,C01338,P01513,2,4086,2025-07-21 05:45:46,信用卡
T0000070,C01054,P01076,2,6876,2025-07-05 05:27:34,行動支付
T0000071,C04714,P00795,2,-132,2025-07-17 07:04:56,信用卡
T0000072,C04381,P01391,1,1759,2025-07-08 20:42:08,信用卡
T0000073,C01573,P00397,2,934,2025-07-15 10:03:55,貨到付款
T0000074,C03277,P00181,1,2667,2025-07-25 12:15:15,貨到付款
T0000075,C01978,P01195,2,3832,2025-07-09 13:06:34,行動支付
T0000076,C04572,P01753,4,10100,2025-07-10 10:00:06,轉帳
T0000077,C02294,P00809,4,1284,2025-07-08 16:35:10,轉帳
T0000078,C01324,P00526,3,9804,2025-07-12 19:11:02,貨到付款
T0000079,C01233,P01431,4,1004,2025-07-25 16:12:43,轉帳
T0000080,C02806,P01065,3,993,2025-07-24 05:48:43,轉帳
T0000081,C01313,P00793,4,15236,2025-07-13 12:46:49,貨到付款
T0000082,C02922,P01842,1,2210,2025-07-21 14:26:53,信用卡
T0000083,C04489,P00207,4,13588,2025-07-01 11:36:43,轉帳
T0000084,C01997,P01912,3,7302,2025-07-22 18:41:44,行動支付
T0000085,C01096,P01629,3,4776,2025-07-16 23:47:24,轉帳
T0000086,C04987,P01774,2,2304,2025-07-20 00:47:32,貨到付款
T0000087,C02547,P00587,1,3200,2025-07-19 16:41:31,貨到付款
T0000088,C00454,P01140,4,4020,2025-07-14 15:02:02,行動支付
T0000089,C00235,P00164,2,940,2025-07-01 13:05:16,行動支付
T0000090,C00548,P01998,4,6044,2025-07-23 18:49:03,貨到付款
T0000091,C03137,P00885,4,996,2025-07-31 15:00:29,轉帳
T0000092,C03960,P00081,2,1126,2025-07-04 14:17:35,貨到付款
T0000093,C02110,P01095,2,6234,2025-07-12 20:01:50,貨到付款
T0000094,C00317,P01335,2,740,2025-07-21 18:53:38,信用卡
T0000095,C01908,P00547,2,608,2025-07-11 07:13:29,貨到付款
T0000096,C04980,P00988,2,3758,2025-07-01 16:05:48,貨到付款
T0000097,C02645,P01666,4,7892,2025-07-04 21:37:48,貨到付款
T0000098,C04855,P01966,2,5390,2025-07-03 17:51:41,行動支付
T0000099,C04303,P00490,1,2613,2025-07-10 13:59:23,行動支付
T0000100,C00057,P00451,3,3444,2025-07-14 17:09:39,信用卡
T0000101,C03603,P01295,2,1878,2025-07-13 08:24:52,轉帳
T0000102,C03408,P00431,2,6376,2025-07-04 17:29:27,貨到付款
T0000103,C02684,P00024,4,4776,2025-07-16 05:28:28,信用卡
T0000104,C01334,P00487,2,7508,2025-07-24 18:07:44,轉帳
T0000105,C03204,P00041,2,7106,2025-07-25 18:32:26,貨到付款
T0000106,C00557,P01224,2,7310,2025-07-25 10:27:15,轉帳
T0000107,C02173,P01675,4,15752,2025-07-19 08:06:08,行動支付
T0000108,C02268,P00829,2,7552,2025-07-24 14:53:24,貨到付款
T0000109,C04769,P01102,3,10992,2025-07-30 19:34:14,行動支付
T0000110,C04379,P01136,4,15036,2025-07-31 01:23:31,轉帳
T0000111,C01316,P00824,3,5715,2025-07-07 14:12:34,貨到付款
T0000112,C02502,P01695,4,10916,2025-07-28 20:30:47,信用卡
T0000113,C00893,P01161,2,1238,2025-07-10 20:02:10,轉帳
T0000114,C04563,P01254,3,2496,2025-07-24 10:43:41,信用卡
T0000115,C04352,P01777,4,15352,2025-07-30 18:18:42,轉帳
T0000116,C01492,P01958,1,3638,2025-07-13 23:19:19,轉帳
T0000117,C03194,P01493,2,4648,2025-07-26 09:24:11,轉帳
T0000118,C03044,P01413,4,9144,2025-07-16 14:46:13,信用卡
T0000119,C00764,P01963,1,3936,2025-07-01 12:43:07,貨到付款
T0000120,C03812,P01606,4,9392,2025-07-03 20:26:49,轉帳
T0000121,C02696,P00527,1,2631,2025-07-04 18:11:40,信用卡
T0000122,C03893,P00740,2,2708,2025-07-22 07:11:18,信用卡
T0000123,C02651,P01800,3,7917,2025-07-17 11:38:25,行動支付
T0000124,C00002,P01873,1,291,2025-07-18 19:13:56,信用卡
T0000125,C01620,P00640,4,9304,2025-07-30 14:30:01,信用卡
T0000126,C00097,P00714,2,202,2025-07-27 06:20:24,行動支付
T0000127,C04645,P01916,1,2993,2025-07-18 22:24:37,貨到付款
T0000128,C04393,P00268,4,8616,2025-07-17 21:59:01,行動支付
T0000129,C04158,P01719,4,3588,2025-07-07 13:35:49,信用卡
T0000130,C01537,P01972,4,12004,2025-07-31 11:01:17,轉帳
T0000131,C00289,P00493,1,130,2025-07-18 11:43:38,貨到付款
T0000132,C04390,P01076,1,3438,2025-07-30 17:25:46,貨到付款
T0000133,C04734,P00257,1,437,2025-07-08 18:05:48,行動支付
T0000134,C00428,P01962,3,1272,2025-07-12 13:11:47,信用卡
T0000135,C02429,P01568,1,1314,2025-07-31 10:45:38,貨到付款
T0000136,C00346,P01014,1,2112,2025-07-04 18:10:30,行動支付
T0000137,C03803,P00951,1,961,2025-07-30 04:21:38,行動支付
T0000138,C03829,P00626,3,4542,2025-07-08 12:02:58,貨到付款
T0000139,C00641,P01614,1,3143,2025-07-09 03:47:59,轉帳
T0000140,C02376,P01208,4,2696,2025-07-22 10:06:05,行動支付
T0000141,C02749,P01440,1,1296,2025-07-18 14:08:32,行動支付
T0000142,C01325,P01435,4,9168,2025-07-06 06:07:33,行動支付
T0000143,C04362,P01289,4,10504,2025-07-07 01:34:07,行動支付
T0000144,C02115,P01108,4,7288,2025-07-15 18:49:25,行動支付
T0000145,C01058,P01970,3,11646,2025-07-21 04:52:30,信用卡
T0000146,C02696,P00930,3,2352,2025-07-11 18:33:39,行動支付
T0000147,C03649,P01148,3,7206,2025-07-24 20:46:33,轉帳
T0000148,C01005,P00106,1,2025,2025-07-21 11:36:30,行動支付
T0000149,C01558,P01237,4,1884,2025-07-29 12:39:28,轉帳
T0000150,C04975,P00994,3,5574,2025-07-20 14:20:10,轉帳
T0000151,C03249,P00872,3,2982,2025-07-30 21:06:31,貨到付款
T0000152,C02190,P01906,1,2475,2025-07-04 08:34:54,行動支付
T0000153,C02587,P00342,3,615,2025-07-14 20:26:22,信用卡
T0000154,C00605,P01119,1,2359,2025-07-17 19:35:39,貨到付款
T0000155,C01123,P01117,2,4022,2025-07-18 18:57:00,行動支付
T0000156,C01690,P00115,3,579,2025-07-14 05:13:40,信用卡
T0000157,C02941,P00695,2,5408,2025-07-26 16:55:45,貨到付款
T0000158,C01150,P01735,1,185,2025-07-11 14:15:06,信用卡
T0000159,C01101,P00295,4,12232,2025-07-14 11:06:10,轉帳
T0000160,C00354,P01364,3,4188,2025-07-20 11:23:53,貨到付款
T0000161,C03155,P00130,1,324,2025-07-12 10:11:47,轉帳
T0000162,C01144,P01437,4,600,2025-07-28 19:06:26,貨到付款
T0000163,C04527,P01139,4,7176,2025-07-20 07:26:13,轉帳
T0000164,C04298,P01894,2,2152,2025-07-16 21:32:04,信用卡
T0000165,C00354,P01455,1,395,2025-07-03 16:57:13,行動支付
T0000166,C01190,P01427,4,12200,2025-07-17 20:45:37,轉帳
T0000167,C03344,P00981,3,11295,2025-07-21 16:37:03,轉帳
T0000168,C01071,P01408,3,7704,2025-07-13 12:10:44,轉帳
T0000169,C00661,P01885,2,1992,2025-07-02 08:13:41,信用卡
T0000170,C04677,P01972,4,12004,2025-07-27 00:04:27,轉帳
T0000171,C02855,P00430,1,2510,2025-07-16 13:50:43,貨到付款
T0000172,C02363,P00904,3,-243,2025-07-23 10:24:14,貨到付款
T0000173,C03923,P01076,4,13752,2025-07-26 23:12:26,轉帳
T0000174,C04037,P01349,4,7288,2025-07-30 09:53:15,信用卡
T0000175,C00952,P00661,2,6808,2025-07-03 15:55:33,貨到付款
T0000176,C00484,P01139,3,5382,2025-07-11 12:02:48,信用卡
T0000177,C02155,P01751,3,2922,2025-07-28 03:44:38,貨到付款
T0000178,C02117,P01892,1,2289,2025-07-27 01:30:43,信用卡
T0000179,C02335,P00288,3,6558,2025-07-06 14:47:18,貨到付款
T0000180,C03645,P01079,1,2657,2025-07-12 12:21:32,行動支付
T0000181,C03366,P01362,3,7320,2025-07-08 13:26:57,行動支付
T0000182,C04920,P00628,2,1290,2025-07-31 20:15:43,信用卡
T0000183,C00492,P00013,3,5322,2025-07-20 22:35:48,行動支付
T0000184,C02013,P01219,1,1668,2025-07-27 02:30:54,信用卡
T0000185,C01696,P01424,1,1743,2025-07-09 23:13:38,貨到付款
T0000186,C04308,P00716,2,-188,2025-07-21 10:58:20,貨到付款
T0000187,C01243,P00239,3,2238,2025-07-25 22:21:06,信用卡
T0000188,C00951,P01954,3,1476,2025-07-15 20:04:53,轉帳
T0000189,C02243,P01227,2,3068,2025-07-20 16:11:20,轉帳
T0000190,C02109,P01059,3,10632,2025-07-18 21:04:40,行動支付
T0000191,C01392,P01460,3,6867,2025-07-24 20:57:53,轉帳
T0000192,C01249,P01465,1,3865,2025-07-09 20:55:26,貨到付款
T0000193,C04616,P00497,3,12315,2025-07-29 10:59:06,轉帳
T0000194,C02215,P01203,3,7113,2025-07-27 16:11:45,轉帳
T0000195,C04306,P01517,2,4278,2025-07-07 14:02:07,貨到付款
T0000196,C02751,P00358,2,4132,2025-07-23 16:14:36,行動支付
T0000197,C00252,P00362,4,3712,2025-07-20 06:16:06,貨到付款
T0000198,C04996,P01298,1,2571,2025-07-27 04:49:35,貨到付款
T0000199,C04180,P00989,3,2046,2025-07-09 12:06:20,行動支付
T0000200,C04844,P00239,3,2238,2025-07-13 05:03:38,行動支付
T0000201,C04631,P00178,4,5972,2025-07-08 00:49:51,貨到付款
T0000202,C04243,P01892,3,6867,2025-07-16 17:33:42,信用卡
T0000203,C00831,P01148,1,2402,2025-07-24 13:39:02,貨到付款
T0000204,C02428,P01898,4,6836,2025-07-21 16:44:42,轉帳
T0000205,C01068,P00774,1,2106,2025-07-10 13:50:37,轉帳
T0000206,C02005,P00815,4,4980,2025-07-18 15:40:17,信用卡
T0000207,C00293,P01392,4,3668,2025-07-30 19:35:47,行動支付
T0000208,C01894,P00277,2,5192,2025-07-20 14:11:44,轉帳
T0000209,C04926,P00686,1,1404,2025-07-04 15:40:49,貨到付款
T0000210,C01326,P00191,3,11136,2025-07-29 10:41:48,轉帳
T0000211,C03920,P00710,3,3858,2025-07-30 07:25:32,轉帳
T0000212,C02275,P01414,1,3998,2025-07-03 05:13:13,信用卡
T0000213,C02115,P01758,3,3000,2025-07-31 17:12:59,貨到付款
T0000214,C04786,P00999,3,7572,2025-07-14 14:30:44,轉帳
T0000215,C04977,P00369,1,3744,2025-07-05 02:42:14,行動支付
T0000216,C02778,P00802,4,2112,2025-07-23 12:00:45,轉帳
T0000217,C03592,P00453,1,1090,2025-07-30 10:08:41,轉帳
T0000218,C00773,P01971,4,8104,2025-07-06 15:47:54,行動支付
T0000219,C01483,P01266,3,9573,2025-07-31 12:44:39,貨到付款
T0000220,C04843,P00679,3,3774,2025-07-17 21:53:46,信用卡
T0000221,C02895,P01503,3,12129,2025-07-08 20:03:26,轉帳
T0000222,C02710,P01047,2,5918,2025-07-22 21:11:46,行動支付
T0000223,C03739,P00040,4,7136,2025-07-08 14:19:57,轉帳
T0000224,C00285,P01212,2,2134,2025-07-01 07:34:06,貨到付款
T0000225,C02920,P01964,2,4728,2025-07-21 20:18:17,信用卡
T0000226,C02514,P00118,1,614,2025-07-06 07:35:55,貨到付款
T0000227,C04263,P00746,2,7744,2025-07-28 12:42:42,信用卡
T0000228,C00787,P00337,1,3144,2025-07-01 10:17:15,信用卡
T0000229,C04803,P01927,1,190,2025-07-26 20:23:00,轉帳
T0000230,C00400,P01058,2,2354,2025-07-23 17:28:26,轉帳
T0000231,C00929,P00009,4,13776,2025-07-12 16:05:07,轉帳
T0000232,C02975,P00769,4,4824,2025-07-22 19:27:42,貨到付款
T0000233,C03376,P00055,4,13844,2025-07-03 22:26:17,信用卡
T0000234,C01176,P01810,4,5464,2025-07-01 17:36:18,信用卡
T0000235,C00599,P01126,4,-192,2025-07-04 12:22:12,信用卡
T0000236,C04451,P01718,2,6700,2025-07-20 12:45:04,行動支付
T0000237,C01231,P01911,2,712,2025-07-29 10:02:20,信用卡
T0000238,C02972,P00376,3,5334,2025-07-10 20:08:19,行動支付
T0000239,C03096,P01241,4,1356,2025-07-27 07:05:43,轉帳
T0000240,C02096,P00363,2,7310,2025-07-21 17:32:58,信用卡
T0000241,C02918,P00436,3,5700,2025-07-27 04:55:04,行動支付
T0000242,C02613,P00690,4,7000,2025-07-22 21:49:04,信用卡
T0000243,C04673,P01744,1,3952,2025-07-01 17:20:24,轉帳
T0000244,C01021,P01825,3,10242,2025-07-11 17:11:47,信用卡
T0000245,C03580,P01199,2,3886,2025-07-19 14:11:02,信用卡
T0000246,C01193,P01147,1,1373,2025-07-21 22:15:30,轉帳
T0000247,C01978,P01782,1,1842,2025-07-13 17:27:37,信用卡
T0000248,C03358,P01412,1,1040,2025-07-22 22:27:38,轉帳
T0000249,C01499,P01759,3,3891,2025-07-06 18:36:22,轉帳
T0000250,C01580,P00354,2,8888,2025-07-08 11:24:05,行動支付
T0000251,C03759,P00297,1,847,2025-07-19 06:53:04,信用卡
T0000252,C00362,P01637,4,13848,2025-07-21 20:50:48,行動支付
T0000253,C02291,P00060,1,1652,2025-07-07 17:01:53,信用卡
T0000254,C04992,P00077,1,3762,2025-07-20 19:50:50,貨到付款
T0000255,C04980,P01075,3,11178,2025-07-10 09:41:40,信用卡
T0000256,C00366,P01916,3,8979,2025-07-28 10:00:24,轉帳
T0000257,C01065,P01881,2,6586,2025-07-14 18:32:47,貨到付款
T0000258,C01326,P01614,4,12572,2025-07-07 12:12:12,行動支付
T0000259,C04666,P00623,3,9294,2025-07-26 07:33:34,信用卡
T0000260,C04404,P00582,1,2045,2025-07-20 05:15:16,轉帳
T0000261,C04396,P00698,2,1830,2025-07-07 15:06:47,信用卡
T0000262,C01847,P00360,1,2848,2025-07-17 13:57:39,信用卡
T0000263,C00788,P01036,1,2610,2025-07-09 19:32:27,貨到付款
T0000264,C04168,P01800,3,7917,2025-07-25 20:51:18,轉帳
T0000265,C03517,P00995,2,7386,2025-07-06 06:46:35,轉帳
T0000266,C03058,P01207,4,14064,2025-07-06 09:39:08,轉帳
T0000267,C04936,P01994,4,13812,2025-07-18 13:01:28,轉帳
T0000268,C03269,P01839,3,804,2025-07-09 11:52:53,轉帳
T0000269,C00039,P01875,3,3645,2025-07-01 16:22:10,轉帳
T0000270,C04085,P01857,2,4356,2025-07-25 20:40:57,轉帳
T0000271,C01496,P01095,4,12468,2025-07-30 15:39:23,行動支付
T0000272,C03316,P00777,4,14744,2025-07-20 06:58:30,信用卡
T0000273,C04694,P00895,4,8364,2025-07-27 15:00:15,轉帳
T0000274,C00671,P00232,1,302,2025-07-19 10:57:38,行動支付
T0000275,C00577,P01108,4,7288,2025-07-28 22:18:20,轉帳
T0000276,C00535,P00676,1,447,2025-07-07 12:06:53,貨到付款
T0000277,C02766,P00731,2,6682,2025-07-28 15:21:02,行動支付
T0000278,C01361,P00478,1,3995,2025-07-09 14:51:35,信用卡
T0000279,C03024,P01635,2,4954,2025-07-17 11:02:48,信用卡
T0000280,C03588,P00376,4,7112,2025-07-19 19:21:17,貨到付款
T0000281,C01017,P00808,4,9832,2025-07-05 13:29:13,貨到付款
T0000282,C03171,P00716,2,-188,2025-07-30 12:18:47,轉帳
T0000283,C01319,P01833,3,10092,2025-07-24 17:25:42,貨到付款
T0000284,C02442,P01842,2,4420,2025-07-13 12:27:27,信用卡
T0000285,C04526,P01621,3,7206,2025-07-15 16:39:37,貨到付款
T0000286,C04230,P01819,1,786,2025-07-09 14:26:44,行動支付
T0000287,C00461,P01415,1,3816,2025-07-04 14:54:54,信用卡
T0000288,C02117,P01678,1,1624,2025-07-21 01:55:55,貨到付款
T0000289,C01383,P00197,4,11816,2025-07-28 14:03:05,轉帳
T0000290,C00017,P01039,1,2792,2025-07-28 11:28:58,信用卡
T0000291,C03855,P01327,3,7944,2025-07-03 06:48:13,信用卡
T0000292,C03185,P00641,1,1121,2025-07-26 12:50:45,信用卡
T0000293,C01309,P01054,2,3062,2025-07-30 22:06:21,信用卡
T0000294,C03706,P01150,2,5266,2025-07-13 11:22:26,信用卡
T0000295,C02758,P01063,4,10920,2025-07-14 19:00:41,行動支付
T0000296,C02138,P00788,2,5446,2025-07-11 05:46:32,轉帳
T0000297,C00048,P01092,3,8442,2025-07-14 22:43:06,行動支付
T0000298,C00376,P00401,1,153,2025-07-13 11:18:16,行動支付
T0000299,C04415,P00640,4,9304,2025-07-19 21:43:11,轉帳
T0000300,C04519,P00895,1,2091,2025-07-07 12:13:23,行動支付
T0000301,C02727,P00396,1,2282,2025-07-20 21:27:36,行動支付
T0000302,C04172,P01888,3,10593,2025-07-17 12:56:59,貨到付款
T0000303,C02912,P00852,2,8802,2025-07-09 12:58:01,轉帳
T0000304,C00740,P00870,2,3778,2025-07-21 13:26:26,行動支付
T0000305,C00637,P00164,1,470,2025-07-28 18:50:14,行動支付
T0000306,C01541,P00047,4,3916,2025-07-16 13:02:08,信用卡
T0000307,C04494,P00208,2,6736,2025-07-27 17:57:16,行動支付
T0000308,C03980,P01122,4,-180,2025-07-29 10:35:27,信用卡
T0000309,C04303,P01219,2,3336,2025-07-03 15:44:34,貨到付款
T0000310,C04494,P00611,4,13940,2025-07-19 04:21:51,信用卡
T0000311,C01050,P01984,3,3255,2025-07-15 09:02:54,轉帳
T0000312,C01247,P01541,4,6804,2025-07-05 07:55:43,行動支付
T0000313,C00513,P01541,3,5103,2025-07-28 11:20:55,轉帳
T0000314,C03900,P01397,3,2760,2025-07-23 23:27:47,行動支付
T0000315,C04420,P01055,4,11028,2025-07-06 18:55:53,信用卡
T0000316,C02031,P00083,3,12948,2025-07-10 15:50:04,轉帳
T0000317,C03103,P01893,1,1228,2025-07-21 14:48:15,轉帳
T0000318,C00772,P00614,3,3027,2025-07-17 17:36:15,貨到付款
T0000319,C04649,P01174,2,1162,2025-07-25 19:55:35,信用卡
T0000320,C04323,P01800,4,10556,2025-07-28 03:24:12,貨到付款
T0000321,C04881,P01085,1,2315,2025-07-11 15:14:01,行動支付
T0000322,C04053,P01281,4,9976,2025-07-24 20:01:49,貨到付款
T0000323,C04407,P01478,2,6586,2025-07-03 20:09:28,轉帳
T0000324,C00123,P01068,2,6678,2025-07-18 16:38:21,轉帳
T0000325,C03682,P00094,2,328,2025-07-03 22:39:41,貨到付款
T0000326,C01660,P00605,3,5145,2025-07-07 00:18:41,信用卡
T0000327,C04654,P00376,3,5334,2025-07-30 15:23:09,信用卡
T0000328,C04011,P01928,4,7664,2025-07-30 21:45:31,行動支付
T0000329,C04320,P00104,4,14768,2025-07-15 13:24:48,轉帳
T0000330,C04053,P01650,1,428,2025-07-16 03:13:24,貨到付款
T0000331,C01334,P01747,1,3484,2025-07-11 14:03:12,行動支付
T0000332,C03936,P01477,4,-92,2025-07-24 14:16:19,信用卡
T0000333,C00540,P01047,3,8877,2025-07-22 12:40:38,信用卡
T0000334,C04360,P00356,2,4306,2025-07-09 14:49:38,行動支付
T0000335,C04292,P00741,4,9004,2025-07-13 17:45:15,行動支付
T0000336,C01112,P01398,1,1029,2025-07-08 07:04:43,轉帳
T0000337,C04082,P01821,3,2667,2025-07-31 10:14:23,行動支付
T0000338,C02301,P00197,4,11816,2025-07-15 18:05:30,行動支付
T0000339,C01525,P01899,4,8620,2025-07-23 20:57:03,貨到付款
T0000340,C03976,P01784,3,5715,2025-07-15 21:53:07,轉帳
T0000341,C01137,P01424,4,6972,2025-07-29 14:17:55,行動支付
T0000342,C00118,P00145,3,8922,2025-07-12 11:56:27,轉帳
T0000343,C00965,P00407,2,4524,2025-07-06 16:56:08,信用卡
T0000344,C01641,P00413,3,4059,2025-07-13 05:25:28,貨到付款
T0000345,C04321,P01280,3,2946,2025-07-18 12:02:32,轉帳
T0000346,C04834,P00031,3,3846,2025-07-20 21:35:58,貨到付款
T0000347,C01395,P01844,4,1748,2025-07-29 17:52:31,信用卡
T0000348,C03207,P00412,4,7720,2025-07-09 19:49:54,行動支付
T0000349,C01998,P01378,3,1299,2025-07-12 14:43:18,轉帳
T0000350,C04905,P01848,4,4928,2025-07-21 11:18:53,貨到付款
T0000351,C02681,P00009,1,3444,2025-07-17 18:08:37,轉帳
T0000352,C04696,P00480,1,980,2025-07-12 20:28:47,信用卡
T0000353,C00576,P01627,4,10552,2025-07-15 19:56:52,行動支付
T0000354,C04852,P01662,4,11456,2025-07-28 02:48:50,貨到付款
T0000355,C00892,P01968,3,9348,2025-07-08 15:29:26,轉帳
T0000356,C04812,P01974,2,5644,2025-07-18 15:01:16,信用卡
T0000357,C01327,P01653,4,10960,2025-07-28 10:55:30,行動支付
T0000358,C00542,P00743,1,1425,2025-07-14 15:05:19,貨到付款
T0000359,C02172,P01675,3,11814,2025-07-20 10:12:19,信用卡
T0000360,C03642,P00089,4,4536,2025-07-03 05:48:30,貨到付款
T0000361,C01568,P00283,1,1508,2025-07-25 11:49:13,貨到付款
T0000362,C03031,P00492,1,3893,2025-07-02 17:03:50,轉帳
T0000363,C02557,P01337,2,3328,2025-07-02 17:02:36,行動支付
T0000364,C01925,P01763,3,4287,2025-07-28 12:02:50,貨到付款
T0000365,C02882,P00845,3,12210,2025-07-14 13:22:46,貨到付款
T0000366,C01273,P01141,2,3380,2025-07-17 10:47:18,行動支付
T0000367,C03543,P01727,2,3476,2025-07-24 12:15:33,信用卡
T0000368,C00008,P01252,3,1551,2025-07-31 20:41:42,信用卡
T0000369,C04627,P00409,3,7539,2025-07-14 13:21:11,轉帳
T0000370,C02692,P01757,4,3124,2025-07-30 11:43:08,信用卡
T0000371,C03597,P01473,4,2284,2025-07-31 14:02:40,信用卡
T0000372,C03709,P00545,2,3452,2025-07-22 21:42:48,信用卡
T0000373,C03353,P01380,4,3952,2025-07-01 21:02:16,信用卡
T0000374,C01821,P00831,1,371,2025-07-15 02:36:47,貨到付款
T0000375,C00349,P00827,4,3300,2025-07-03 05:47:15,行動支付
T0000376,C03321,P00556,4,2252,2025-07-27 07:48:42,行動支付
T0000377,C01651,P01802,1,332,2025-07-12 19:04:05,貨到付款
T0000378,C01569,P01633,2,3976,2025-07-20 16:38:32,轉帳
T0000379,C04240,P00976,1,931,2025-07-19 14:25:53,轉帳
T0000380,C03598,P01200,4,12900,2025-07-11 23:05:35,行動支付
T0000381,C01501,P01253,2,4230,2025-07-04 18:20:32,行動支付
T0000382,C01546,P00790,4,14660,2025-07-07 19:28:50,貨到付款
T0000383,C02041,P01392,1,917,2025-07-30 12:27:04,轉帳
T0000384,C02012,P00898,1,2025,2025-07-10 19:30:28,轉帳
T0000385,C01478,P01325,4,6376,2025-07-14 22:32:41,信用卡
T0000386,C00636,P00445,3,6705,2025-07-25 17:32:31,信用卡
T0000387,C02102,P01275,3,10761,2025-07-22 00:46:29,貨到付款
T0000388,C04701,P00230,1,1426,2025-07-24 16:25:42,貨到付款
T0000389,C03386,P01804,1,3004,2025-07-21 21:53:24,信用卡
T0000390,C04514,P00977,3,1314,2025-07-18 21:45:39,轉帳
T0000391,C03077,P00366,3,3600,2025-07-01 19:45:08,行動支付
T0000392,C01504,P00654,4,9468,2025-07-12 09:38:37,轉帳
T0000393,C02739,P01887,4,16456,2025-07-12 00:41:39,轉帳
T0000394,C00002,P00512,3,7680,2025-07-03 12:10:44,貨到付款
T0000395,C01434,P01361,4,10780,2025-07-08 18:00:46,信用卡
T0000396,C02149,P01861,4,3756,2025-07-06 13:11:31,行動支付
T0000397,C02899,P00796,2,3132,2025-07-14 21:54:01,信用卡
T0000398,C03273,P01072,4,7012,2025-07-11 12:30:43,行動支付
T0000399,C02324,P00569,1,1481,2025-07-08 17:27:11,信用卡
T0000400,C02210,P01140,4,4020,2025-07-30 10:16:03,貨到付款
T0000401,C01068,P00216,4,9572,2025-07-12 01:56:05,信用卡
T0000402,C02365,P00238,3,10155,2025-07-18 13:02:19,貨到付款
T0000403,C04505,P01645,1,3140,2025-07-16 12:55:15,貨到付款
T0000404,C03980,P01768,4,5144,2025-07-07 16:53:05,信用卡
T0000405,C00848,P01900,4,7032,2025-07-09 14:47:32,信用卡
T0000406,C00423,P01109,2,5230,2025-07-11 10:29:19,信用卡
T0000407,C02577,P00995,4,14772,2025-07-28 12:08:00,行動支付
T0000408,C03164,P00254,4,15548,2025-07-07 12:16:18,行動支付
T0000409,C01675,P01991,2,6144,2025-07-04 01:57:47,信用卡
T0000410,C04092,P00937,3,10974,2025-07-28 18:58:46,貨到付款
T0000411,C03755,P00218,4,14332,2025-07-08 19:30:41,貨到付款
T0000412,C03363,P00457,2,380,2025-07-08 20:05:34,行動支付
T0000413,C01123,P01666,1,1973,2025-07-30 19:44:48,貨到付款
T0000414,C00995,P00368,3,6477,2025-07-28 14:19:59,轉帳
T0000415,C00122,P01525,1,3518,2025-07-28 21:30:19,信用卡
T0000416,C01224,P01612,1,350,2025-07-04 11:13:58,轉帳
T0000417,C02375,P00483,2,1638,2025-07-12 01:43:12,行動支付
T0000418,C04248,P01230,4,5196,2025-07-01 10:32:23,行動支付
T0000419,C00364,P00876,2,3246,2025-07-07 12:26:49,信用卡
T0000420,C02072,P00285,2,1898,2025-07-11 16:05:22,轉帳
T0000421,C03148,P01194,2,3108,2025-07-07 22:59:33,轉帳
T0000422,C00972,P00082,2,174,2025-07-25 16:40:10,貨到付款
T0000423,C03481,P01867,3,8403,2025-07-23 09:35:38,信用卡
T0000424,C02471,P01533,4,10712,2025-07-11 13:39:51,轉帳
T0000425,C01219,P00377,1,3864,2025-07-20 01:36:33,轉帳
T0000426,C03280,P00420,1,1316,2025-07-10 18:43:50,轉帳
T0000427,C00027,P00635,4,13464,2025-07-03 21:35:24,轉帳
T0000428,C03754,P01137,1,3486,2025-07-11 13:33:53,貨到付款
T0000429,C03850,P01897,4,10320,2025-07-29 22:07:24,轉帳
T0000430,C00532,P00682,1,3137,2025-07-15 13:39:11,轉帳
T0000431,C02125,P01900,2,3516,2025-07-07 16:54:06,信用卡
T0000432,C00879,P01843,1,4157,2025-07-19 05:34:48,貨到付款
T0000433,C04789,P00700,4,3188,2025-07-31 16:35:57,信用卡
T0000434,C02589,P00401,4,612,2025-07-23 19:46:03,信用卡
T0000435,C00251,P01288,4,3220,2025-07-07 22:04:52,行動支付
T0000436,C01245,P00782,4,14280,2025-07-09 21:12:16,貨到付款
T0000437,C04241,P00306,4,5204,2025-07-05 16:52:11,貨到付款
T0000438,C02282,P00583,3,7524,2025-07-10 21:06:44,貨到付款
T0000439,C04007,P00127,3,12900,2025-07-20 21:36:29,貨到付款
T0000440,C03337,P00367,1,1248,2025-07-24 20:48:54,貨到付款
T0000441,C04939,P00388,4,4396,2025-07-02 20:47:59,貨到付款
T0000442,C02977,P01316,1,4477,2025-07-04 10:32:20,貨到付款
T0000443,C04750,P00877,4,16560,2025-07-05 11:12:18,行動支付
T0000444,C04457,P01742,4,15408,2025-07-03 23:18:46,行動支付
T0000445,C03063,P00138,3,2277,2025-07-13 02:15:05,行動支付
T0000446,C03596,P00491,3,9549,2025-07-11 21:22:23,信用卡
T0000447,C02523,P01057,2,454,2025-07-07 20:04:20,行動支付
T0000448,C04152,P01113,3,11031,2025-07-08 02:03:51,信用卡
T0000449,C02739,P00286,2,6962,2025-07-10 12:28:28,信用卡
T0000450,C04486,P01928,2,3832,2025-07-18 06:45:06,信用卡
T0000451,C03718,P00113,2,764,2025-07-29 03:56:47,信用卡
T0000452,C02373,P01369,2,5006,2025-07-14 13:35:19,貨到付款
T0000453,C01295,P00819,2,5486,2025-07-22 19:20:29,信用卡
T0000454,C01236,P01068,1,3339,2025-07-14 19:45:27,行動支付
T0000455,C03188,P01237,3,1413,2025-07-08 19:19:20,貨到付款
T0000456,C03829,P00339,2,7188,2025-07-29 12:50:35,信用卡
T0000457,C02606,P01865,4,15832,2025-07-24 22:38:37,行動支付
T0000458,C03133,P00740,3,4062,2025-07-04 10:39:54,行動支付
T0000459,C01372,P00286,3,10443,2025-07-29 17:21:09,貨到付款
T0000460,C00387,P00207,2,6794,2025-07-02 14:43:05,轉帳
T0000461,C01428,P00467,1,3892,2025-07-30 17:46:51,行動支付
T0000462,C01358,P00762,2,1928,2025-07-04 01:06:58,信用卡
T0000463,C01598,P01125,1,321,2025-07-23 19:41:24,轉帳
T0000464,C02700,P01627,4,10552,2025-07-23 17:01:03,行動支付
T0000465,C00691,P01537,3,9567,2025-07-29 19:53:54,信用卡
T0000466,C01156,P00239,4,2984,2025-07-23 19:40:08,轉帳
T0000467,C03469,P00449,1,2685,2025-07-06 15:08:51,信用卡
T0000468,C03532,P01256,1,806,2025-07-24 09:34:09,行動支付
T0000469,C00321,P01127,4,6972,2025-07-14 20:59:08,貨到付款
T0000470,C02037,P00147,1,1454,2025-07-05 16:40:51,行動支付
T0000471,C02713,P01297,4,5344,2025-07-16 13:40:25,行動支付
T0000472,C02078,P01821,3,2667,2025-07-06 15:24:53,貨到付款
T0000473,C01034,P01874,4,364,2025-07-20 13:24:09,行動支付
T0000474,C02100,P01289,3,7878,2025-07-01 16:40:17,轉帳
T0000475,C04524,P00564,4,8664,2025-07-16 16:59:45,行動支付
T0000476,C02920,P01232,1,2809,2025-07-03 19:00:22,轉帳
T0000477,C03477,P00899,4,5040,2025-07-19 05:42:51,行動支付
T0000478,C04283,P01496,1,3405,2025-07-21 17:59:40,信用卡
T0000479,C03827,P01365,4,3728,2025-07-12 11:48:08,貨到付款
T0000480,C01901,P01225,4,1388,2025-07-18 17:03:45,信用卡
T0000481,C00029,P00690,2,3500,2025-07-07 10:01:02,貨到付款
T0000482,C01758,P01975,1,2732,2025-07-31 17:29:58,轉帳
T0000483,C03767,P00909,2,336,2025-07-28 12:21:39,轉帳
T0000484,C04267,P01838,1,2879,2025-07-16 19:16:51,貨到付款
T0000485,C04767,P00306,2,2602,2025-07-07 16:07:09,行動支付
T0000486,C02095,P01072,3,5259,2025-07-20 08:18:21,行動支付
T0000487,C03737,P00720,4,4156,2025-07-06 21:51:02,轉帳
T0000488,C02730,P00288,1,2186,2025-07-11 18:32:56,轉帳
T0000489,C03016,P01274,1,357,2025-07-30 20:01:45,貨到付款
T0000490,C01102,P00348,4,4992,2025-07-30 10:40:33,行動支付
T0000491,C01097,P01934,1,2132,2025-07-13 00:24:02,貨到付款
T0000492,C02179,P01998,1,1511,2025-07-10 16:11:50,行動支付
T0000493,C00145,P01763,2,2858,2025-07-30 20:16:00,信用卡
T0000494,C01680,P00736,1,3500,2025-07-14 19:54:19,貨到付款
T0000495,C03395,P00041,3,10659,2025-07-29 15:28:51,貨到付款
T0000496,C02021,P01610,3,1050,2025-07-13 16:38:21,貨到付款
T0000497,C00825,P00287,4,7788,2025-07-02 18:01:16,行動支付
T0000498,C02336,P00919,1,4369,2025-07-28 06:32:46,貨到付款
T0000499,C00638,P01421,4,5356,2025-07-19 12:27:25,貨到付款
T0000500,C03111,P01082,3,7044,2025-07-31 18:13:02,貨到付款
T0000501,C00134,P00453,1,1090,2025-07-04 21:21:40,信用卡
T0000502,C01970,P00804,1,3211,2025-07-27 08:51:08,信用卡
T0000503,C02821,P01680,4,10048,2025-07-08 15:31:33,信用卡
T0000504,C00135,P00705,3,12327,2025-07-17 22:28:46,貨到付款
T0000505,C03213,P01883,1,418,2025-07-29 13:27:44,貨到付款
T0000506,C00678,P00842,4,4752,2025-07-30 22:39:53,信用卡
T0000507,C02308,P00835,3,4872,2025-07-08 05:24:42,轉帳
T0000508,C00251,P01466,4,6164,2025-07-31 03:41:08,信用卡
T0000509,C01895,P00887,2,4862,2025-07-29 22:53:37,轉帳
T0000510,C01058,P00776,1,1062,2025-07-01 21:06:51,轉帳
T0000511,C01634,P00727,2,1812,2025-07-24 21:35:24,行動支付
T0000512,C03806,P00652,3,7854,2025-07-01 22:30:53,行動支付
T0000513,C01895,P00797,2,5302,2025-07-19 06:48:28,行動支付
T0000514,C03760,P01446,2,3034,2025-07-29 21:48:36,貨到付款
T0000515,C04159,P00411,3,10899,2025-07-20 00:32:01,信用卡
T0000516,C01261,P00433,4,14404,2025-07-07 13:48:46,信用卡
T0000517,C00409,P00381,2,3634,2025-07-24 11:33:37,貨到付款
T0000518,C00096,P00389,4,8776,2025-07-26 23:20:46,貨到付款
T0000519,C02697,P01747,2,6968,2025-07-08 16:45:36,行動支付
T0000520,C04999,P01318,4,3896,2025-07-10 12:37:45,行動支付
T0000521,C01749,P01237,3,1413,2025-07-25 09:29:51,行動支付
T0000522,C03250,P01800,2,5278,2025-07-19 17:23:14,行動支付
T0000523,C03906,P01096,3,11286,2025-07-10 14:35:15,信用卡
T0000524,C03258,P01527,2,684,2025-07-19 08:05:47,信用卡
T0000525,C03771,P00816,3,7182,2025-07-14 15:40:03,信用卡
T0000526,C04748,P01288,3,2415,2025-07-27 13:46:14,行動支付
T0000527,C00996,P00427,2,740,2025-07-05 15:25:31,轉帳
T0000528,C00101,P00282,2,4170,2025-07-01 20:16:55,信用卡
T0000529,C00761,P00217,2,6336,2025-07-17 19:25:52,轉帳
T0000530,C00631,P01304,1,1866,2025-07-21 16:49:26,轉帳
T0000531,C03347,P00600,4,13804,2025-07-27 19:24:44,行動支付
T0000532,C02819,P01665,1,187,2025-07-22 10:57:10,轉帳
T0000533,C01089,P01549,1,416,2025-07-12 18:42:34,貨到付款
T0000534,C03497,P01247,3,4044,2025-07-22 10:56:10,信用卡
T0000535,C03834,P00101,2,3280,2025-07-17 21:45:34,行動支付
T0000536,C00838,P00434,4,13216,2025-07-29 00:48:07,轉帳
T0000537,C03036,P01103,3,3471,2025-07-17 11:15:23,行動支付
T0000538,C03739,P00313,1,2419,2025-07-07 03:57:32,貨到付款
T0000539,C00572,P00768,2,2464,2025-07-17 13:34:46,行動支付
T0000540,C04096,P01035,3,2643,2025-07-10 18:53:27,貨到付款
T0000541,C04823,P00360,2,5696,2025-07-16 21:40:31,貨到付款
T0000542,C00540,P00885,3,747,2025-07-17 01:25:17,貨到付款
T0000543,C00128,P01387,2,2946,2025-07-11 20:14:30,貨到付款
T0000544,C01559,P00771,1,284,2025-07-09 19:36:20,貨到付款
T0000545,C03386,P01333,4,11244,2025-07-27 13:21:09,轉帳
T0000546,C04790,P00546,1,2210,2025-07-03 11:40:12,信用卡
T0000547,C01983,P01491,4,2556,2025-07-03 22:20:57,信用卡
T0000548,C03575,P01126,2,-96,2025-07-12 16:45:21,貨到付款
T0000549,C00379,P00311,3,5640,2025-07-20 15:59:32,轉帳
T0000550,C03453,P00803,1,477,2025-07-23 17:17:34,行動支付
T0000551,C03136,P01563,4,12884,2025-07-23 14:17:05,貨到付款
T0000552,C00509,P00395,1,2174,2025-07-31 18:45:40,行動支付
T0000553,C03862,P00822,4,17548,2025-07-10 22:24:43,轉帳
T0000554,C04251,P00937,1,3658,2025-07-29 22:10:27,行動支付
T0000555,C03002,P01736,4,5912,2025-07-15 12:07:53,行動支付
T0000556,C00605,P00261,4,6940,2025-07-24 17:50:39,貨到付款
T0000557,C04919,P01862,2,2092,2025-07-20 11:16:21,貨到付款
T0000558,C03913,P00632,4,4312,2025-07-08 12:26:22,貨到付款
T0000559,C01736,P01866,2,1346,2025-07-26 07:49:22,轉帳
T0000560,C02141,P01224,4,14620,2025-07-25 17:19:56,信用卡
T0000561,C01852,P01470,3,10539,2025-07-04 17:28:33,轉帳
T0000562,C02529,P01751,3,2922,2025-07-20 10:59:46,貨到付款
T0000563,C01706,P01352,3,9267,2025-07-01 21:03:36,信用卡
T0000564,C04247,P01573,4,-64,2025-07-31 11:47:32,行動支付
T0000565,C04111,P00171,2,1254,2025-07-27 04:53:07,行動支付
T0000566,C00527,P00017,2,3796,2025-07-13 18:53:02,信用卡
T0000567,C04803,P01724,4,12272,2025-07-03 19:20:36,行動支付
T0000568,C03177,P00105,3,1956,2025-07-16 17:09:11,信用卡
T0000569,C04143,P01705,3,7944,2025-07-30 12:08:33,貨到付款
T0000570,C03536,P00626,2,3028,2025-07-09 19:50:47,行動支付
T0000571,C02177,P01803,3,6258,2025-07-07 12:42:38,行動支付
T0000572,C03668,P00406,1,4078,2025-07-06 11:26:35,信用卡
T0000573,C04827,P00301,2,5470,2025-07-02 16:33:49,信用卡
T0000574,C01350,P00426,3,6645,2025-07-09 14:44:03,貨到付款
T0000575,C04040,P01681,2,7602,2025-07-31 06:40:55,轉帳
T0000576,C02690,P00725,1,4089,2025-07-17 22:17:00,信用卡
T0000577,C02417,P01818,2,1204,2025-07-26 04:58:19,行動支付
T0000578,C02177,P01166,2,2210,2025-07-18 00:53:54,貨到付款
T0000579,C03655,P01656,2,3230,2025-07-11 21:28:47,貨到付款
T0000580,C01341,P00950,2,7234,2025-07-08 13:56:33,轉帳
T0000581,C04258,P01407,1,1191,2025-07-13 09:47:31,信用卡
T0000582,C04153,P00579,4,10824,2025-07-04 22:20:16,貨到付款
T0000583,C00433,P00202,2,3906,2025-07-09 14:01:22,信用卡
T0000584,C04408,P01123,2,5588,2025-07-08 16:57:25,信用卡
T0000585,C01219,P01801,3,6408,2025-07-02 17:27:31,轉帳
T0000586,C02323,P00304,2,4044,2025-07-28 12:47:52,貨到付款
T0000587,C03051,P00830,3,7152,2025-07-13 15:08:31,轉帳
T0000588,C01894,P01064,4,4056,2025-07-05 01:21:47,轉帳
T0000589,C00143,P01236,1,1218,2025-07-07 14:44:54,行動支付
T0000590,C04254,P00316,1,2118,2025-07-26 07:36:04,行動支付
T0000591,C00909,P01104,4,16520,2025-07-04 17:09:45,轉帳
T0000592,C01060,P00939,1,227,2025-07-17 20:22:26,行動支付
T0000593,C03989,P01966,4,10780,2025-07-15 19:59:43,信用卡
T0000594,C01701,P01379,4,11940,2025-07-05 19:23:47,貨到付款
T0000595,C04401,P01807,4,7984,2025-07-02 10:05:56,貨到付款
T0000596,C03505,P01952,1,1180,2025-07-29 22:20:46,行動支付
T0000597,C01381,P01327,3,7944,2025-07-29 20:41:53,行動支付
T0000598,C00050,P00293,4,8380,2025-07-22 11:15:55,信用卡
T0000599,C04740,P00889,2,6098,2025-07-01 18:29:21,信用卡
T0000600,C00428,P01511,1,1970,2025-07-28 12:08:05,轉帳
T0000601,C03600,P00271,4,8196,2025-07-30 10:11:26,貨到付款
T0000602,C02442,P00761,4,1964,2025-07-09 11:38:23,信用卡
T0000603,C03790,P00758,2,850,2025-07-13 11:32:17,轉帳
T0000604,C03453,P00340,3,7566,2025-07-10 19:00:28,貨到付款
T0000605,C03229,P00039,3,4551,2025-07-18 17:53:01,行動支付
T0000606,C02454,P01376,3,4062,2025-07-27 11:21:05,轉帳
T0000607,C03964,P01635,4,9908,2025-07-22 19:36:44,行動支付
T0000608,C00465,P01861,4,3756,2025-07-19 22:38:32,貨到付款
T0000609,C01107,P01169,4,13512,2025-07-03 14:23:23,信用卡
T0000610,C03458,P00363,1,3655,2025-07-03 10:43:44,貨到付款
T0000611,C01531,P01787,2,2914,2025-07-09 12:50:19,轉帳
T0000612,C02907,P01940,4,3412,2025-07-20 18:21:13,轉帳
T0000613,C02366,P01893,2,2456,2025-07-22 07:58:17,信用卡
T0000614,C02654,P01133,2,5426,2025-07-20 12:33:48,信用卡
T0000615,C02127,P01771,3,1026,2025-07-22 19:33:49,行動支付
T0000616,C03729,P01975,1,2732,2025-07-21 13:36:30,信用卡
T0000617,C01653,P01772,4,1852,2025-07-09 14:27:22,行動支付
T0000618,C03514,P00137,3,2481,2025-07-13 18:37:57,貨到付款
T0000619,C01354,P00269,3,10083,2025-07-02 15:23:20,貨到付款
T0000620,C01257,P00600,4,13804,2025-07-10 19:16:41,轉帳
T0000621,C00603,P00787,2,1794,2025-07-26 17:40:53,轉帳
T0000622,C00962,P00298,3,5769,2025-07-10 11:49:27,行動支付
T0000623,C00597,P01985,2,3084,2025-07-18 15:31:06,行動支付
T0000624,C02679,P01581,1,2062,2025-07-11 21:51:36,轉帳
T0000625,C03810,P01337,2,3328,2025-07-06 22:46:00,信用卡
T0000626,C00925,P01923,1,2006,2025-07-27 13:49:39,轉帳
T0000627,C01081,P00641,2,2242,2025-07-28 21:31:25,轉帳
T0000628,C02420,P01422,3,12138,2025-07-31 22:15:19,信用卡
T0000629,C03622,P01897,3,7740,2025-07-28 08:13:23,行動支付
T0000630,C04883,P00166,1,1000,2025-07-19 11:07:03,信用卡
T0000631,C02623,P01205,4,1228,2025-07-22 03:07:21,貨到付款
T0000632,C01414,P01598,1,304,2025-07-21 11:29:54,信用卡
T0000633,C00502,P00031,1,1282,2025-07-08 19:39:16,信用卡
T0000634,C00970,P01782,2,3684,2025-07-08 18:52:57,信用卡
T0000635,C01137,P00835,2,3248,2025-07-22 11:34:30,貨到付款
T0000636,C00897,P00338,1,4086,2025-07-05 04:23:29,轉帳
T0000637,C00070,P01702,3,10152,2025-07-31 15:25:16,行動支付
T0000638,C02670,P00384,2,3278,2025-07-04 11:17:41,行動支付
T0000639,C01371,P00560,4,8736,2025-07-31 19:31:19,信用卡
T0000640,C04871,P01040,2,2738,2025-07-04 13:21:56,貨到付款
T0000641,C02766,P01831,2,426,2025-07-21 13:13:39,行動支付
T0000642,C03487,P00979,4,13016,2025-07-22 12:15:55,轉帳
T0000643,C00631,P01811,1,3320,2025-07-05 12:23:22,信用卡
T0000644,C04342,P00104,4,14768,2025-07-18 01:49:43,轉帳
T0000645,C02454,P00477,1,3410,2025-07-24 16:53:22,貨到付款
T0000646,C04363,P00613,1,824,2025-07-16 19:19:53,轉帳
T0000647,C02870,P00897,1,3560,2025-07-16 13:32:06,轉帳
T0000648,C02346,P00865,4,1220,2025-07-21 14:02:09,貨到付款
T0000649,C02202,P00080,1,274,2025-07-26 21:33:49,信用卡
T0000650,C00921,P01499,3,5163,2025-07-30 11:40:07,轉帳
T0000651,C00256,P01519,4,13792,2025-07-25 10:10:15,信用卡
T0000652,C04705,P00916,3,7104,2025-07-07 19:41:50,信用卡
T0000653,C02388,P00160,1,2652,2025-07-31 17:28:00,行動支付
T0000654,C04110,P01102,2,7328,2025-07-10 01:06:16,轉帳
T0000655,C02003,P00261,1,1735,2025-07-13 19:28:40,轉帳
T0000656,C00370,P01956,3,3123,2025-07-23 07:46:31,貨到付款
T0000657,C03147,P01248,3,11409,2025-07-22 16:46:51,信用卡
T0000658,C00268,P01469,4,13792,2025-07-26 19:15:18,信用卡
T0000659,C00745,P00038,2,4444,2025-07-04 16:45:20,行動支付
T0000660,C02814,P00761,4,1964,2025-07-19 08:02:33,貨到付款
T0000661,C01519,P01809,3,414,2025-07-23 11:18:23,貨到付款
T0000662,C04969,P00760,1,338,2025-07-23 19:02:07,貨到付款
T0000663,C00592,P00071,2,3018,2025-07-15 01:38:52,貨到付款
T0000664,C03822,P01343,1,2263,2025-07-13 02:04:29,信用卡
T0000665,C03031,P01393,1,874,2025-07-12 14:01:42,行動支付
T0000666,C03953,P00671,2,1912,2025-07-28 02:06:28,轉帳
T0000667,C01128,P01606,4,9392,2025-07-24 02:24:29,轉帳
T0000668,C02612,P01707,1,2900,2025-07-19 18:17:36,轉帳
T0000669,C02252,P01568,3,3942,2025-07-02 15:27:44,轉帳
T0000670,C02213,P00814,1,160,2025-07-20 04:33:20,信用卡
T0000671,C04300,P00684,2,5536,2025-07-11 18:25:57,信用卡
T0000672,C04950,P01885,2,1992,2025-07-23 10:47:51,信用卡
T0000673,C01526,P01438,2,-84,2025-07-12 13:49:15,信用卡
T0000674,C03105,P01104,4,16520,2025-07-22 16:50:59,貨到付款
T0000675,C03048,P00977,1,438,2025-07-19 10:25:43,行動支付
T0000676,C03700,P00533,4,13556,2025-07-08 13:12:50,轉帳
T0000677,C04737,P01826,4,3388,2025-07-14 15:15:23,貨到付款
T0000678,C01038,P01837,2,3166,2025-07-29 18:22:45,轉帳
T0000679,C01055,P00169,2,520,2025-07-17 17:02:31,轉帳
T0000680,C03302,P01332,4,1676,2025-07-02 14:08:34,轉帳
T0000681,C00785,P00637,1,1176,2025-07-18 11:49:05,轉帳
T0000682,C00869,P01017,3,2976,2025-07-31 11:51:22,行動支付
T0000683,C00375,P00227,4,1828,2025-07-27 02:12:39,貨到付款
T0000684,C00013,P01621,1,2402,2025-07-01 05:12:03,行動支付
T0000685,C02252,P01612,2,700,2025-07-20 11:54:19,行動支付
T0000686,C02969,P00214,2,3312,2025-07-06 11:19:39,轉帳
T0000687,C01456,P00148,1,635,2025-07-08 14:54:43,信用卡
T0000688,C01157,P00746,3,11616,2025-07-30 11:30:45,貨到付款
T0000689,C03534,P00308,2,4938,2025-07-25 19:26:28,信用卡
T0000690,C03514,P01602,2,3508,2025-07-25 20:04:44,轉帳
T0000691,C02270,P01557,2,248,2025-07-09 15:01:12,行動支付
T0000692,C03436,P01727,1,1738,2025-07-23 19:57:42,轉帳
T0000693,C04619,P00019,4,14000,2025-07-01 18:58:29,貨到付款
T0000694,C03939,P00026,2,4074,2025-07-22 18:51:23,信用卡
T0000695,C03125,P01613,4,12344,2025-07-25 17:53:23,貨到付款
T0000696,C03305,P01740,3,5535,2025-07-18 20:24:52,貨到付款
T0000697,C04668,P01234,2,3886,2025-07-01 15:54:21,行動支付
T0000698,C02125,P00312,2,518,2025-07-06 22:42:26,信用卡
T0000699,C02722,P01252,3,1551,2025-07-08 21:30:51,行動支付
T0000700,C03238,P01742,2,7704,2025-07-19 22:45:49,貨到付款
T0000701,C04542,P00921,4,6832,2025-07-26 01:56:32,貨到付款
T0000702,C04133,P01746,1,1282,2025-07-28 19:24:27,信用卡
T0000703,C00357,P01572,4,16736,2025-07-31 16:05:51,轉帳
T0000704,C00829,P00211,1,900,2025-07-05 16:12:50,信用卡
T0000705,C01538,P00243,1,2814,2025-07-26 03:16:40,行動支付
T0000706,C03744,P01408,4,10272,2025-07-22 10:55:10,貨到付款
T0000707,C02846,P00399,4,8660,2025-07-26 09:59:06,信用卡
T0000708,C01443,P01492,4,3796,2025-07-19 11:41:34,行動支付
T0000709,C00621,P00162,4,17220,2025-07-19 19:09:53,信用卡
T0000710,C03443,P00183,3,5262,2025-07-11 20:55:19,行動支付
T0000711,C03498,P01902,2,6350,2025-07-13 23:48:20,信用卡
T0000712,C04713,P00007,1,1826,2025-07-15 22:40:40,行動支付
T0000713,C02502,P01583,4,12340,2025-07-09 13:23:44,轉帳
T0000714,C02468,P00466,4,10868,2025-07-07 10:43:52,轉帳
T0000715,C00402,P00099,4,12440,2025-07-11 12:59:04,行動支付
T0000716,C00199,P00158,3,2850,2025-07-04 15:51:49,信用卡
T0000717,C02160,P00640,4,9304,2025-07-23 16:54:48,轉帳
T0000718,C01611,P01058,4,4708,2025-07-29 18:05:13,行動支付
T0000719,C01251,P00952,4,4008,2025-07-13 22:12:32,轉帳
T0000720,C00456,P00394,2,7328,2025-07-31 01:21:09,信用卡
T0000721,C04809,P01975,3,8196,2025-07-02 11:52:41,貨到付款
T0000722,C04179,P01210,4,12168,2025-07-21 16:44:37,行動支付
T0000723,C02875,P00372,1,3384,2025-07-07 14:46:27,行動支付
T0000724,C04753,P00576,1,1013,2025-07-17 12:06:34,信用卡
T0000725,C04997,P01352,1,3089,2025-07-25 21:55:31,信用卡
T0000726,C03361,P01730,3,6870,2025-07-31 06:24:42,轉帳
T0000727,C01347,P00122,3,3189,2025-07-05 03:04:16,信用卡
T0000728,C00201,P00369,1,3744,2025-07-22 15:12:15,轉帳
T0000729,C03781,P00012,4,10248,2025-07-11 12:03:57,行動支付
T0000730,C02352,P00351,3,4611,2025-07-04 08:28:10,貨到付款
T0000731,C03257,P00395,1,2174,2025-07-18 11:24:00,行動支付
T0000732,C04580,P00287,1,1947,2025-07-07 00:30:56,貨到付款
T0000733,C00907,P01083,4,16292,2025-07-25 14:18:29,行動支付
T0000734,C02926,P01945,2,6602,2025-07-30 15:46:36,行動支付
T0000735,C03173,P01399,3,1911,2025-07-01 23:42:42,轉帳
T0000736,C02458,P01405,4,10152,2025-07-16 14:34:15,貨到付款
T0000737,C00456,P00151,1,2596,2025-07-25 15:09:47,信用卡
T0000738,C01739,P00374,1,789,2025-07-20 08:30:26,信用卡
T0000739,C01666,P00642,4,12904,2025-07-21 15:53:04,貨到付款
T0000740,C03350,P01983,3,4446,2025-07-21 14:06:31,行動支付
T0000741,C04288,P00324,2,3868,2025-07-05 01:34:33,行動支付
T0000742,C01649,P01270,2,7414,2025-07-28 15:35:03,行動支付
T0000743,C03468,P01184,1,-90,2025-07-22 12:32:24,行動支付
T0000744,C01441,P01203,3,7113,2025-07-27 13:02:14,信用卡
T0000745,C04725,P01013,2,3848,2025-07-29 20:10:24,信用卡
T0000746,C04067,P00570,3,10524,2025-07-28 12:21:50,貨到付款
T0000747,C02750,P00853,3,4890,2025-07-13 06:27:29,貨到付款
T0000748,C02274,P01648,1,1274,2025-07-10 08:39:05,信用卡
T0000749,C01572,P01470,2,7026,2025-07-13 00:45:57,轉帳
T0000750,C01616,P01061,4,3904,2025-07-22 19:38:43,行動支付
T0000751,C04850,P01309,1,4304,2025-07-01 13:58:16,轉帳
T0000752,C02020,P01936,2,7584,2025-07-26 19:02:36,信用卡
T0000753,C02572,P00503,2,2450,2025-07-24 18:31:41,轉帳
T0000754,C04940,P01508,2,6810,2025-07-01 11:08:21,貨到付款
T0000755,C03288,P00129,2,1192,2025-07-27 15:07:45,信用卡
T0000756,C02712,P00125,2,3948,2025-07-31 17:43:03,轉帳
T0000757,C02066,P00688,3,11388,2025-07-04 16:47:55,貨到付款
T0000758,C00937,P01465,1,3865,2025-07-12 13:06:12,信用卡
T0000759,C01808,P01239,3,6630,2025-07-13 23:09:37,轉帳
T0000760,C03782,P01635,4,9908,2025-07-13 11:00:29,行動支付
T0000761,C03127,P00159,2,652,2025-07-09 10:21:59,行動支付
T0000762,C03799,P01528,1,3396,2025-07-08 05:15:40,行動支付
T0000763,C01017,P01432,2,8044,2025-07-29 14:08:49,信用卡
T0000764,C02746,P00023,1,2158,2025-07-28 13:10:25,信用卡
T0000765,C04638,P01488,3,9201,2025-07-26 00:11:07,貨到付款
T0000766,C02190,P00176,1,716,2025-07-14 16:59:48,轉帳
T0000767,C03491,P01176,4,9584,2025-07-01 16:32:29,行動支付
T0000768,C00607,P01832,4,14420,2025-07-12 19:32:00,信用卡
T0000769,C04865,P00722,1,751,2025-07-05 20:59:38,貨到付款
T0000770,C03044,P01362,1,2440,2025-07-08 11:23:34,行動支付
T0000771,C01196,P01356,1,629,2025-07-08 19:52:19,行動支付
T0000772,C00791,P00131,1,2852,2025-07-07 18:39:40,貨到付款
T0000773,C02754,P00524,4,2820,2025-07-03 00:23:28,信用卡
T0000774,C02761,P01679,2,8672,2025-07-08 21:20:54,轉帳
T0000775,C00466,P00901,1,3468,2025-07-03 15:21:58,貨到付款
T0000776,C04961,P01484,1,1321,2025-07-09 13:13:49,信用卡
T0000777,C04564,P00960,4,1076,2025-07-23 18:07:01,貨到付款
T0000778,C02307,P00999,4,10096,2025-07-29 10:05:19,信用卡
T0000779,C00587,P01526,3,11820,2025-07-02 21:48:05,行動支付
T0000780,C04160,P00626,1,1514,2025-07-05 21:15:12,轉帳
T0000781,C02491,P01998,3,4533,2025-07-03 16:23:32,轉帳
T0000782,C03583,P00380,4,16668,2025-07-31 17:45:30,轉帳
T0000783,C02544,P01174,4,2324,2025-07-19 13:59:14,轉帳
T0000784,C01367,P00085,2,5538,2025-07-11 20:55:38,轉帳
T0000785,C04173,P00705,1,4109,2025-07-15 07:59:31,轉帳
T0000786,C04901,P00929,3,5175,2025-07-03 21:44:01,轉帳
T0000787,C01218,P00923,4,9128,2025-07-07 02:26:32,行動支付
T0000788,C02756,P01846,4,4168,2025-07-15 21:57:36,轉帳
T0000789,C01917,P01692,3,255,2025-07-10 05:16:58,轉帳
T0000790,C04609,P01944,2,4128,2025-07-30 18:00:21,轉帳
T0000791,C02541,P00927,4,6628,2025-07-03 22:16:34,貨到付款
T0000792,C04396,P01798,1,1745,2025-07-26 05:40:40,信用卡
T0000793,C04320,P00904,4,-324,2025-07-18 16:13:15,轉帳
T0000794,C01381,P00284,1,358,2025-07-15 13:16:07,信用卡
T0000795,C03950,P01501,3,945,2025-07-25 16:48:53,貨到付款
T0000796,C02074,P00839,1,1056,2025-07-13 10:55:42,信用卡
T0000797,C04671,P00048,3,7647,2025-07-14 21:00:24,信用卡
T0000798,C02538,P00278,1,2994,2025-07-09 11:20:41,轉帳
T0000799,C04102,P00633,3,927,2025-07-27 17:37:51,轉帳
T0000800,C01414,P01979,1,3428,2025-07-23 14:40:42,轉帳
T0000801,C01492,P01264,2,530,2025-07-27 05:05:40,行動支付
T0000802,C02934,P00798,1,819,2025-07-25 15:15:02,貨到付款
T0000803,C04994,P00027,1,1361,2025-07-08 11:16:37,轉帳
T0000804,C02448,P01582,2,1388,2025-07-26 10:53:46,行動支付
T0000805,C00742,P01323,4,12764,2025-07-24 14:58:48,信用卡
T0000806,C02692,P00345,4,10464,2025-07-16 21:16:55,信用卡
T0000807,C01725,P01185,1,4532,2025-07-11 08:00:19,行動支付
T0000808,C02759,P00367,2,2496,2025-07-18 12:34:54,貨到付款
T0000809,C02717,P00189,1,1673,2025-07-02 16:44:55,信用卡
T0000810,C02276,P00782,3,10710,2025-07-15 19:13:53,轉帳
T0000811,C01608,P00299,3,4041,2025-07-04 16:22:24,轉帳
T0000812,C00943,P00674,1,3965,2025-07-01 21:54:18,貨到付款
T0000813,C03487,P00043,4,3968,2025-07-06 11:29:38,行動支付
T0000814,C02858,P00784,4,4248,2025-07-25 20:57:23,信用卡
T0000815,C01167,P00607,1,3246,2025-07-27 13:56:19,轉帳
T0000816,C03877,P01910,1,3938,2025-07-26 11:53:07,轉帳
T0000817,C00218,P01098,3,8313,2025-07-04 08:30:36,貨到付款
T0000818,C03723,P00455,4,2796,2025-07-16 13:56:28,轉帳
T0000819,C03526,P00973,1,740,2025-07-12 06:47:22,行動支付
T0000820,C04057,P01447,3,10776,2025-07-14 13:09:32,貨到付款
T0000821,C01930,P00865,4,1220,2025-07-19 18:09:10,信用卡
T0000822,C03318,P01894,2,2152,2025-07-13 16:13:18,行動支付
T0000823,C04103,P00319,3,7545,2025-07-17 13:43:01,貨到付款
T0000824,C04904,P01938,4,13824,2025-07-25 11:00:38,信用卡
T0000825,C02476,P00119,4,15040,2025-07-17 11:43:24,貨到付款
T0000826,C00185,P01922,3,1803,2025-07-17 21:47:26,行動支付
T0000827,C02511,P00133,2,6504,2025-07-01 20:24:46,行動支付
T0000828,C02950,P00646,3,4500,2025-07-19 17:11:59,貨到付款
T0000829,C04348,P00953,4,1668,2025-07-28 22:45:55,貨到付款
T0000830,C04370,P00578,1,1800,2025-07-14 05:33:08,信用卡
T0000831,C02201,P00470,1,266,2025-07-30 14:35:30,貨到付款
T0000832,C02629,P01886,3,-45,2025-07-02 17:55:28,行動支付
T0000833,C02284,P01607,4,3600,2025-07-29 14:29:28,轉帳
T0000834,C03612,P00832,1,2723,2025-07-20 08:02:48,信用卡
T0000835,C02049,P00025,4,11232,2025-07-21 11:36:57,轉帳
T0000836,C03273,P00616,3,3330,2025-07-27 09:24:14,行動支付
T0000837,C00771,P00317,1,1953,2025-07-16 15:11:56,行動支付
T0000838,C02347,P01260,4,2244,2025-07-24 20:59:28,貨到付款
T0000839,C04846,P01368,1,720,2025-07-03 18:05:03,轉帳
T0000840,C01692,P00857,3,300,2025-07-31 14:15:22,行動支付
T0000841,C03463,P00243,4,11256,2025-07-04 09:38:26,行動支付
T0000842,C03249,P00258,1,2581,2025-07-06 04:50:02,轉帳
T0000843,C04258,P00563,3,8985,2025-07-14 16:57:41,貨到付款
T0000844,C04261,P01449,1,3208,2025-07-30 10:12:10,貨到付款
T0000845,C04296,P01614,1,3143,2025-07-08 10:49:15,信用卡
T0000846,C01900,P01728,2,1144,2025-07-02 19:13:39,轉帳
T0000847,C01583,P00739,2,578,2025-07-19 22:16:17,貨到付款
T0000848,C03593,P01940,3,2559,2025-07-13 00:25:52,轉帳
T0000849,C03797,P00126,2,2990,2025-07-23 21:53:54,行動支付
T0000850,C04361,P00894,3,12129,2025-07-31 22:36:16,信用卡
T0000851,C00179,P00834,2,7996,2025-07-23 11:58:00,轉帳
T0000852,C00342,P00418,1,283,2025-07-13 14:41:08,轉帳
T0000853,C03155,P00652,3,7854,2025-07-07 13:34:56,信用卡
T0000854,C04604,P00466,3,8151,2025-07-13 07:08:38,信用卡
T0000855,C04987,P01743,1,153,2025-07-10 06:32:21,貨到付款
T0000856,C03733,P00625,3,9594,2025-07-08 15:53:03,行動支付
T0000857,C02169,P01831,3,639,2025-07-02 19:55:16,轉帳
T0000858,C00492,P01945,2,6602,2025-07-09 16:52:35,貨到付款
T0000859,C03168,P01573,3,-48,2025-07-11 12:30:49,信用卡
T0000860,C04362,P01109,4,10460,2025-07-31 13:06:07,貨到付款
T0000861,C02218,P01154,1,3712,2025-07-31 16:48:48,貨到付款
T0000862,C03470,P00662,2,3056,2025-07-26 12:00:16,行動支付
T0000863,C04517,P00388,2,2198,2025-07-06 08:19:57,轉帳
T0000864,C00229,P00254,4,15548,2025-07-05 12:00:20,信用卡
T0000865,C03980,P00643,1,1376,2025-07-08 22:26:48,轉帳
T0000866,C01466,P01265,1,3363,2025-07-10 22:23:21,信用卡
T0000867,C01874,P01942,2,5404,2025-07-26 00:35:55,轉帳
T0000868,C00727,P00457,3,570,2025-07-31 14:33:40,貨到付款
T0000869,C02655,P01185,2,9064,2025-07-31 14:25:01,轉帳
T0000870,C02829,P00474,1,2021,2025-07-22 10:14:46,貨到付款
T0000871,C03962,P01639,4,1132,2025-07-19 22:10:07,行動支付
T0000872,C00849,P00977,2,876,2025-07-08 21:58:30,行動支付
T0000873,C00394,P00939,1,227,2025-07-02 21:05:39,貨到付款
T0000874,C04354,P00038,2,4444,2025-07-23 21:35:25,貨到付款
T0000875,C03098,P01021,3,7257,2025-07-31 14:13:37,行動支付
T0000876,C01204,P00191,2,7424,2025-07-25 16:08:34,轉帳
T0000877,C04564,P01500,2,1554,2025-07-26 11:33:49,轉帳
T0000878,C00715,P01247,1,1348,2025-07-16 10:56:33,貨到付款
T0000879,C02305,P00162,1,4305,2025-07-16 11:51:44,信用卡
T0000880,C01269,P00981,1,3765,2025-07-03 11:10:51,轉帳
T0000881,C01276,P01205,2,614,2025-07-10 16:51:26,轉帳
T0000882,C00046,P01781,3,5241,2025-07-06 13:07:30,信用卡
T0000883,C04023,P01916,4,11972,2025-07-30 18:25:19,信用卡
T0000884,C04506,P00532,4,1496,2025-07-10 08:00:15,轉帳
T0000885,C03388,P00898,1,2025,2025-07-07 19:34:35,轉帳
T0000886,C00789,P01554,1,-78,2025-07-17 00:00:01,貨到付款
T0000887,C02208,P01582,2,1388,2025-07-11 05:02:11,轉帳
T0000888,C01727,P00552,4,6348,2025-07-17 15:21:43,轉帳
T0000889,C02937,P00286,1,3481,2025-07-03 10:01:09,信用卡
T0000890,C03194,P01695,3,8187,2025-07-22 10:45:41,貨到付款
T0000891,C02121,P00118,3,1842,2025-07-25 00:46:56,轉帳
T0000892,C01250,P00493,1,130,2025-07-16 13:23:17,信用卡
T0000893,C04226,P01266,1,3191,2025-07-03 14:33:31,信用卡
T0000894,C00996,P00654,4,9468,2025-07-20 03:55:44,行動支付
T0000895,C01923,P01649,4,15288,2025-07-03 04:56:17,行動支付
T0000896,C02416,P00965,2,3056,2025-07-13 09:55:29,信用卡
T0000897,C01186,P00292,4,9860,2025-07-11 17:01:49,信用卡
T0000898,C02859,P00545,3,5178,2025-07-04 13:25:43,貨到付款
T0000899,C02874,P00640,3,6978,2025-07-22 16:16:17,轉帳
T0000900,C04963,P01970,1,3882,2025-07-06 19:14:55,貨到付款
T0000901,C01476,P01209,4,12680,2025-07-24 14:30:34,行動支付
T0000902,C04889,P01072,2,3506,2025-07-30 19:18:47,信用卡
T0000903,C03291,P01648,3,3822,2025-07-18 22:51:12,貨到付款
T0000904,C01372,P01291,3,11559,2025-07-07 01:23:32,行動支付
T0000905,C02829,P01915,2,4246,2025-07-31 15:57:15,轉帳
T0000906,C03428,P01195,2,3832,2025-07-23 16:25:34,轉帳
T0000907,C03723,P00240,3,9762,2025-07-23 17:27:03,信用卡
T0000908,C00245,P01466,3,4623,2025-07-26 02:16:21,信用卡
T0000909,C03032,P01470,2,7026,2025-07-15 22:09:14,轉帳
T0000910,C02483,P00389,3,6582,2025-07-05 09:04:17,信用卡
T0000911,C04520,P01597,1,2223,2025-07-24 18:21:32,行動支付
T0000912,C01430,P00564,1,2166,2025-07-23 07:40:29,信用卡
T0000913,C03994,P01581,2,4124,2025-07-01 07:02:46,行動支付
T0000914,C03035,P00845,4,16280,2025-07-04 16:31:38,信用卡
T0000915,C01761,P01637,2,6924,2025-07-28 22:42:08,轉帳
T0000916,C03183,P00021,2,2650,2025-07-01 17:22:04,貨到付款
T0000917,C03104,P00521,4,6232,2025-07-19 03:07:54,貨到付款
T0000918,C03388,P00288,4,8744,2025-07-18 10:46:46,信用卡
T0000919,C03604,P00050,4,7884,2025-07-12 03:14:45,行動支付
T0000920,C03295,P01303,1,2224,2025-07-05 23:28:53,貨到付款
T0000921,C04191,P01524,3,6084,2025-07-01 20:36:41,貨到付款
T0000922,C03141,P00157,1,3265,2025-07-28 11:30:37,信用卡
T0000923,C04517,P00929,3,5175,2025-07-11 15:37:58,貨到付款
T0000924,C03231,P01819,1,786,2025-07-04 13:40:58,信用卡
T0000925,C01544,P00295,3,9174,2025-07-12 21:51:07,貨到付款
T0000926,C02204,P01251,1,404,2025-07-03 14:13:51,信用卡
T0000927,C02897,P01110,4,12948,2025-07-20 15:05:18,貨到付款
T0000928,C03661,P01187,2,1180,2025-07-20 03:01:57,貨到付款
T0000929,C00450,P01516,1,744,2025-07-26 11:53:59,行動支付
T0000930,C01475,P00215,3,7671,2025-07-15 12:54:07,貨到付款
T0000931,C03737,P00547,4,1216,2025-07-26 23:58:11,行動支付
T0000932,C00878,P00551,1,1108,2025-07-10 16:29:52,行動支付
T0000933,C00660,P01412,1,1040,2025-07-08 16:10:24,貨到付款
T0000934,C02697,P00906,4,2752,2025-07-05 08:05:33,信用卡
T0000935,C04857,P00325,1,2630,2025-07-30 16:44:04,行動支付
T0000936,C02654,P00257,2,874,2025-07-06 07:36:50,信用卡
T0000937,C04567,P01912,1,2434,2025-07-30 15:28:15,轉帳
T0000938,C04152,P00247,2,3124,2025-07-25 22:27:45,信用卡
T0000939,C01284,P01735,2,370,2025-07-26 11:10:56,轉帳
T0000940,C04123,P01105,4,11648,2025-07-25 11:12:40,行動支付
T0000941,C02409,P00737,1,1759,2025-07-10 11:56:21,貨到付款
T0000942,C04032,P00630,4,6720,2025-07-28 12:57:29,行動支付
T0000943,C03732,P01441,1,601,2025-07-17 15:38:55,轉帳
T0000944,C01693,P01100,1,3793,2025-07-13 08:07:21,行動支付
T0000945,C00575,P01257,3,6723,2025-07-29 14:45:54,行動支付
T0000946,C04814,P01292,1,3822,2025-07-10 11:33:55,信用卡
T0000947,C00703,P00791,4,1720,2025-07-22 17:53:10,貨到付款
T0000948,C04832,P00653,2,5674,2025-07-20 21:03:48,貨到付款
T0000949,C04300,P01672,1,964,2025-07-26 05:59:34,信用卡
T0000950,C03621,P00069,3,12651,2025-07-21 01:18:08,信用卡
T0000951,C04899,P00565,4,2156,2025-07-10 15:55:26,轉帳
T0000952,C04836,P01131,1,4062,2025-07-31 03:01:46,行動支付
T0000953,C04022,P01137,4,13944,2025-07-02 16:00:38,轉帳
T0000954,C01828,P01766,3,9621,2025-07-03 14:22:30,行動支付
T0000955,C03953,P00111,3,7467,2025-07-08 15:08:18,信用卡
T0000956,C00069,P01434,4,7628,2025-07-29 10:24:44,貨到付款
T0000957,C02682,P00263,1,2948,2025-07-25 22:53:08,行動支付
T0000958,C02273,P00127,2,8600,2025-07-05 08:38:09,貨到付款
T0000959,C03364,P00135,3,6213,2025-07-30 02:26:50,信用卡
T0000960,C03361,P00303,1,3382,2025-07-20 05:38:48,貨到付款
T0000961,C02922,P01045,1,140,2025-07-03 18:17:59,信用卡
T0000962,C04112,P01880,2,5040,2025-07-27 15:03:58,行動支付
T0000963,C04701,P00470,3,798,2025-07-04 18:09:29,行動支付
T0000964,C00541,P01509,3,9993,2025-07-08 08:45:07,貨到付款
T0000965,C01169,P01944,1,2064,2025-07-25 14:52:11,貨到付款
T0000966,C00125,P00676,1,447,2025-07-13 07:04:16,貨到付款
T0000967,C04421,P00825,2,2772,2025-07-16 22:21:26,行動支付
T0000968,C02807,P01501,2,630,2025-07-19 23:00:56,貨到付款
T0000969,C04576,P00984,3,7611,2025-07-01 17:33:17,貨到付款
T0000970,C01106,P01090,4,4520,2025-07-05 22:51:14,轉帳
T0000971,C00316,P01049,3,1332,2025-07-07 22:39:33,信用卡
T0000972,C04119,P01283,1,2861,2025-07-24 12:51:19,貨到付款
T0000973,C04546,P00791,3,1290,2025-07-06 03:34:40,貨到付款
T0000974,C01510,P00309,4,12332,2025-07-08 20:48:41,轉帳
T0000975,C02041,P01645,2,6280,2025-07-25 12:26:43,轉帳
T0000976,C00698,P01628,4,15316,2025-07-14 21:30:50,貨到付款
T0000977,C04731,P00896,4,4780,2025-07-16 20:05:22,行動支付
T0000978,C01521,P00230,4,5704,2025-07-08 21:01:50,貨到付款
T0000979,C02463,P01822,2,270,2025-07-06 03:49:58,貨到付款
T0000980,C00485,P00521,4,6232,2025-07-06 17:29:46,行動支付
T0000981,C04436,P00478,4,15980,2025-07-25 11:20:00,信用卡
T0000982,C00678,P01289,4,10504,2025-07-02 18:09:38,信用卡
T0000983,C02268,P01115,1,3022,2025-07-19 00:02:45,信用卡
T0000984,C03352,P00104,4,14768,2025-07-21 04:19:53,貨到付款
T0000985,C03715,P01685,2,1478,2025-07-15 14:55:53,轉帳
T0000986,C04729,P00451,4,4592,2025-07-21 12:09:28,行動支付
T0000987,C02095,P00084,4,12428,2025-07-17 15:53:47,貨到付款
T0000988,C03711,P00438,2,4642,2025-07-23 12:16:42,轉帳
T0000989,C00772,P00465,4,14336,2025-07-31 03:58:18,信用卡
T0000990,C02074,P00305,2,814,2025-07-06 15:07:25,轉帳
T0000991,C00495,P01740,4,7380,2025-07-20 11:09:46,轉帳
T0000992,C02446,P01001,2,3170,2025-07-23 19:47:27,信用卡
T0000993,C02040,P00645,4,608,2025-07-15 22:51:55,轉帳
T0000994,C04757,P01511,4,7880,2025-07-09 22:14:39,信用卡
T0000995,C00163,P01340,1,-7,2025-07-07 12:14:43,貨到付款
T0000996,C01852,P00038,1,2222,2025-07-19 09:01:17,轉帳
T0000997,C02216,P01531,4,8004,2025-07-11 20:47:49,行動支付
T0000998,C04752,P00984,4,10148,2025-07-22 16:11:50,轉帳
T0000999,C04277,P01339,3,1248,2025-07-23 13:32:30,轉帳
T0001000,C00496,P01394,2,330,2025-07-18 18:21:29,轉帳
T0001001,C03428,P01100,3,11379,2025-07-07 11:51:52,行動支付
T0001002,C02722,P00080,1,274,2025-07-17 07:14:15,貨到付款
T0001003,C04889,P01179,1,3345,2025-07-01 22:14:17,信用卡
T0001004,C01793,P00417,1,1661,2025-07-11 11:57:53,轉帳
T0001005,C01990,P01165,1,719,2025-07-22 11:11:14,轉帳
T0001006,C00949,P00014,4,15328,2025-07-14 12:54:11,行動支付
T0001007,C00610,P01403,1,2591,2025-07-05 07:30:59,信用卡
T0001008,C04240,P01163,4,2136,2025-07-09 01:36:34,轉帳
T0001009,C02273,P00736,4,14000,2025-07-12 04:52:29,信用卡
T0001010,C03313,P01797,1,2657,2025-07-06 01:14:22,貨到付款
T0001011,C03208,P00328,1,2195,2025-07-02 12:04:25,轉帳
T0001012,C02985,P00425,2,566,2025-07-02 09:52:08,信用卡
T0001013,C00106,P01072,3,5259,2025-07-11 07:01:31,轉帳
T0001014,C03933,P01830,1,3250,2025-07-23 06:22:20,轉帳
T0001015,C01217,P01488,2,6134,2025-07-18 21:03:51,轉帳
T0001016,C00629,P00562,2,3466,2025-07-19 22:17:40,信用卡
T0001017,C02822,P01112,3,10599,2025-07-23 03:09:09,貨到付款
T0001018,C00343,P01021,4,9676,2025-07-29 17:43:43,貨到付款
T0001019,C03825,P00319,1,2515,2025-07-10 22:25:19,轉帳
T0001020,C01035,P00403,3,624,2025-07-03 05:39:10,行動支付
T0001021,C01079,P01215,1,2194,2025-07-12 19:54:05,行動支付
T0001022,C04348,P00668,2,4790,2025-07-05 07:32:51,行動支付
T0001023,C01642,P00654,2,4734,2025-07-27 00:31:49,貨到付款
T0001024,C00737,P00520,4,3792,2025-07-17 05:05:54,貨到付款
T0001025,C04502,P00238,2,6770,2025-07-08 20:46:56,轉帳
T0001026,C00014,P00570,2,7016,2025-07-12 21:22:45,行動支付
T0001027,C04292,P00057,3,9597,2025-07-24 11:44:19,信用卡
T0001028,C00723,P01206,1,2776,2025-07-20 23:59:48,轉帳
T0001029,C00649,P01302,1,3188,2025-07-03 17:55:30,貨到付款
T0001030,C01253,P01023,3,9375,2025-07-04 13:31:54,行動支付
T0001031,C00872,P00811,4,15252,2025-07-25 12:31:07,信用卡
T0001032,C03305,P00369,1,3744,2025-07-29 22:27:51,行動支付
T0001033,C00128,P00083,2,8632,2025-07-08 10:32:40,行動支付
T0001034,C00074,P01609,1,2250,2025-07-21 09:17:26,行動支付
T0001035,C03949,P01485,2,5058,2025-07-08 01:50:27,貨到付款
T0001036,C01189,P01748,4,724,2025-07-04 19:08:54,貨到付款
T0001037,C01618,P00400,3,3264,2025-07-28 05:42:55,信用卡
T0001038,C00871,P01140,1,1005,2025-07-18 17:57:45,信用卡
T0001039,C00261,P01494,3,10182,2025-07-14 11:08:00,行動支付
T0001040,C03708,P01665,1,187,2025-07-28 19:29:27,行動支付
T0001041,C02630,P01348,2,2450,2025-07-31 05:02:18,行動支付
T0001042,C03728,P01773,3,5940,2025-07-05 01:38:35,貨到付款
T0001043,C02381,P01635,1,2477,2025-07-22 13:51:22,轉帳
T0001044,C03890,P00721,2,1532,2025-07-22 17:38:28,貨到付款
T0001045,C02566,P00108,3,7404,2025-07-15 21:19:12,貨到付款
T0001046,C00545,P01252,3,1551,2025-07-22 11:27:01,貨到付款
T0001047,C02519,P01133,1,2713,2025-07-30 22:02:47,信用卡
T0001048,C04727,P01768,1,1286,2025-07-25 17:06:02,轉帳
T0001049,C00216,P00504,1,2018,2025-07-03 21:48:48,轉帳
T0001050,C03916,P01022,2,6110,2025-07-14 19:54:03,轉帳
T0001051,C04334,P00619,1,1427,2025-07-24 11:09:31,行動支付
T0001052,C02607,P00432,3,7962,2025-07-27 12:32:35,貨到付款
T0001053,C02290,P00361,3,12381,2025-07-04 16:13:02,行動支付
T0001054,C04820,P00667,1,2288,2025-07-09 20:57:25,轉帳
T0001055,C00304,P00999,1,2524,2025-07-22 08:15:35,貨到付款
T0001056,C02394,P01439,4,-392,2025-07-17 08:32:30,轉帳
T0001057,C02008,P01439,3,-294,2025-07-23 16:22:05,轉帳
T0001058,C03430,P00915,2,2908,2025-07-17 20:22:59,轉帳
T0001059,C02451,P00781,4,-224,2025-07-14 22:02:22,信用卡
T0001060,C04548,P01507,1,948,2025-07-21 02:37:24,行動支付
T0001061,C00367,P01841,1,1969,2025-07-11 23:48:35,行動支付
T0001062,C00403,P00960,3,807,2025-07-18 19:24:30,貨到付款
T0001063,C03041,P01193,1,2249,2025-07-06 12:00:30,轉帳
T0001064,C00328,P01590,2,3690,2025-07-31 10:31:10,貨到付款
T0001065,C01375,P01334,3,1494,2025-07-27 00:40:35,轉帳
T0001066,C03165,P01875,1,1215,2025-07-04 18:55:18,貨到付款
T0001067,C02741,P00155,3,2019,2025-07-15 10:12:29,轉帳
T0001068,C01625,P00214,1,1656,2025-07-07 13:18:01,轉帳
T0001069,C04973,P00000,1,2843,2025-07-15 15:46:46,行動支付
T0001070,C02652,P00062,1,1327,2025-07-23 19:34:14,貨到付款
T0001071,C02268,P00100,2,3482,2025-07-02 19:38:28,貨到付款
T0001072,C03027,P00022,2,4706,2025-07-31 21:48:38,轉帳
T0001073,C00495,P00548,3,2574,2025-07-19 15:36:23,行動支付
T0001074,C03508,P00000,1,2843,2025-07-04 17:22:18,信用卡
T0001075,C04263,P00890,1,1334,2025-07-20 13:26:29,行動支付
T0001076,C03254,P01457,2,6886,2025-07-29 06:24:30,行動支付
T0001077,C03844,P01922,1,601,2025-07-09 16:27:24,行動支付
T0001078,C03604,P00194,2,2832,2025-07-17 15:26:28,行動支付
T0001079,C01075,P00736,1,3500,2025-07-12 01:35:21,轉帳
T0001080,C02257,P01291,3,11559,2025-07-25 15:06:05,信用卡
T0001081,C01142,P01941,1,965,2025-07-14 12:27:02,信用卡
T0001082,C01694,P01483,1,3186,2025-07-12 16:50:23,貨到付款
T0001083,C02267,P00745,4,14352,2025-07-27 09:19:15,信用卡
T0001084,C02079,P00559,2,5096,2025-07-30 19:32:03,行動支付
T0001085,C00475,P01307,1,2205,2025-07-30 17:28:13,信用卡
T0001086,C02133,P00594,1,2497,2025-07-19 22:01:46,貨到付款
T0001087,C03325,P00069,4,16868,2025-07-02 10:33:53,信用卡
T0001088,C01871,P00240,4,13016,2025-07-31 13:21:48,信用卡
T0001089,C00763,P00283,2,3016,2025-07-26 05:49:30,轉帳
T0001090,C04614,P00913,4,452,2025-07-23 15:50:15,貨到付款
T0001091,C00335,P01864,3,882,2025-07-01 18:06:24,信用卡
T0001092,C04158,P01966,4,10780,2025-07-16 18:30:06,貨到付款
T0001093,C00466,P01829,3,315,2025-07-19 18:53:26,轉帳
T0001094,C00482,P00240,2,6508,2025-07-04 13:35:30,行動支付
T0001095,C03693,P01273,2,2972,2025-07-22 10:54:06,行動支付
T0001096,C04058,P01904,2,3042,2025-07-05 06:03:08,貨到付款
T0001097,C02781,P01585,2,5146,2025-07-31 13:52:18,轉帳
T0001098,C02932,P01760,2,512,2025-07-11 12:42:03,貨到付款
T0001099,C02807,P01864,3,882,2025-07-11 12:02:32,貨到付款
T0001100,C01648,P00349,3,-96,2025-07-24 18:42:36,轉帳
T0001101,C00611,P00225,2,3594,2025-07-19 22:53:13,行動支付
T0001102,C01767,P01449,4,12832,2025-07-19 20:25:40,行動支付
T0001103,C03326,P00910,1,2912,2025-07-15 11:32:30,轉帳
T0001104,C03751,P01772,2,926,2025-07-05 07:06:25,行動支付
T0001105,C04340,P01389,4,12200,2025-07-07 01:51:50,轉帳
T0001106,C03605,P00546,1,2210,2025-07-25 12:33:14,貨到付款
T0001107,C04841,P00045,2,4054,2025-07-25 18:01:01,轉帳
T0001108,C03002,P01126,2,-96,2025-07-19 01:14:20,行動支付
T0001109,C01758,P00126,3,4485,2025-07-06 14:39:59,貨到付款
T0001110,C02889,P01383,1,1711,2025-07-08 22:31:44,行動支付
T0001111,C01063,P00430,1,2510,2025-07-23 12:28:36,轉帳
T0001112,C03283,P00795,4,-264,2025-07-19 23:26:20,貨到付款
T0001113,C01121,P00754,3,5802,2025-07-09 14:24:09,轉帳
T0001114,C00541,P00074,3,3420,2025-07-17 17:44:12,行動支付
T0001115,C04226,P00864,3,3543,2025-07-12 02:38:51,信用卡
T0001116,C01837,P00931,3,7764,2025-07-13 03:21:09,行動支付
T0001117,C03813,P00350,1,453,2025-07-15 19:40:25,貨到付款
T0001118,C02870,P00026,1,2037,2025-07-02 00:08:15,行動支付
T0001119,C04036,P01794,2,1278,2025-07-02 09:57:18,貨到付款
T0001120,C04225,P01313,2,4154,2025-07-02 13:47:29,貨到付款
T0001121,C04872,P01918,3,2175,2025-07-15 20:06:11,信用卡
T0001122,C04092,P01752,3,4647,2025-07-12 01:23:33,貨到付款
T0001123,C03067,P01419,3,3204,2025-07-19 17:52:16,轉帳
T0001124,C03213,P01437,2,300,2025-07-04 22:54:40,貨到付款
T0001125,C00131,P00405,4,9568,2025-07-06 18:32:56,貨到付款
T0001126,C04645,P00534,4,1764,2025-07-30 00:04:26,轉帳
T0001127,C04147,P01342,2,8338,2025-07-13 10:45:34,轉帳
T0001128,C01337,P01926,2,2544,2025-07-26 02:11:13,轉帳
T0001129,C00902,P00376,2,3556,2025-07-19 03:33:35,信用卡
T0001130,C03513,P01379,2,5970,2025-07-10 19:31:40,信用卡
T0001131,C01544,P01620,2,484,2025-07-20 00:35:24,信用卡
T0001132,C01699,P01991,2,6144,2025-07-26 04:05:20,轉帳
T0001133,C00030,P00088,3,2313,2025-07-05 11:39:20,貨到付款
T0001134,C04349,P01126,3,-144,2025-07-27 13:51:54,信用卡
T0001135,C02831,P01713,3,5847,2025-07-28 12:19:09,行動支付
T0001136,C02003,P01117,3,6033,2025-07-01 10:51:16,行動支付
T0001137,C00709,P01405,2,5076,2025-07-23 16:16:34,轉帳
T0001138,C03165,P01583,4,12340,2025-07-18 20:12:46,轉帳
T0001139,C00153,P01431,1,251,2025-07-03 11:29:15,貨到付款
T0001140,C03730,P01485,2,5058,2025-07-15 05:23:02,轉帳
T0001141,C01075,P00573,1,202,2025-07-08 22:53:53,貨到付款
T0001142,C02099,P00176,4,2864,2025-07-28 08:34:02,行動支付
T0001143,C01704,P00734,3,6201,2025-07-23 10:43:24,貨到付款
T0001144,C01850,P01641,4,7616,2025-07-21 16:07:58,信用卡
T0001145,C03607,P01089,2,8872,2025-07-09 19:38:48,信用卡
T0001146,C03884,P00746,3,11616,2025-07-08 18:26:00,貨到付款
T0001147,C02837,P01803,2,4172,2025-07-13 02:16:29,轉帳
T0001148,C00424,P01452,3,-81,2025-07-30 19:05:55,信用卡
T0001149,C00263,P01081,1,572,2025-07-17 16:47:07,轉帳
T0001150,C00787,P00641,1,1121,2025-07-27 02:37:51,信用卡
T0001151,C03089,P01278,1,1957,2025-07-26 14:46:20,轉帳
T0001152,C03369,P00814,4,640,2025-07-28 22:42:43,行動支付
T0001153,C01360,P01160,2,3574,2025-07-20 03:19:46,轉帳
T0001154,C03309,P00744,4,12364,2025-07-16 14:35:42,轉帳
T0001155,C02428,P01967,1,1172,2025-07-25 11:04:02,行動支付
T0001156,C02210,P01534,2,224,2025-07-08 11:17:05,信用卡
T0001157,C01365,P00295,1,3058,2025-07-07 19:33:06,信用卡
T0001158,C03774,P01345,4,6232,2025-07-04 22:54:35,信用卡
T0001159,C00569,P01778,4,14364,2025-07-21 07:00:21,轉帳
T0001160,C02149,P01351,4,840,2025-07-30 06:45:14,行動支付
T0001161,C01416,P00815,1,1245,2025-07-06 07:07:28,行動支付
T0001162,C03392,P01922,2,1202,2025-07-28 16:00:19,信用卡
T0001163,C02433,P00172,2,2908,2025-07-10 14:32:23,轉帳
T0001164,C03335,P00506,1,2558,2025-07-14 00:47:17,貨到付款
T0001165,C00227,P00275,2,7242,2025-07-26 01:57:24,貨到付款
T0001166,C01976,P01849,1,1595,2025-07-15 07:42:52,行動支付
T0001167,C02996,P01290,2,2018,2025-07-17 14:13:04,行動支付
T0001168,C00038,P00901,3,10404,2025-07-01 11:16:51,行動支付
T0001169,C01507,P01078,3,9795,2025-07-26 08:58:24,轉帳
T0001170,C01056,P01360,4,1468,2025-07-09 12:08:48,貨到付款
T0001171,C00686,P01779,3,6804,2025-07-05 10:42:30,信用卡
T0001172,C01277,P00686,3,4212,2025-07-20 06:03:29,行動支付
T0001173,C01640,P01836,3,7080,2025-07-24 12:14:13,貨到付款
T0001174,C00038,P01965,1,1725,2025-07-28 23:28:16,信用卡
T0001175,C03735,P00290,3,756,2025-07-09 17:37:39,行動支付
T0001176,C00878,P00683,3,5250,2025-07-30 22:28:00,行動支付
T0001177,C01901,P01265,4,13452,2025-07-20 22:15:38,貨到付款
T0001178,C03518,P01489,3,3855,2025-07-04 18:25:47,行動支付
T0001179,C02501,P01702,3,10152,2025-07-20 06:11:52,轉帳
T0001180,C04166,P01147,2,2746,2025-07-21 14:19:04,貨到付款
T0001181,C04031,P01954,4,1968,2025-07-01 20:01:14,轉帳
T0001182,C00360,P01584,4,8336,2025-07-06 10:51:28,轉帳
T0001183,C04308,P01649,4,15288,2025-07-12 05:04:44,轉帳
T0001184,C00211,P00792,4,9176,2025-07-21 16:22:31,信用卡
T0001185,C00093,P01646,4,11604,2025-07-30 22:15:05,信用卡
T0001186,C04605,P01761,4,2108,2025-07-22 20:05:01,轉帳
T0001187,C04310,P01981,1,2988,2025-07-18 17:41:21,行動支付
T0001188,C02878,P01087,3,3732,2025-07-10 14:06:10,轉帳
T0001189,C02866,P01039,4,11168,2025-07-11 11:02:24,貨到付款
T0001190,C03547,P01150,3,7899,2025-07-30 12:03:17,行動支付
T0001191,C02088,P00509,3,4920,2025-07-15 12:33:25,貨到付款
T0001192,C00575,P01100,1,3793,2025-07-15 17:56:35,信用卡
T0001193,C00104,P01884,4,15688,2025-07-13 18:40:37,轉帳
T0001194,C01623,P01479,2,602,2025-07-27 12:17:32,轉帳
T0001195,C04006,P01368,1,720,2025-07-09 15:29:00,行動支付
T0001196,C03090,P01575,2,4204,2025-07-29 17:25:51,行動支付
T0001197,C04160,P00978,3,3930,2025-07-04 01:03:58,轉帳
T0001198,C04598,P00650,3,9615,2025-07-29 14:29:00,貨到付款
T0001199,C00440,P01672,1,964,2025-07-25 05:31:48,轉帳
T0001200,C04222,P00746,1,3872,2025-07-28 11:30:20,信用卡
T0001201,C01216,P01873,2,582,2025-07-19 21:38:12,信用卡
T0001202,C02944,P01046,4,10572,2025-07-26 04:59:02,信用卡
T0001203,C02619,P01638,2,762,2025-07-15 16:07:59,行動支付
T0001204,C01978,P00438,1,2321,2025-07-29 05:06:36,信用卡
T0001205,C01551,P00702,2,4676,2025-07-23 19:53:03,貨到付款
T0001206,C01697,P00815,1,1245,2025-07-02 12:01:10,貨到付款
T0001207,C01665,P01503,2,8086,2025-07-30 07:18:18,轉帳
T0001208,C00840,P00212,1,1232,2025-07-03 22:51:22,行動支付
T0001209,C02552,P01280,1,982,2025-07-11 20:27:28,貨到付款
T0001210,C00570,P00907,1,1138,2025-07-09 11:14:42,行動支付
T0001211,C02549,P01668,4,8616,2025-07-22 15:42:36,轉帳
T0001212,C04529,P01790,2,1736,2025-07-24 14:44:59,信用卡
T0001213,C01746,P00376,2,3556,2025-07-11 13:10:14,轉帳
T0001214,C03636,P00001,2,1108,2025-07-19 23:30:49,行動支付
T0001215,C04094,P01587,1,2073,2025-07-22 02:13:46,信用卡
T0001216,C04075,P01009,2,4124,2025-07-08 13:58:00,行動支付
T0001217,C01181,P00215,2,5114,2025-07-29 22:03:19,信用卡
T0001218,C00732,P00288,1,2186,2025-07-20 16:37:37,貨到付款
T0001219,C00986,P00144,3,480,2025-07-06 09:25:22,貨到付款
T0001220,C03011,P01900,1,1758,2025-07-07 18:45:07,信用卡
T0001221,C03801,P00483,2,1638,2025-07-31 19:30:41,轉帳
T0001222,C03277,P00812,1,3219,2025-07-27 10:06:29,行動支付
T0001223,C00885,P01650,3,1284,2025-07-07 22:55:19,行動支付
T0001224,C03864,P01083,1,4073,2025-07-25 14:58:09,貨到付款
T0001225,C02470,P00193,2,1620,2025-07-09 15:45:46,信用卡
T0001226,C03772,P01628,3,11487,2025-07-05 22:12:50,貨到付款
T0001227,C03799,P00047,4,3916,2025-07-24 20:52:22,信用卡
T0001228,C02244,P00062,2,2654,2025-07-28 15:54:21,貨到付款
T0001229,C04620,P00242,3,10566,2025-07-22 11:39:09,轉帳
T0001230,C02822,P00371,3,5178,2025-07-28 15:51:24,行動支付
T0001231,C03176,P01552,4,12924,2025-07-18 14:05:16,轉帳
T0001232,C03122,P00142,1,481,2025-07-23 05:59:15,貨到付款
T0001233,C04321,P00506,1,2558,2025-07-09 16:50:07,貨到付款
T0001234,C03136,P01902,2,6350,2025-07-29 19:58:38,貨到付款
T0001235,C00754,P00843,4,7428,2025-07-13 10:02:27,貨到付款
T0001236,C00341,P00715,1,2104,2025-07-01 13:35:41,行動支付
T0001237,C02211,P00806,4,7988,2025-07-04 15:14:52,貨到付款
T0001238,C01514,P01395,1,3479,2025-07-11 15:08:07,行動支付
T0001239,C01373,P00600,3,10353,2025-07-29 18:24:08,信用卡
T0001240,C00280,P00775,1,650,2025-07-11 01:44:51,信用卡
T0001241,C02536,P00416,4,10728,2025-07-19 13:12:59,轉帳
T0001242,C01552,P00857,3,300,2025-07-29 13:16:25,信用卡
T0001243,C02259,P01179,3,10035,2025-07-10 14:52:37,信用卡
T0001244,C00284,P00956,3,7491,2025-07-18 18:28:00,轉帳
T0001245,C04158,P01229,4,5684,2025-07-04 22:42:40,行動支付
T0001246,C00383,P00083,2,8632,2025-07-21 12:31:00,行動支付
T0001247,C04321,P00982,2,7888,2025-07-28 21:38:45,貨到付款
T0001248,C04276,P00063,2,6462,2025-07-08 11:08:30,轉帳
T0001249,C03075,P00639,4,7904,2025-07-23 20:06:46,轉帳
T0001250,C02535,P00062,3,3981,2025-07-18 22:25:47,行動支付
T0001251,C02313,P01401,2,680,2025-07-19 23:23:20,信用卡
T0001252,C02771,P01722,4,7612,2025-07-05 14:54:41,行動支付
T0001253,C03959,P00767,2,3904,2025-07-02 13:39:59,行動支付
T0001254,C04479,P01078,1,3265,2025-07-06 09:03:00,信用卡
T0001255,C02248,P00196,2,5704,2025-07-02 18:50:50,行動支付
T0001256,C04049,P01377,2,1518,2025-07-27 02:49:47,轉帳
T0001257,C03259,P01240,3,-15,2025-07-02 06:20:27,貨到付款
T0001258,C01607,P00702,4,9352,2025-07-03 14:54:37,信用卡
T0001259,C02378,P01942,3,8106,2025-07-15 10:16:50,信用卡
T0001260,C00754,P00980,3,6450,2025-07-09 22:47:39,貨到付款
T0001261,C00309,P00054,3,2760,2025-07-21 15:08:05,行動支付
T0001262,C00517,P00077,3,11286,2025-07-28 11:03:43,信用卡
T0001263,C04495,P00974,3,5889,2025-07-24 16:08:41,貨到付款
T0001264,C01717,P01811,2,6640,2025-07-25 10:54:19,貨到付款
T0001265,C03571,P00949,3,642,2025-07-22 22:53:36,貨到付款
T0001266,C02522,P01087,3,3732,2025-07-20 01:43:43,信用卡
T0001267,C00862,P00165,4,14496,2025-07-31 21:45:52,轉帳
T0001268,C01238,P01448,1,2201,2025-07-18 20:30:08,信用卡
T0001269,C02188,P01431,2,502,2025-07-07 18:13:04,信用卡
T0001270,C02197,P01844,2,874,2025-07-02 12:16:33,信用卡
T0001271,C02613,P00909,2,336,2025-07-04 15:56:29,貨到付款
T0001272,C00793,P01498,3,4428,2025-07-31 17:40:26,行動支付
T0001273,C01864,P00482,3,8835,2025-07-28 21:23:20,轉帳
T0001274,C01414,P01968,3,9348,2025-07-24 14:38:08,貨到付款
T0001275,C02043,P00068,4,3756,2025-07-05 23:49:33,貨到付款
T0001276,C01691,P00619,1,1427,2025-07-18 10:08:01,貨到付款
T0001277,C02989,P01554,3,-234,2025-07-14 11:05:33,行動支付
T0001278,C03946,P01709,1,3122,2025-07-24 22:52:18,轉帳
T0001279,C03236,P00433,4,14404,2025-07-04 15:04:40,行動支付
T0001280,C00329,P00821,2,8236,2025-07-21 17:45:14,貨到付款
T0001281,C00472,P00020,3,5346,2025-07-27 00:12:26,行動支付
T0001282,C03391,P00256,1,1552,2025-07-09 19:44:40,信用卡
T0001283,C01420,P01725,1,2382,2025-07-14 17:27:32,轉帳
T0001284,C03618,P01561,3,2589,2025-07-07 12:40:39,信用卡
T0001285,C03282,P01871,2,3936,2025-07-19 01:54:29,行動支付
T0001286,C04531,P00888,2,5146,2025-07-14 12:53:15,貨到付款
T0001287,C04366,P01004,2,7604,2025-07-05 05:36:42,信用卡
T0001288,C01666,P00926,4,14344,2025-07-03 18:46:14,行動支付
T0001289,C02913,P01394,1,165,2025-07-22 10:21:08,轉帳
T0001290,C00707,P00776,1,1062,2025-07-26 21:09:56,貨到付款
T0001291,C01749,P01849,1,1595,2025-07-29 17:25:51,轉帳
T0001292,C04838,P01307,4,8820,2025-07-15 21:11:24,行動支付
T0001293,C03492,P00097,1,4397,2025-07-29 17:29:37,轉帳
T0001294,C01959,P01171,4,3504,2025-07-09 17:39:36,信用卡
T0001295,C02975,P01396,2,1996,2025-07-11 20:10:59,轉帳
T0001296,C04690,P00982,3,11832,2025-07-06 07:58:39,貨到付款
T0001297,C01547,P01804,1,3004,2025-07-14 19:16:19,行動支付
T0001298,C01883,P00586,1,3122,2025-07-22 15:48:15,轉帳
T0001299,C03958,P00325,2,5260,2025-07-26 22:40:27,轉帳
T0001300,C04065,P00580,3,1863,2025-07-25 18:34:27,轉帳
T0001301,C03350,P00662,4,6112,2025-07-17 08:56:07,轉帳
T0001302,C04144,P00219,3,3114,2025-07-03 12:14:14,貨到付款
T0001303,C03693,P00309,2,6166,2025-07-02 14:01:38,行動支付
T0001304,C03427,P01674,2,746,2025-07-23 15:20:35,信用卡
T0001305,C02631,P00398,3,1854,2025-07-16 15:53:21,信用卡
T0001306,C03230,P00972,4,4240,2025-07-11 18:38:43,貨到付款
T0001307,C02117,P00011,4,14152,2025-07-22 19:03:49,信用卡
T0001308,C01809,P01551,1,3086,2025-07-21 21:44:56,貨到付款
T0001309,C01812,P01613,4,12344,2025-07-06 18:33:30,行動支付
T0001310,C00901,P01810,3,4098,2025-07-30 17:10:59,信用卡
T0001311,C01070,P01544,2,5090,2025-07-12 13:44:09,貨到付款
T0001312,C04738,P00087,1,1466,2025-07-01 18:17:24,貨到付款
T0001313,C02431,P00365,1,3351,2025-07-31 11:10:07,行動支付
T0001314,C01132,P00680,2,6046,2025-07-14 10:46:25,貨到付款
T0001315,C00687,P01366,4,10252,2025-07-13 17:13:09,信用卡
T0001316,C00385,P01691,2,1404,2025-07-07 12:19:04,貨到付款
T0001317,C04222,P00457,4,760,2025-07-18 20:11:39,信用卡
T0001318,C00505,P00889,2,6098,2025-07-11 13:39:37,信用卡
T0001319,C03854,P01401,3,1020,2025-07-19 22:29:49,轉帳
T0001320,C04175,P01823,4,11444,2025-07-08 18:58:50,貨到付款
T0001321,C04418,P00203,3,8982,2025-07-19 04:53:22,行動支付
T0001322,C00188,P00278,1,2994,2025-07-16 20:20:48,貨到付款
T0001323,C01683,P01480,2,2982,2025-07-12 01:41:52,轉帳
T0001324,C03831,P01893,1,1228,2025-07-05 06:28:17,轉帳
T0001325,C00655,P01125,1,321,2025-07-22 06:04:30,轉帳
T0001326,C01883,P00876,1,1623,2025-07-22 11:25:59,信用卡
T0001327,C00811,P00733,1,728,2025-07-15 00:45:33,行動支付
T0001328,C04156,P01397,2,1840,2025-07-14 10:22:25,行動支付
T0001329,C03855,P00041,1,3553,2025-07-31 17:55:27,行動支付
T0001330,C04045,P01050,2,882,2025-07-04 07:23:35,行動支付
T0001331,C00827,P01387,2,2946,2025-07-10 19:10:13,貨到付款
T0001332,C02188,P01269,3,597,2025-07-07 02:00:34,行動支付
T0001333,C02054,P00212,4,4928,2025-07-02 13:15:02,貨到付款
T0001334,C03381,P00947,4,9008,2025-07-24 22:44:09,信用卡
T0001335,C01187,P00557,2,2100,2025-07-19 23:40:16,信用卡
T0001336,C02220,P01114,3,3174,2025-07-21 16:32:29,轉帳
T0001337,C01424,P00844,2,8524,2025-07-08 22:53:55,行動支付
T0001338,C03742,P00130,2,648,2025-07-06 19:02:56,轉帳
T0001339,C02244,P00525,2,3084,2025-07-16 18:33:33,貨到付款
T0001340,C02670,P01897,3,7740,2025-07-07 06:40:28,貨到付款
T0001341,C01547,P00715,4,8416,2025-07-08 18:22:48,行動支付
T0001342,C04043,P00802,3,1584,2025-07-30 12:22:09,信用卡
T0001343,C02345,P01838,1,2879,2025-07-06 00:08:00,貨到付款
T0001344,C04175,P01813,3,3921,2025-07-03 17:54:01,信用卡
T0001345,C01839,P01751,3,2922,2025-07-18 12:34:30,信用卡
T0001346,C04735,P00242,3,10566,2025-07-09 20:04:27,貨到付款
T0001347,C04922,P00323,3,5862,2025-07-22 18:31:39,信用卡
T0001348,C02308,P01140,4,4020,2025-07-23 14:56:13,行動支付
T0001349,C01408,P01329,1,3816,2025-07-21 14:04:10,行動支付
T0001350,C01909,P00892,4,6516,2025-07-20 17:20:22,貨到付款
T0001351,C02637,P01993,4,2348,2025-07-11 06:45:01,信用卡
T0001352,C04831,P00746,3,11616,2025-07-01 22:56:05,信用卡
T0001353,C04084,P00526,2,6536,2025-07-02 15:39:19,信用卡
T0001354,C04006,P00133,2,6504,2025-07-23 16:16:45,行動支付
T0001355,C00691,P01579,4,6716,2025-07-05 03:56:11,貨到付款
T0001356,C01250,P00371,4,6904,2025-07-07 18:00:13,轉帳
T0001357,C03205,P00826,3,4887,2025-07-14 00:28:08,轉帳
T0001358,C04370,P01119,4,9436,2025-07-05 05:02:09,貨到付款
T0001359,C02772,P00464,3,1140,2025-07-24 17:14:00,信用卡
T0001360,C00512,P00294,2,2316,2025-07-23 21:42:17,信用卡
T0001361,C04229,P00266,2,2894,2025-07-22 10:52:40,行動支付
T0001362,C04255,P01402,1,575,2025-07-09 11:29:21,貨到付款
T0001363,C01425,P00022,2,4706,2025-07-26 04:07:27,行動支付
T0001364,C03815,P00119,4,15040,2025-07-25 16:54:35,行動支付
T0001365,C01363,P01576,2,2914,2025-07-01 21:07:55,貨到付款
T0001366,C04526,P00225,3,5391,2025-07-14 18:14:07,行動支付
T0001367,C00736,P01331,2,4792,2025-07-14 20:50:27,信用卡
T0001368,C02187,P01171,1,876,2025-07-20 09:35:30,信用卡
T0001369,C04732,P00017,2,3796,2025-07-24 18:00:15,行動支付
T0001370,C01110,P01760,3,768,2025-07-07 21:16:23,轉帳
T0001371,C02255,P00274,3,3498,2025-07-09 21:04:01,貨到付款
T0001372,C01747,P01841,4,7876,2025-07-13 02:25:16,貨到付款
T0001373,C00133,P01721,2,780,2025-07-19 11:01:43,行動支付
T0001374,C00266,P01602,3,5262,2025-07-18 12:50:47,信用卡
T0001375,C02510,P00377,1,3864,2025-07-11 16:06:21,信用卡
T0001376,C01178,P00949,4,856,2025-07-24 17:31:26,行動支付
T0001377,C04972,P00957,1,4313,2025-07-10 10:26:53,行動支付
T0001378,C01874,P00198,2,7454,2025-07-23 10:00:37,轉帳
T0001379,C00140,P00775,2,1300,2025-07-05 07:07:22,貨到付款
T0001380,C04654,P01266,2,6382,2025-07-01 12:01:41,轉帳
T0001381,C04195,P01082,4,9392,2025-07-20 23:26:39,行動支付
T0001382,C03249,P01607,3,2700,2025-07-19 23:26:06,轉帳
T0001383,C03956,P00292,4,9860,2025-07-24 18:12:07,貨到付款
T0001384,C00687,P00253,1,1246,2025-07-11 20:45:21,貨到付款
T0001385,C01434,P01019,4,13696,2025-07-12 03:15:44,貨到付款
T0001386,C04148,P01722,1,1903,2025-07-06 03:50:35,行動支付
T0001387,C03480,P00135,4,8284,2025-07-30 03:32:53,信用卡
T0001388,C00693,P01026,3,615,2025-07-18 10:29:41,信用卡
T0001389,C03527,P01974,1,2822,2025-07-15 17:15:22,信用卡
T0001390,C02243,P01132,2,2766,2025-07-30 12:03:44,行動支付
T0001391,C00026,P00494,2,784,2025-07-28 18:31:25,貨到付款
T0001392,C00396,P01506,4,11544,2025-07-06 22:47:55,行動支付
T0001393,C01279,P01679,2,8672,2025-07-22 11:23:02,轉帳
T0001394,C04174,P00723,1,1385,2025-07-25 08:07:58,行動支付
T0001395,C02744,P00450,2,5522,2025-07-11 19:52:20,信用卡
T0001396,C03636,P00524,3,2115,2025-07-11 15:27:53,信用卡
T0001397,C02638,P00119,3,11280,2025-07-06 11:45:34,貨到付款
T0001398,C00555,P00863,4,11564,2025-07-18 16:25:02,信用卡
T0001399,C01440,P01741,1,200,2025-07-08 06:28:17,貨到付款
T0001400,C01505,P01561,3,2589,2025-07-18 16:15:01,轉帳
T0001401,C00238,P00055,3,10383,2025-07-09 21:22:51,行動支付
T0001402,C02099,P01343,1,2263,2025-07-29 16:51:32,轉帳
T0001403,C03969,P01861,2,1878,2025-07-01 18:37:30,信用卡
T0001404,C02285,P00781,2,-112,2025-07-04 20:27:04,信用卡
T0001405,C00554,P01212,4,4268,2025-07-26 21:53:19,信用卡
T0001406,C04525,P01733,2,2722,2025-07-27 21:11:38,轉帳
T0001407,C02983,P01497,1,1626,2025-07-29 11:44:21,轉帳
T0001408,C00082,P00254,3,11661,2025-07-31 18:18:42,轉帳
T0001409,C02576,P01229,2,2842,2025-07-24 13:56:11,信用卡
T0001410,C01209,P01580,4,14004,2025-07-02 12:50:22,轉帳
T0001411,C00717,P01777,2,7676,2025-07-19 09:20:28,行動支付
T0001412,C02146,P01292,1,3822,2025-07-16 17:54:05,信用卡
T0001413,C03074,P01510,4,13804,2025-07-04 18:50:28,行動支付
T0001414,C01202,P00314,2,6912,2025-07-19 19:14:01,行動支付
T0001415,C02082,P01197,4,12640,2025-07-23 12:21:29,信用卡
T0001416,C03321,P00575,1,3441,2025-07-14 22:28:55,貨到付款
T0001417,C00428,P01546,3,4797,2025-07-09 12:55:43,貨到付款
T0001418,C04873,P00865,1,305,2025-07-04 06:24:00,信用卡
T0001419,C00338,P00061,1,3448,2025-07-18 16:57:54,轉帳
T0001420,C02630,P00132,1,302,2025-07-12 23:36:29,信用卡
T0001421,C02536,P00169,1,260,2025-07-30 22:51:48,轉帳
T0001422,C04941,P01783,3,8241,2025-07-04 21:42:59,貨到付款
T0001423,C02770,P00291,3,9270,2025-07-31 10:07:49,行動支付
T0001424,C01952,P01282,4,8416,2025-07-07 11:45:33,轉帳
T0001425,C02350,P00739,2,578,2025-07-20 18:03:00,信用卡
T0001426,C03178,P00786,3,2760,2025-07-30 15:17:29,貨到付款
T0001427,C04905,P00929,3,5175,2025-07-14 18:04:08,信用卡
T0001428,C01268,P01613,2,6172,2025-07-22 15:36:56,信用卡
T0001429,C00081,P01834,3,6945,2025-07-17 16:46:14,貨到付款
T0001430,C03942,P00606,1,3648,2025-07-01 18:58:31,貨到付款
T0001431,C01724,P01070,1,3397,2025-07-09 13:06:47,轉帳
T0001432,C03664,P00654,2,4734,2025-07-04 19:46:53,行動支付
T0001433,C03141,P00616,4,4440,2025-07-19 14:40:30,轉帳
T0001434,C03857,P01896,4,8504,2025-07-19 21:54:38,行動支付
T0001435,C03675,P01022,2,6110,2025-07-05 11:40:58,轉帳
T0001436,C01662,P00772,2,296,2025-07-30 12:25:59,信用卡
T0001437,C00221,P01742,1,3852,2025-07-02 21:54:54,轉帳
T0001438,C02730,P01376,4,5416,2025-07-08 11:43:31,轉帳
T0001439,C04067,P01390,3,4083,2025-07-24 16:33:43,信用卡
T0001440,C00875,P01846,1,1042,2025-07-12 21:09:32,貨到付款
T0001441,C03895,P01210,2,6084,2025-07-12 17:35:55,貨到付款
T0001442,C02323,P01322,4,8848,2025-07-20 12:32:41,行動支付
T0001443,C03476,P01147,3,4119,2025-07-04 16:49:16,信用卡
T0001444,C03158,P00938,3,10020,2025-07-25 11:36:29,信用卡
T0001445,C04057,P00181,1,2667,2025-07-13 16:03:45,轉帳
T0001446,C00315,P00979,4,13016,2025-07-30 21:00:41,轉帳
T0001447,C03880,P00684,4,11072,2025-07-01 15:31:37,行動支付
T0001448,C02288,P01033,2,770,2025-07-10 17:39:54,行動支付
T0001449,C01467,P01262,4,5272,2025-07-26 22:41:52,行動支付
T0001450,C00219,P00503,4,4900,2025-07-10 19:20:29,貨到付款
T0001451,C00997,P00536,1,4006,2025-07-22 21:42:16,貨到付款
T0001452,C00209,P00542,4,13724,2025-07-28 20:17:07,貨到付款
T0001453,C04666,P00577,3,4170,2025-07-28 22:28:25,貨到付款
T0001454,C02576,P01027,1,2097,2025-07-19 21:10:47,信用卡
T0001455,C04945,P00626,1,1514,2025-07-14 10:40:49,轉帳
T0001456,C02715,P01811,2,6640,2025-07-30 13:41:14,貨到付款
T0001457,C01266,P01814,4,9264,2025-07-10 19:53:22,行動支付
T0001458,C03766,P01132,2,2766,2025-07-19 02:25:01,信用卡
T0001459,C00955,P00697,3,258,2025-07-30 20:16:15,信用卡
T0001460,C01784,P00612,1,1265,2025-07-11 16:58:32,行動支付
T0001461,C03904,P01651,1,3577,2025-07-07 21:33:21,行動支付
T0001462,C04328,P01035,1,881,2025-07-31 17:45:55,轉帳
T0001463,C01659,P00823,3,1233,2025-07-19 17:29:51,信用卡
T0001464,C00622,P00527,3,7893,2025-07-20 16:36:27,貨到付款
T0001465,C01840,P00847,2,3244,2025-07-12 12:20:28,轉帳
T0001466,C04447,P01318,2,1948,2025-07-17 19:59:43,貨到付款
T0001467,C03716,P01536,2,5182,2025-07-16 13:42:51,信用卡
T0001468,C04473,P01781,4,6988,2025-07-18 05:30:33,信用卡
T0001469,C01933,P00278,1,2994,2025-07-10 23:13:19,轉帳
T0001470,C04868,P01539,1,2686,2025-07-22 02:53:44,信用卡
T0001471,C02481,P00590,2,3680,2025-07-07 04:28:41,信用卡
T0001472,C02487,P01374,1,2024,2025-07-22 07:43:53,信用卡
T0001473,C04621,P00722,2,1502,2025-07-15 15:24:06,信用卡
T0001474,C02596,P01085,4,9260,2025-07-29 22:40:55,信用卡
T0001475,C04005,P00642,4,12904,2025-07-07 12:01:41,行動支付
T0001476,C03635,P01596,3,4764,2025-07-21 00:32:34,貨到付款
T0001477,C00394,P01163,4,2136,2025-07-07 13:10:09,信用卡
T0001478,C03012,P00346,2,5344,2025-07-07 11:45:32,貨到付款
T0001479,C04111,P01449,4,12832,2025-07-11 12:15:57,貨到付款
T0001480,C02727,P01752,3,4647,2025-07-07 14:37:38,信用卡
T0001481,C01606,P01277,1,-59,2025-07-11 09:35:21,行動支付
T0001482,C00400,P00411,2,7266,2025-07-22 19:46:11,行動支付
T0001483,C03304,P01579,1,1679,2025-07-08 06:08:59,貨到付款
T0001484,C01532,P01660,3,13383,2025-07-27 16:25:20,信用卡
T0001485,C03013,P00366,3,3600,2025-07-07 10:15:20,貨到付款
T0001486,C02130,P01294,3,4365,2025-07-23 18:21:51,貨到付款
T0001487,C03448,P00993,1,2702,2025-07-04 12:28:09,貨到付款
T0001488,C01757,P00491,1,3183,2025-07-09 17:03:12,貨到付款
T0001489,C00211,P00968,1,1057,2025-07-05 23:15:17,貨到付款
T0001490,C04350,P00541,1,4207,2025-07-16 15:18:27,信用卡
T0001491,C01762,P01136,3,11277,2025-07-26 14:56:02,信用卡
T0001492,C04990,P01074,3,6174,2025-07-19 05:22:20,信用卡
T0001493,C01372,P00292,2,4930,2025-07-12 08:28:02,貨到付款
T0001494,C04900,P01211,2,7864,2025-07-30 22:02:02,行動支付
T0001495,C04739,P00505,1,432,2025-07-14 08:16:04,信用卡
T0001496,C00375,P01933,4,12984,2025-07-07 14:19:16,轉帳
T0001497,C03187,P01626,4,9252,2025-07-30 22:23:36,信用卡
T0001498,C01816,P01967,3,3516,2025-07-09 20:51:25,信用卡
T0001499,C04005,P00006,3,1626,2025-07-04 19:06:35,轉帳
T0001500,C03397,P00377,3,11592,2025-07-19 05:42:38,行動支付
T0001501,C04763,P01868,2,3020,2025-07-03 22:09:30,行動支付
T0001502,C00713,P01855,2,6176,2025-07-22 19:50:00,貨到付款
T0001503,C03037,P00909,3,504,2025-07-27 10:01:28,行動支付
T0001504,C03906,P01981,3,8964,2025-07-24 14:57:09,貨到付款
T0001505,C00173,P01167,3,5472,2025-07-06 20:58:34,信用卡
T0001506,C00336,P00554,4,13348,2025-07-21 11:45:40,貨到付款
T0001507,C03892,P01134,2,882,2025-07-01 13:18:18,貨到付款
T0001508,C01831,P00398,4,2472,2025-07-14 16:22:15,信用卡
T0001509,C01914,P00101,4,6560,2025-07-22 00:16:23,信用卡
T0001510,C02836,P00855,3,9903,2025-07-12 07:21:37,信用卡
T0001511,C03025,P01963,3,11808,2025-07-11 03:26:13,轉帳
T0001512,C03395,P01190,1,119,2025-07-23 13:00:31,轉帳
T0001513,C04744,P00952,1,1002,2025-07-16 15:34:38,貨到付款
T0001514,C01860,P00773,4,12580,2025-07-26 16:59:50,行動支付
T0001515,C03815,P00238,2,6770,2025-07-07 11:08:31,信用卡
T0001516,C02869,P00362,3,2784,2025-07-14 21:12:36,行動支付
T0001517,C02647,P00722,3,2253,2025-07-24 17:16:43,轉帳
T0001518,C01990,P01602,4,7016,2025-07-27 09:01:33,行動支付
T0001519,C03247,P00109,1,3614,2025-07-06 16:52:15,轉帳
T0001520,C01248,P01694,2,938,2025-07-13 13:46:42,轉帳
T0001521,C00567,P00554,1,3337,2025-07-27 20:27:56,信用卡
T0001522,C03678,P01096,1,3762,2025-07-30 16:11:43,轉帳
T0001523,C02495,P00536,1,4006,2025-07-06 03:36:28,轉帳
T0001524,C01934,P01567,1,2603,2025-07-12 22:43:01,信用卡
T0001525,C02808,P01851,3,5553,2025-07-13 02:49:38,貨到付款
T0001526,C01308,P01373,3,9045,2025-07-02 14:58:29,行動支付
T0001527,C01301,P00409,1,2513,2025-07-01 21:04:21,轉帳
T0001528,C02231,P01782,2,3684,2025-07-22 08:02:03,轉帳
T0001529,C04981,P01133,4,10852,2025-07-07 16:13:16,貨到付款
T0001530,C01427,P00019,2,7000,2025-07-10 17:29:27,貨到付款
T0001531,C04582,P00675,2,3890,2025-07-20 11:10:58,行動支付
T0001532,C02456,P01248,2,7606,2025-07-04 13:46:04,信用卡
T0001533,C00613,P00554,1,3337,2025-07-18 17:43:15,貨到付款
T0001534,C04264,P00859,3,6084,2025-07-25 18:14:37,轉帳
T0001535,C02260,P00460,2,1750,2025-07-24 17:53:04,轉帳
T0001536,C04493,P01236,1,1218,2025-07-24 17:36:58,信用卡
T0001537,C02225,P01141,2,3380,2025-07-13 18:39:09,信用卡
T0001538,C00438,P00533,2,6778,2025-07-04 00:21:14,行動支付
T0001539,C03409,P01105,1,2912,2025-07-01 15:10:11,行動支付
T0001540,C04227,P01681,3,11403,2025-07-30 14:55:03,轉帳
T0001541,C01597,P00303,3,10146,2025-07-29 16:56:09,行動支付
T0001542,C01737,P01107,4,3764,2025-07-17 11:29:28,行動支付
T0001543,C00324,P00633,1,309,2025-07-24 12:29:49,貨到付款
T0001544,C02710,P00439,4,2712,2025-07-02 12:39:35,信用卡
T0001545,C04456,P01611,4,2436,2025-07-11 15:34:34,行動支付
T0001546,C04256,P01650,4,1712,2025-07-29 14:10:57,轉帳
T0001547,C03559,P00406,3,12234,2025-07-18 22:03:25,貨到付款
T0001548,C04636,P01232,1,2809,2025-07-07 10:44:42,行動支付
T0001549,C03188,P01908,4,15452,2025-07-17 20:47:47,信用卡
T0001550,C03968,P00182,1,748,2025-07-01 22:10:26,轉帳
T0001551,C02543,P01480,1,1491,2025-07-19 13:57:18,信用卡
T0001552,C00606,P01957,3,6552,2025-07-09 14:26:23,行動支付
T0001553,C01004,P00539,4,8264,2025-07-17 16:08:47,行動支付
T0001554,C00694,P00972,4,4240,2025-07-29 12:26:00,貨到付款
T0001555,C03951,P00191,1,3712,2025-07-28 16:52:44,貨到付款
T0001556,C00131,P01690,2,3944,2025-07-27 00:27:56,貨到付款
T0001557,C02770,P00441,3,5634,2025-07-27 22:28:09,信用卡
T0001558,C01844,P00919,3,13107,2025-07-23 17:58:52,行動支付
T0001559,C04018,P00331,3,4269,2025-07-11 10:29:13,信用卡
T0001560,C02758,P00347,3,8787,2025-07-15 16:44:16,貨到付款
T0001561,C03059,P00440,4,8420,2025-07-16 15:57:34,轉帳
T0001562,C00431,P00214,4,6624,2025-07-09 01:00:51,貨到付款
T0001563,C01546,P00477,2,6820,2025-07-23 18:17:26,貨到付款
T0001564,C04997,P00616,3,3330,2025-07-11 15:29:49,行動支付
T0001565,C03594,P01159,3,11988,2025-07-28 04:27:05,轉帳
T0001566,C02628,P01199,1,1943,2025-07-05 21:32:32,轉帳
T0001567,C03845,P00773,4,12580,2025-07-20 10:58:09,信用卡
T0001568,C04116,P00426,3,6645,2025-07-18 12:25:33,行動支付
T0001569,C00368,P00200,2,8086,2025-07-02 20:08:32,行動支付
T0001570,C04861,P00163,2,5220,2025-07-26 23:57:25,貨到付款
T0001571,C03211,P01424,4,6972,2025-07-22 18:45:41,行動支付
T0001572,C02249,P00885,2,498,2025-07-25 13:07:28,轉帳
T0001573,C03400,P01478,2,6586,2025-07-01 00:12:55,行動支付
T0001574,C01722,P00768,4,4928,2025-07-16 05:33:27,轉帳
T0001575,C04389,P01230,3,3897,2025-07-02 13:46:45,信用卡
T0001576,C03901,P00760,3,1014,2025-07-13 13:00:50,行動支付
T0001577,C03198,P01082,2,4696,2025-07-07 05:53:41,行動支付
T0001578,C00909,P00543,2,-180,2025-07-13 09:30:55,貨到付款
T0001579,C04831,P01763,3,4287,2025-07-19 20:40:04,轉帳
T0001580,C02163,P00983,4,12372,2025-07-05 11:33:12,轉帳
T0001581,C04553,P01579,2,3358,2025-07-29 09:11:48,轉帳
T0001582,C00277,P01047,1,2959,2025-07-25 23:08:35,轉帳
T0001583,C00620,P00644,4,10984,2025-07-22 13:23:43,信用卡
T0001584,C00765,P00998,2,4834,2025-07-22 12:53:25,行動支付
T0001585,C00823,P01231,2,8012,2025-07-26 00:36:38,貨到付款
T0001586,C01613,P01676,1,900,2025-07-03 22:35:43,信用卡
T0001587,C03546,P01213,1,3515,2025-07-09 16:33:28,轉帳
T0001588,C01730,P00745,3,10764,2025-07-01 22:07:30,轉帳
T0001589,C04704,P01406,4,10676,2025-07-01 18:49:46,信用卡
T0001590,C04474,P01201,4,15860,2025-07-22 14:55:57,信用卡
T0001591,C04229,P01397,3,2760,2025-07-04 13:02:30,轉帳
T0001592,C01253,P00755,4,4804,2025-07-15 17:46:03,行動支付
T0001593,C03175,P01576,4,5828,2025-07-16 20:03:18,貨到付款
T0001594,C02754,P00414,4,17012,2025-07-08 11:35:37,行動支付
T0001595,C00625,P00628,4,2580,2025-07-12 17:38:24,信用卡
T0001596,C01514,P00810,4,4504,2025-07-15 18:41:58,貨到付款
T0001597,C02667,P00497,1,4105,2025-07-10 14:42:03,貨到付款
T0001598,C02512,P00581,4,6232,2025-07-11 22:05:02,貨到付款
T0001599,C00843,P00461,1,383,2025-07-30 20:59:00,信用卡
T0001600,C04708,P01200,4,12900,2025-07-02 18:03:52,貨到付款
T0001601,C00770,P00939,3,681,2025-07-04 15:47:23,行動支付
T0001602,C03293,P00048,2,5098,2025-07-01 19:00:23,貨到付款
T0001603,C03603,P01870,1,3453,2025-07-02 10:42:18,轉帳
T0001604,C03025,P00488,4,6580,2025-07-19 11:43:48,貨到付款
T0001605,C04212,P01395,3,10437,2025-07-30 17:45:43,轉帳
T0001606,C02818,P00904,2,-162,2025-07-20 04:05:00,行動支付
T0001607,C04126,P01600,1,1892,2025-07-22 10:57:56,貨到付款
T0001608,C00141,P00777,2,7372,2025-07-16 13:39:50,信用卡
T0001609,C00227,P00690,3,5250,2025-07-20 11:41:29,行動支付
T0001610,C03207,P00761,1,491,2025-07-22 18:42:55,信用卡
T0001611,C02883,P00981,2,7530,2025-07-30 13:14:55,貨到付款
T0001612,C03255,P01448,4,8804,2025-07-20 10:38:55,貨到付款
T0001613,C03834,P01818,1,602,2025-07-24 23:47:19,行動支付
T0001614,C02082,P00178,2,2986,2025-07-09 20:10:22,行動支付
T0001615,C03194,P00509,3,4920,2025-07-05 09:43:43,信用卡
T0001616,C02490,P00457,3,570,2025-07-20 18:16:42,轉帳
T0001617,C03135,P00733,1,728,2025-07-21 10:18:05,信用卡
T0001618,C01448,P01994,2,6906,2025-07-13 06:22:49,行動支付
T0001619,C04783,P00957,1,4313,2025-07-24 11:18:02,轉帳
T0001620,C02414,P00337,1,3144,2025-07-31 20:43:54,行動支付
T0001621,C04023,P01707,2,5800,2025-07-12 02:57:12,貨到付款
T0001622,C03424,P01290,2,2018,2025-07-08 14:49:39,轉帳
T0001623,C01487,P01198,4,11020,2025-07-25 11:28:50,行動支付
T0001624,C00364,P01620,2,484,2025-07-14 20:25:47,轉帳
T0001625,C00299,P01691,3,2106,2025-07-19 18:43:38,貨到付款
T0001626,C02198,P01958,1,3638,2025-07-15 13:07:47,貨到付款
T0001627,C02421,P00729,1,1269,2025-07-22 21:49:58,信用卡
T0001628,C01020,P01521,3,7221,2025-07-01 20:20:21,信用卡
T0001629,C03033,P00179,2,1488,2025-07-16 19:51:50,行動支付
T0001630,C01562,P01831,3,639,2025-07-15 12:42:02,轉帳
T0001631,C03591,P00184,3,1461,2025-07-26 08:19:39,貨到付款
T0001632,C03670,P01390,4,5444,2025-07-24 13:32:05,貨到付款
T0001633,C04303,P00100,3,5223,2025-07-09 12:39:02,信用卡
T0001634,C04876,P00158,1,950,2025-07-17 04:52:51,轉帳
T0001635,C00653,P01864,3,882,2025-07-11 15:10:18,轉帳
T0001636,C01852,P00906,1,688,2025-07-24 03:22:28,行動支付
T0001637,C02808,P00586,1,3122,2025-07-09 12:01:36,貨到付款
T0001638,C01595,P01717,1,4190,2025-07-20 13:27:13,貨到付款
T0001639,C02332,P00557,2,2100,2025-07-06 06:48:15,信用卡
T0001640,C01337,P01831,4,852,2025-07-11 10:28:47,轉帳
T0001641,C01239,P00458,1,881,2025-07-19 02:57:07,轉帳
T0001642,C00484,P00623,1,3098,2025-07-03 18:03:58,轉帳
T0001643,C01451,P01041,2,6292,2025-07-23 15:51:44,貨到付款
T0001644,C01920,P00463,1,140,2025-07-28 05:34:16,轉帳
T0001645,C03076,P00184,3,1461,2025-07-14 18:57:32,行動支付
T0001646,C01241,P00104,3,11076,2025-07-20 13:46:20,信用卡
T0001647,C04326,P01309,4,17216,2025-07-20 05:10:04,行動支付
T0001648,C00798,P01568,1,1314,2025-07-08 13:36:26,貨到付款
T0001649,C01637,P01907,2,5636,2025-07-04 15:13:03,貨到付款
T0001650,C02888,P01883,3,1254,2025-07-27 15:46:44,貨到付款
T0001651,C01563,P00351,2,3074,2025-07-07 17:44:59,轉帳
T0001652,C03815,P01095,2,6234,2025-07-28 16:56:48,信用卡
T0001653,C02491,P01884,3,11766,2025-07-02 21:09:42,行動支付
T0001654,C02573,P01789,2,980,2025-07-28 14:09:22,貨到付款
T0001655,C02493,P00472,3,11178,2025-07-20 23:31:42,轉帳
T0001656,C01542,P01615,2,6374,2025-07-30 10:21:54,信用卡
T0001657,C00115,P00390,3,8175,2025-07-11 12:52:10,行動支付
T0001658,C04726,P01425,1,1858,2025-07-27 13:55:56,行動支付
T0001659,C02527,P00134,4,-272,2025-07-30 15:50:35,信用卡
T0001660,C04833,P00203,3,8982,2025-07-28 07:39:09,行動支付
T0001661,C01075,P01634,3,6324,2025-07-31 04:48:51,貨到付款
T0001662,C01764,P00357,4,5572,2025-07-10 15:43:16,轉帳
T0001663,C00252,P00248,3,10425,2025-07-20 17:17:28,行動支付
T0001664,C02474,P00925,3,1869,2025-07-10 13:18:11,貨到付款
T0001665,C04411,P01521,2,4814,2025-07-19 05:29:06,貨到付款
T0001666,C03271,P01446,4,6068,2025-07-16 18:58:16,轉帳
T0001667,C02352,P00305,1,407,2025-07-22 15:50:56,貨到付款
T0001668,C02683,P01864,3,882,2025-07-06 01:27:05,貨到付款
T0001669,C04235,P00491,4,12732,2025-07-15 10:21:34,信用卡
T0001670,C02154,P00017,2,3796,2025-07-02 20:22:51,信用卡
T0001671,C04412,P01710,1,688,2025-07-05 14:57:11,貨到付款
T0001672,C03637,P01532,4,2364,2025-07-14 14:53:27,貨到付款
T0001673,C03819,P01026,1,205,2025-07-20 22:33:41,行動支付
T0001674,C01829,P00041,1,3553,2025-07-20 10:34:33,轉帳
T0001675,C02002,P01009,1,2062,2025-07-15 22:21:18,轉帳
T0001676,C02851,P00113,3,1146,2025-07-09 13:16:56,信用卡
T0001677,C00973,P00269,3,10083,2025-07-15 19:04:15,信用卡
T0001678,C02766,P00096,2,3374,2025-07-09 00:58:39,轉帳
T0001679,C00367,P00311,2,3760,2025-07-30 23:46:59,信用卡
T0001680,C02521,P00264,4,5604,2025-07-19 23:13:26,轉帳
T0001681,C03822,P01723,2,6736,2025-07-29 21:44:21,轉帳
T0001682,C01398,P01668,1,2154,2025-07-31 17:11:44,轉帳
T0001683,C04945,P01147,1,1373,2025-07-15 13:04:44,行動支付
T0001684,C03401,P00558,3,11484,2025-07-19 05:24:57,信用卡
T0001685,C00594,P00491,1,3183,2025-07-08 15:01:07,貨到付款
T0001686,C04875,P00350,4,1812,2025-07-05 20:53:33,貨到付款
T0001687,C01969,P00219,1,1038,2025-07-10 19:30:38,轉帳
T0001688,C03974,P00496,1,2481,2025-07-08 14:50:42,貨到付款
T0001689,C01695,P01280,4,3928,2025-07-12 09:58:56,貨到付款
T0001690,C04694,P01509,2,6662,2025-07-03 22:26:35,轉帳
T0001691,C03774,P00134,2,-136,2025-07-26 09:45:08,貨到付款
T0001692,C00995,P00754,4,7736,2025-07-23 22:55:57,貨到付款
T0001693,C02545,P00001,3,1662,2025-07-02 22:51:29,貨到付款
T0001694,C02500,P00921,1,1708,2025-07-01 17:21:39,行動支付
T0001695,C00226,P01597,4,8892,2025-07-09 15:55:20,行動支付
T0001696,C00685,P01355,1,282,2025-07-31 11:24:02,轉帳
T0001697,C01665,P00790,3,10995,2025-07-05 16:28:40,轉帳
T0001698,C02368,P01082,1,2348,2025-07-30 12:15:03,信用卡
T0001699,C02284,P00807,4,7948,2025-07-07 20:43:11,轉帳
T0001700,C03031,P01050,1,441,2025-07-26 21:41:45,行動支付
T0001701,C02577,P01924,2,4990,2025-07-25 21:04:34,轉帳
T0001702,C01639,P01886,3,-45,2025-07-14 17:10:18,轉帳
T0001703,C03065,P00707,3,1008,2025-07-10 14:55:22,轉帳
T0001704,C00812,P01211,3,11796,2025-07-14 10:04:51,行動支付
T0001705,C04953,P01436,4,12736,2025-07-26 02:40:04,貨到付款
T0001706,C03696,P01498,3,4428,2025-07-07 16:00:31,貨到付款
T0001707,C01496,P01503,2,8086,2025-07-18 20:35:57,信用卡
T0001708,C01681,P01046,4,10572,2025-07-16 16:51:03,轉帳
T0001709,C04141,P00815,2,2490,2025-07-29 14:04:20,貨到付款
T0001710,C02661,P01006,1,2937,2025-07-23 21:22:39,貨到付款
T0001711,C03543,P00999,1,2524,2025-07-28 15:32:25,轉帳
T0001712,C01498,P01609,1,2250,2025-07-13 05:27:20,貨到付款
T0001713,C04078,P00413,1,1353,2025-07-23 20:05:33,轉帳
T0001714,C01841,P01199,2,3886,2025-07-30 02:40:54,行動支付
T0001715,C03369,P00735,4,4412,2025-07-18 18:11:21,行動支付
T0001716,C04899,P00596,4,16360,2025-07-05 01:10:58,貨到付款
T0001717,C02918,P01208,3,2022,2025-07-22 15:34:24,轉帳
T0001718,C03983,P00824,2,3810,2025-07-14 16:58:59,轉帳
T0001719,C03626,P00751,1,1134,2025-07-11 20:39:17,行動支付
T0001720,C03440,P00747,2,7144,2025-07-13 14:45:38,行動支付
T0001721,C00133,P00629,3,2001,2025-07-17 19:11:34,行動支付
T0001722,C02372,P00397,3,1401,2025-07-17 21:44:53,信用卡
T0001723,C04835,P00032,2,1638,2025-07-18 23:28:56,信用卡
T0001724,C03914,P00871,2,8748,2025-07-02 12:02:15,行動支付
T0001725,C03880,P01276,2,528,2025-07-03 18:53:43,轉帳
T0001726,C02888,P00294,4,4632,2025-07-06 19:34:35,信用卡
T0001727,C03607,P01730,1,2290,2025-07-28 21:05:50,貨到付款
T0001728,C02917,P01581,2,4124,2025-07-24 19:10:13,貨到付款
T0001729,C00852,P01498,2,2952,2025-07-24 10:01:13,信用卡
T0001730,C03145,P01298,2,5142,2025-07-28 14:24:33,信用卡
T0001731,C03098,P00603,3,10308,2025-07-14 22:08:50,行動支付
T0001732,C04205,P00488,3,4935,2025-07-15 22:47:30,行動支付
T0001733,C00738,P00032,4,3276,2025-07-18 13:27:34,信用卡
T0001734,C03403,P00454,1,3608,2025-07-23 18:21:11,行動支付
T0001735,C00157,P00878,4,10104,2025-07-16 10:29:47,行動支付
T0001736,C04741,P00973,1,740,2025-07-13 23:46:15,行動支付
T0001737,C00549,P00932,3,915,2025-07-05 00:58:30,行動支付
T0001738,C00094,P00930,3,2352,2025-07-15 16:53:17,貨到付款
T0001739,C01568,P01764,3,1677,2025-07-15 22:47:00,信用卡
T0001740,C00757,P00926,4,14344,2025-07-14 10:34:14,信用卡
T0001741,C03452,P00831,2,742,2025-07-27 05:40:40,轉帳
T0001742,C02051,P00102,2,1088,2025-07-12 19:48:48,轉帳
T0001743,C03874,P01895,3,1521,2025-07-31 17:23:30,行動支付
T0001744,C04602,P01794,2,1278,2025-07-08 13:27:11,轉帳
T0001745,C04364,P01845,2,7174,2025-07-07 22:08:54,貨到付款
T0001746,C03679,P00590,4,7360,2025-07-26 20:28:31,行動支付
T0001747,C00311,P00106,1,2025,2025-07-21 18:02:03,行動支付
T0001748,C00690,P00930,3,2352,2025-07-09 13:21:33,行動支付
T0001749,C01036,P00773,3,9435,2025-07-12 16:30:13,轉帳
T0001750,C01625,P01306,4,8276,2025-07-02 22:49:29,信用卡
T0001751,C03311,P00866,4,4236,2025-07-08 19:42:52,行動支付
T0001752,C02627,P01196,2,4376,2025-07-05 04:22:52,轉帳
T0001753,C01568,P00709,3,4566,2025-07-30 20:59:58,行動支付
T0001754,C00865,P01025,1,2485,2025-07-01 12:10:50,貨到付款
T0001755,C04560,P00954,4,14396,2025-07-09 03:46:09,信用卡
T0001756,C01711,P01867,1,2801,2025-07-11 13:18:58,貨到付款
T0001757,C01771,P01737,1,3830,2025-07-14 15:46:50,行動支付
T0001758,C03859,P00958,3,3912,2025-07-23 18:37:50,貨到付款
T0001759,C03604,P00704,3,6063,2025-07-15 21:29:41,貨到付款
T0001760,C03216,P00386,4,13836,2025-07-02 12:06:26,貨到付款
T0001761,C03466,P01843,3,12471,2025-07-16 22:34:54,行動支付
T0001762,C03050,P00331,3,4269,2025-07-31 05:50:37,貨到付款
T0001763,C00961,P01984,3,3255,2025-07-14 17:55:18,行動支付
T0001764,C01232,P00291,1,3090,2025-07-13 20:29:14,行動支付
T0001765,C02790,P01422,4,16184,2025-07-17 13:50:55,貨到付款
T0001766,C01124,P00539,2,4132,2025-07-11 13:00:19,信用卡
T0001767,C04864,P00049,1,188,2025-07-31 22:32:42,貨到付款
T0001768,C01488,P00437,3,1743,2025-07-30 21:47:42,行動支付
T0001769,C01445,P01042,1,1738,2025-07-14 15:14:13,信用卡
T0001770,C01036,P00048,3,7647,2025-07-06 17:39:54,貨到付款
T0001771,C03524,P00806,3,5991,2025-07-03 22:10:18,信用卡
T0001772,C01585,P01597,1,2223,2025-07-18 17:22:34,行動支付
T0001773,C01744,P00920,4,8284,2025-07-15 21:28:01,貨到付款
T0001774,C04668,P01243,3,6825,2025-07-01 18:27:57,信用卡
T0001775,C03977,P00569,4,5924,2025-07-06 05:39:16,信用卡
T0001776,C01367,P00101,2,3280,2025-07-31 12:53:37,貨到付款
T0001777,C00609,P01033,3,1155,2025-07-22 20:10:26,行動支付
T0001778,C03383,P00246,4,14104,2025-07-09 02:26:01,行動支付
T0001779,C01898,P00876,4,6492,2025-07-21 16:20:13,行動支付
T0001780,C04900,P00975,2,6240,2025-07-02 06:45:03,貨到付款
T0001781,C04091,P01527,4,1368,2025-07-08 21:15:36,信用卡
T0001782,C04773,P00072,4,17452,2025-07-17 02:07:15,信用卡
T0001783,C04023,P01558,2,7586,2025-07-24 22:31:05,信用卡
T0001784,C01452,P01457,3,10329,2025-07-28 19:09:34,行動支付
T0001785,C01438,P01132,4,5532,2025-07-08 11:27:35,轉帳
T0001786,C03570,P00134,4,-272,2025-07-20 01:57:56,貨到付款
T0001787,C01731,P01936,4,15168,2025-07-18 19:04:02,貨到付款
T0001788,C02211,P01865,1,3958,2025-07-18 18:07:23,貨到付款
T0001789,C01282,P00755,2,2402,2025-07-27 05:29:17,信用卡
T0001790,C02395,P01321,1,2109,2025-07-27 19:20:25,轉帳
T0001791,C01010,P00879,2,-196,2025-07-15 01:40:41,貨到付款
T0001792,C02692,P01445,3,8796,2025-07-15 15:32:49,行動支付
T0001793,C04665,P00534,3,1323,2025-07-15 05:20:59,貨到付款
T0001794,C03480,P00284,4,1432,2025-07-13 08:27:42,貨到付款
T0001795,C00686,P01829,2,210,2025-07-20 08:44:58,信用卡
T0001796,C03078,P00186,3,1647,2025-07-19 16:18:22,信用卡
T0001797,C02934,P00767,2,3904,2025-07-31 15:36:21,貨到付款
T0001798,C01212,P00788,3,8169,2025-07-20 13:23:01,貨到付款
T0001799,C03349,P00083,1,4316,2025-07-29 13:57:41,轉帳
T0001800,C02655,P00605,3,5145,2025-07-08 18:24:08,行動支付
T0001801,C03189,P01907,1,2818,2025-07-19 17:05:28,信用卡
T0001802,C00262,P00388,3,3297,2025-07-04 12:23:56,貨到付款
T0001803,C02066,P01138,4,3804,2025-07-29 22:18:57,信用卡
T0001804,C03586,P00835,1,1624,2025-07-03 16:39:22,行動支付
T0001805,C00502,P01651,3,10731,2025-07-31 10:20:08,貨到付款
T0001806,C03853,P00303,4,13528,2025-07-24 20:57:23,行動支付
T0001807,C00025,P01094,1,2221,2025-07-05 19:03:29,信用卡
T0001808,C02751,P00510,4,6452,2025-07-29 18:33:41,貨到付款
T0001809,C04645,P01832,2,7210,2025-07-17 10:48:04,轉帳
T0001810,C02034,P00001,2,1108,2025-07-13 15:06:55,信用卡
T0001811,C04675,P00132,1,302,2025-07-03 17:45:11,轉帳
T0001812,C04391,P01717,3,12570,2025-07-03 12:58:23,行動支付
T0001813,C02387,P00531,1,103,2025-07-16 12:18:20,轉帳
T0001814,C00997,P00965,4,6112,2025-07-05 01:13:02,行動支付
T0001815,C04819,P00132,3,906,2025-07-26 19:08:30,信用卡
T0001816,C01605,P00936,2,5896,2025-07-21 13:39:56,轉帳
T0001817,C03229,P01962,3,1272,2025-07-09 15:01:32,貨到付款
T0001818,C04539,P01849,2,3190,2025-07-24 19:09:19,行動支付
T0001819,C00447,P00986,3,747,2025-07-31 04:52:46,行動支付
T0001820,C02870,P00159,3,978,2025-07-12 16:15:11,行動支付
T0001821,C02675,P00919,3,13107,2025-07-24 22:50:10,轉帳
T0001822,C03615,P01798,4,6980,2025-07-24 23:56:18,信用卡
T0001823,C04683,P01233,4,684,2025-07-01 19:11:37,貨到付款
T0001824,C04566,P01958,1,3638,2025-07-07 23:27:14,信用卡
T0001825,C00875,P01701,1,640,2025-07-10 17:50:50,轉帳
T0001826,C04411,P01911,2,712,2025-07-01 16:05:11,行動支付
T0001827,C00878,P00516,4,5432,2025-07-26 17:52:35,貨到付款
T0001828,C04598,P01117,2,4022,2025-07-29 02:45:53,貨到付款
T0001829,C04985,P01778,1,3591,2025-07-22 10:30:36,轉帳
T0001830,C01984,P01628,2,7658,2025-07-11 16:03:45,行動支付
T0001831,C02476,P00661,1,3404,2025-07-01 12:52:30,轉帳
T0001832,C04683,P01329,4,15264,2025-07-20 21:05:08,轉帳
T0001833,C04810,P01053,3,-72,2025-07-26 21:15:57,轉帳
T0001834,C04630,P01335,4,1480,2025-07-05 07:26:00,行動支付
T0001835,C04383,P01670,2,394,2025-07-03 16:38:05,貨到付款
T0001836,C00046,P01179,2,6690,2025-07-31 22:07:13,貨到付款
T0001837,C02839,P01365,4,3728,2025-07-26 07:46:14,轉帳
T0001838,C00536,P01612,4,1400,2025-07-09 20:45:23,信用卡
T0001839,C04914,P01556,1,928,2025-07-16 05:13:38,轉帳
T0001840,C01422,P00490,2,5226,2025-07-25 18:27:44,轉帳
T0001841,C04945,P01629,2,3184,2025-07-06 21:27:34,信用卡
T0001842,C02716,P00867,4,13816,2025-07-14 06:31:15,貨到付款
T0001843,C02469,P00544,3,8271,2025-07-10 20:07:49,轉帳
T0001844,C04692,P01879,2,3418,2025-07-04 10:49:10,信用卡
T0001845,C04255,P00601,3,9654,2025-07-20 02:44:45,貨到付款
T0001846,C02340,P01945,4,13204,2025-07-07 15:14:02,信用卡
T0001847,C00964,P01982,4,14936,2025-07-03 12:54:19,行動支付
T0001848,C00563,P00102,1,544,2025-07-18 02:39:33,轉帳
T0001849,C00812,P01183,2,2424,2025-07-31 17:35:34,信用卡
T0001850,C02294,P01603,3,3051,2025-07-21 16:04:37,行動支付
T0001851,C01286,P00515,1,3126,2025-07-13 16:19:51,貨到付款
T0001852,C00930,P01648,2,2548,2025-07-12 03:07:52,信用卡
T0001853,C03683,P01110,1,3237,2025-07-19 02:36:55,轉帳
T0001854,C03953,P01688,4,13960,2025-07-19 00:09:04,行動支付
T0001855,C02838,P00437,2,1162,2025-07-22 11:20:25,轉帳
T0001856,C03786,P01912,1,2434,2025-07-31 16:52:44,行動支付
T0001857,C00877,P00928,1,2812,2025-07-07 07:09:14,貨到付款
T0001858,C04280,P00306,3,3903,2025-07-25 14:55:40,貨到付款
T0001859,C04485,P00197,1,2954,2025-07-13 11:19:59,貨到付款
T0001860,C04134,P01084,2,3368,2025-07-23 21:04:58,行動支付
T0001861,C02576,P00725,2,8178,2025-07-16 06:54:41,貨到付款
T0001862,C00433,P01485,3,7587,2025-07-07 18:57:36,貨到付款
T0001863,C03346,P00838,2,6136,2025-07-03 17:56:32,行動支付
T0001864,C00923,P00662,4,6112,2025-07-26 18:18:02,信用卡
T0001865,C00703,P00162,2,8610,2025-07-11 20:01:07,信用卡
T0001866,C01618,P00324,2,3868,2025-07-08 18:50:10,信用卡
T0001867,C01240,P00962,1,3677,2025-07-01 19:15:17,行動支付
T0001868,C01303,P01856,1,3131,2025-07-31 20:37:23,信用卡
T0001869,C01177,P00132,2,604,2025-07-14 02:31:04,轉帳
T0001870,C03768,P00627,3,8370,2025-07-09 21:30:49,行動支付
T0001871,C04770,P01778,1,3591,2025-07-13 08:52:45,信用卡
T0001872,C01509,P00871,3,13122,2025-07-16 14:48:45,轉帳
T0001873,C03614,P01630,2,6302,2025-07-05 08:55:41,行動支付
T0001874,C00057,P00308,2,4938,2025-07-15 10:04:52,信用卡
T0001875,C03268,P00946,4,7000,2025-07-13 18:13:07,轉帳
T0001876,C03463,P00061,1,3448,2025-07-13 00:12:42,轉帳
T0001877,C00310,P01875,2,2430,2025-07-16 22:32:46,轉帳
T0001878,C00591,P00236,4,4476,2025-07-03 07:54:42,信用卡
T0001879,C01534,P00471,1,3396,2025-07-24 22:03:20,信用卡
T0001880,C02027,P01758,2,2000,2025-07-25 21:48:28,信用卡
T0001881,C02512,P00983,2,6186,2025-07-28 22:12:48,轉帳
T0001882,C04475,P01916,1,2993,2025-07-28 16:24:55,行動支付
T0001883,C03517,P01176,1,2396,2025-07-25 11:27:25,行動支付
T0001884,C01554,P00810,1,1126,2025-07-28 15:00:22,轉帳
T0001885,C00587,P01698,2,5228,2025-07-20 14:25:58,貨到付款
T0001886,C04580,P00572,2,2492,2025-07-20 20:25:25,轉帳
T0001887,C01475,P01221,4,3416,2025-07-22 17:55:45,轉帳
T0001888,C03073,P00329,3,9105,2025-07-05 23:15:13,轉帳
T0001889,C01095,P00318,1,3373,2025-07-23 15:01:31,轉帳
T0001890,C00667,P00654,2,4734,2025-07-04 19:20:33,信用卡
T0001891,C00765,P00753,2,2906,2025-07-27 00:01:37,轉帳
T0001892,C03738,P00165,1,3624,2025-07-16 21:04:17,行動支付
T0001893,C03028,P00164,3,1410,2025-07-21 03:26:12,轉帳
T0001894,C02079,P01592,1,1232,2025-07-08 10:19:13,信用卡
T0001895,C02746,P00016,3,5673,2025-07-28 02:48:25,信用卡
T0001896,C02354,P01080,2,8386,2025-07-11 21:49:31,行動支付
T0001897,C02687,P00985,3,6009,2025-07-10 12:44:34,行動支付
T0001898,C03320,P00184,4,1948,2025-07-23 15:12:39,轉帳
T0001899,C01092,P01940,2,1706,2025-07-29 17:15:29,貨到付款
T0001900,C01237,P01616,4,13520,2025-07-11 17:00:53,轉帳
T0001901,C03773,P01295,1,939,2025-07-19 11:09:33,信用卡
T0001902,C04365,P01983,1,1482,2025-07-28 21:58:34,轉帳
T0001903,C00409,P00004,1,2870,2025-07-27 16:43:23,貨到付款
T0001904,C02233,P00355,3,3840,2025-07-18 22:47:17,貨到付款
T0001905,C03518,P00266,2,2894,2025-07-12 07:55:07,行動支付
T0001906,C00390,P01967,1,1172,2025-07-07 17:07:57,行動支付
T0001907,C02820,P00733,1,728,2025-07-19 22:50:01,貨到付款
T0001908,C00308,P01371,2,3972,2025-07-31 11:19:33,信用卡
T0001909,C02738,P01653,1,2740,2025-07-28 10:48:15,信用卡
T0001910,C02527,P00714,4,404,2025-07-14 15:35:58,信用卡
T0001911,C02863,P01143,2,6742,2025-07-07 16:31:12,信用卡
T0001912,C00749,P00080,2,548,2025-07-13 21:53:40,行動支付
T0001913,C01640,P01785,2,7718,2025-07-07 10:15:34,轉帳
T0001914,C02601,P00660,4,10808,2025-07-01 02:44:15,轉帳
T0001915,C00581,P00077,2,7524,2025-07-14 11:23:33,行動支付
T0001916,C01027,P01165,4,2876,2025-07-10 14:57:51,貨到付款
T0001917,C02915,P01976,2,3394,2025-07-09 15:47:30,行動支付
T0001918,C00454,P01228,3,5469,2025-07-31 18:06:25,貨到付款
T0001919,C02551,P01642,1,2423,2025-07-08 15:05:08,信用卡
T0001920,C04043,P00384,3,4917,2025-07-02 14:06:29,轉帳
T0001921,C02267,P00339,1,3594,2025-07-11 13:10:36,行動支付
T0001922,C02566,P00781,4,-224,2025-07-15 15:02:07,行動支付
T0001923,C02283,P01986,3,11550,2025-07-09 13:19:00,轉帳
T0001924,C00288,P00215,2,5114,2025-07-17 07:47:49,轉帳
T0001925,C02311,P01186,1,3451,2025-07-09 11:05:23,行動支付
T0001926,C04034,P01230,1,1299,2025-07-15 10:07:45,轉帳
T0001927,C03616,P01052,3,8574,2025-07-10 18:44:24,轉帳
T0001928,C01979,P01663,4,6628,2025-07-29 05:26:34,行動支付
T0001929,C04082,P00568,3,12099,2025-07-13 02:19:24,行動支付
T0001930,C03729,P00129,4,2384,2025-07-30 02:12:56,轉帳
T0001931,C02891,P01212,4,4268,2025-07-13 01:33:38,轉帳
T0001932,C00226,P00519,1,4336,2025-07-06 09:47:01,行動支付
T0001933,C01722,P01286,3,3069,2025-07-26 07:21:45,行動支付
T0001934,C00318,P01399,3,1911,2025-07-21 12:22:58,轉帳
T0001935,C04970,P00192,4,10124,2025-07-09 10:25:32,轉帳
T0001936,C04672,P01212,3,3201,2025-07-08 13:48:16,轉帳
T0001937,C00345,P01378,2,866,2025-07-30 20:49:54,貨到付款
T0001938,C04668,P00064,2,1298,2025-07-08 15:05:17,貨到付款
T0001939,C00158,P01704,3,5451,2025-07-26 00:18:56,信用卡
T0001940,C02044,P01330,3,9141,2025-07-26 16:40:43,轉帳
T0001941,C03844,P01389,4,12200,2025-07-11 12:21:54,信用卡
T0001942,C03829,P01620,2,484,2025-07-19 08:26:50,信用卡
T0001943,C04891,P00717,2,4542,2025-07-14 02:14:00,行動支付
T0001944,C03229,P01017,1,992,2025-07-28 06:38:26,信用卡
T0001945,C02101,P00587,4,12800,2025-07-21 22:09:31,行動支付
T0001946,C04964,P01411,1,1920,2025-07-25 10:14:33,貨到付款
T0001947,C01912,P00802,2,1056,2025-07-13 19:30:58,信用卡
T0001948,C04348,P01613,4,12344,2025-07-09 18:44:06,信用卡
T0001949,C04533,P00470,3,798,2025-07-21 21:49:28,信用卡
T0001950,C01878,P01969,4,1048,2025-07-24 21:13:24,轉帳
T0001951,C03413,P00618,3,1689,2025-07-26 12:34:23,行動支付
T0001952,C03308,P00653,3,8511,2025-07-22 19:03:37,貨到付款
T0001953,C02696,P00481,4,3668,2025-07-11 20:40:28,信用卡
T0001954,C03267,P00297,3,2541,2025-07-01 22:37:12,信用卡
T0001955,C01738,P00310,1,123,2025-07-09 02:45:38,行動支付
T0001956,C00892,P00158,2,1900,2025-07-19 02:43:58,轉帳
T0001957,C02686,P01175,3,7269,2025-07-30 13:34:07,貨到付款
T0001958,C02644,P00235,1,2921,2025-07-03 10:51:44,信用卡
T0001959,C03639,P00215,3,7671,2025-07-26 06:57:48,轉帳
T0001960,C01113,P00897,2,7120,2025-07-25 22:15:17,轉帳
T0001961,C00017,P00298,1,1923,2025-07-27 12:16:35,信用卡
T0001962,C00113,P00146,2,6024,2025-07-09 10:47:30,行動支付
T0001963,C01491,P01540,2,5214,2025-07-27 11:00:44,信用卡
T0001964,C03367,P01375,1,1983,2025-07-14 10:31:59,貨到付款
T0001965,C02722,P01158,1,4060,2025-07-19 07:42:36,貨到付款
T0001966,C02659,P01437,1,150,2025-07-11 21:07:19,行動支付
T0001967,C04116,P00870,4,7556,2025-07-26 04:22:16,行動支付
T0001968,C01237,P00245,1,2633,2025-07-10 17:24:27,轉帳
T0001969,C01730,P01288,1,805,2025-07-19 07:08:53,轉帳
T0001970,C01378,P01885,1,996,2025-07-03 22:48:44,行動支付
T0001971,C04687,P01104,1,4130,2025-07-16 20:44:22,信用卡
T0001972,C03625,P01175,3,7269,2025-07-28 14:30:21,信用卡
T0001973,C00564,P01874,4,364,2025-07-06 12:00:07,行動支付
T0001974,C04047,P00419,2,2820,2025-07-14 22:47:56,貨到付款
T0001975,C02096,P00946,1,1750,2025-07-29 22:55:04,信用卡
T0001976,C03830,P00067,3,1239,2025-07-21 23:13:17,信用卡
T0001977,C04418,P00313,3,7257,2025-07-10 15:42:50,行動支付
T0001978,C00078,P00382,3,876,2025-07-10 18:20:37,信用卡
T0001979,C01030,P00132,2,604,2025-07-06 05:43:07,轉帳
T0001980,C00504,P00062,1,1327,2025-07-27 09:13:35,行動支付
T0001981,C00167,P01706,4,3376,2025-07-08 20:27:17,轉帳
T0001982,C02988,P00504,4,8072,2025-07-30 19:38:31,信用卡
T0001983,C03516,P00373,3,4977,2025-07-23 06:43:54,轉帳
T0001984,C00243,P00995,2,7386,2025-07-02 04:28:00,轉帳
T0001985,C03702,P01316,2,8954,2025-07-15 16:06:08,轉帳
T0001986,C02011,P00794,2,8480,2025-07-22 18:18:40,貨到付款
T0001987,C01171,P01418,4,4168,2025-07-21 13:25:04,行動支付
T0001988,C01086,P00647,3,3948,2025-07-24 19:02:54,信用卡
T0001989,C04318,P00265,1,1704,2025-07-09 21:49:36,貨到付款
T0001990,C00282,P00653,4,11348,2025-07-10 16:05:44,行動支付
T0001991,C02519,P01933,3,9738,2025-07-30 20:11:40,貨到付款
T0001992,C01446,P00844,3,12786,2025-07-23 21:54:56,信用卡
T0001993,C04078,P00629,1,667,2025-07-26 05:45:22,行動支付
T0001994,C03657,P01830,1,3250,2025-07-25 10:56:52,貨到付款
T0001995,C01594,P01133,1,2713,2025-07-29 16:40:13,貨到付款
T0001996,C02989,P01399,2,1274,2025-07-16 10:34:51,轉帳
T0001997,C03362,P00014,1,3832,2025-07-16 18:55:25,行動支付
T0001998,C01603,P01566,3,2766,2025-07-22 15:35:07,行動支付
T0001999,C01508,P01908,1,3863,2025-07-22 11:58:08,信用卡
T0002000,C00716,P00831,3,1113,2025-07-14 21:24:17,轉帳
T0002001,C03301,P00973,4,2960,2025-07-21 14:45:30,貨到付款
T0002002,C01105,P01976,2,3394,2025-07-04 20:21:33,信用卡
T0002003,C01502,P00296,4,3456,2025-07-18 09:46:46,貨到付款
T0002004,C00304,P01768,4,5144,2025-07-03 20:55:29,轉帳
T0002005,C04742,P00480,3,2940,2025-07-31 02:56:33,行動支付
T0002006,C04398,P01207,4,14064,2025-07-26 14:04:59,信用卡
T0002007,C04557,P01914,3,9966,2025-07-24 22:31:46,轉帳
T0002008,C03129,P01814,1,2316,2025-07-19 02:26:07,信用卡
T0002009,C02136,P01441,1,601,2025-07-03 12:25:16,行動支付
T0002010,C02478,P00835,3,4872,2025-07-09 13:41:05,轉帳
T0002011,C04861,P01541,1,1701,2025-07-31 07:37:54,貨到付款
T0002012,C04707,P01263,2,7354,2025-07-17 11:48:36,行動支付
T0002013,C03356,P01422,4,16184,2025-07-15 13:19:11,轉帳
T0002014,C03929,P01600,2,3784,2025-07-24 19:55:58,轉帳
T0002015,C01593,P00746,4,15488,2025-07-16 11:46:52,信用卡
T0002016,C02081,P00005,1,2769,2025-07-25 18:58:34,貨到付款
T0002017,C00746,P00965,2,3056,2025-07-28 17:21:45,轉帳
T0002018,C01882,P01648,1,1274,2025-07-06 05:46:42,信用卡
T0002019,C03772,P01002,4,12332,2025-07-16 22:35:43,行動支付
T0002020,C02367,P00422,3,10935,2025-07-27 23:31:29,貨到付款
T0002021,C04246,P00665,3,10182,2025-07-01 04:35:35,信用卡
T0002022,C01503,P01317,2,7014,2025-07-29 09:09:21,貨到付款
T0002023,C03537,P01473,1,571,2025-07-08 10:59:06,轉帳
T0002024,C04028,P01009,1,2062,2025-07-06 02:41:46,信用卡
T0002025,C04573,P01061,2,1952,2025-07-25 16:01:35,貨到付款
T0002026,C02811,P01779,3,6804,2025-07-06 18:25:30,轉帳
T0002027,C04838,P01987,4,4488,2025-07-19 23:03:39,轉帳
T0002028,C02786,P01224,2,7310,2025-07-14 18:26:46,行動支付
T0002029,C00670,P01224,4,14620,2025-07-01 10:27:23,信用卡
T0002030,C01214,P00869,3,7005,2025-07-30 18:13:35,貨到付款
T0002031,C01016,P01899,1,2155,2025-07-07 20:41:23,貨到付款
T0002032,C03233,P01600,3,5676,2025-07-15 04:19:25,行動支付
T0002033,C04611,P00909,2,336,2025-07-25 20:33:08,信用卡
T0002034,C04235,P01438,1,-42,2025-07-04 19:00:53,轉帳
T0002035,C00462,P01094,2,4442,2025-07-01 10:47:30,行動支付
T0002036,C03622,P01077,2,800,2025-07-01 20:47:37,行動支付
T0002037,C00952,P01511,3,5910,2025-07-27 23:28:02,轉帳
T0002038,C01342,P00089,2,2268,2025-07-26 05:33:49,轉帳
T0002039,C03368,P00665,3,10182,2025-07-02 16:32:48,行動支付
T0002040,C03014,P00814,1,160,2025-07-24 14:45:45,貨到付款
T0002041,C04368,P01254,3,2496,2025-07-25 14:51:37,行動支付
T0002042,C00940,P01583,1,3085,2025-07-08 10:31:51,信用卡
T0002043,C03808,P00949,3,642,2025-07-27 19:45:02,貨到付款
T0002044,C03621,P01756,4,17476,2025-07-19 23:56:32,轉帳
T0002045,C02794,P01858,4,4948,2025-07-08 12:17:38,信用卡
T0002046,C02396,P01828,2,3438,2025-07-05 16:44:27,信用卡
T0002047,C04347,P01217,3,702,2025-07-16 18:34:28,貨到付款
T0002048,C01664,P00461,3,1149,2025-07-28 14:43:11,轉帳
T0002049,C04785,P00630,1,1680,2025-07-20 09:03:54,轉帳
T0002050,C00076,P01181,2,2202,2025-07-16 20:43:55,行動支付
T0002051,C04685,P00898,3,6075,2025-07-09 20:25:20,信用卡
T0002052,C04810,P00600,2,6902,2025-07-15 10:30:25,行動支付
T0002053,C00586,P01304,4,7464,2025-07-12 16:05:49,貨到付款
T0002054,C04997,P00077,3,11286,2025-07-20 12:32:06,轉帳
T0002055,C02394,P00458,3,2643,2025-07-15 23:17:31,信用卡
T0002056,C01212,P01808,2,1154,2025-07-16 16:00:54,轉帳
T0002057,C03022,P00508,3,1932,2025-07-30 20:12:19,轉帳
T0002058,C01022,P00530,2,4558,2025-07-11 19:48:09,貨到付款
T0002059,C04575,P01061,3,2928,2025-07-02 10:11:25,信用卡
T0002060,C02760,P00081,1,563,2025-07-20 23:14:03,轉帳
T0002061,C03877,P01904,2,3042,2025-07-07 09:47:24,信用卡
T0002062,C01903,P00898,3,6075,2025-07-22 22:16:22,轉帳
T0002063,C02668,P00793,4,15236,2025-07-06 22:23:28,轉帳
T0002064,C01796,P00860,3,2910,2025-07-08 11:39:58,行動支付
T0002065,C01307,P01917,4,14848,2025-07-23 19:29:48,行動支付
T0002066,C02564,P01604,4,2880,2025-07-25 20:49:48,信用卡
T0002067,C02486,P00547,1,304,2025-07-02 19:14:21,轉帳
T0002068,C00493,P01628,2,7658,2025-07-03 14:21:09,貨到付款
T0002069,C04906,P01093,3,2058,2025-07-21 10:29:25,行動支付
T0002070,C02347,P00833,1,1239,2025-07-24 15:07:08,信用卡
T0002071,C04198,P01003,3,1920,2025-07-11 18:12:30,行動支付
T0002072,C04571,P01905,4,2412,2025-07-25 17:37:01,轉帳
T0002073,C01853,P01589,2,6018,2025-07-02 18:22:53,信用卡
T0002074,C02069,P01280,3,2946,2025-07-27 21:25:46,行動支付
T0002075,C02812,P00612,3,3795,2025-07-30 19:38:59,轉帳
T0002076,C01106,P01200,4,12900,2025-07-07 10:31:27,信用卡
T0002077,C00729,P00102,3,1632,2025-07-08 11:16:08,信用卡
T0002078,C01303,P01977,3,7131,2025-07-05 12:22:44,信用卡
T0002079,C04673,P00426,4,8860,2025-07-13 03:49:33,轉帳
T0002080,C02895,P01322,1,2212,2025-07-08 15:57:50,貨到付款
T0002081,C02087,P00575,4,13764,2025-07-27 20:14:31,行動支付
T0002082,C00762,P00231,1,3380,2025-07-22 10:21:48,行動支付
T0002083,C01649,P00469,2,5322,2025-07-19 04:02:14,貨到付款
T0002084,C01899,P01978,1,1694,2025-07-26 05:30:52,貨到付款
T0002085,C04166,P01121,1,1817,2025-07-25 19:45:56,轉帳
T0002086,C02496,P00657,2,3122,2025-07-02 00:44:37,信用卡
T0002087,C03273,P01090,1,1130,2025-07-10 10:13:16,轉帳
T0002088,C03424,P00400,4,4352,2025-07-30 21:13:47,貨到付款
T0002089,C01286,P01370,1,1611,2025-07-15 00:12:12,行動支付
T0002090,C04107,P00159,2,652,2025-07-08 21:12:43,信用卡
T0002091,C04832,P01293,4,9284,2025-07-04 17:34:56,行動支付
T0002092,C03208,P01893,2,2456,2025-07-26 12:34:17,轉帳
T0002093,C02452,P00041,2,7106,2025-07-12 09:49:05,轉帳
T0002094,C00841,P00259,3,4425,2025-07-05 08:31:57,貨到付款
T0002095,C03974,P01498,3,4428,2025-07-18 17:00:17,轉帳
T0002096,C00846,P00516,2,2716,2025-07-15 11:06:37,信用卡
T0002097,C03601,P01314,2,1332,2025-07-17 20:41:40,轉帳
T0002098,C02441,P01343,2,4526,2025-07-12 18:43:43,信用卡
T0002099,C04584,P00831,3,1113,2025-07-04 15:26:36,行動支付
T0002100,C02710,P01811,3,9960,2025-07-22 13:01:57,轉帳
T0002101,C03209,P00408,1,300,2025-07-21 17:18:23,貨到付款
T0002102,C00293,P00327,1,812,2025-07-28 18:19:19,貨到付款
T0002103,C00169,P00195,2,7084,2025-07-24 20:09:06,行動支付
T0002104,C04233,P01863,4,13552,2025-07-12 11:44:34,轉帳
T0002105,C04725,P00618,4,2252,2025-07-26 05:39:42,轉帳
T0002106,C03341,P01084,3,5052,2025-07-06 10:01:20,轉帳
T0002107,C03821,P01097,3,7422,2025-07-07 18:40:52,轉帳
T0002108,C02061,P00137,3,2481,2025-07-15 11:38:27,信用卡
T0002109,C04212,P01965,2,3450,2025-07-17 16:39:13,信用卡
T0002110,C01157,P01746,4,5128,2025-07-09 19:08:33,信用卡
T0002111,C03535,P01706,1,844,2025-07-18 11:51:36,貨到付款
T0002112,C00045,P00006,2,1084,2025-07-02 11:29:39,貨到付款
T0002113,C02528,P00479,1,787,2025-07-30 17:58:58,信用卡
T0002114,C01866,P01557,1,124,2025-07-22 18:55:13,行動支付
T0002115,C03089,P01588,2,6430,2025-07-22 11:44:23,行動支付
T0002116,C03333,P01888,1,3531,2025-07-01 11:06:38,行動支付
T0002117,C03082,P01930,4,14088,2025-07-17 13:37:52,行動支付
T0002118,C02416,P00226,1,4243,2025-07-22 14:22:51,信用卡
T0002119,C02439,P00902,4,12448,2025-07-12 18:43:43,貨到付款
T0002120,C00033,P00242,4,14088,2025-07-24 02:21:00,信用卡
T0002121,C02758,P01531,4,8004,2025-07-13 10:56:58,行動支付
T0002122,C00059,P01559,3,3543,2025-07-24 17:25:40,轉帳
T0002123,C02647,P00930,1,784,2025-07-22 19:25:41,貨到付款
T0002124,C01373,P00244,2,1892,2025-07-15 11:19:31,貨到付款
T0002125,C04887,P01335,2,740,2025-07-14 15:55:19,貨到付款
T0002126,C00085,P00556,1,563,2025-07-27 13:43:34,信用卡
T0002127,C04065,P00166,3,3000,2025-07-14 11:35:37,信用卡
T0002128,C03370,P01578,3,12837,2025-07-12 17:05:56,轉帳
T0002129,C04030,P00706,4,10112,2025-07-24 00:33:21,轉帳
T0002130,C04548,P00775,1,650,2025-07-06 07:54:30,貨到付款
T0002131,C00535,P00378,1,3412,2025-07-13 04:06:20,行動支付
T0002132,C00481,P01889,2,1712,2025-07-12 13:25:15,貨到付款
T0002133,C00744,P01450,1,525,2025-07-30 18:18:13,信用卡
T0002134,C00959,P01821,3,2667,2025-07-19 16:26:14,行動支付
T0002135,C02632,P01240,1,-5,2025-07-20 14:39:21,轉帳
T0002136,C04076,P01938,2,6912,2025-07-30 17:00:12,貨到付款
T0002137,C01336,P01532,4,2364,2025-07-18 16:20:50,轉帳
T0002138,C01984,P01984,2,2170,2025-07-24 12:23:27,信用卡
T0002139,C01865,P00324,2,3868,2025-07-25 18:23:12,貨到付款
T0002140,C02030,P00684,4,11072,2025-07-03 15:32:31,貨到付款
T0002141,C02825,P01044,2,5126,2025-07-07 02:09:47,貨到付款
T0002142,C04951,P01379,2,5970,2025-07-28 06:42:09,行動支付
T0002143,C01129,P00388,1,1099,2025-07-24 20:29:13,行動支付
T0002144,C03420,P01982,1,3734,2025-07-13 16:14:43,貨到付款
T0002145,C04239,P01514,4,10992,2025-07-24 22:22:47,貨到付款
T0002146,C03268,P00702,1,2338,2025-07-13 15:29:13,貨到付款
T0002147,C04291,P00680,1,3023,2025-07-24 18:11:10,轉帳
T0002148,C03797,P00778,2,7280,2025-07-31 19:18:58,信用卡
T0002149,C00467,P01513,3,6129,2025-07-17 14:36:13,行動支付
T0002150,C01896,P00207,1,3397,2025-07-20 23:27:42,信用卡
T0002151,C02763,P01024,3,1839,2025-07-13 00:06:37,行動支付
T0002152,C00280,P01623,1,1811,2025-07-04 02:00:19,行動支付
T0002153,C00047,P00424,1,3868,2025-07-18 15:25:46,轉帳
T0002154,C00856,P00380,4,16668,2025-07-24 01:28:13,貨到付款
T0002155,C02499,P01274,4,1428,2025-07-28 19:26:19,行動支付
T0002156,C02169,P01546,4,6396,2025-07-10 22:28:49,信用卡
T0002157,C03921,P01495,3,8595,2025-07-25 16:36:40,貨到付款
T0002158,C02829,P00133,2,6504,2025-07-23 11:30:32,轉帳
T0002159,C04289,P01986,1,3850,2025-07-12 14:40:17,轉帳
T0002160,C00476,P00453,1,1090,2025-07-03 15:27:50,信用卡
T0002161,C02640,P01314,1,666,2025-07-02 19:39:42,行動支付
T0002162,C00212,P01825,3,10242,2025-07-01 17:31:06,轉帳
T0002163,C01057,P00988,4,7516,2025-07-30 14:58:49,貨到付款
T0002164,C04340,P01541,2,3402,2025-07-23 17:23:40,行動支付
T0002165,C04437,P00774,3,6318,2025-07-31 16:00:18,行動支付
T0002166,C02377,P01285,4,3928,2025-07-12 18:52:15,轉帳
T0002167,C00232,P00398,3,1854,2025-07-23 12:27:36,信用卡
T0002168,C00371,P00083,2,8632,2025-07-27 07:58:31,貨到付款
T0002169,C04627,P00905,4,14072,2025-07-26 05:14:34,信用卡
T0002170,C04496,P00007,3,5478,2025-07-15 19:56:03,轉帳
T0002171,C02817,P00710,2,2572,2025-07-24 19:57:45,信用卡
T0002172,C00164,P01975,1,2732,2025-07-11 09:36:01,轉帳
T0002173,C04643,P01867,2,5602,2025-07-22 13:27:22,貨到付款
T0002174,C01572,P01297,1,1336,2025-07-30 23:35:12,行動支付
T0002175,C04807,P00831,3,1113,2025-07-15 16:57:19,信用卡
T0002176,C02935,P01675,4,15752,2025-07-24 14:05:37,貨到付款
T0002177,C03761,P01939,4,12276,2025-07-17 22:34:32,轉帳
T0002178,C03563,P01724,3,9204,2025-07-08 22:17:15,信用卡
T0002179,C01991,P00170,4,7532,2025-07-27 06:02:38,貨到付款
T0002180,C00384,P01686,4,2068,2025-07-27 09:20:39,行動支付
T0002181,C00812,P01189,1,1923,2025-07-07 15:25:10,行動支付
T0002182,C01202,P01122,3,-135,2025-07-24 12:09:15,信用卡
T0002183,C04173,P00232,2,604,2025-07-02 15:36:41,信用卡
T0002184,C01945,P00271,1,2049,2025-07-19 19:24:17,信用卡
T0002185,C04482,P00988,3,5637,2025-07-13 19:40:10,貨到付款
T0002186,C01658,P01992,1,1199,2025-07-09 22:19:49,信用卡
T0002187,C03778,P01451,2,2910,2025-07-28 11:16:33,信用卡
T0002188,C00699,P00681,2,836,2025-07-13 14:11:07,貨到付款
T0002189,C04942,P01249,3,9582,2025-07-06 19:43:22,行動支付
T0002190,C03620,P00064,2,1298,2025-07-13 00:15:32,轉帳
T0002191,C02503,P01670,1,197,2025-07-15 04:33:34,行動支付
T0002192,C04871,P00634,2,1066,2025-07-02 11:55:19,貨到付款
T0002193,C00268,P00624,1,3755,2025-07-14 17:24:27,轉帳
T0002194,C02185,P01644,1,469,2025-07-01 21:37:51,貨到付款
T0002195,C04193,P00586,2,6244,2025-07-02 11:25:16,轉帳
T0002196,C01702,P01717,3,12570,2025-07-15 12:27:47,行動支付
T0002197,C03845,P00109,4,14456,2025-07-30 16:42:47,轉帳
T0002198,C04774,P00600,2,6902,2025-07-29 06:05:11,轉帳
T0002199,C01983,P01928,1,1916,2025-07-06 02:21:02,轉帳
T0002200,C03867,P00273,1,1209,2025-07-25 11:36:52,轉帳
T0002201,C00148,P00516,2,2716,2025-07-22 14:20:22,行動支付
T0002202,C01366,P00759,3,6588,2025-07-18 19:45:32,信用卡
T0002203,C04962,P00306,3,3903,2025-07-23 22:04:40,行動支付
T0002204,C02453,P00679,1,1258,2025-07-19 21:02:02,貨到付款
T0002205,C01779,P00824,1,1905,2025-07-26 19:07:20,貨到付款
T0002206,C04705,P00148,3,1905,2025-07-17 17:13:13,貨到付款
T0002207,C02159,P01061,4,3904,2025-07-12 03:34:26,貨到付款
T0002208,C03398,P00150,2,6460,2025-07-23 18:25:00,信用卡
T0002209,C03303,P00616,1,1110,2025-07-04 20:32:20,信用卡
T0002210,C00428,P00599,1,1961,2025-07-11 19:49:55,貨到付款
T0002211,C03093,P00045,3,6081,2025-07-01 10:21:50,信用卡
T0002212,C03990,P01962,2,848,2025-07-28 15:50:33,轉帳
T0002213,C03565,P00655,3,9528,2025-07-01 08:56:56,轉帳
T0002214,C00410,P01423,2,3130,2025-07-01 05:54:18,轉帳
T0002215,C00771,P01739,2,4508,2025-07-26 08:29:06,行動支付
T0002216,C03558,P01862,2,2092,2025-07-31 16:58:23,貨到付款
T0002217,C03169,P01205,1,307,2025-07-18 04:47:58,行動支付
T0002218,C03698,P01703,4,5492,2025-07-21 20:38:18,行動支付
T0002219,C01583,P00725,3,12267,2025-07-20 13:37:07,信用卡
T0002220,C00532,P00190,4,8812,2025-07-07 21:40:50,行動支付
T0002221,C00025,P00528,3,4857,2025-07-24 13:56:22,信用卡
T0002222,C01541,P00667,2,4576,2025-07-11 09:06:42,貨到付款
T0002223,C01799,P01776,1,1139,2025-07-27 17:37:14,行動支付
T0002224,C01348,P00365,4,13404,2025-07-27 22:26:34,轉帳
T0002225,C00662,P00424,1,3868,2025-07-15 06:27:50,轉帳
T0002226,C00936,P01600,3,5676,2025-07-22 15:30:00,信用卡
T0002227,C02244,P00463,1,140,2025-07-18 00:19:39,貨到付款
T0002228,C02773,P00553,1,3973,2025-07-31 10:54:13,行動支付
T0002229,C02040,P01682,4,444,2025-07-23 10:53:54,轉帳
T0002230,C00131,P01100,2,7586,2025-07-18 21:50:54,貨到付款
T0002231,C01769,P01082,1,2348,2025-07-30 23:01:31,貨到付款
T0002232,C00465,P01718,2,6700,2025-07-30 21:06:38,行動支付
T0002233,C02990,P01623,3,5433,2025-07-14 06:37:14,貨到付款
T0002234,C01622,P01097,1,2474,2025-07-07 20:04:48,轉帳
T0002235,C01926,P01154,4,14848,2025-07-07 12:22:10,轉帳
T0002236,C01459,P01380,3,2964,2025-07-31 10:36:55,轉帳
T0002237,C01938,P00594,3,7491,2025-07-31 21:51:16,行動支付
T0002238,C00423,P01104,4,16520,2025-07-02 18:52:13,信用卡
T0002239,C04505,P00595,1,1585,2025-07-16 21:04:59,轉帳
T0002240,C04526,P01790,1,868,2025-07-30 15:23:33,行動支付
T0002241,C04890,P01504,3,2157,2025-07-18 13:09:45,信用卡
T0002242,C02859,P00081,1,563,2025-07-15 11:00:24,轉帳
T0002243,C00847,P01837,2,3166,2025-07-13 02:44:58,信用卡
T0002244,C01903,P00840,4,13064,2025-07-29 22:11:57,信用卡
T0002245,C00694,P01315,2,6864,2025-07-14 19:47:08,轉帳
T0002246,C01505,P00538,1,1506,2025-07-24 02:14:58,轉帳
T0002247,C02465,P00104,3,11076,2025-07-02 23:37:53,信用卡
T0002248,C00316,P00137,4,3308,2025-07-12 22:27:20,信用卡
T0002249,C02173,P01897,1,2580,2025-07-16 18:10:07,信用卡
T0002250,C02105,P01176,1,2396,2025-07-04 16:03:53,轉帳
T0002251,C02421,P00213,3,483,2025-07-21 04:05:57,貨到付款
T0002252,C00384,P00953,3,1251,2025-07-04 18:08:55,行動支付
T0002253,C01258,P00938,2,6680,2025-07-22 18:49:14,行動支付
T0002254,C01232,P00722,4,3004,2025-07-28 18:54:38,行動支付
T0002255,C03125,P01083,4,16292,2025-07-30 11:03:11,信用卡
T0002256,C02969,P00528,3,4857,2025-07-11 13:55:47,貨到付款
T0002257,C00977,P01181,2,2202,2025-07-17 19:37:46,貨到付款
T0002258,C00534,P01122,4,-180,2025-07-30 10:27:50,貨到付款
T0002259,C01523,P01588,3,9645,2025-07-05 05:50:18,信用卡
T0002260,C04744,P00164,1,470,2025-07-27 15:38:27,信用卡
T0002261,C01661,P00336,4,11088,2025-07-18 18:32:44,貨到付款
T0002262,C03100,P01296,2,590,2025-07-20 23:52:06,信用卡
T0002263,C04020,P01138,2,1902,2025-07-28 01:37:45,信用卡
T0002264,C01647,P01733,2,2722,2025-07-13 15:36:48,轉帳
T0002265,C01673,P01261,1,1819,2025-07-13 20:03:18,貨到付款
T0002266,C04077,P00033,4,8216,2025-07-12 00:10:05,轉帳
T0002267,C04297,P00436,4,7600,2025-07-03 10:03:53,轉帳
T0002268,C04871,P01416,1,2447,2025-07-07 20:00:33,貨到付款
T0002269,C00680,P00338,4,16344,2025-07-04 14:17:49,轉帳
T0002270,C01603,P01914,1,3322,2025-07-04 22:56:35,行動支付
T0002271,C04736,P01727,1,1738,2025-07-25 01:16:47,貨到付款
T0002272,C01004,P01019,1,3424,2025-07-26 19:53:02,轉帳
T0002273,C01570,P01979,2,6856,2025-07-29 16:04:44,轉帳
T0002274,C04822,P00010,4,7660,2025-07-20 11:06:16,轉帳
T0002275,C04843,P01045,1,140,2025-07-02 20:35:53,信用卡
T0002276,C01457,P00546,4,8840,2025-07-08 12:36:20,行動支付
T0002277,C03474,P01589,2,6018,2025-07-09 12:56:22,轉帳
T0002278,C02455,P01552,1,3231,2025-07-01 20:00:37,轉帳
T0002279,C02879,P00375,3,4659,2025-07-22 20:47:21,信用卡
T0002280,C01212,P01095,2,6234,2025-07-27 21:32:02,貨到付款
T0002281,C01880,P00118,3,1842,2025-07-14 20:44:29,信用卡
T0002282,C04082,P00422,4,14580,2025-07-09 13:27:38,貨到付款
T0002283,C01964,P01333,4,11244,2025-07-18 11:39:40,轉帳
T0002284,C00569,P00384,2,3278,2025-07-18 21:22:36,貨到付款
T0002285,C02819,P01055,4,11028,2025-07-21 03:16:09,行動支付
T0002286,C02961,P00688,3,11388,2025-07-20 23:05:19,信用卡
T0002287,C02728,P00809,1,321,2025-07-05 15:42:01,行動支付
T0002288,C03408,P01181,1,1101,2025-07-10 17:29:59,轉帳
T0002289,C02750,P01821,1,889,2025-07-28 23:28:58,行動支付
T0002290,C04765,P00575,2,6882,2025-07-14 10:54:12,貨到付款
T0002291,C02308,P00498,4,7700,2025-07-22 19:34:18,貨到付款
T0002292,C03541,P01712,3,1797,2025-07-15 14:24:38,轉帳
T0002293,C02192,P00249,4,7668,2025-07-03 21:51:22,行動支付
T0002294,C01456,P00840,4,13064,2025-07-07 03:25:54,貨到付款
T0002295,C03464,P01296,4,1180,2025-07-31 12:08:33,行動支付
T0002296,C04094,P00995,1,3693,2025-07-21 14:30:18,信用卡
T0002297,C03978,P01955,3,3945,2025-07-22 18:56:33,轉帳
T0002298,C02045,P00811,3,11439,2025-07-11 16:00:08,轉帳
T0002299,C02496,P00382,4,1168,2025-07-31 19:43:24,行動支付
T0002300,C03166,P00505,1,432,2025-07-05 14:28:24,行動支付
T0002301,C01210,P00256,1,1552,2025-07-03 09:24:24,轉帳
T0002302,C03293,P00368,3,6477,2025-07-05 18:34:25,行動支付
T0002303,C03576,P01281,1,2494,2025-07-14 00:12:19,貨到付款
T0002304,C03945,P00239,1,746,2025-07-20 12:17:51,行動支付
T0002305,C00369,P01342,1,4169,2025-07-31 14:35:38,貨到付款
T0002306,C04953,P00264,2,2802,2025-07-30 17:50:43,行動支付
T0002307,C02396,P00080,4,1096,2025-07-14 15:02:07,信用卡
T0002308,C02004,P01996,3,3960,2025-07-13 08:10:53,信用卡
T0002309,C02533,P01489,3,3855,2025-07-16 19:52:43,貨到付款
T0002310,C04601,P01462,2,1196,2025-07-10 03:04:57,行動支付
T0002311,C03458,P01368,4,2880,2025-07-12 19:31:08,行動支付
T0002312,C02718,P00265,3,5112,2025-07-07 06:09:20,信用卡
T0002313,C03953,P00436,1,1900,2025-07-05 06:12:21,貨到付款
T0002314,C01797,P01918,3,2175,2025-07-05 08:47:24,轉帳
T0002315,C04477,P01149,1,2769,2025-07-27 00:33:20,轉帳
T0002316,C02684,P01303,2,4448,2025-07-24 20:53:39,行動支付
T0002317,C03190,P01434,1,1907,2025-07-10 17:56:04,貨到付款
T0002318,C00424,P01659,3,3948,2025-07-15 10:23:54,信用卡
T0002319,C03844,P00027,3,4083,2025-07-02 13:09:00,轉帳
T0002320,C03288,P00213,3,483,2025-07-21 13:46:57,貨到付款
T0002321,C01775,P00412,2,3860,2025-07-08 13:49:05,信用卡
T0002322,C03234,P00288,2,4372,2025-07-07 18:32:17,貨到付款
T0002323,C00221,P01448,4,8804,2025-07-12 22:01:21,行動支付
T0002324,C04918,P01571,3,2232,2025-07-20 23:39:14,行動支付
T0002325,C03387,P01737,1,3830,2025-07-10 18:15:09,信用卡
T0002326,C01998,P00650,2,6410,2025-07-05 17:45:07,貨到付款
T0002327,C03763,P00822,3,13161,2025-07-01 17:56:09,行動支付
T0002328,C04828,P01319,3,11478,2025-07-30 21:17:58,行動支付
T0002329,C02152,P01360,2,734,2025-07-09 21:14:46,貨到付款
T0002330,C00052,P00886,4,7040,2025-07-04 20:17:58,貨到付款
T0002331,C01293,P00403,2,416,2025-07-23 17:04:17,行動支付
T0002332,C02553,P01270,2,7414,2025-07-28 02:57:34,行動支付
T0002333,C02593,P00413,1,1353,2025-07-30 20:32:14,轉帳
T0002334,C02902,P00706,1,2528,2025-07-09 18:51:54,轉帳
T0002335,C02876,P01739,4,9016,2025-07-07 18:40:29,轉帳
T0002336,C02228,P01716,3,3159,2025-07-29 20:37:48,行動支付
T0002337,C01955,P01324,2,3784,2025-07-18 10:55:19,轉帳
T0002338,C03861,P00979,4,13016,2025-07-02 19:06:59,貨到付款
T0002339,C02942,P01898,1,1709,2025-07-04 14:33:09,貨到付款
T0002340,C02502,P00874,2,2206,2025-07-08 07:31:39,轉帳
T0002341,C01724,P00504,3,6054,2025-07-31 16:43:57,信用卡
T0002342,C00122,P00866,1,1059,2025-07-24 15:32:06,行動支付
T0002343,C00522,P00317,1,1953,2025-07-21 01:02:51,轉帳
T0002344,C02079,P01562,1,-64,2025-07-22 16:09:55,轉帳
T0002345,C04808,P01667,4,12464,2025-07-10 10:26:22,行動支付
T0002346,C00580,P01496,3,10215,2025-07-15 15:39:48,貨到付款
T0002347,C04703,P01048,2,2448,2025-07-26 10:13:43,行動支付
T0002348,C00708,P00407,4,9048,2025-07-11 13:30:28,信用卡
T0002349,C01559,P00220,4,1992,2025-07-10 19:55:22,信用卡
T0002350,C02276,P00574,4,1816,2025-07-28 09:13:49,信用卡
T0002351,C01034,P00566,1,639,2025-07-23 12:33:34,貨到付款
T0002352,C02414,P00354,3,13332,2025-07-05 04:48:31,信用卡
T0002353,C02380,P01538,4,13088,2025-07-27 15:20:19,信用卡
T0002354,C02190,P00946,2,3500,2025-07-10 19:08:40,信用卡
T0002355,C03483,P01525,3,10554,2025-07-11 11:07:04,貨到付款
T0002356,C01594,P00130,2,648,2025-07-29 15:33:43,行動支付
T0002357,C01501,P00908,3,10107,2025-07-18 19:35:01,轉帳
T0002358,C04050,P00606,2,7296,2025-07-11 03:15:16,貨到付款
T0002359,C00575,P00448,1,1652,2025-07-11 13:35:47,轉帳
T0002360,C04245,P00401,4,612,2025-07-17 10:30:10,行動支付
T0002361,C03239,P01727,2,3476,2025-07-01 23:28:25,信用卡
T0002362,C03385,P01678,3,4872,2025-07-16 14:58:24,信用卡
T0002363,C00821,P01927,4,760,2025-07-23 03:08:34,貨到付款
T0002364,C04919,P00539,4,8264,2025-07-18 22:19:20,行動支付
T0002365,C01219,P00960,3,807,2025-07-23 18:32:28,行動支付
T0002366,C00872,P00876,2,3246,2025-07-03 18:08:03,轉帳
T0002367,C00800,P00266,1,1447,2025-07-21 15:13:04,行動支付
T0002368,C02799,P01562,1,-64,2025-07-22 20:13:45,行動支付
T0002369,C04792,P01290,2,2018,2025-07-30 13:23:38,信用卡
T0002370,C01159,P00769,4,4824,2025-07-07 07:49:48,信用卡
T0002371,C02025,P01972,4,12004,2025-07-23 10:08:06,貨到付款
T0002372,C00922,P01103,4,4628,2025-07-22 17:30:53,信用卡
T0002373,C03202,P01283,4,11444,2025-07-10 18:05:16,信用卡
T0002374,C02160,P00289,2,584,2025-07-26 22:14:00,行動支付
T0002375,C00145,P00535,4,10228,2025-07-21 20:00:51,行動支付
T0002376,C03070,P00741,3,6753,2025-07-13 01:59:18,信用卡
T0002377,C00986,P00509,4,6560,2025-07-12 03:50:55,行動支付
T0002378,C02961,P00197,1,2954,2025-07-20 09:19:22,行動支付
T0002379,C01944,P01724,4,12272,2025-07-23 15:17:59,貨到付款
T0002380,C03523,P01032,2,5082,2025-07-07 11:38:50,轉帳
T0002381,C01028,P00620,1,2348,2025-07-20 20:06:51,信用卡
T0002382,C03761,P00807,2,3974,2025-07-04 18:23:14,信用卡
T0002383,C04043,P00125,2,3948,2025-07-08 20:56:17,轉帳
T0002384,C00312,P01914,1,3322,2025-07-26 13:28:10,行動支付
T0002385,C00508,P00214,2,3312,2025-07-20 10:39:29,信用卡
T0002386,C04359,P01797,2,5314,2025-07-01 07:48:02,貨到付款
T0002387,C00934,P00504,4,8072,2025-07-24 11:40:19,信用卡
T0002388,C01629,P00488,3,4935,2025-07-08 12:38:38,貨到付款
T0002389,C02287,P01915,2,4246,2025-07-16 13:45:34,信用卡
T0002390,C01311,P01862,2,2092,2025-07-23 13:35:45,信用卡
T0002391,C04313,P01711,2,5046,2025-07-14 17:46:33,轉帳
T0002392,C02638,P01148,4,9608,2025-07-17 15:53:59,貨到付款
T0002393,C03195,P01848,3,3696,2025-07-16 15:03:45,信用卡
T0002394,C02984,P01843,1,4157,2025-07-30 20:08:07,行動支付
T0002395,C03056,P01255,4,18116,2025-07-12 13:09:31,轉帳
T0002396,C02935,P01954,4,1968,2025-07-20 06:29:27,轉帳
T0002397,C01739,P00006,3,1626,2025-07-30 11:08:31,貨到付款
T0002398,C04227,P01917,3,11136,2025-07-29 12:55:02,轉帳
T0002399,C03086,P00654,4,9468,2025-07-31 21:13:07,轉帳
T0002400,C04068,P01379,1,2985,2025-07-06 04:14:55,轉帳
T0002401,C03529,P01107,4,3764,2025-07-20 07:35:02,轉帳
T0002402,C01487,P01135,3,5472,2025-07-30 21:00:18,轉帳
T0002403,C03072,P00002,1,1559,2025-07-15 11:07:19,貨到付款
T0002404,C00423,P00386,3,10377,2025-07-24 22:47:56,轉帳
T0002405,C00669,P00216,1,2393,2025-07-29 15:51:25,行動支付
T0002406,C00589,P00612,2,2530,2025-07-18 15:29:30,貨到付款
T0002407,C01526,P01528,3,10188,2025-07-24 21:16:00,轉帳
T0002408,C00915,P00502,3,13083,2025-07-15 01:25:24,貨到付款
T0002409,C03467,P01609,4,9000,2025-07-14 21:48:22,貨到付款
T0002410,C02554,P01172,3,3027,2025-07-13 00:43:28,信用卡
T0002411,C02091,P01257,3,6723,2025-07-13 23:08:10,信用卡
T0002412,C00689,P01339,2,832,2025-07-28 23:54:09,轉帳
T0002413,C01918,P01921,3,4155,2025-07-04 21:11:50,貨到付款
T0002414,C00928,P01130,2,3788,2025-07-22 17:08:07,貨到付款
T0002415,C03177,P00713,2,778,2025-07-19 19:13:54,轉帳
T0002416,C03467,P00759,2,4392,2025-07-28 15:55:34,轉帳
T0002417,C03226,P01249,2,6388,2025-07-06 11:50:16,行動支付
T0002418,C04999,P01780,1,1578,2025-07-25 14:27:16,貨到付款
T0002419,C02774,P00649,4,1364,2025-07-23 20:38:13,轉帳
T0002420,C02448,P01715,1,-53,2025-07-07 20:58:19,行動支付
T0002421,C00701,P00713,3,1167,2025-07-24 19:41:37,轉帳
T0002422,C01572,P01517,1,2139,2025-07-27 10:10:42,貨到付款
T0002423,C02255,P01064,1,1014,2025-07-25 02:25:25,貨到付款
T0002424,C00268,P00986,3,747,2025-07-22 22:02:56,貨到付款
T0002425,C01795,P00861,3,3000,2025-07-09 16:14:06,轉帳
T0002426,C00047,P01124,3,10107,2025-07-06 04:41:58,行動支付
T0002427,C00682,P01379,1,2985,2025-07-09 11:21:33,信用卡
T0002428,C04076,P00206,1,692,2025-07-26 17:37:56,轉帳
T0002429,C04819,P01791,3,5892,2025-07-18 06:33:42,貨到付款
T0002430,C02527,P00462,4,7472,2025-07-10 22:51:27,轉帳
T0002431,C02474,P01733,4,5444,2025-07-12 02:16:11,信用卡
T0002432,C03423,P00409,2,5026,2025-07-04 02:24:47,貨到付款
T0002433,C02078,P00824,3,5715,2025-07-08 15:43:05,轉帳
T0002434,C04199,P01991,2,6144,2025-07-16 19:01:19,貨到付款
T0002435,C02443,P00145,4,11896,2025-07-18 18:14:50,轉帳
T0002436,C00413,P01361,2,5390,2025-07-13 06:33:06,信用卡
T0002437,C00154,P01951,3,2859,2025-07-03 18:46:21,貨到付款
T0002438,C03805,P00882,3,2895,2025-07-19 08:23:47,貨到付款
T0002439,C01460,P00271,3,6147,2025-07-27 13:40:45,信用卡
T0002440,C01374,P01476,1,1224,2025-07-12 13:16:10,貨到付款
T0002441,C02688,P00436,2,3800,2025-07-03 17:31:36,貨到付款
T0002442,C00841,P00193,4,3240,2025-07-25 10:06:13,信用卡
T0002443,C02286,P00512,4,10240,2025-07-25 20:12:58,貨到付款
T0002444,C03712,P01836,4,9440,2025-07-23 13:36:31,貨到付款
T0002445,C03829,P00818,1,3844,2025-07-06 11:29:27,貨到付款
T0002446,C02748,P01982,1,3734,2025-07-17 15:31:23,轉帳
T0002447,C00566,P01286,3,3069,2025-07-19 05:50:35,貨到付款
T0002448,C00571,P01779,4,9072,2025-07-14 05:53:49,行動支付
T0002449,C03875,P01786,1,3870,2025-07-10 06:16:38,行動支付
T0002450,C04116,P00186,3,1647,2025-07-03 16:14:49,轉帳
T0002451,C01834,P01847,4,7320,2025-07-27 23:01:35,轉帳
T0002452,C04113,P01223,2,-162,2025-07-21 16:19:11,貨到付款
T0002453,C00208,P00187,3,10821,2025-07-14 19:54:08,貨到付款
T0002454,C03594,P00500,1,866,2025-07-07 11:38:00,信用卡
T0002455,C02731,P01196,1,2188,2025-07-22 20:54:25,行動支付
T0002456,C04948,P01492,3,2847,2025-07-04 13:01:02,貨到付款
T0002457,C00512,P01876,3,7530,2025-07-04 05:14:39,轉帳
T0002458,C04150,P00482,1,2945,2025-07-04 13:33:00,信用卡
T0002459,C03756,P00952,2,2004,2025-07-10 12:47:12,行動支付
T0002460,C01488,P00554,4,13348,2025-07-14 22:31:39,行動支付
T0002461,C04996,P00334,2,1904,2025-07-06 18:16:37,行動支付
T0002462,C02248,P01514,3,8244,2025-07-20 00:00:55,貨到付款
T0002463,C01742,P01457,2,6886,2025-07-24 15:25:06,信用卡
T0002464,C04083,P01852,1,3637,2025-07-26 22:49:52,行動支付
T0002465,C02195,P00979,3,9762,2025-07-30 20:52:29,轉帳
T0002466,C04969,P01984,4,4340,2025-07-23 17:19:53,信用卡
T0002467,C03878,P01591,1,2670,2025-07-21 22:42:38,貨到付款
T0002468,C01184,P01774,1,1152,2025-07-19 22:21:57,貨到付款
T0002469,C04053,P00200,4,16172,2025-07-16 11:42:59,貨到付款
T0002470,C02939,P01007,4,672,2025-07-01 13:39:36,轉帳
T0002471,C01753,P00458,2,1762,2025-07-13 11:14:24,信用卡
T0002472,C03553,P01151,3,5244,2025-07-15 10:02:37,行動支付
T0002473,C03163,P00000,4,11372,2025-07-22 13:02:51,信用卡
T0002474,C00829,P01392,4,3668,2025-07-06 18:29:11,行動支付
T0002475,C00696,P01869,3,5331,2025-07-14 12:43:11,轉帳
T0002476,C01033,P01506,4,11544,2025-07-02 13:51:24,行動支付
T0002477,C01034,P01112,4,14132,2025-07-19 13:10:57,行動支付
T0002478,C00296,P00328,2,4390,2025-07-09 21:39:30,轉帳
T0002479,C01754,P01477,1,-23,2025-07-04 18:48:41,行動支付
T0002480,C01405,P01961,1,2716,2025-07-12 08:43:28,信用卡
T0002481,C02693,P01143,1,3371,2025-07-20 04:49:56,信用卡
T0002482,C01618,P01334,1,498,2025-07-16 15:07:07,行動支付
T0002483,C03520,P00385,4,2700,2025-07-22 13:43:39,轉帳
T0002484,C01446,P01644,3,1407,2025-07-04 20:29:43,貨到付款
T0002485,C01336,P00468,3,11949,2025-07-16 11:51:11,行動支付
T0002486,C04290,P00090,2,3476,2025-07-24 20:26:00,行動支付
T0002487,C04927,P00358,2,4132,2025-07-27 23:27:32,行動支付
T0002488,C03396,P01654,4,15124,2025-07-11 14:35:44,信用卡
T0002489,C00476,P00395,3,6522,2025-07-18 21:43:35,轉帳
T0002490,C04813,P00589,3,9225,2025-07-14 19:02:59,轉帳
T0002491,C03928,P00122,1,1063,2025-07-25 15:43:38,行動支付
T0002492,C04593,P00898,4,8100,2025-07-16 11:22:32,行動支付
T0002493,C04962,P01237,4,1884,2025-07-13 23:30:55,轉帳
T0002494,C04335,P00062,1,1327,2025-07-27 19:53:37,轉帳
T0002495,C00634,P01451,4,5820,2025-07-10 20:44:58,轉帳
T0002496,C04330,P01448,4,8804,2025-07-07 23:26:17,轉帳
T0002497,C01248,P00733,2,1456,2025-07-09 21:03:10,轉帳
T0002498,C03556,P01513,3,6129,2025-07-13 04:31:25,行動支付
T0002499,C04142,P01522,4,2288,2025-07-27 11:27:56,行動支付
T0002500,C03807,P01669,2,7078,2025-07-26 18:22:38,轉帳
T0002501,C03381,P00863,3,8673,2025-07-13 19:51:16,轉帳
T0002502,C02447,P01375,1,1983,2025-07-24 13:28:41,貨到付款
T0002503,C02887,P01667,2,6232,2025-07-24 13:39:16,行動支付
T0002504,C01343,P00318,2,6746,2025-07-27 14:16:28,信用卡
T0002505,C02071,P00756,3,10599,2025-07-24 05:22:53,轉帳
T0002506,C02259,P00342,1,205,2025-07-21 20:15:17,信用卡
T0002507,C03168,P00070,2,8058,2025-07-28 14:16:55,信用卡
T0002508,C04400,P00350,4,1812,2025-07-11 17:45:40,行動支付
T0002509,C00465,P01685,4,2956,2025-07-05 06:49:23,貨到付款
T0002510,C02578,P00840,4,13064,2025-07-08 14:10:38,轉帳
T0002511,C01391,P00169,1,260,2025-07-21 00:46:17,行動支付
T0002512,C04681,P00315,2,7552,2025-07-22 20:33:39,轉帳
T0002513,C01845,P00146,4,12048,2025-07-13 07:14:41,行動支付
T0002514,C04751,P00830,1,2384,2025-07-20 06:56:01,貨到付款
T0002515,C01636,P00869,4,9340,2025-07-08 14:52:22,信用卡
T0002516,C00012,P01399,3,1911,2025-07-09 16:02:49,貨到付款
T0002517,C03870,P00332,2,7488,2025-07-31 15:00:23,貨到付款
T0002518,C03663,P01427,2,6100,2025-07-08 16:12:46,轉帳
T0002519,C03654,P01427,1,3050,2025-07-18 13:25:37,行動支付
T0002520,C02292,P01767,1,3671,2025-07-07 10:38:07,行動支付
T0002521,C03320,P01061,2,1952,2025-07-08 14:24:19,貨到付款
T0002522,C01791,P01801,4,8544,2025-07-24 15:44:58,轉帳
T0002523,C00316,P01183,4,4848,2025-07-09 20:01:30,貨到付款
T0002524,C02672,P01923,3,6018,2025-07-08 14:03:51,行動支付
T0002525,C01089,P01171,4,3504,2025-07-29 12:22:00,信用卡
T0002526,C02148,P00660,1,2702,2025-07-24 21:13:11,行動支付
T0002527,C01059,P00906,1,688,2025-07-26 23:16:53,行動支付
T0002528,C01342,P01657,4,12328,2025-07-01 12:02:51,信用卡
T0002529,C04141,P01188,1,3775,2025-07-24 21:26:23,行動支付
T0002530,C01688,P01321,2,4218,2025-07-17 11:34:28,貨到付款
T0002531,C02889,P00431,2,6376,2025-07-21 16:13:12,轉帳
T0002532,C02830,P00898,4,8100,2025-07-29 12:25:29,貨到付款
T0002533,C02426,P00344,2,3596,2025-07-09 17:17:44,轉帳
T0002534,C01718,P01673,2,3468,2025-07-26 22:25:55,轉帳
T0002535,C03412,P00890,3,4002,2025-07-14 19:15:13,貨到付款
T0002536,C00242,P00631,3,8934,2025-07-28 21:08:57,行動支付
T0002537,C00497,P01212,2,2134,2025-07-16 10:50:36,轉帳
T0002538,C03919,P01852,4,14548,2025-07-20 11:07:21,行動支付
T0002539,C02297,P01596,3,4764,2025-07-20 03:03:45,行動支付
T0002540,C00621,P01671,1,1736,2025-07-31 19:18:52,轉帳
T0002541,C04288,P00392,1,3165,2025-07-27 01:56:05,轉帳
T0002542,C02206,P00591,1,-24,2025-07-01 10:31:27,轉帳
T0002543,C00003,P01545,4,12284,2025-07-02 15:34:07,行動支付
T0002544,C04790,P00929,2,3450,2025-07-22 21:20:07,行動支付
T0002545,C01011,P00182,1,748,2025-07-13 07:33:16,轉帳
T0002546,C03442,P01162,4,8976,2025-07-19 21:30:36,轉帳
T0002547,C00659,P01593,3,12783,2025-07-21 15:33:12,信用卡
T0002548,C03249,P00253,2,2492,2025-07-08 21:01:27,信用卡
T0002549,C00794,P00107,3,6945,2025-07-03 12:13:56,貨到付款
T0002550,C04663,P01474,4,10568,2025-07-11 14:41:23,貨到付款
T0002551,C01370,P01067,1,1173,2025-07-09 18:30:33,貨到付款
T0002552,C03272,P01714,1,991,2025-07-19 05:21:01,轉帳
T0002553,C01251,P01120,4,13636,2025-07-31 20:22:42,信用卡
T0002554,C01859,P00789,1,1596,2025-07-25 19:43:11,轉帳
T0002555,C04519,P01299,2,4426,2025-07-14 02:48:29,信用卡
T0002556,C00827,P01424,4,6972,2025-07-01 19:55:33,行動支付
T0002557,C01981,P01633,3,5964,2025-07-16 13:48:30,行動支付
T0002558,C01527,P00105,4,2608,2025-07-02 15:40:54,行動支付
T0002559,C03497,P00359,2,8076,2025-07-30 18:43:07,轉帳
T0002560,C01170,P01751,2,1948,2025-07-31 10:11:15,信用卡
T0002561,C03277,P01597,4,8892,2025-07-29 18:59:06,信用卡
T0002562,C03518,P00480,4,3920,2025-07-28 11:07:08,貨到付款
T0002563,C00005,P00101,1,1640,2025-07-07 15:16:23,行動支付
T0002564,C02384,P01716,2,2106,2025-07-20 15:33:19,貨到付款
T0002565,C00663,P01087,4,4976,2025-07-31 18:44:47,轉帳
T0002566,C01130,P00148,4,2540,2025-07-31 11:58:15,信用卡
T0002567,C03399,P01078,2,6530,2025-07-16 14:32:28,轉帳
T0002568,C00046,P00167,4,5008,2025-07-01 13:44:32,貨到付款
T0002569,C03477,P01050,1,441,2025-07-25 22:31:37,轉帳
T0002570,C04085,P00187,2,7214,2025-07-03 19:40:51,行動支付
T0002571,C04940,P00522,1,865,2025-07-25 14:41:23,信用卡
T0002572,C02111,P01097,1,2474,2025-07-04 21:52:27,轉帳
T0002573,C00660,P01656,1,1615,2025-07-09 03:02:29,行動支付
T0002574,C00354,P00088,1,771,2025-07-17 11:34:43,信用卡
T0002575,C01915,P00981,2,7530,2025-07-21 12:33:46,信用卡
T0002576,C03653,P01675,1,3938,2025-07-09 15:12:51,貨到付款
T0002577,C00512,P00279,1,201,2025-07-01 11:33:53,貨到付款
T0002578,C01566,P01580,4,14004,2025-07-25 13:13:27,行動支付
T0002579,C04404,P01397,2,1840,2025-07-30 21:42:18,行動支付
T0002580,C00685,P00178,2,2986,2025-07-23 18:55:18,信用卡
T0002581,C03867,P00295,3,9174,2025-07-29 11:08:30,信用卡
T0002582,C03765,P00884,2,4608,2025-07-06 12:39:00,信用卡
T0002583,C00665,P00844,2,8524,2025-07-07 08:28:35,轉帳
T0002584,C04964,P01267,3,4128,2025-07-28 20:15:50,轉帳
T0002585,C00714,P00160,2,5304,2025-07-22 19:51:16,貨到付款
T0002586,C02652,P01520,2,6728,2025-07-08 19:05:27,信用卡
T0002587,C00042,P00921,2,3416,2025-07-16 19:20:47,信用卡
T0002588,C03250,P01362,2,4880,2025-07-20 12:17:16,轉帳
T0002589,C02200,P01985,3,4626,2025-07-09 21:35:35,行動支付
T0002590,C03612,P00675,2,3890,2025-07-22 16:20:47,信用卡
T0002591,C03140,P00066,2,3772,2025-07-19 05:12:11,貨到付款
T0002592,C00756,P00023,3,6474,2025-07-21 02:40:56,信用卡
T0002593,C02058,P00054,4,3680,2025-07-12 10:54:45,行動支付
T0002594,C03432,P01329,1,3816,2025-07-27 08:27:39,信用卡
T0002595,C04299,P00048,4,10196,2025-07-20 18:07:47,轉帳
T0002596,C00433,P01619,3,-228,2025-07-12 03:53:58,貨到付款
T0002597,C00502,P00060,1,1652,2025-07-21 02:08:38,貨到付款
T0002598,C03762,P00644,3,8238,2025-07-31 17:39:25,行動支付
T0002599,C02947,P01515,3,6264,2025-07-13 04:01:38,信用卡
T0002600,C01920,P01615,2,6374,2025-07-27 21:58:15,轉帳
T0002601,C04816,P01171,1,876,2025-07-12 20:25:22,信用卡
T0002602,C01572,P00165,2,7248,2025-07-09 22:15:01,信用卡
T0002603,C00699,P00380,1,4167,2025-07-15 17:37:07,行動支付
T0002604,C01384,P01906,3,7425,2025-07-26 08:51:50,貨到付款
T0002605,C00421,P00196,3,8556,2025-07-27 01:11:43,信用卡
T0002606,C02766,P01567,4,10412,2025-07-15 11:10:01,行動支付
T0002607,C03000,P01078,1,3265,2025-07-04 10:40:38,信用卡
T0002608,C03037,P00743,2,2850,2025-07-12 05:35:58,貨到付款
T0002609,C03894,P01574,4,4924,2025-07-11 00:18:08,貨到付款
T0002610,C03452,P01496,4,13620,2025-07-07 05:34:08,信用卡
T0002611,C04239,P01209,4,12680,2025-07-23 02:44:54,轉帳
T0002612,C03292,P01438,2,-84,2025-07-13 22:08:51,轉帳
T0002613,C01508,P01976,4,6788,2025-07-30 04:33:55,轉帳
T0002614,C02588,P00625,2,6396,2025-07-04 19:02:36,行動支付
T0002615,C02547,P01344,4,11568,2025-07-08 21:03:58,信用卡
T0002616,C03739,P01589,2,6018,2025-07-31 13:33:18,貨到付款
T0002617,C01477,P01008,3,3111,2025-07-23 14:58:33,轉帳
T0002618,C00272,P00579,3,8118,2025-07-12 10:52:31,貨到付款
T0002619,C04489,P00584,3,8694,2025-07-20 10:13:37,信用卡
T0002620,C04773,P00318,3,10119,2025-07-26 12:47:09,轉帳
T0002621,C02474,P01091,3,6273,2025-07-09 20:21:40,信用卡
T0002622,C00563,P00295,4,12232,2025-07-22 12:33:53,貨到付款
T0002623,C02497,P01336,4,9380,2025-07-04 13:05:34,轉帳
T0002624,C02969,P01080,4,16772,2025-07-06 11:55:43,貨到付款
T0002625,C02641,P00574,2,908,2025-07-07 19:55:08,行動支付
T0002626,C04888,P01044,2,5126,2025-07-14 22:54:08,信用卡
T0002627,C04934,P01535,2,1452,2025-07-19 08:06:32,行動支付
T0002628,C04669,P00301,2,5470,2025-07-11 10:23:23,行動支付
T0002629,C00659,P01648,3,3822,2025-07-21 15:26:49,信用卡
T0002630,C04304,P00577,3,4170,2025-07-17 19:42:46,行動支付
T0002631,C02841,P01243,3,6825,2025-07-03 13:21:37,行動支付
T0002632,C01827,P00084,1,3107,2025-07-02 11:59:32,信用卡
T0002633,C03414,P00758,4,1700,2025-07-04 16:46:46,轉帳
T0002634,C03813,P00080,2,548,2025-07-28 20:21:54,信用卡
T0002635,C04772,P00869,2,4670,2025-07-10 11:32:29,轉帳
T0002636,C03851,P00052,3,4470,2025-07-13 02:51:21,貨到付款
T0002637,C00083,P01198,2,5510,2025-07-01 20:48:18,轉帳
T0002638,C00337,P00005,2,5538,2025-07-17 16:37:47,行動支付
T0002639,C01310,P00522,4,3460,2025-07-04 21:54:20,轉帳
T0002640,C00199,P00491,3,9549,2025-07-24 02:36:08,信用卡
T0002641,C00302,P00690,4,7000,2025-07-21 11:26:45,轉帳
T0002642,C03946,P00682,1,3137,2025-07-10 03:58:21,轉帳
T0002643,C02533,P00722,1,751,2025-07-01 14:54:26,行動支付
T0002644,C03142,P01031,1,1970,2025-07-20 22:22:50,信用卡
T0002645,C02505,P01060,3,366,2025-07-12 14:51:49,行動支付
T0002646,C02077,P00810,2,2252,2025-07-30 11:55:21,信用卡
T0002647,C03509,P01126,3,-144,2025-07-17 15:54:03,貨到付款
T0002648,C00412,P00471,3,10188,2025-07-17 19:08:42,貨到付款
T0002649,C02682,P00298,2,3846,2025-07-05 10:49:21,信用卡
T0002650,C03080,P00538,4,6024,2025-07-10 14:53:28,行動支付
T0002651,C01387,P00455,1,699,2025-07-21 15:31:17,行動支付
T0002652,C01549,P00643,4,5504,2025-07-12 13:11:23,貨到付款
T0002653,C02556,P01322,1,2212,2025-07-10 21:07:08,信用卡
T0002654,C01015,P00732,3,8097,2025-07-07 15:09:54,貨到付款
T0002655,C04040,P01643,1,-28,2025-07-10 19:51:51,轉帳
T0002656,C02681,P01570,3,4290,2025-07-08 15:30:39,信用卡
T0002657,C01953,P00750,4,15324,2025-07-02 01:03:45,行動支付
T0002658,C03171,P00083,3,12948,2025-07-10 21:57:23,行動支付
T0002659,C04172,P01428,4,10300,2025-07-20 23:35:53,行動支付
T0002660,C03405,P01250,2,6028,2025-07-10 16:47:26,行動支付
T0002661,C00330,P00106,2,4050,2025-07-15 21:59:46,貨到付款
T0002662,C03493,P00415,2,1526,2025-07-28 21:27:27,行動支付
T0002663,C03649,P00820,3,1122,2025-07-05 04:36:21,行動支付
T0002664,C04232,P01712,2,1198,2025-07-26 10:54:31,貨到付款
T0002665,C00289,P01116,1,2463,2025-07-04 10:23:37,轉帳
T0002666,C00431,P01236,4,4872,2025-07-08 13:01:59,貨到付款
T0002667,C02172,P01573,4,-64,2025-07-06 18:27:28,貨到付款
T0002668,C02266,P00033,1,2054,2025-07-09 17:50:01,轉帳
T0002669,C03044,P01248,3,11409,2025-07-13 07:50:09,信用卡
T0002670,C01546,P01272,3,4173,2025-07-30 19:09:31,信用卡
T0002671,C03708,P01877,4,2092,2025-07-05 16:25:23,行動支付
T0002672,C03703,P01849,2,3190,2025-07-07 20:18:52,貨到付款
T0002673,C00597,P00369,3,11232,2025-07-12 22:44:40,轉帳
T0002674,C03539,P00129,3,1788,2025-07-07 12:31:58,信用卡
T0002675,C03507,P00535,1,2557,2025-07-30 17:03:03,轉帳
T0002676,C00819,P00093,1,381,2025-07-11 12:23:21,信用卡
T0002677,C04765,P00244,2,1892,2025-07-18 11:18:22,信用卡
T0002678,C02615,P00783,3,10410,2025-07-12 14:21:56,貨到付款
T0002679,C03914,P01669,3,10617,2025-07-27 08:27:51,行動支付
T0002680,C03603,P00248,1,3475,2025-07-06 22:27:35,信用卡
T0002681,C00834,P01111,3,1506,2025-07-31 22:13:13,信用卡
T0002682,C00634,P01058,4,4708,2025-07-12 19:59:42,信用卡
T0002683,C03905,P00009,1,3444,2025-07-16 18:55:48,信用卡
T0002684,C01343,P01251,2,808,2025-07-14 14:03:35,轉帳
T0002685,C04432,P00517,1,305,2025-07-27 18:22:48,行動支付
T0002686,C03857,P01713,3,5847,2025-07-01 12:51:47,轉帳
T0002687,C00146,P00354,2,8888,2025-07-19 02:32:26,信用卡
T0002688,C04035,P01896,1,2126,2025-07-25 18:18:12,行動支付
T0002689,C01359,P00996,4,4064,2025-07-03 15:23:58,貨到付款
T0002690,C00319,P01861,4,3756,2025-07-11 18:35:20,轉帳
T0002691,C03561,P01031,1,1970,2025-07-25 10:40:45,貨到付款
T0002692,C02883,P00756,4,14132,2025-07-19 10:14:14,行動支付
T0002693,C00385,P01527,4,1368,2025-07-13 13:56:02,信用卡
T0002694,C02275,P01056,4,12956,2025-07-25 22:43:15,信用卡
T0002695,C01800,P00128,2,606,2025-07-28 05:43:26,行動支付
T0002696,C02498,P00535,4,10228,2025-07-02 15:56:33,信用卡
T0002697,C02834,P00309,4,12332,2025-07-17 16:41:43,行動支付
T0002698,C01838,P00131,4,11408,2025-07-01 22:02:23,行動支付
T0002699,C01275,P01393,2,1748,2025-07-12 18:35:12,信用卡
T0002700,C00514,P01238,1,2694,2025-07-20 01:06:23,行動支付
T0002701,C02869,P00590,3,5520,2025-07-27 04:02:10,信用卡
T0002702,C03613,P00341,4,8012,2025-07-13 06:02:39,轉帳
T0002703,C01142,P01142,1,2857,2025-07-23 10:43:46,信用卡
T0002704,C02544,P01338,4,10976,2025-07-08 18:36:27,轉帳
T0002705,C00220,P01461,2,7392,2025-07-08 15:02:11,轉帳
T0002706,C04314,P00815,1,1245,2025-07-30 00:42:56,行動支付
T0002707,C01222,P00317,2,3906,2025-07-08 16:40:28,行動支付
T0002708,C02358,P00485,4,14092,2025-07-17 10:41:04,信用卡
T0002709,C01914,P00839,4,4224,2025-07-18 16:13:33,信用卡
T0002710,C00750,P01433,2,3928,2025-07-10 12:28:33,轉帳
T0002711,C04655,P00736,3,10500,2025-07-04 19:26:49,貨到付款
T0002712,C04287,P01450,2,1050,2025-07-15 14:15:47,轉帳
T0002713,C02764,P01056,4,12956,2025-07-29 12:53:51,貨到付款
T0002714,C04569,P00427,2,740,2025-07-05 17:34:14,貨到付款
T0002715,C03703,P00619,3,4281,2025-07-10 15:05:11,信用卡
T0002716,C02096,P01556,2,1856,2025-07-10 10:49:25,轉帳
T0002717,C01609,P00164,3,1410,2025-07-14 12:17:09,轉帳
T0002718,C02081,P01746,3,3846,2025-07-24 20:19:17,貨到付款
T0002719,C03601,P01644,2,938,2025-07-28 02:29:41,行動支付
T0002720,C01356,P00583,2,5016,2025-07-18 10:43:48,行動支付
T0002721,C00389,P01964,1,2364,2025-07-06 18:38:52,行動支付
T0002722,C01864,P00779,4,11244,2025-07-14 14:28:38,貨到付款
T0002723,C02510,P00709,3,4566,2025-07-26 15:33:05,信用卡
T0002724,C04509,P01500,1,777,2025-07-22 18:30:28,貨到付款
T0002725,C00896,P01515,2,4176,2025-07-27 20:17:39,轉帳
T0002726,C04021,P01732,4,3928,2025-07-19 04:24:33,行動支付
T0002727,C04907,P00084,1,3107,2025-07-15 18:19:59,行動支付
T0002728,C04770,P00806,3,5991,2025-07-31 11:52:39,轉帳
T0002729,C00344,P00458,1,881,2025-07-07 22:36:39,行動支付
T0002730,C02325,P01351,3,630,2025-07-23 13:05:51,轉帳
T0002731,C01411,P00679,2,2516,2025-07-11 13:27:25,貨到付款
T0002732,C04224,P01366,4,10252,2025-07-10 17:12:39,信用卡
T0002733,C01636,P00587,4,12800,2025-07-09 00:09:40,信用卡
T0002734,C02765,P01918,4,2900,2025-07-13 19:37:48,行動支付
T0002735,C00039,P01822,2,270,2025-07-01 20:36:51,貨到付款
T0002736,C01003,P00046,3,10749,2025-07-13 06:37:24,轉帳
T0002737,C02819,P00169,2,520,2025-07-13 10:51:33,貨到付款
T0002738,C01519,P00754,4,7736,2025-07-03 22:07:42,信用卡
T0002739,C03113,P00822,2,8774,2025-07-18 10:08:36,轉帳
T0002740,C02319,P00559,2,5096,2025-07-26 18:15:42,貨到付款
T0002741,C02958,P00581,2,3116,2025-07-25 17:56:41,信用卡
T0002742,C02466,P01151,3,5244,2025-07-05 06:35:31,行動支付
T0002743,C03863,P01629,1,1592,2025-07-05 04:03:14,貨到付款
T0002744,C00977,P01010,1,3984,2025-07-15 11:31:45,行動支付
T0002745,C04502,P01836,2,4720,2025-07-18 19:03:24,轉帳
T0002746,C03802,P01544,1,2545,2025-07-22 18:13:32,信用卡
T0002747,C01225,P01461,1,3696,2025-07-14 15:19:45,轉帳
T0002748,C00031,P00736,2,7000,2025-07-29 23:20:31,貨到付款
T0002749,C02050,P01112,2,7066,2025-07-17 11:59:16,行動支付
T0002750,C01164,P01001,4,6340,2025-07-26 07:37:24,貨到付款
T0002751,C01732,P00356,1,2153,2025-07-22 20:56:20,貨到付款
T0002752,C04197,P01964,3,7092,2025-07-22 19:42:25,貨到付款
T0002753,C04385,P00663,2,2404,2025-07-21 20:58:50,轉帳
T0002754,C04754,P01944,4,8256,2025-07-12 19:29:32,貨到付款
T0002755,C00007,P00931,3,7764,2025-07-13 13:00:03,貨到付款
T0002756,C03286,P01663,1,1657,2025-07-29 13:04:54,轉帳
T0002757,C04245,P00123,4,6312,2025-07-24 10:25:40,信用卡
T0002758,C03636,P01376,2,2708,2025-07-24 15:27:16,信用卡
T0002759,C00519,P00075,3,8184,2025-07-21 11:38:16,行動支付
T0002760,C02649,P01373,2,6030,2025-07-07 22:58:14,貨到付款
T0002761,C01190,P00115,1,193,2025-07-06 11:23:26,信用卡
T0002762,C02460,P01705,3,7944,2025-07-04 11:27:22,行動支付
T0002763,C00299,P00477,1,3410,2025-07-07 21:51:16,行動支付
T0002764,C04984,P01832,1,3605,2025-07-06 01:18:09,貨到付款
T0002765,C03558,P00417,4,6644,2025-07-03 22:32:27,貨到付款
T0002766,C00465,P01530,2,3040,2025-07-15 11:45:06,信用卡
T0002767,C04606,P00710,3,3858,2025-07-28 13:03:15,行動支付
T0002768,C04486,P01657,1,3082,2025-07-11 06:36:05,信用卡
T0002769,C02598,P00515,1,3126,2025-07-19 23:22:42,轉帳
T0002770,C03504,P00630,3,5040,2025-07-31 17:51:21,行動支付
T0002771,C01862,P01417,1,1912,2025-07-14 13:06:15,信用卡
T0002772,C04872,P00789,4,6384,2025-07-08 12:54:35,貨到付款
T0002773,C00424,P00443,4,556,2025-07-11 03:05:40,轉帳
T0002774,C00477,P00282,4,8340,2025-07-09 23:58:11,行動支付
T0002775,C00667,P00204,4,11932,2025-07-27 04:36:32,行動支付
T0002776,C04099,P00189,1,1673,2025-07-28 22:57:27,轉帳
T0002777,C00374,P01199,3,5829,2025-07-14 18:13:11,信用卡
T0002778,C02839,P01052,3,8574,2025-07-28 15:37:44,轉帳
T0002779,C02174,P01442,3,-153,2025-07-23 03:17:08,轉帳
T0002780,C04821,P01574,3,3693,2025-07-07 11:06:00,信用卡
T0002781,C01183,P01088,2,2966,2025-07-13 00:47:51,信用卡
T0002782,C01304,P01212,3,3201,2025-07-17 17:04:47,信用卡
T0002783,C01575,P00397,2,934,2025-07-27 11:02:23,信用卡
T0002784,C04004,P01186,2,6902,2025-07-05 03:05:33,貨到付款
T0002785,C03503,P01261,4,7276,2025-07-09 13:57:53,信用卡
T0002786,C03676,P00395,2,4348,2025-07-21 19:58:18,信用卡
T0002787,C01590,P00433,1,3601,2025-07-19 19:26:23,行動支付
T0002788,C01359,P00809,2,642,2025-07-20 14:21:54,轉帳
T0002789,C00373,P00646,4,6000,2025-07-05 11:45:11,信用卡
T0002790,C01013,P00451,2,2296,2025-07-12 14:27:06,行動支付
T0002791,C03899,P01764,1,559,2025-07-31 08:18:13,行動支付
T0002792,C02923,P01709,1,3122,2025-07-11 21:32:52,貨到付款
T0002793,C00777,P01446,1,1517,2025-07-07 03:55:00,信用卡
T0002794,C00821,P01912,4,9736,2025-07-21 15:46:57,轉帳
T0002795,C02330,P01836,4,9440,2025-07-24 18:07:14,轉帳
T0002796,C02032,P01223,3,-243,2025-07-02 14:00:38,行動支付
T0002797,C02679,P01009,4,8248,2025-07-25 10:56:08,轉帳
T0002798,C04823,P01516,1,744,2025-07-04 14:37:29,信用卡
T0002799,C01038,P00654,1,2367,2025-07-10 13:59:12,行動支付
T0002800,C01541,P00778,4,14560,2025-07-27 11:18:28,轉帳
T0002801,C01325,P00923,2,4564,2025-07-08 22:09:02,信用卡
T0002802,C00599,P01001,4,6340,2025-07-10 11:39:08,貨到付款
T0002803,C00788,P00814,4,640,2025-07-15 12:51:05,信用卡
T0002804,C03430,P01105,1,2912,2025-07-06 09:26:22,轉帳
T0002805,C04131,P01728,3,1716,2025-07-13 20:11:14,貨到付款
T0002806,C03484,P01783,1,2747,2025-07-07 14:57:26,轉帳
T0002807,C00201,P00021,3,3975,2025-07-31 13:32:01,貨到付款
T0002808,C04179,P00369,1,3744,2025-07-14 19:16:29,貨到付款
T0002809,C01638,P01640,4,15528,2025-07-11 13:09:26,行動支付
T0002810,C00456,P01994,1,3453,2025-07-15 22:57:03,信用卡
T0002811,C01241,P00058,1,868,2025-07-22 11:40:57,貨到付款
T0002812,C01778,P00213,1,161,2025-07-16 19:09:29,行動支付
T0002813,C02567,P01557,4,496,2025-07-24 12:00:00,信用卡
T0002814,C03385,P00224,4,15292,2025-07-29 22:57:47,貨到付款
T0002815,C01300,P00255,4,16088,2025-07-28 20:43:59,轉帳
T0002816,C04953,P01194,4,6216,2025-07-14 16:02:27,轉帳
T0002817,C00155,P01848,3,3696,2025-07-19 00:29:04,信用卡
T0002818,C02021,P00488,3,4935,2025-07-25 05:11:05,轉帳
T0002819,C02261,P00754,2,3868,2025-07-23 15:54:24,貨到付款
T0002820,C03740,P00944,4,11888,2025-07-15 21:38:12,行動支付
T0002821,C01249,P01405,3,7614,2025-07-26 04:15:23,轉帳
T0002822,C02310,P00527,1,2631,2025-07-26 19:36:51,行動支付
T0002823,C04019,P00567,4,8328,2025-07-08 19:58:14,信用卡
T0002824,C00698,P01958,2,7276,2025-07-01 17:23:17,轉帳
T0002825,C00059,P00239,2,1492,2025-07-17 12:37:44,轉帳
T0002826,C04151,P01449,2,6416,2025-07-11 22:55:55,轉帳
T0002827,C04912,P00831,1,371,2025-07-14 13:52:03,信用卡
T0002828,C00653,P00006,3,1626,2025-07-29 14:18:12,行動支付
T0002829,C04118,P01242,1,694,2025-07-05 20:45:33,轉帳
T0002830,C01861,P00427,4,1480,2025-07-08 02:17:11,貨到付款
T0002831,C03151,P00735,2,2206,2025-07-13 16:26:47,信用卡
T0002832,C03223,P01584,1,2084,2025-07-17 19:40:59,信用卡
T0002833,C02911,P00267,1,1490,2025-07-22 13:07:36,行動支付
T0002834,C01294,P00115,3,579,2025-07-01 10:02:19,貨到付款
T0002835,C04063,P00622,3,3825,2025-07-03 21:41:57,貨到付款
T0002836,C00109,P00141,2,1668,2025-07-03 12:19:34,貨到付款
T0002837,C00322,P00246,1,3526,2025-07-17 02:20:06,行動支付
T0002838,C04512,P01051,1,3319,2025-07-02 17:12:18,貨到付款
T0002839,C02217,P01543,3,1515,2025-07-13 18:46:15,行動支付
T0002840,C00643,P00573,1,202,2025-07-08 22:12:48,貨到付款
T0002841,C04525,P01078,1,3265,2025-07-08 00:30:45,信用卡
T0002842,C04146,P00451,1,1148,2025-07-25 13:19:12,信用卡
T0002843,C01657,P00794,3,12720,2025-07-15 18:03:00,行動支付
T0002844,C00213,P00954,2,7198,2025-07-19 19:57:18,信用卡
T0002845,C02304,P01676,4,3600,2025-07-04 14:16:14,行動支付
T0002846,C00839,P01173,2,4154,2025-07-15 22:02:40,信用卡
T0002847,C02869,P01513,4,8172,2025-07-21 10:50:29,信用卡
T0002848,C04108,P00814,1,160,2025-07-01 20:47:17,行動支付
T0002849,C01974,P00341,2,4006,2025-07-15 04:52:11,行動支付
T0002850,C00147,P01445,4,11728,2025-07-11 18:55:39,信用卡
T0002851,C03416,P01883,3,1254,2025-07-06 13:43:53,轉帳
T0002852,C00864,P01213,3,10545,2025-07-26 05:13:58,轉帳
T0002853,C01073,P01011,2,4492,2025-07-30 17:36:47,貨到付款
T0002854,C00935,P00147,2,2908,2025-07-16 07:41:53,行動支付
T0002855,C01399,P00902,1,3112,2025-07-28 16:24:33,行動支付
T0002856,C04417,P00670,2,1050,2025-07-04 14:38:28,信用卡
T0002857,C00173,P00836,1,756,2025-07-12 00:38:06,信用卡
T0002858,C03095,P00184,1,487,2025-07-16 22:15:44,行動支付
T0002859,C01228,P01867,3,8403,2025-07-25 16:01:48,貨到付款
T0002860,C01475,P01390,3,4083,2025-07-23 05:03:43,貨到付款
T0002861,C02059,P01714,4,3964,2025-07-12 17:57:52,轉帳
T0002862,C02753,P00587,3,9600,2025-07-19 02:24:38,貨到付款
T0002863,C00304,P01039,3,8376,2025-07-25 16:15:45,信用卡
T0002864,C01398,P00814,2,320,2025-07-21 05:37:13,信用卡
T0002865,C00686,P01494,3,10182,2025-07-29 13:41:31,貨到付款
T0002866,C00997,P01659,4,5264,2025-07-01 15:45:52,貨到付款
T0002867,C04423,P01260,2,1122,2025-07-09 18:02:24,行動支付
T0002868,C02629,P01556,4,3712,2025-07-12 16:51:40,轉帳
T0002869,C03153,P00674,3,11895,2025-07-10 22:55:22,信用卡
T0002870,C04010,P00984,4,10148,2025-07-27 03:47:21,信用卡
T0002871,C03974,P00790,2,7330,2025-07-19 04:53:23,信用卡
T0002872,C04947,P00870,1,1889,2025-07-15 01:31:54,轉帳
T0002873,C03909,P01581,4,8248,2025-07-31 23:55:23,貨到付款
T0002874,C01795,P00092,4,10348,2025-07-01 16:25:11,行動支付
T0002875,C02722,P01387,2,2946,2025-07-28 00:34:56,行動支付
T0002876,C02423,P00233,2,4732,2025-07-21 12:09:41,轉帳
T0002877,C04563,P00257,4,1748,2025-07-31 18:28:07,轉帳
T0002878,C02511,P01560,3,7131,2025-07-19 15:10:26,轉帳
T0002879,C01941,P00035,4,832,2025-07-01 19:59:53,行動支付
T0002880,C00899,P00084,2,6214,2025-07-21 17:50:47,信用卡
T0002881,C01594,P00385,1,675,2025-07-27 23:07:35,行動支付
T0002882,C01095,P01980,1,1890,2025-07-14 15:55:01,貨到付款
T0002883,C04478,P01040,3,4107,2025-07-24 08:38:56,信用卡
T0002884,C03892,P00406,4,16312,2025-07-31 19:27:53,貨到付款
T0002885,C00292,P00781,1,-56,2025-07-01 16:04:37,轉帳
T0002886,C04957,P01769,4,676,2025-07-09 20:00:52,信用卡
T0002887,C02647,P00176,2,1432,2025-07-18 05:29:03,貨到付款
T0002888,C03834,P01742,1,3852,2025-07-02 21:08:31,轉帳
T0002889,C04998,P00054,3,2760,2025-07-23 14:10:33,行動支付
T0002890,C04869,P00307,2,6944,2025-07-01 13:54:51,行動支付
T0002891,C00500,P00911,3,6582,2025-07-22 18:33:29,轉帳
T0002892,C03284,P00640,2,4652,2025-07-15 20:54:31,轉帳
T0002893,C01332,P01490,1,370,2025-07-26 01:17:42,轉帳
T0002894,C04081,P00199,3,9921,2025-07-19 11:44:24,貨到付款
T0002895,C04586,P00351,3,4611,2025-07-17 09:06:06,轉帳
T0002896,C00279,P00437,2,1162,2025-07-19 08:41:41,轉帳
T0002897,C04981,P01794,3,1917,2025-07-25 19:58:25,轉帳
T0002898,C01097,P00711,2,4246,2025-07-10 14:31:28,轉帳
T0002899,C04232,P01634,2,4216,2025-07-07 17:38:23,轉帳
T0002900,C03986,P01018,2,6808,2025-07-13 16:36:43,貨到付款
T0002901,C01774,P00366,2,2400,2025-07-04 23:52:10,貨到付款
T0002902,C04196,P01144,1,1066,2025-07-05 00:55:52,貨到付款
T0002903,C04226,P00970,2,2048,2025-07-29 20:13:23,行動支付
T0002904,C00880,P01694,4,1876,2025-07-13 05:59:46,信用卡
T0002905,C02962,P00848,3,1941,2025-07-27 13:47:42,行動支付
T0002906,C04031,P01122,4,-180,2025-07-15 20:46:33,信用卡
T0002907,C03488,P01804,1,3004,2025-07-26 16:11:22,貨到付款
T0002908,C04569,P01242,4,2776,2025-07-02 03:22:06,貨到付款
T0002909,C00141,P01967,3,3516,2025-07-14 15:17:56,貨到付款
T0002910,C03502,P01662,4,11456,2025-07-26 17:26:40,貨到付款
T0002911,C04737,P00580,1,621,2025-07-16 10:34:07,貨到付款
T0002912,C02818,P01926,2,2544,2025-07-18 09:07:31,信用卡
T0002913,C02815,P00231,4,13520,2025-07-24 15:32:28,轉帳
T0002914,C00941,P00608,1,3044,2025-07-31 22:31:28,信用卡
T0002915,C04940,P01109,1,2615,2025-07-20 05:55:39,信用卡
T0002916,C04408,P01587,3,6219,2025-07-30 17:43:21,貨到付款
T0002917,C02461,P01970,3,11646,2025-07-21 16:13:34,轉帳
T0002918,C01545,P01560,4,9508,2025-07-08 13:38:37,轉帳
T0002919,C02452,P00685,2,950,2025-07-19 11:07:11,行動支付
T0002920,C00451,P00474,1,2021,2025-07-12 03:02:53,貨到付款
T0002921,C01163,P01725,4,9528,2025-07-03 17:03:44,轉帳
T0002922,C01094,P01825,1,3414,2025-07-13 21:27:40,貨到付款
T0002923,C02632,P01473,1,571,2025-07-19 02:24:51,行動支付
T0002924,C00003,P01057,2,454,2025-07-16 08:05:36,信用卡
T0002925,C04589,P00814,2,320,2025-07-14 22:36:12,轉帳
T0002926,C01007,P00423,4,5092,2025-07-07 13:43:02,信用卡
T0002927,C00652,P01290,2,2018,2025-07-07 17:15:48,信用卡
T0002928,C03584,P01229,2,2842,2025-07-18 15:13:02,行動支付
T0002929,C04593,P00248,4,13900,2025-07-11 17:33:08,信用卡
T0002930,C04221,P00204,2,5966,2025-07-17 20:46:50,貨到付款
T0002931,C01617,P00741,3,6753,2025-07-16 13:15:21,信用卡
T0002932,C00109,P01382,1,1702,2025-07-27 07:27:44,信用卡
T0002933,C02933,P00036,1,1435,2025-07-06 01:38:43,貨到付款
T0002934,C04586,P01644,1,469,2025-07-09 19:31:16,信用卡
T0002935,C03871,P01014,1,2112,2025-07-16 15:07:11,行動支付
T0002936,C04232,P01986,4,15400,2025-07-18 10:37:54,行動支付
T0002937,C04303,P01161,1,619,2025-07-22 16:18:47,轉帳
T0002938,C04802,P00129,1,596,2025-07-12 02:14:36,信用卡
T0002939,C01867,P00578,1,1800,2025-07-06 19:08:37,轉帳
T0002940,C04709,P01148,1,2402,2025-07-08 06:41:29,行動支付
T0002941,C01977,P01869,3,5331,2025-07-17 14:57:59,轉帳
T0002942,C00505,P01429,1,1373,2025-07-01 20:36:41,行動支付
T0002943,C01508,P00906,3,2064,2025-07-09 18:51:54,行動支付
T0002944,C00682,P00510,4,6452,2025-07-15 13:48:41,信用卡
T0002945,C00787,P01614,2,6286,2025-07-21 04:20:30,轉帳
T0002946,C04743,P00805,1,926,2025-07-23 18:46:30,信用卡
T0002947,C03959,P01195,2,3832,2025-07-25 20:05:29,轉帳
T0002948,C04803,P01145,2,8132,2025-07-10 11:58:08,貨到付款
T0002949,C03245,P01885,4,3984,2025-07-22 12:19:41,信用卡
T0002950,C00871,P00841,2,1798,2025-07-11 11:15:32,轉帳
T0002951,C04843,P01248,3,11409,2025-07-30 18:04:44,行動支付
T0002952,C03467,P01616,2,6760,2025-07-11 15:02:54,貨到付款
T0002953,C04644,P01739,2,4508,2025-07-19 03:29:10,信用卡
T0002954,C03934,P01313,2,4154,2025-07-02 17:32:02,行動支付
T0002955,C01116,P01660,1,4461,2025-07-24 19:24:37,轉帳
T0002956,C02944,P01283,1,2861,2025-07-23 20:28:41,信用卡
T0002957,C00876,P01518,3,7056,2025-07-12 23:11:56,貨到付款
T0002958,C01534,P01492,3,2847,2025-07-20 06:12:36,轉帳
T0002959,C03442,P01351,1,210,2025-07-04 14:24:56,行動支付
T0002960,C00636,P01522,3,1716,2025-07-27 18:00:51,貨到付款
T0002961,C03644,P01708,1,1122,2025-07-17 16:20:01,貨到付款
T0002962,C04743,P00179,4,2976,2025-07-13 13:17:14,轉帳
T0002963,C04743,P01044,2,5126,2025-07-25 22:41:58,貨到付款
T0002964,C01958,P00290,2,504,2025-07-09 12:06:03,信用卡
T0002965,C04971,P01567,3,7809,2025-07-26 17:01:19,貨到付款
T0002966,C04825,P01158,1,4060,2025-07-05 20:49:47,貨到付款
T0002967,C00161,P01273,1,1486,2025-07-19 11:39:12,信用卡
T0002968,C03011,P01137,3,10458,2025-07-12 06:37:09,行動支付
T0002969,C04605,P00293,1,2095,2025-07-04 21:00:06,行動支付
T0002970,C04837,P01130,4,7576,2025-07-28 15:04:32,轉帳
T0002971,C01104,P00588,2,4354,2025-07-18 21:39:26,貨到付款
T0002972,C02827,P01544,3,7635,2025-07-20 21:39:41,信用卡
T0002973,C04683,P01774,3,3456,2025-07-04 11:09:48,貨到付款
T0002974,C00703,P01138,1,951,2025-07-28 21:37:15,行動支付
T0002975,C03726,P01584,3,6252,2025-07-12 10:20:13,行動支付
T0002976,C01189,P01713,4,7796,2025-07-17 12:32:56,行動支付
T0002977,C04911,P01906,1,2475,2025-07-21 05:05:20,信用卡
T0002978,C00839,P01781,1,1747,2025-07-23 15:54:12,信用卡
T0002979,C04426,P00216,1,2393,2025-07-10 14:25:03,貨到付款
T0002980,C00443,P01678,1,1624,2025-07-21 07:53:26,信用卡
T0002981,C03544,P01614,4,12572,2025-07-10 20:56:43,貨到付款
T0002982,C03195,P00446,1,3439,2025-07-06 09:19:53,貨到付款
T0002983,C04433,P01561,3,2589,2025-07-31 13:20:18,轉帳
T0002984,C02233,P01552,4,12924,2025-07-14 23:00:58,貨到付款
T0002985,C01326,P00859,2,4056,2025-07-06 23:53:14,轉帳
T0002986,C01247,P01127,2,3486,2025-07-11 18:50:24,行動支付
T0002987,C00338,P01921,3,4155,2025-07-20 17:10:09,貨到付款
T0002988,C01283,P00109,3,10842,2025-07-22 11:18:00,轉帳
T0002989,C00540,P01244,4,4076,2025-07-16 20:05:48,貨到付款
T0002990,C00006,P00045,2,4054,2025-07-15 11:18:14,貨到付款
T0002991,C01929,P01115,2,6044,2025-07-09 13:58:03,信用卡
T0002992,C03662,P00310,2,246,2025-07-30 22:39:59,行動支付
T0002993,C04845,P01280,2,1964,2025-07-11 20:16:30,信用卡
T0002994,C04422,P00914,2,6458,2025-07-22 03:42:03,轉帳
T0002995,C02465,P00835,1,1624,2025-07-14 03:50:15,轉帳
T0002996,C01893,P01783,3,8241,2025-07-30 16:54:04,貨到付款
T0002997,C02730,P01283,1,2861,2025-07-02 14:49:22,轉帳
T0002998,C00507,P00347,2,5858,2025-07-04 13:21:08,信用卡
T0002999,C02397,P00431,4,12752,2025-07-03 11:48:47,行動支付
T0003000,C04320,P01123,4,11176,2025-07-03 19:00:58,信用卡
T0003001,C03254,P01989,2,7032,2025-07-06 03:40:06,轉帳
T0003002,C03435,P00456,2,3646,2025-07-16 13:04:24,信用卡
T0003003,C00813,P01213,4,14060,2025-07-17 03:38:21,信用卡
T0003004,C00368,P00651,1,1009,2025-07-14 11:53:05,信用卡
T0003005,C04228,P01325,1,1594,2025-07-17 19:58:21,信用卡
T0003006,C01474,P01815,2,3550,2025-07-09 09:13:43,行動支付
T0003007,C01593,P01300,1,4104,2025-07-07 14:23:46,信用卡
T0003008,C04758,P01797,4,10628,2025-07-26 00:33:21,信用卡
T0003009,C00371,P01040,1,1369,2025-07-31 17:58:04,信用卡
T0003010,C00850,P01314,2,1332,2025-07-11 21:44:48,轉帳
T0003011,C01877,P01122,4,-180,2025-07-29 12:07:28,貨到付款
T0003012,C03659,P00034,1,1458,2025-07-21 17:42:23,行動支付
T0003013,C02735,P01637,3,10386,2025-07-24 15:10:36,行動支付
T0003014,C04490,P00569,4,5924,2025-07-02 18:11:47,轉帳
T0003015,C00465,P00006,4,2168,2025-07-26 07:11:10,信用卡
T0003016,C02970,P00689,3,9381,2025-07-03 20:55:07,信用卡
T0003017,C03068,P00814,3,480,2025-07-21 18:41:18,轉帳
T0003018,C02413,P01327,4,10592,2025-07-06 13:58:38,信用卡
T0003019,C00154,P01963,3,11808,2025-07-09 15:18:07,貨到付款
T0003020,C04712,P01804,2,6008,2025-07-10 00:05:13,貨到付款
T0003021,C00824,P01132,2,2766,2025-07-27 12:23:44,信用卡
T0003022,C04448,P00868,2,7164,2025-07-23 14:36:37,信用卡
T0003023,C00785,P00059,4,14840,2025-07-07 16:18:54,貨到付款
T0003024,C00506,P01609,3,6750,2025-07-06 09:09:00,貨到付款
T0003025,C01027,P01568,3,3942,2025-07-29 09:10:52,貨到付款
T0003026,C00949,P00812,1,3219,2025-07-23 02:28:19,轉帳
T0003027,C03485,P01526,1,3940,2025-07-29 03:03:39,轉帳
T0003028,C03610,P01089,3,13308,2025-07-29 15:19:44,信用卡
T0003029,C03649,P00293,3,6285,2025-07-10 14:32:32,信用卡
T0003030,C01326,P01321,3,6327,2025-07-31 15:25:23,轉帳
T0003031,C01407,P00186,4,2196,2025-07-20 07:04:44,轉帳
T0003032,C01187,P01101,3,1686,2025-07-18 10:11:51,信用卡
T0003033,C00248,P01145,1,4066,2025-07-20 02:42:24,轉帳
T0003034,C02858,P00689,4,12508,2025-07-15 21:20:38,行動支付
T0003035,C04199,P01260,3,1683,2025-07-31 07:26:19,貨到付款
T0003036,C00767,P01846,1,1042,2025-07-31 12:40:36,轉帳
T0003037,C01804,P00433,4,14404,2025-07-04 23:20:12,信用卡
T0003038,C02138,P01123,3,8382,2025-07-26 03:07:35,信用卡
T0003039,C01472,P01617,3,7593,2025-07-21 01:06:06,轉帳
T0003040,C03310,P00196,3,8556,2025-07-07 04:20:56,行動支付
T0003041,C03001,P01661,4,11392,2025-07-05 05:22:25,轉帳
T0003042,C00998,P01764,1,559,2025-07-27 21:49:10,轉帳
T0003043,C00128,P01532,1,591,2025-07-29 22:18:11,信用卡
T0003044,C00854,P01614,2,6286,2025-07-18 11:45:00,行動支付
T0003045,C01459,P00627,3,8370,2025-07-24 09:56:46,信用卡
T0003046,C00409,P00673,2,6674,2025-07-29 19:16:25,信用卡
T0003047,C04218,P01847,2,3660,2025-07-06 22:30:53,貨到付款
T0003048,C01541,P00240,1,3254,2025-07-03 17:49:10,貨到付款
T0003049,C01987,P01686,4,2068,2025-07-01 23:20:15,貨到付款
T0003050,C02445,P01554,4,-312,2025-07-30 20:48:56,貨到付款
T0003051,C03305,P00797,1,2651,2025-07-09 10:34:27,信用卡
T0003052,C00455,P00297,4,3388,2025-07-15 20:52:28,信用卡
T0003053,C02720,P01175,2,4846,2025-07-16 13:19:49,行動支付
T0003054,C00924,P01546,3,4797,2025-07-05 14:46:12,轉帳
T0003055,C04427,P01699,1,417,2025-07-21 23:59:42,行動支付
T0003056,C01847,P00543,3,-270,2025-07-22 16:34:31,信用卡
T0003057,C02228,P01797,4,10628,2025-07-21 18:57:27,行動支付
T0003058,C01316,P01709,3,9366,2025-07-23 14:30:19,貨到付款
T0003059,C02325,P01665,4,748,2025-07-02 22:44:56,貨到付款
T0003060,C01131,P00328,4,8780,2025-07-29 21:31:55,貨到付款
T0003061,C01342,P01504,2,1438,2025-07-05 01:28:41,貨到付款
T0003062,C00308,P00001,4,2216,2025-07-11 10:18:53,信用卡
T0003063,C03761,P01335,2,740,2025-07-23 03:15:53,信用卡
T0003064,C03337,P01027,2,4194,2025-07-07 18:56:50,轉帳
T0003065,C00428,P01200,2,6450,2025-07-12 20:01:44,貨到付款
T0003066,C01718,P01814,1,2316,2025-07-22 20:48:38,信用卡
T0003067,C02707,P00778,1,3640,2025-07-23 21:58:09,轉帳
T0003068,C04853,P01996,4,5280,2025-07-10 20:51:08,信用卡
T0003069,C02948,P00233,2,4732,2025-07-12 06:27:22,貨到付款
T0003070,C02768,P01959,1,462,2025-07-10 21:27:47,轉帳
T0003071,C04203,P00774,2,4212,2025-07-26 15:34:37,信用卡
T0003072,C04092,P00404,3,6741,2025-07-22 11:11:31,信用卡
T0003073,C02093,P00162,3,12915,2025-07-28 14:46:48,轉帳
T0003074,C02677,P00386,3,10377,2025-07-23 18:37:35,貨到付款
T0003075,C04334,P01223,4,-324,2025-07-11 18:14:35,轉帳
T0003076,C02374,P01647,2,2520,2025-07-22 07:35:10,行動支付
T0003077,C04408,P01646,3,8703,2025-07-26 22:36:12,轉帳
T0003078,C02381,P00050,1,1971,2025-07-30 13:12:42,轉帳
T0003079,C00394,P01890,3,11214,2025-07-21 10:53:29,信用卡
T0003080,C04513,P00750,3,11493,2025-07-18 17:33:01,信用卡
T0003081,C03571,P00111,3,7467,2025-07-16 21:47:58,貨到付款
T0003082,C02510,P01296,4,1180,2025-07-02 12:41:56,信用卡
T0003083,C04502,P00160,1,2652,2025-07-08 13:58:29,轉帳
T0003084,C04002,P01259,2,4686,2025-07-25 17:05:33,信用卡
T0003085,C03387,P00146,1,3012,2025-07-20 14:37:15,信用卡
T0003086,C03101,P01475,2,6158,2025-07-03 20:46:27,行動支付
T0003087,C00601,P00108,4,9872,2025-07-22 16:11:43,轉帳
T0003088,C03785,P00815,4,4980,2025-07-03 17:20:15,信用卡
T0003089,C00864,P00354,4,17776,2025-07-10 18:46:03,行動支付
T0003090,C04921,P01259,4,9372,2025-07-12 00:30:54,貨到付款
T0003091,C04860,P00391,2,7982,2025-07-21 00:30:23,貨到付款
T0003092,C04042,P01164,3,13092,2025-07-01 18:35:58,轉帳
T0003093,C00630,P00886,2,3520,2025-07-25 21:36:18,貨到付款
T0003094,C02116,P00822,1,4387,2025-07-22 16:39:50,轉帳
T0003095,C04941,P00287,4,7788,2025-07-30 14:50:22,行動支付
T0003096,C02176,P01459,4,10180,2025-07-15 13:26:45,行動支付
T0003097,C04986,P00441,1,1878,2025-07-31 14:49:04,轉帳
T0003098,C03136,P00559,2,5096,2025-07-08 16:00:51,轉帳
T0003099,C04170,P00033,3,6162,2025-07-11 21:22:04,轉帳
T0003100,C01289,P00990,3,7950,2025-07-20 18:16:35,信用卡
T0003101,C04554,P00885,1,249,2025-07-09 19:17:47,貨到付款
T0003102,C04570,P00563,3,8985,2025-07-06 03:23:37,轉帳
T0003103,C00335,P00324,2,3868,2025-07-11 13:12:52,行動支付
T0003104,C01940,P01428,2,5150,2025-07-28 20:45:02,行動支付
T0003105,C01986,P00898,1,2025,2025-07-24 12:04:22,行動支付
T0003106,C01630,P00279,2,402,2025-07-10 07:26:13,貨到付款
T0003107,C01381,P00806,4,7988,2025-07-22 18:07:58,貨到付款
T0003108,C02290,P01726,1,1274,2025-07-24 18:58:06,貨到付款
T0003109,C04367,P01342,2,8338,2025-07-01 17:31:19,信用卡
T0003110,C03932,P01192,1,304,2025-07-11 08:14:55,信用卡
T0003111,C03115,P00689,3,9381,2025-07-26 22:14:25,貨到付款
T0003112,C02612,P01110,2,6474,2025-07-25 13:38:00,轉帳
T0003113,C02097,P00184,4,1948,2025-07-31 20:46:01,行動支付
T0003114,C02072,P01744,2,7904,2025-07-09 04:15:31,行動支付
T0003115,C00740,P01449,1,3208,2025-07-29 22:09:09,貨到付款
T0003116,C02939,P01652,1,1084,2025-07-08 11:26:55,信用卡
T0003117,C03791,P01845,2,7174,2025-07-23 15:32:50,貨到付款
T0003118,C04698,P01846,4,4168,2025-07-26 11:02:45,信用卡
T0003119,C04624,P01963,4,15744,2025-07-07 21:52:43,行動支付
T0003120,C02813,P01130,4,7576,2025-07-06 05:52:34,信用卡
T0003121,C00504,P01864,1,294,2025-07-04 10:05:28,貨到付款
T0003122,C01430,P00133,2,6504,2025-07-03 21:55:33,行動支付
T0003123,C02678,P01555,3,11793,2025-07-27 14:46:36,貨到付款
T0003124,C01719,P00045,1,2027,2025-07-25 11:55:19,行動支付
T0003125,C02054,P01873,4,1164,2025-07-22 14:43:54,轉帳
T0003126,C01915,P01349,2,3644,2025-07-24 12:08:52,貨到付款
T0003127,C02427,P00525,4,6168,2025-07-04 05:10:28,信用卡
T0003128,C03044,P01940,3,2559,2025-07-24 12:37:27,轉帳
T0003129,C00187,P00396,4,9128,2025-07-08 19:31:57,轉帳
T0003130,C01377,P00907,4,4552,2025-07-27 05:05:19,信用卡
T0003131,C00719,P00178,3,4479,2025-07-20 20:13:15,貨到付款
T0003132,C03043,P00265,2,3408,2025-07-04 21:34:32,貨到付款
T0003133,C03468,P01862,1,1046,2025-07-13 03:15:03,行動支付
T0003134,C00193,P00715,2,4208,2025-07-27 10:49:21,行動支付
T0003135,C04447,P01861,3,2817,2025-07-26 23:56:16,行動支付
T0003136,C01657,P00405,4,9568,2025-07-22 20:01:15,轉帳
T0003137,C01187,P01831,2,426,2025-07-27 22:06:32,信用卡
T0003138,C03728,P00802,1,528,2025-07-26 00:45:26,行動支付
T0003139,C04604,P00934,3,6729,2025-07-10 16:23:45,轉帳
T0003140,C04485,P01854,2,4420,2025-07-03 18:58:02,轉帳
T0003141,C00101,P00928,1,2812,2025-07-05 01:09:19,信用卡
T0003142,C04086,P00409,3,7539,2025-07-03 18:01:34,信用卡
T0003143,C01515,P01992,1,1199,2025-07-03 14:08:33,信用卡
T0003144,C01401,P01815,3,5325,2025-07-09 22:04:27,信用卡
T0003145,C02458,P01356,4,2516,2025-07-21 16:34:28,行動支付
T0003146,C03480,P00157,2,6530,2025-07-21 20:12:11,行動支付
T0003147,C00491,P00326,1,1500,2025-07-25 04:36:38,貨到付款
T0003148,C04344,P00759,3,6588,2025-07-19 11:58:54,信用卡
T0003149,C00671,P00437,1,581,2025-07-01 11:08:01,行動支付
T0003150,C04871,P00843,1,1857,2025-07-09 10:19:42,行動支付
T0003151,C02215,P01650,2,856,2025-07-16 11:46:13,信用卡
T0003152,C04129,P01959,4,1848,2025-07-10 12:06:02,轉帳
T0003153,C01347,P00635,1,3366,2025-07-14 13:55:02,信用卡
T0003154,C02083,P00935,3,5628,2025-07-26 00:53:25,貨到付款
T0003155,C03227,P01092,3,8442,2025-07-01 04:40:18,貨到付款
T0003156,C00939,P01952,4,4720,2025-07-04 11:15:21,貨到付款
T0003157,C01056,P00751,3,3402,2025-07-12 08:47:29,行動支付
T0003158,C04119,P00380,4,16668,2025-07-19 07:03:46,行動支付
T0003159,C03704,P00894,3,12129,2025-07-16 19:09:43,貨到付款
T0003160,C03797,P01782,2,3684,2025-07-22 09:14:38,貨到付款
T0003161,C04335,P01090,1,1130,2025-07-31 13:48:55,轉帳
T0003162,C04105,P00614,2,2018,2025-07-23 15:42:05,行動支付
T0003163,C02576,P01185,1,4532,2025-07-16 13:49:04,貨到付款
T0003164,C00794,P01451,1,1455,2025-07-23 15:48:38,信用卡
T0003165,C01555,P00337,1,3144,2025-07-29 19:37:35,信用卡
T0003166,C02533,P01157,2,7246,2025-07-16 18:57:54,行動支付
T0003167,C00678,P00095,1,-77,2025-07-27 10:27:30,轉帳
T0003168,C04256,P01728,2,1144,2025-07-24 14:23:55,轉帳
T0003169,C04396,P00588,4,8708,2025-07-03 11:30:29,轉帳
T0003170,C00144,P00086,3,5703,2025-07-22 05:50:13,信用卡
T0003171,C00963,P01634,3,6324,2025-07-20 12:34:36,轉帳
T0003172,C04164,P00862,1,255,2025-07-08 17:41:40,信用卡
T0003173,C04184,P00569,2,2962,2025-07-26 03:17:32,信用卡
T0003174,C01247,P00105,3,1956,2025-07-16 11:17:23,轉帳
T0003175,C02282,P00903,2,616,2025-07-04 16:20:21,貨到付款
T0003176,C04590,P01364,2,2792,2025-07-24 15:59:32,信用卡
T0003177,C03523,P01664,1,268,2025-07-26 19:41:47,貨到付款
T0003178,C01369,P00796,3,4698,2025-07-26 10:46:14,貨到付款
T0003179,C04117,P01068,1,3339,2025-07-09 08:35:57,轉帳
T0003180,C02525,P01855,1,3088,2025-07-22 02:37:42,行動支付
T0003181,C03177,P01810,3,4098,2025-07-13 18:46:43,貨到付款
T0003182,C00619,P01481,3,6594,2025-07-02 11:40:50,信用卡
T0003183,C00152,P00999,4,10096,2025-07-04 13:31:51,轉帳
T0003184,C01862,P01026,4,820,2025-07-11 15:39:12,信用卡
T0003185,C02970,P01830,2,6500,2025-07-30 16:49:34,行動支付
T0003186,C00887,P00150,3,9690,2025-07-21 12:42:25,轉帳
T0003187,C04352,P01667,4,12464,2025-07-24 10:23:57,貨到付款
T0003188,C02934,P01278,2,3914,2025-07-09 20:38:12,信用卡
T0003189,C01748,P01756,2,8738,2025-07-25 11:11:28,貨到付款
T0003190,C00817,P01788,2,5084,2025-07-03 18:20:16,行動支付
T0003191,C04472,P01177,4,13368,2025-07-01 22:14:33,貨到付款
T0003192,C03744,P01654,3,11343,2025-07-11 20:57:29,貨到付款
T0003193,C03444,P00204,1,2983,2025-07-01 10:03:47,轉帳
T0003194,C01425,P00386,2,6918,2025-07-15 22:04:49,轉帳
T0003195,C01932,P01038,4,-84,2025-07-12 04:35:42,信用卡
T0003196,C00814,P01947,4,7180,2025-07-09 10:43:57,轉帳
T0003197,C02861,P00343,1,1195,2025-07-12 08:41:22,行動支付
T0003198,C04824,P01092,1,2814,2025-07-24 13:14:43,信用卡
T0003199,C04285,P01469,4,13792,2025-07-11 12:59:48,行動支付
T0003200,C03236,P00982,3,11832,2025-07-28 02:48:58,行動支付
T0003201,C03388,P01462,1,598,2025-07-17 18:43:26,行動支付
T0003202,C01345,P01212,4,4268,2025-07-15 15:32:55,轉帳
T0003203,C02047,P00467,1,3892,2025-07-17 16:51:37,行動支付
T0003204,C00100,P00852,3,13203,2025-07-30 21:41:45,行動支付
T0003205,C03901,P01652,2,2168,2025-07-29 19:51:06,行動支付
T0003206,C03837,P01749,1,2079,2025-07-25 22:47:02,轉帳
T0003207,C00044,P01078,3,9795,2025-07-15 19:43:42,貨到付款
T0003208,C04557,P01753,4,10100,2025-07-01 22:01:49,貨到付款
T0003209,C03236,P01696,1,3993,2025-07-25 17:31:48,轉帳
T0003210,C03005,P00354,1,4444,2025-07-03 23:50:11,行動支付
T0003211,C00042,P01363,4,6456,2025-07-10 14:44:28,貨到付款
T0003212,C01261,P00636,2,4718,2025-07-12 16:34:44,貨到付款
T0003213,C04025,P00058,4,3472,2025-07-01 21:17:06,行動支付
T0003214,C01527,P00457,1,190,2025-07-31 21:44:19,行動支付
T0003215,C04835,P01500,4,3108,2025-07-18 14:30:05,貨到付款
T0003216,C03213,P01919,3,657,2025-07-17 14:17:09,行動支付
T0003217,C02119,P00045,4,8108,2025-07-31 14:49:18,行動支付
T0003218,C01882,P01571,1,744,2025-07-10 20:31:03,貨到付款
T0003219,C01743,P01177,4,13368,2025-07-23 11:35:26,轉帳
T0003220,C01259,P01438,2,-84,2025-07-16 06:51:01,信用卡
T0003221,C02333,P00857,4,400,2025-07-04 15:29:49,行動支付
T0003222,C03385,P01361,2,5390,2025-07-01 11:10:20,行動支付
T0003223,C04121,P01988,3,-141,2025-07-15 19:44:18,轉帳
T0003224,C01985,P00907,2,2276,2025-07-22 12:50:48,行動支付
T0003225,C00511,P01400,4,9604,2025-07-01 15:08:19,貨到付款
T0003226,C02557,P00805,1,926,2025-07-27 09:27:49,信用卡
T0003227,C03311,P01876,2,5020,2025-07-17 16:39:55,行動支付
T0003228,C04216,P00471,3,10188,2025-07-16 17:16:38,轉帳
T0003229,C01871,P00810,2,2252,2025-07-26 19:03:48,貨到付款
T0003230,C03236,P01559,2,2362,2025-07-07 17:03:16,轉帳
T0003231,C03045,P00293,2,4190,2025-07-26 23:32:06,貨到付款
T0003232,C01492,P01584,3,6252,2025-07-26 11:39:38,貨到付款
T0003233,C00540,P00730,4,1996,2025-07-29 19:59:37,轉帳
T0003234,C00319,P00004,2,5740,2025-07-19 03:25:53,信用卡
T0003235,C04941,P01081,2,1144,2025-07-19 03:29:01,行動支付
T0003236,C03202,P00168,1,1608,2025-07-10 20:07:06,轉帳
T0003237,C04307,P01681,3,11403,2025-07-30 22:12:03,信用卡
T0003238,C01305,P00360,2,5696,2025-07-03 15:49:18,行動支付
T0003239,C03555,P01258,3,-93,2025-07-08 10:05:52,行動支付
T0003240,C04461,P00655,2,6352,2025-07-09 22:44:24,行動支付
T0003241,C01493,P00318,4,13492,2025-07-27 08:32:50,信用卡
T0003242,C00749,P01984,4,4340,2025-07-04 10:23:38,行動支付
T0003243,C03827,P01357,2,7312,2025-07-03 21:30:03,轉帳
T0003244,C04498,P01319,4,15304,2025-07-01 11:15:57,轉帳
T0003245,C04027,P00029,2,2140,2025-07-25 14:12:46,轉帳
T0003246,C04011,P00670,4,2100,2025-07-27 03:56:24,信用卡
T0003247,C03000,P01977,1,2377,2025-07-26 16:18:01,信用卡
T0003248,C03302,P01874,1,91,2025-07-27 19:50:44,行動支付
T0003249,C03403,P01373,1,3015,2025-07-11 11:08:20,貨到付款
T0003250,C03606,P00809,3,963,2025-07-03 21:42:09,貨到付款
T0003251,C03277,P00300,3,3564,2025-07-07 09:52:21,信用卡
T0003252,C04987,P00145,1,2974,2025-07-09 08:04:07,貨到付款
T0003253,C01297,P01302,3,9564,2025-07-19 20:57:01,貨到付款
T0003254,C02092,P01874,4,364,2025-07-21 10:24:00,轉帳
T0003255,C01941,P00145,2,5948,2025-07-16 07:47:25,行動支付
T0003256,C00176,P01141,2,3380,2025-07-21 16:03:50,行動支付
T0003257,C03540,P00654,2,4734,2025-07-02 13:08:11,貨到付款
T0003258,C02860,P00795,1,-66,2025-07-03 22:19:16,信用卡
T0003259,C00949,P00913,3,339,2025-07-06 15:27:50,行動支付
T0003260,C03632,P01188,4,15100,2025-07-30 14:15:47,轉帳
T0003261,C01111,P00078,4,4156,2025-07-25 13:12:35,轉帳
T0003262,C02673,P01181,1,1101,2025-07-09 18:20:49,信用卡
T0003263,C03924,P01545,4,12284,2025-07-14 09:53:26,行動支付
T0003264,C04532,P00537,4,4240,2025-07-04 22:20:42,行動支付
T0003265,C03359,P00859,4,8112,2025-07-25 17:45:39,行動支付
T0003266,C02536,P01217,4,936,2025-07-10 12:09:26,行動支付
T0003267,C04227,P00577,3,4170,2025-07-26 16:34:17,行動支付
T0003268,C04203,P01093,4,2744,2025-07-28 20:20:13,貨到付款
T0003269,C04382,P00032,2,1638,2025-07-15 19:56:20,信用卡
T0003270,C00905,P00316,1,2118,2025-07-18 22:25:33,轉帳
T0003271,C00488,P01784,3,5715,2025-07-05 17:39:23,信用卡
T0003272,C00639,P00075,4,10912,2025-07-02 16:17:54,貨到付款
T0003273,C01293,P00661,3,10212,2025-07-20 13:54:42,貨到付款
T0003274,C04041,P00067,4,1652,2025-07-10 22:11:51,轉帳
T0003275,C03814,P01210,2,6084,2025-07-07 10:22:35,轉帳
T0003276,C00915,P01459,1,2545,2025-07-12 14:52:22,貨到付款
T0003277,C03398,P01324,4,7568,2025-07-17 04:13:42,貨到付款
T0003278,C01678,P01084,4,6736,2025-07-24 22:21:56,貨到付款
T0003279,C00446,P01950,4,10752,2025-07-21 10:33:01,貨到付款
T0003280,C01776,P01196,4,8752,2025-07-11 02:51:31,行動支付
T0003281,C03721,P01382,1,1702,2025-07-11 03:31:45,轉帳
T0003282,C01535,P01014,1,2112,2025-07-22 15:37:43,信用卡
T0003283,C03940,P00583,2,5016,2025-07-29 21:52:28,行動支付
T0003284,C01656,P00259,1,1475,2025-07-26 05:16:50,行動支付
T0003285,C01302,P01764,4,2236,2025-07-26 19:58:08,轉帳
T0003286,C01470,P00675,2,3890,2025-07-12 04:45:44,轉帳
T0003287,C04256,P01470,2,7026,2025-07-16 15:30:16,貨到付款
T0003288,C02352,P01024,2,1226,2025-07-10 19:17:36,貨到付款
T0003289,C04331,P01259,4,9372,2025-07-13 06:37:15,貨到付款
T0003290,C02917,P01294,3,4365,2025-07-02 12:18:51,貨到付款
T0003291,C04721,P00567,4,8328,2025-07-02 03:00:24,貨到付款
T0003292,C00356,P00903,1,308,2025-07-19 12:32:59,貨到付款
T0003293,C04447,P01091,1,2091,2025-07-05 09:34:27,行動支付
T0003294,C02502,P00915,4,5816,2025-07-05 23:42:29,轉帳
T0003295,C04337,P01620,4,968,2025-07-12 19:51:13,信用卡
T0003296,C01908,P01825,2,6828,2025-07-16 15:14:50,行動支付
T0003297,C01491,P01390,4,5444,2025-07-29 20:35:22,貨到付款
T0003298,C00270,P00882,2,1930,2025-07-29 17:18:41,轉帳
T0003299,C04271,P00713,1,389,2025-07-26 09:37:06,轉帳
T0003300,C00686,P00358,2,4132,2025-07-05 02:56:54,信用卡
T0003301,C01001,P01790,4,3472,2025-07-09 01:10:55,信用卡
T0003302,C02045,P00803,1,477,2025-07-12 06:22:46,貨到付款
T0003303,C02847,P00780,3,5328,2025-07-07 17:02:05,貨到付款
T0003304,C04533,P00391,2,7982,2025-07-25 14:36:53,行動支付
T0003305,C02287,P01538,1,3272,2025-07-20 20:52:14,信用卡
T0003306,C01581,P01313,2,4154,2025-07-05 20:47:16,信用卡
T0003307,C03578,P00052,1,1490,2025-07-15 02:36:09,貨到付款
T0003308,C03894,P01231,1,4006,2025-07-13 22:23:42,信用卡
T0003309,C02437,P00549,2,6896,2025-07-31 21:06:45,行動支付
T0003310,C03155,P01560,3,7131,2025-07-16 12:07:43,信用卡
T0003311,C00884,P01927,1,190,2025-07-13 18:13:08,貨到付款
T0003312,C03172,P00126,1,1495,2025-07-12 01:52:14,信用卡
T0003313,C00023,P01255,1,4529,2025-07-24 18:44:49,貨到付款
T0003314,C01367,P01946,3,9237,2025-07-19 07:43:40,轉帳
T0003315,C03805,P00989,3,2046,2025-07-20 12:33:16,信用卡
T0003316,C00843,P01064,4,4056,2025-07-31 12:09:29,信用卡
T0003317,C03822,P00768,2,2464,2025-07-18 16:09:43,貨到付款
T0003318,C02447,P00299,3,4041,2025-07-30 11:05:50,行動支付
T0003319,C03817,P01247,2,2696,2025-07-28 15:58:16,行動支付
T0003320,C00440,P01830,4,13000,2025-07-19 09:16:21,貨到付款
T0003321,C03072,P01011,2,4492,2025-07-30 20:38:44,行動支付
T0003322,C03167,P01437,3,450,2025-07-24 21:45:39,轉帳
T0003323,C02016,P00307,2,6944,2025-07-12 20:46:32,行動支付
T0003324,C04826,P01668,3,6462,2025-07-29 08:28:46,貨到付款
T0003325,C01916,P00640,2,4652,2025-07-07 19:31:45,貨到付款
T0003326,C00188,P01153,3,2610,2025-07-28 12:46:55,貨到付款
T0003327,C00997,P00987,3,10761,2025-07-22 20:28:46,行動支付
T0003328,C01865,P01499,2,3442,2025-07-04 16:08:54,行動支付
T0003329,C00070,P01581,4,8248,2025-07-05 22:17:57,轉帳
T0003330,C01611,P01064,1,1014,2025-07-01 10:38:13,轉帳
T0003331,C04166,P01363,4,6456,2025-07-13 20:58:08,轉帳
T0003332,C00952,P00001,2,1108,2025-07-16 13:29:26,行動支付
T0003333,C03383,P01287,4,11180,2025-07-30 20:45:01,轉帳
T0003334,C03133,P01364,3,4188,2025-07-25 18:02:17,信用卡
T0003335,C01244,P01584,1,2084,2025-07-24 22:21:42,貨到付款
T0003336,C03467,P00737,2,3518,2025-07-12 02:10:35,行動支付
T0003337,C01721,P01391,2,3518,2025-07-13 05:05:07,貨到付款
T0003338,C00644,P01766,2,6414,2025-07-31 01:00:08,行動支付
T0003339,C01917,P01327,1,2648,2025-07-23 21:08:34,行動支付
T0003340,C02943,P01735,3,555,2025-07-23 17:02:30,行動支付
T0003341,C00835,P01511,2,3940,2025-07-25 17:43:40,行動支付
T0003342,C04119,P00780,4,7104,2025-07-11 16:10:50,轉帳
T0003343,C01491,P01455,2,790,2025-07-31 22:45:08,貨到付款
T0003344,C01454,P00663,2,2404,2025-07-15 19:57:26,信用卡
T0003345,C03639,P00913,2,226,2025-07-16 15:17:11,信用卡
T0003346,C02981,P00076,2,5876,2025-07-07 17:20:44,信用卡
T0003347,C01689,P01346,3,1572,2025-07-09 11:48:14,轉帳
T0003348,C04439,P00335,4,936,2025-07-27 15:56:29,貨到付款
T0003349,C04977,P01799,3,11805,2025-07-07 19:08:45,信用卡
T0003350,C01713,P00351,4,6148,2025-07-15 15:13:38,行動支付
T0003351,C04506,P01492,2,1898,2025-07-14 19:37:11,貨到付款
T0003352,C01796,P01704,1,1817,2025-07-03 20:22:07,轉帳
T0003353,C00942,P00536,3,12018,2025-07-02 00:24:00,行動支付
T0003354,C04740,P00365,1,3351,2025-07-16 14:10:04,轉帳
T0003355,C04591,P01047,3,8877,2025-07-09 10:40:40,轉帳
T0003356,C02016,P00921,2,3416,2025-07-09 22:44:33,轉帳
T0003357,C01142,P00788,3,8169,2025-07-13 22:36:42,信用卡
T0003358,C03635,P00280,2,4584,2025-07-26 09:50:59,信用卡
T0003359,C00656,P01652,3,3252,2025-07-27 08:55:31,轉帳
T0003360,C03670,P01222,2,5898,2025-07-03 13:22:30,貨到付款
T0003361,C02948,P00371,2,3452,2025-07-08 08:01:22,行動支付
T0003362,C00844,P00493,4,520,2025-07-06 00:36:35,轉帳
T0003363,C01832,P01903,2,1564,2025-07-07 04:29:14,信用卡
T0003364,C03252,P01367,4,16196,2025-07-01 18:36:23,貨到付款
T0003365,C00186,P01478,2,6586,2025-07-02 15:13:53,貨到付款
T0003366,C04382,P01693,1,3645,2025-07-08 15:54:53,信用卡
T0003367,C01278,P01579,2,3358,2025-07-29 11:08:39,行動支付
T0003368,C02673,P01660,1,4461,2025-07-16 23:56:17,行動支付
T0003369,C00242,P00444,1,928,2025-07-31 06:19:33,貨到付款
T0003370,C04973,P01881,2,6586,2025-07-11 03:49:10,行動支付
T0003371,C03309,P01092,1,2814,2025-07-22 18:42:58,轉帳
T0003372,C03267,P01803,4,8344,2025-07-12 14:53:57,信用卡
T0003373,C00098,P01145,3,12198,2025-07-23 02:09:26,轉帳
T0003374,C03448,P00206,2,1384,2025-07-18 18:00:38,貨到付款
T0003375,C02083,P00809,1,321,2025-07-02 15:11:01,信用卡
T0003376,C01901,P00521,2,3116,2025-07-18 17:30:05,信用卡
T0003377,C02736,P01368,4,2880,2025-07-28 10:48:07,行動支付
T0003378,C02371,P01831,2,426,2025-07-17 16:48:17,行動支付
T0003379,C00765,P00373,2,3318,2025-07-12 04:38:41,信用卡
T0003380,C03475,P01522,1,572,2025-07-23 12:26:49,信用卡
T0003381,C03151,P01444,4,7688,2025-07-02 09:13:04,行動支付
T0003382,C01505,P01864,3,882,2025-07-27 07:39:58,轉帳
T0003383,C03308,P00355,3,3840,2025-07-25 21:33:46,行動支付
T0003384,C03312,P01890,1,3738,2025-07-15 22:07:29,貨到付款
T0003385,C01349,P00778,2,7280,2025-07-12 10:39:01,轉帳
T0003386,C03028,P01937,1,3459,2025-07-07 10:00:52,貨到付款
T0003387,C00685,P00343,1,1195,2025-07-30 16:34:03,貨到付款
T0003388,C04153,P01892,1,2289,2025-07-26 10:00:56,轉帳
T0003389,C00524,P00443,2,278,2025-07-20 06:04:29,轉帳
T0003390,C03593,P01389,4,12200,2025-07-11 00:50:46,信用卡
T0003391,C00588,P00686,1,1404,2025-07-09 09:14:59,貨到付款
T0003392,C00570,P01215,2,4388,2025-07-01 03:32:40,行動支付
T0003393,C00531,P01372,4,4780,2025-07-18 14:41:22,信用卡
T0003394,C00993,P00204,1,2983,2025-07-17 18:31:20,貨到付款
T0003395,C00998,P01720,3,8682,2025-07-11 18:21:00,信用卡
T0003396,C01314,P01879,4,6836,2025-07-19 08:48:06,貨到付款
T0003397,C02615,P00212,1,1232,2025-07-10 13:18:39,行動支付
T0003398,C01008,P01421,4,5356,2025-07-27 21:11:57,行動支付
T0003399,C03517,P00738,4,17676,2025-07-08 13:39:18,貨到付款
T0003400,C01476,P00051,4,12656,2025-07-22 13:28:11,轉帳
T0003401,C00197,P01291,4,15412,2025-07-17 14:21:06,行動支付
T0003402,C02481,P01037,4,11484,2025-07-18 21:18:49,轉帳
T0003403,C01038,P01912,4,9736,2025-07-23 10:19:50,轉帳
T0003404,C04665,P01899,1,2155,2025-07-31 21:41:35,貨到付款
T0003405,C01653,P01117,3,6033,2025-07-09 19:20:58,信用卡
T0003406,C00013,P00031,2,2564,2025-07-02 18:44:16,行動支付
T0003407,C03358,P00640,4,9304,2025-07-30 14:06:31,信用卡
T0003408,C04534,P00975,2,6240,2025-07-29 13:42:12,轉帳
T0003409,C04176,P01360,1,367,2025-07-30 12:55:12,貨到付款
T0003410,C03345,P01649,4,15288,2025-07-28 16:18:06,行動支付
T0003411,C00745,P00448,3,4956,2025-07-14 19:58:45,行動支付
T0003412,C00450,P00388,2,2198,2025-07-25 21:28:16,信用卡
T0003413,C02558,P01256,4,3224,2025-07-31 02:35:57,轉帳
T0003414,C03617,P00239,1,746,2025-07-22 16:56:44,行動支付
T0003415,C00506,P01350,3,9234,2025-07-14 16:47:53,貨到付款
T0003416,C01279,P01024,2,1226,2025-07-28 22:57:53,行動支付
T0003417,C01155,P01153,2,1740,2025-07-31 13:20:28,轉帳
T0003418,C04943,P01852,4,14548,2025-07-09 17:48:05,行動支付
T0003419,C01480,P00226,3,12729,2025-07-02 14:51:59,貨到付款
T0003420,C02321,P00962,3,11031,2025-07-14 14:09:27,信用卡
T0003421,C00499,P00968,3,3171,2025-07-10 22:32:28,信用卡
T0003422,C00873,P00093,3,1143,2025-07-20 05:37:28,貨到付款
T0003423,C00197,P01043,1,2197,2025-07-18 17:20:13,行動支付
T0003424,C01452,P01409,3,1566,2025-07-15 15:04:10,行動支付
T0003425,C04007,P01163,2,1068,2025-07-09 16:56:53,轉帳
T0003426,C01563,P00538,2,3012,2025-07-04 14:17:22,轉帳
T0003427,C03692,P00075,1,2728,2025-07-22 18:33:09,信用卡
T0003428,C00474,P01677,2,7094,2025-07-30 21:15:59,行動支付
T0003429,C03791,P00420,2,2632,2025-07-15 16:17:28,轉帳
T0003430,C00229,P00615,3,5235,2025-07-01 12:30:40,行動支付
T0003431,C04259,P00650,2,6410,2025-07-19 04:22:04,轉帳
T0003432,C03316,P00907,1,1138,2025-07-26 12:28:23,轉帳
T0003433,C00852,P00653,3,8511,2025-07-13 18:11:27,貨到付款
T0003434,C01787,P00655,4,12704,2025-07-29 18:37:08,信用卡
T0003435,C02188,P00214,3,4968,2025-07-25 03:49:49,信用卡
T0003436,C03109,P01457,1,3443,2025-07-31 22:42:46,轉帳
T0003437,C04392,P00732,3,8097,2025-07-06 11:13:21,信用卡
T0003438,C00464,P01772,3,1389,2025-07-25 15:09:23,轉帳
T0003439,C04074,P01635,1,2477,2025-07-13 21:11:04,行動支付
T0003440,C00914,P00951,3,2883,2025-07-05 20:00:01,貨到付款
T0003441,C02003,P01691,1,702,2025-07-18 19:29:42,信用卡
T0003442,C04811,P01049,1,444,2025-07-17 21:22:50,行動支付
T0003443,C01359,P00476,4,15932,2025-07-19 02:14:09,信用卡
T0003444,C01928,P00852,2,8802,2025-07-23 12:21:49,信用卡
T0003445,C04253,P01703,2,2746,2025-07-13 09:00:37,信用卡
T0003446,C03999,P00091,3,-225,2025-07-18 19:54:00,信用卡
T0003447,C03244,P01919,3,657,2025-07-29 21:58:31,行動支付
T0003448,C03984,P00531,4,412,2025-07-26 12:26:41,行動支付
T0003449,C00565,P01693,4,14580,2025-07-20 01:13:01,行動支付
T0003450,C03480,P01394,4,660,2025-07-07 21:17:04,轉帳
T0003451,C00293,P01286,1,1023,2025-07-27 21:15:52,轉帳
T0003452,C04712,P00218,4,14332,2025-07-21 14:41:12,貨到付款
T0003453,C00796,P01900,4,7032,2025-07-05 14:20:27,貨到付款
T0003454,C02080,P01584,3,6252,2025-07-24 22:17:39,行動支付
T0003455,C02953,P00070,4,16116,2025-07-29 18:54:28,信用卡
T0003456,C04011,P00707,1,336,2025-07-28 18:28:52,轉帳
T0003457,C03391,P00913,1,113,2025-07-31 02:31:51,行動支付
T0003458,C00906,P01231,3,12018,2025-07-02 14:01:31,轉帳
T0003459,C01898,P01895,4,2028,2025-07-09 22:06:53,貨到付款
T0003460,C01792,P00244,4,3784,2025-07-09 19:15:55,行動支付
T0003461,C00144,P01183,1,1212,2025-07-15 02:03:50,行動支付
T0003462,C03422,P00945,4,5544,2025-07-09 19:05:46,信用卡
T0003463,C04192,P00120,4,3232,2025-07-28 18:19:57,信用卡
T0003464,C04867,P01465,4,15460,2025-07-31 12:24:35,轉帳
T0003465,C00653,P00263,2,5896,2025-07-15 06:46:40,貨到付款
T0003466,C04601,P00956,3,7491,2025-07-27 20:24:15,貨到付款
T0003467,C00564,P00543,2,-180,2025-07-17 21:29:27,信用卡
T0003468,C02056,P00259,3,4425,2025-07-06 20:58:22,轉帳
T0003469,C00229,P01689,1,2017,2025-07-29 15:31:51,貨到付款
T0003470,C01308,P01053,4,-96,2025-07-10 20:47:20,行動支付
T0003471,C01571,P01712,3,1797,2025-07-09 22:53:32,信用卡
T0003472,C03522,P00696,2,7538,2025-07-14 14:33:09,貨到付款
T0003473,C03389,P00325,4,10520,2025-07-10 19:46:31,行動支付
T0003474,C03837,P00273,1,1209,2025-07-10 05:10:31,貨到付款
T0003475,C02883,P00661,3,10212,2025-07-17 13:14:40,貨到付款
T0003476,C02825,P01618,3,6291,2025-07-03 11:46:46,行動支付
T0003477,C04889,P01618,3,6291,2025-07-20 12:30:11,行動支付
T0003478,C03349,P00856,4,12652,2025-07-14 11:16:43,信用卡
T0003479,C01691,P00116,2,6572,2025-07-19 04:40:10,信用卡
T0003480,C02615,P00648,2,4176,2025-07-05 04:14:36,行動支付
T0003481,C03502,P01545,3,9213,2025-07-28 16:51:33,信用卡
T0003482,C00476,P01012,1,3307,2025-07-29 20:58:10,貨到付款
T0003483,C03308,P01584,1,2084,2025-07-04 12:50:01,貨到付款
T0003484,C01242,P00899,2,2520,2025-07-01 15:52:07,貨到付款
T0003485,C01728,P00884,1,2304,2025-07-07 21:08:42,貨到付款
T0003486,C03381,P00597,2,4850,2025-07-23 00:45:17,行動支付
T0003487,C01924,P00335,3,702,2025-07-31 15:59:49,信用卡
T0003488,C04195,P00985,2,4006,2025-07-12 10:59:50,信用卡
T0003489,C02791,P00675,2,3890,2025-07-16 05:53:52,轉帳
T0003490,C04938,P00674,3,11895,2025-07-22 12:46:29,行動支付
T0003491,C00272,P01481,1,2198,2025-07-21 18:24:00,行動支付
T0003492,C03216,P01338,2,5488,2025-07-10 12:35:37,貨到付款
T0003493,C00784,P01082,2,4696,2025-07-27 05:05:57,信用卡
T0003494,C04244,P00679,3,3774,2025-07-04 14:52:47,貨到付款
T0003495,C04259,P01176,1,2396,2025-07-10 13:41:25,信用卡
T0003496,C04347,P01929,2,6586,2025-07-16 21:52:42,貨到付款
T0003497,C00374,P01593,3,12783,2025-07-31 14:52:25,貨到付款
T0003498,C02458,P00634,2,1066,2025-07-30 13:30:46,轉帳
T0003499,C01204,P01425,4,7432,2025-07-14 13:55:16,貨到付款
T0003500,C04850,P01227,3,4602,2025-07-16 22:02:35,信用卡
T0003501,C00251,P00355,1,1280,2025-07-12 03:32:42,貨到付款
T0003502,C01113,P00257,1,437,2025-07-24 22:54:41,行動支付
T0003503,C03216,P01916,1,2993,2025-07-05 14:19:21,信用卡
T0003504,C02016,P01820,1,339,2025-07-29 12:11:04,貨到付款
T0003505,C01174,P01935,2,1274,2025-07-16 13:18:36,轉帳
T0003506,C02295,P01624,2,-90,2025-07-20 12:31:33,信用卡
T0003507,C04006,P00856,1,3163,2025-07-05 14:32:31,行動支付
T0003508,C02240,P00664,1,1800,2025-07-05 11:19:47,信用卡
T0003509,C04282,P00272,1,2395,2025-07-09 10:00:27,貨到付款
T0003510,C02235,P01702,2,6768,2025-07-03 18:35:23,貨到付款
T0003511,C00593,P01764,1,559,2025-07-23 03:56:38,轉帳
T0003512,C02486,P00085,1,2769,2025-07-06 14:34:29,轉帳
T0003513,C03266,P01603,4,4068,2025-07-26 16:41:33,行動支付
T0003514,C00513,P00745,4,14352,2025-07-14 19:17:02,行動支付
T0003515,C02061,P00459,1,3057,2025-07-02 13:30:08,信用卡
T0003516,C02785,P01294,3,4365,2025-07-10 14:27:12,貨到付款
T0003517,C00000,P00464,1,380,2025-07-19 00:10:51,轉帳
T0003518,C00454,P01916,4,11972,2025-07-28 06:15:03,貨到付款
T0003519,C03021,P00262,3,6519,2025-07-07 06:44:12,行動支付
T0003520,C03095,P01754,3,9105,2025-07-19 19:15:15,信用卡
T0003521,C01522,P01766,1,3207,2025-07-27 00:05:06,轉帳
T0003522,C02541,P01654,4,15124,2025-07-30 08:55:32,信用卡
T0003523,C01034,P01598,4,1216,2025-07-09 18:25:22,信用卡
T0003524,C03357,P01736,3,4434,2025-07-09 15:20:21,行動支付
T0003525,C04751,P00138,1,759,2025-07-17 15:23:08,信用卡
T0003526,C01816,P00011,2,7076,2025-07-23 12:09:36,行動支付
T0003527,C00271,P00679,2,2516,2025-07-13 02:04:17,信用卡
T0003528,C01114,P00067,4,1652,2025-07-07 14:29:59,行動支付
T0003529,C02272,P00408,2,600,2025-07-09 13:45:33,信用卡
T0003530,C02800,P01266,4,12764,2025-07-07 12:59:28,轉帳
T0003531,C03098,P01111,4,2008,2025-07-31 16:34:12,轉帳
T0003532,C02365,P00364,4,1280,2025-07-21 15:45:59,轉帳
T0003533,C03285,P00200,2,8086,2025-07-03 17:21:22,信用卡
T0003534,C03579,P00606,4,14592,2025-07-13 22:58:39,信用卡
T0003535,C00570,P01702,3,10152,2025-07-14 22:15:42,行動支付
T0003536,C03796,P01049,1,444,2025-07-07 20:34:45,行動支付
T0003537,C01108,P00766,1,2993,2025-07-26 13:45:56,貨到付款
T0003538,C01706,P01172,4,4036,2025-07-24 16:42:16,信用卡
T0003539,C04149,P01990,1,1285,2025-07-03 15:34:59,信用卡
T0003540,C04822,P00981,2,7530,2025-07-05 07:43:24,轉帳
T0003541,C01459,P00999,2,5048,2025-07-29 03:07:38,行動支付
T0003542,C02609,P01700,1,2148,2025-07-20 17:07:49,貨到付款
T0003543,C03510,P01980,2,3780,2025-07-27 21:27:08,轉帳
T0003544,C00228,P00444,1,928,2025-07-09 21:59:38,轉帳
T0003545,C00820,P00898,1,2025,2025-07-10 17:26:45,行動支付
T0003546,C00702,P01274,1,357,2025-07-31 10:12:25,信用卡
T0003547,C03584,P00882,4,3860,2025-07-26 21:59:34,轉帳
T0003548,C03607,P01898,1,1709,2025-07-10 10:33:55,行動支付
T0003549,C00534,P01286,4,4092,2025-07-12 20:31:37,信用卡
T0003550,C03054,P00299,1,1347,2025-07-15 10:30:36,貨到付款
T0003551,C00937,P00012,1,2562,2025-07-24 20:56:03,信用卡
T0003552,C04651,P00732,1,2699,2025-07-03 20:00:08,貨到付款
T0003553,C01964,P01030,2,3482,2025-07-21 23:52:54,貨到付款
T0003554,C02285,P01477,4,-92,2025-07-16 20:38:48,信用卡
T0003555,C03907,P00335,4,936,2025-07-02 18:39:20,轉帳
T0003556,C03583,P00737,1,1759,2025-07-28 18:43:55,行動支付
T0003557,C00538,P00418,1,283,2025-07-05 20:12:34,信用卡
T0003558,C02072,P01917,2,7424,2025-07-31 18:10:06,貨到付款
T0003559,C04633,P01051,2,6638,2025-07-30 09:49:55,轉帳
T0003560,C04187,P01610,2,700,2025-07-26 08:04:36,行動支付
T0003561,C02944,P00345,4,10464,2025-07-02 17:57:22,轉帳
T0003562,C03860,P01086,4,1432,2025-07-24 20:10:52,行動支付
T0003563,C02252,P01632,4,14108,2025-07-10 20:46:17,轉帳
T0003564,C03292,P01474,1,2642,2025-07-14 18:09:02,行動支付
T0003565,C04780,P00380,4,16668,2025-07-04 13:27:26,貨到付款
T0003566,C00673,P00125,3,5922,2025-07-07 17:15:38,行動支付
T0003567,C02494,P00400,3,3264,2025-07-07 22:22:02,貨到付款
T0003568,C02651,P00286,2,6962,2025-07-17 10:12:46,轉帳
T0003569,C00242,P01682,4,444,2025-07-05 09:20:15,行動支付
T0003570,C04676,P00014,3,11496,2025-07-22 16:17:00,轉帳
T0003571,C04194,P00609,2,6494,2025-07-08 04:31:20,信用卡
T0003572,C02414,P00185,4,10652,2025-07-11 22:38:48,貨到付款
T0003573,C02541,P00754,1,1934,2025-07-17 20:04:43,貨到付款
T0003574,C04605,P00016,3,5673,2025-07-09 21:03:09,貨到付款
T0003575,C00886,P00179,1,744,2025-07-29 12:19:12,轉帳
T0003576,C02892,P00489,4,14508,2025-07-25 22:03:31,貨到付款
T0003577,C03652,P00524,3,2115,2025-07-09 13:48:47,行動支付
T0003578,C00641,P00320,4,1512,2025-07-20 05:55:15,貨到付款
T0003579,C01937,P01435,1,2292,2025-07-31 10:03:54,轉帳
T0003580,C03002,P00926,3,10758,2025-07-19 15:56:36,貨到付款
T0003581,C04413,P00048,1,2549,2025-07-20 18:01:08,貨到付款
T0003582,C02520,P00330,4,9916,2025-07-09 12:19:59,貨到付款
T0003583,C01923,P00943,4,14056,2025-07-26 04:01:58,行動支付
T0003584,C04897,P01037,1,2871,2025-07-20 00:30:06,轉帳
T0003585,C04579,P00174,3,9270,2025-07-22 16:15:43,行動支付
T0003586,C03811,P00912,1,1605,2025-07-11 18:15:59,轉帳
T0003587,C01367,P01573,4,-64,2025-07-05 18:31:30,行動支付
T0003588,C04817,P01799,1,3935,2025-07-21 17:31:27,信用卡
T0003589,C04852,P00960,4,1076,2025-07-12 08:28:25,行動支付
T0003590,C02264,P00641,1,1121,2025-07-03 14:28:22,行動支付
T0003591,C00666,P01493,3,6972,2025-07-16 22:21:20,轉帳
T0003592,C02063,P00726,3,13140,2025-07-10 16:06:18,轉帳
T0003593,C03500,P01255,1,4529,2025-07-15 22:11:58,貨到付款
T0003594,C03742,P00967,1,85,2025-07-13 09:06:21,行動支付
T0003595,C01494,P00757,3,4050,2025-07-29 18:37:13,貨到付款
T0003596,C03507,P01725,4,9528,2025-07-26 18:47:55,轉帳
T0003597,C04303,P01884,3,11766,2025-07-05 14:11:29,信用卡
T0003598,C03559,P00650,4,12820,2025-07-23 03:08:04,轉帳
T0003599,C04677,P01237,1,471,2025-07-12 01:41:06,行動支付
T0003600,C03162,P01021,1,2419,2025-07-07 21:53:54,轉帳
T0003601,C01004,P01551,4,12344,2025-07-08 17:36:03,轉帳
T0003602,C03120,P01339,1,416,2025-07-14 10:39:54,貨到付款
T0003603,C01452,P00907,4,4552,2025-07-24 16:39:41,轉帳
T0003604,C01726,P01799,2,7870,2025-07-29 13:11:57,行動支付
T0003605,C03361,P01107,3,2823,2025-07-10 20:30:12,行動支付
T0003606,C04906,P01459,2,5090,2025-07-07 18:53:36,行動支付
T0003607,C03250,P00784,4,4248,2025-07-03 20:38:55,信用卡
T0003608,C04791,P01098,3,8313,2025-07-20 20:14:28,貨到付款
T0003609,C02519,P00363,4,14620,2025-07-30 08:38:07,信用卡
T0003610,C03471,P00879,3,-294,2025-07-05 23:22:38,貨到付款
T0003611,C01611,P00241,3,8091,2025-07-08 16:50:23,轉帳
T0003612,C00577,P00937,3,10974,2025-07-11 15:58:05,貨到付款
T0003613,C01761,P00126,3,4485,2025-07-31 12:11:05,貨到付款
T0003614,C02401,P01374,4,8096,2025-07-26 17:26:43,行動支付
T0003615,C02853,P00396,3,6846,2025-07-06 23:02:53,貨到付款
T0003616,C03335,P01574,3,3693,2025-07-30 18:54:41,貨到付款
T0003617,C02087,P01456,2,750,2025-07-24 18:38:05,信用卡
T0003618,C03739,P01851,1,1851,2025-07-02 00:17:53,貨到付款
T0003619,C04206,P01310,1,1248,2025-07-09 10:16:56,貨到付款
T0003620,C01429,P01933,2,6492,2025-07-07 13:18:16,行動支付
T0003621,C04236,P01913,2,580,2025-07-07 20:47:49,信用卡
T0003622,C04041,P01852,4,14548,2025-07-19 19:26:37,信用卡
T0003623,C02613,P00651,4,4036,2025-07-03 11:10:44,信用卡
T0003624,C00126,P00345,4,10464,2025-07-25 22:45:00,信用卡
T0003625,C00726,P01153,2,1740,2025-07-21 04:40:09,轉帳
T0003626,C03351,P01133,2,5426,2025-07-06 22:28:25,行動支付
T0003627,C00999,P01229,3,4263,2025-07-23 15:20:10,信用卡
T0003628,C03750,P01481,4,8792,2025-07-15 15:54:40,行動支付
T0003629,C00804,P01763,4,5716,2025-07-17 21:58:28,貨到付款
T0003630,C01433,P01910,4,15752,2025-07-30 16:42:30,貨到付款
T0003631,C01252,P01465,1,3865,2025-07-04 04:58:13,行動支付
T0003632,C04196,P01598,3,912,2025-07-07 16:23:13,行動支付
T0003633,C03452,P01314,4,2664,2025-07-02 01:37:02,行動支付
T0003634,C01475,P01170,4,8664,2025-07-29 04:27:13,貨到付款
T0003635,C03767,P01280,4,3928,2025-07-21 22:21:32,轉帳
T0003636,C00161,P00472,1,3726,2025-07-24 21:41:30,信用卡
T0003637,C04070,P01101,1,562,2025-07-30 14:21:18,信用卡
T0003638,C00512,P00472,2,7452,2025-07-13 08:26:07,轉帳
T0003639,C04340,P00333,3,12144,2025-07-16 10:42:19,信用卡
T0003640,C03697,P01306,2,4138,2025-07-31 15:01:15,行動支付
T0003641,C04324,P01404,3,4335,2025-07-10 12:26:40,轉帳
T0003642,C03712,P00489,1,3627,2025-07-07 11:45:18,行動支付
T0003643,C02806,P01155,4,7968,2025-07-27 09:41:50,轉帳
T0003644,C01187,P01789,2,980,2025-07-25 18:54:55,轉帳
T0003645,C03921,P00406,4,16312,2025-07-17 12:52:49,貨到付款
T0003646,C03994,P01111,2,1004,2025-07-03 13:47:26,貨到付款
T0003647,C01438,P00616,1,1110,2025-07-24 11:07:29,貨到付款
T0003648,C03322,P00835,1,1624,2025-07-11 15:20:48,信用卡
T0003649,C04632,P00978,1,1310,2025-07-03 20:32:23,轉帳
T0003650,C01937,P01289,2,5252,2025-07-04 19:53:31,信用卡
T0003651,C04783,P01474,3,7926,2025-07-13 13:24:22,貨到付款
T0003652,C04879,P01765,2,1120,2025-07-23 20:23:58,貨到付款
T0003653,C01563,P00437,3,1743,2025-07-19 09:50:26,信用卡
T0003654,C02760,P01616,2,6760,2025-07-01 03:59:40,行動支付
T0003655,C00064,P00579,2,5412,2025-07-30 19:59:14,轉帳
T0003656,C01256,P01883,1,418,2025-07-23 11:47:20,貨到付款
T0003657,C03102,P01142,4,11428,2025-07-05 04:53:25,信用卡
T0003658,C03904,P00522,4,3460,2025-07-24 12:16:40,行動支付
T0003659,C04350,P00507,3,6102,2025-07-05 02:36:10,轉帳
T0003660,C04149,P01621,4,9608,2025-07-06 23:08:20,行動支付
T0003661,C04557,P01549,2,832,2025-07-03 19:21:22,貨到付款
T0003662,C03523,P01222,2,5898,2025-07-16 21:40:23,轉帳
T0003663,C03238,P01450,1,525,2025-07-27 17:29:41,貨到付款
T0003664,C03775,P00360,1,2848,2025-07-05 05:25:26,行動支付
T0003665,C02733,P00893,4,2536,2025-07-02 12:18:09,貨到付款
T0003666,C03016,P01649,3,11466,2025-07-30 14:13:03,信用卡
T0003667,C03880,P01721,4,1560,2025-07-06 14:30:02,轉帳
T0003668,C04821,P00877,4,16560,2025-07-18 05:50:31,信用卡
T0003669,C01470,P00373,4,6636,2025-07-05 04:35:09,貨到付款
T0003670,C00887,P00348,4,4992,2025-07-04 01:49:12,信用卡
T0003671,C03413,P00139,2,2406,2025-07-12 15:09:19,貨到付款
T0003672,C00934,P00110,3,7353,2025-07-29 22:12:38,信用卡
T0003673,C00868,P00492,2,7786,2025-07-05 03:40:23,信用卡
T0003674,C02569,P01802,3,996,2025-07-02 06:43:42,行動支付
T0003675,C01885,P00937,1,3658,2025-07-31 22:36:25,行動支付
T0003676,C02142,P01054,4,6124,2025-07-29 10:16:01,行動支付
T0003677,C02782,P00995,2,7386,2025-07-15 20:43:41,行動支付
T0003678,C00650,P00225,3,5391,2025-07-22 16:21:12,貨到付款
T0003679,C02919,P00980,1,2150,2025-07-20 01:34:29,行動支付
T0003680,C01275,P01790,1,868,2025-07-18 22:42:42,轉帳
T0003681,C01652,P00653,4,11348,2025-07-10 19:25:29,貨到付款
T0003682,C03548,P01159,3,11988,2025-07-22 17:03:28,轉帳
T0003683,C00774,P01116,2,4926,2025-07-17 10:19:25,轉帳
T0003684,C00768,P01829,4,420,2025-07-14 22:24:38,轉帳
T0003685,C01613,P00486,2,360,2025-07-10 18:14:27,信用卡
T0003686,C00254,P00298,1,1923,2025-07-30 18:00:43,行動支付
T0003687,C04661,P01624,2,-90,2025-07-31 16:19:13,轉帳
T0003688,C03078,P01505,2,478,2025-07-17 14:10:56,貨到付款
T0003689,C03309,P00197,4,11816,2025-07-22 19:57:46,貨到付款
T0003690,C02452,P01586,2,7570,2025-07-01 16:21:37,貨到付款
T0003691,C02863,P00794,4,16960,2025-07-06 08:40:27,行動支付
T0003692,C01790,P01581,1,2062,2025-07-06 13:50:11,信用卡
T0003693,C03920,P01725,4,9528,2025-07-13 09:48:54,貨到付款
T0003694,C01589,P01095,4,12468,2025-07-05 05:58:49,行動支付
T0003695,C01099,P00346,3,8016,2025-07-05 07:47:52,轉帳
T0003696,C00919,P01766,2,6414,2025-07-06 11:40:19,行動支付
T0003697,C00340,P00530,1,2279,2025-07-23 20:26:58,信用卡
T0003698,C02525,P01108,4,7288,2025-07-18 20:38:45,信用卡
T0003699,C02079,P01213,1,3515,2025-07-06 11:03:46,貨到付款
T0003700,C02685,P01879,3,5127,2025-07-22 12:11:12,信用卡
T0003701,C00459,P01769,2,338,2025-07-25 18:15:16,轉帳
T0003702,C01105,P01037,4,11484,2025-07-21 11:56:27,貨到付款
T0003703,C01066,P01011,2,4492,2025-07-14 14:02:22,貨到付款
T0003704,C01659,P01137,3,10458,2025-07-04 22:19:38,貨到付款
T0003705,C01803,P00698,3,2745,2025-07-24 19:05:34,行動支付
T0003706,C01092,P00421,1,3204,2025-07-02 22:55:32,貨到付款
T0003707,C03763,P01479,4,1204,2025-07-13 04:52:35,行動支付
T0003708,C02652,P01409,1,522,2025-07-13 18:47:33,信用卡
T0003709,C04983,P00744,3,9273,2025-07-23 15:30:39,貨到付款
T0003710,C04118,P01028,2,1216,2025-07-31 10:16:38,轉帳
T0003711,C04905,P00369,1,3744,2025-07-29 22:56:01,信用卡
T0003712,C00044,P01274,1,357,2025-07-25 11:59:50,信用卡
T0003713,C03344,P00788,2,5446,2025-07-25 17:58:39,信用卡
T0003714,C02228,P00121,1,1153,2025-07-12 02:27:39,貨到付款
T0003715,C04522,P01675,2,7876,2025-07-23 12:51:05,行動支付
T0003716,C03068,P01501,4,1260,2025-07-08 18:17:03,信用卡
T0003717,C03105,P01995,2,920,2025-07-28 16:34:14,轉帳
T0003718,C04794,P01537,4,12756,2025-07-23 17:55:06,行動支付
T0003719,C03412,P00403,2,416,2025-07-18 11:01:07,貨到付款
T0003720,C01604,P00556,3,1689,2025-07-13 13:12:17,行動支付
T0003721,C04579,P00604,3,3531,2025-07-16 14:04:51,信用卡
T0003722,C04724,P01845,4,14348,2025-07-05 15:50:58,貨到付款
T0003723,C01929,P01290,4,4036,2025-07-07 15:31:38,轉帳
T0003724,C02701,P01629,3,4776,2025-07-26 05:39:35,行動支付
T0003725,C01414,P01710,4,2752,2025-07-26 00:49:43,轉帳
T0003726,C04556,P01147,2,2746,2025-07-29 10:59:51,信用卡
T0003727,C04110,P00218,2,7166,2025-07-01 05:13:06,轉帳
T0003728,C01874,P00132,3,906,2025-07-17 19:11:01,轉帳
T0003729,C04014,P01670,1,197,2025-07-01 17:15:37,行動支付
T0003730,C02227,P00326,2,3000,2025-07-04 13:13:04,轉帳
T0003731,C00219,P00420,4,5264,2025-07-30 10:52:52,貨到付款
T0003732,C04491,P01455,1,395,2025-07-13 15:43:13,轉帳
T0003733,C00962,P01797,1,2657,2025-07-22 05:49:00,貨到付款
T0003734,C02569,P01735,2,370,2025-07-19 13:05:10,信用卡
T0003735,C04741,P00045,2,4054,2025-07-16 03:15:07,行動支付
T0003736,C00836,P00298,1,1923,2025-07-18 17:27:30,貨到付款
T0003737,C04781,P01154,1,3712,2025-07-06 00:07:11,貨到付款
T0003738,C02689,P01558,3,11379,2025-07-20 08:01:57,貨到付款
T0003739,C00036,P01459,4,10180,2025-07-28 22:06:42,行動支付
T0003740,C00327,P01173,3,6231,2025-07-25 14:40:20,貨到付款
T0003741,C03351,P00696,2,7538,2025-07-13 21:44:44,信用卡
T0003742,C03867,P00048,3,7647,2025-07-01 00:00:44,貨到付款
T0003743,C04324,P00605,3,5145,2025-07-04 17:40:48,信用卡
T0003744,C02121,P00955,3,7311,2025-07-24 06:29:24,貨到付款
T0003745,C00519,P01307,3,6615,2025-07-28 13:56:13,行動支付
T0003746,C02688,P01469,4,13792,2025-07-27 18:18:54,信用卡
T0003747,C03513,P00385,4,2700,2025-07-10 16:16:13,轉帳
T0003748,C04881,P01224,1,3655,2025-07-26 20:58:49,貨到付款
T0003749,C03876,P00392,2,6330,2025-07-16 08:58:04,行動支付
T0003750,C03232,P00009,3,10332,2025-07-11 12:31:19,轉帳
T0003751,C04698,P00831,1,371,2025-07-14 17:07:29,貨到付款
T0003752,C03734,P00940,1,934,2025-07-21 04:45:44,行動支付
T0003753,C00768,P00420,1,1316,2025-07-18 14:08:30,轉帳
T0003754,C02296,P01186,4,13804,2025-07-05 12:11:57,轉帳
T0003755,C01658,P00185,3,7989,2025-07-02 20:03:02,行動支付
T0003756,C00437,P01934,3,6396,2025-07-20 05:46:46,行動支付
T0003757,C00271,P00290,2,504,2025-07-17 00:55:34,轉帳
T0003758,C03971,P00096,3,5061,2025-07-30 19:18:40,貨到付款
T0003759,C02790,P00301,3,8205,2025-07-23 16:07:11,轉帳
T0003760,C02874,P00303,1,3382,2025-07-27 04:07:24,轉帳
T0003761,C01138,P00414,2,8506,2025-07-22 18:01:23,行動支付
T0003762,C01293,P00236,3,3357,2025-07-28 17:45:13,貨到付款
T0003763,C01940,P01373,4,12060,2025-07-06 06:04:34,轉帳
T0003764,C03151,P01400,3,7203,2025-07-08 10:47:48,行動支付
T0003765,C02165,P00920,1,2071,2025-07-12 04:28:24,轉帳
T0003766,C00084,P00933,4,6120,2025-07-06 08:41:55,行動支付
T0003767,C03366,P01320,1,2948,2025-07-02 21:05:14,信用卡
T0003768,C02674,P00107,3,6945,2025-07-04 07:29:36,轉帳
T0003769,C03207,P01211,4,15728,2025-07-12 17:10:33,轉帳
T0003770,C03091,P01492,2,1898,2025-07-31 21:13:10,轉帳
T0003771,C03779,P00178,2,2986,2025-07-29 13:43:01,信用卡
T0003772,C02928,P00225,4,7188,2025-07-04 19:05:25,貨到付款
T0003773,C03504,P00805,4,3704,2025-07-15 15:07:51,轉帳
T0003774,C00362,P00259,1,1475,2025-07-14 23:29:50,信用卡
T0003775,C04640,P00361,4,16508,2025-07-27 17:26:47,行動支付
T0003776,C00530,P00241,1,2697,2025-07-05 22:00:11,轉帳
T0003777,C03934,P01443,3,6846,2025-07-11 07:12:32,貨到付款
T0003778,C01506,P00892,1,1629,2025-07-13 20:48:10,貨到付款
T0003779,C00432,P01445,4,11728,2025-07-14 14:49:01,貨到付款
T0003780,C03826,P01323,4,12764,2025-07-06 04:39:36,信用卡
T0003781,C02188,P01851,3,5553,2025-07-10 06:43:51,信用卡
T0003782,C01975,P01519,4,13792,2025-07-30 22:13:41,轉帳
T0003783,C03303,P01864,4,1176,2025-07-28 01:43:00,貨到付款
T0003784,C02369,P00395,2,4348,2025-07-12 19:04:38,信用卡
T0003785,C02667,P01245,2,4538,2025-07-17 12:04:03,貨到付款
T0003786,C00681,P01459,3,7635,2025-07-22 13:28:20,行動支付
T0003787,C01954,P00074,1,1140,2025-07-26 07:33:16,貨到付款
T0003788,C03987,P01143,2,6742,2025-07-17 12:35:18,貨到付款
T0003789,C02728,P00862,1,255,2025-07-14 22:28:03,信用卡
T0003790,C04800,P00674,4,15860,2025-07-08 19:32:16,轉帳
T0003791,C00720,P01072,2,3506,2025-07-14 14:31:03,貨到付款
T0003792,C03386,P01320,3,8844,2025-07-24 00:41:46,行動支付
T0003793,C04570,P00910,3,8736,2025-07-08 23:41:28,貨到付款
T0003794,C03975,P01753,3,7575,2025-07-13 06:18:53,信用卡
T0003795,C03646,P01622,2,5990,2025-07-02 13:32:14,信用卡
T0003796,C01865,P01553,1,3584,2025-07-11 12:57:00,信用卡
T0003797,C04747,P00207,4,13588,2025-07-03 15:10:28,行動支付
T0003798,C02767,P01528,1,3396,2025-07-06 10:38:28,信用卡
T0003799,C02775,P00564,1,2166,2025-07-08 22:08:35,貨到付款
T0003800,C00616,P00200,4,16172,2025-07-06 13:07:54,信用卡
T0003801,C00025,P00568,4,16132,2025-07-23 16:15:08,行動支付
T0003802,C02983,P01579,2,3358,2025-07-01 13:05:48,行動支付
T0003803,C02685,P01366,2,5126,2025-07-06 01:12:16,轉帳
T0003804,C04734,P01250,2,6028,2025-07-01 14:12:54,轉帳
T0003805,C01523,P00281,2,4540,2025-07-13 12:04:56,信用卡
T0003806,C03741,P00674,2,7930,2025-07-20 14:23:01,行動支付
T0003807,C04517,P00017,4,7592,2025-07-06 07:25:20,行動支付
T0003808,C01719,P01329,1,3816,2025-07-03 05:30:40,行動支付
T0003809,C02063,P01963,2,7872,2025-07-23 20:54:30,貨到付款
T0003810,C03229,P00300,2,2376,2025-07-26 01:05:29,行動支付
T0003811,C02562,P00573,1,202,2025-07-02 18:17:34,轉帳
T0003812,C00804,P00257,2,874,2025-07-12 22:54:28,行動支付
T0003813,C01103,P01679,1,4336,2025-07-19 10:32:35,行動支付
T0003814,C04173,P01182,1,620,2025-07-13 22:40:42,貨到付款
T0003815,C00971,P01401,4,1360,2025-07-03 10:50:50,信用卡
T0003816,C00906,P00733,3,2184,2025-07-09 20:28:47,信用卡
T0003817,C03998,P01935,4,2548,2025-07-22 17:19:40,行動支付
T0003818,C04261,P01443,3,6846,2025-07-10 16:05:15,行動支付
T0003819,C04256,P01679,3,13008,2025-07-18 22:33:07,貨到付款
T0003820,C04661,P00132,3,906,2025-07-19 01:07:06,信用卡
T0003821,C04971,P01484,2,2642,2025-07-25 22:17:52,行動支付
T0003822,C02306,P01310,4,4992,2025-07-30 13:26:31,貨到付款
T0003823,C02748,P01610,3,1050,2025-07-26 16:29:28,轉帳
T0003824,C01453,P00429,1,2713,2025-07-14 21:37:55,信用卡
T0003825,C00336,P01333,2,5622,2025-07-11 09:36:25,行動支付
T0003826,C00491,P01192,4,1216,2025-07-24 02:30:02,貨到付款
T0003827,C03627,P00256,3,4656,2025-07-19 03:06:28,轉帳
T0003828,C02435,P01389,1,3050,2025-07-14 12:04:59,行動支付
T0003829,C01654,P00993,4,10808,2025-07-29 15:29:48,貨到付款
T0003830,C00641,P00034,4,5832,2025-07-26 00:56:09,轉帳
T0003831,C03277,P00194,2,2832,2025-07-22 11:00:16,貨到付款
T0003832,C00500,P01937,4,13836,2025-07-23 22:14:19,行動支付
T0003833,C03097,P00237,2,3040,2025-07-15 15:10:28,轉帳
T0003834,C04500,P00550,3,6357,2025-07-15 17:20:55,轉帳
T0003835,C01588,P00847,2,3244,2025-07-07 19:03:39,轉帳
T0003836,C02253,P00718,1,3759,2025-07-30 13:37:41,貨到付款
T0003837,C03081,P00653,2,5674,2025-07-23 10:17:33,轉帳
T0003838,C01528,P00733,1,728,2025-07-19 13:50:15,貨到付款
T0003839,C02920,P00613,2,1648,2025-07-12 17:31:11,貨到付款
T0003840,C02827,P01848,4,4928,2025-07-15 22:39:38,轉帳
T0003841,C01822,P00424,3,11604,2025-07-29 22:13:40,貨到付款
T0003842,C01581,P00054,1,920,2025-07-24 13:30:57,轉帳
T0003843,C02141,P01883,2,836,2025-07-22 17:10:44,信用卡
T0003844,C00024,P01776,2,2278,2025-07-29 11:57:52,轉帳
T0003845,C01230,P01557,2,248,2025-07-20 05:32:25,行動支付
T0003846,C01107,P00051,4,12656,2025-07-22 14:45:38,行動支付
T0003847,C03699,P01980,4,7560,2025-07-26 12:49:24,轉帳
T0003848,C02180,P01860,1,2066,2025-07-10 16:17:08,貨到付款
T0003849,C04200,P00844,1,4262,2025-07-22 14:37:35,貨到付款
T0003850,C00671,P00723,4,5540,2025-07-08 12:48:25,轉帳
T0003851,C03664,P00323,1,1954,2025-07-26 16:08:45,信用卡
T0003852,C04389,P00461,3,1149,2025-07-08 17:35:46,信用卡
T0003853,C02314,P00989,3,2046,2025-07-18 14:29:25,轉帳
T0003854,C01793,P00120,4,3232,2025-07-06 18:09:30,信用卡
T0003855,C01527,P01198,1,2755,2025-07-08 13:55:14,貨到付款
T0003856,C02758,P00123,2,3156,2025-07-27 05:19:57,貨到付款
T0003857,C00878,P01437,3,450,2025-07-01 22:40:10,轉帳
T0003858,C03033,P01927,4,760,2025-07-02 20:26:27,信用卡
T0003859,C04208,P00862,1,255,2025-07-07 11:49:03,信用卡
T0003860,C04293,P01723,4,13472,2025-07-04 11:56:08,貨到付款
T0003861,C00700,P00044,2,2252,2025-07-03 13:44:12,轉帳
T0003862,C02693,P00456,3,5469,2025-07-09 21:21:11,貨到付款
T0003863,C01316,P00252,4,13676,2025-07-28 14:25:10,轉帳
T0003864,C04431,P00562,4,6932,2025-07-26 20:35:26,轉帳
T0003865,C00382,P01300,4,16416,2025-07-06 21:12:23,行動支付
T0003866,C00376,P01802,2,664,2025-07-15 02:17:17,行動支付
T0003867,C00093,P00684,4,11072,2025-07-12 08:45:07,行動支付
T0003868,C02535,P00522,2,1730,2025-07-24 21:41:19,行動支付
T0003869,C00155,P01728,2,1144,2025-07-07 12:18:59,轉帳
T0003870,C02909,P01655,2,5736,2025-07-05 02:06:29,行動支付
T0003871,C02025,P01368,3,2160,2025-07-11 12:36:16,信用卡
T0003872,C02950,P01284,3,969,2025-07-10 23:21:30,信用卡
T0003873,C04531,P00443,4,556,2025-07-21 12:48:52,行動支付
T0003874,C02757,P01420,4,8532,2025-07-03 17:34:45,行動支付
T0003875,C02717,P00570,3,10524,2025-07-10 10:40:49,行動支付
T0003876,C04993,P00499,1,2827,2025-07-10 13:32:07,信用卡
T0003877,C02360,P00249,3,5751,2025-07-29 13:10:39,貨到付款
T0003878,C03875,P01232,2,5618,2025-07-04 09:58:26,行動支付
T0003879,C01829,P01815,3,5325,2025-07-09 19:41:39,轉帳
T0003880,C01116,P00811,2,7626,2025-07-06 21:42:24,信用卡
T0003881,C03860,P00992,4,9396,2025-07-10 10:38:56,信用卡
T0003882,C03666,P01828,1,1719,2025-07-17 23:11:16,信用卡
T0003883,C01454,P01279,4,16744,2025-07-15 19:20:13,轉帳
T0003884,C02323,P00737,2,3518,2025-07-21 21:39:33,信用卡
T0003885,C02552,P01786,2,7740,2025-07-29 15:48:41,貨到付款
T0003886,C01983,P00616,2,2220,2025-07-19 19:23:15,貨到付款
T0003887,C02510,P00129,1,596,2025-07-28 00:29:20,轉帳
T0003888,C03313,P00885,3,747,2025-07-26 02:23:41,轉帳
T0003889,C04239,P01354,4,4652,2025-07-03 20:14:54,信用卡
T0003890,C04032,P01996,4,5280,2025-07-09 15:36:11,貨到付款
T0003891,C03070,P00743,3,4275,2025-07-30 18:15:03,轉帳
T0003892,C00829,P00850,4,7240,2025-07-11 22:52:56,貨到付款
T0003893,C02570,P00344,1,1798,2025-07-18 10:20:47,轉帳
T0003894,C02231,P00492,4,15572,2025-07-07 23:01:46,轉帳
T0003895,C00895,P00959,2,5870,2025-07-17 06:16:25,轉帳
T0003896,C04743,P00212,3,3696,2025-07-10 21:15:47,轉帳
T0003897,C03297,P01673,1,1734,2025-07-16 16:43:52,貨到付款
T0003898,C04838,P00502,3,13083,2025-07-13 22:19:13,行動支付
T0003899,C03679,P00868,1,3582,2025-07-24 03:52:40,貨到付款
T0003900,C02417,P00221,2,6374,2025-07-03 21:40:26,貨到付款
T0003901,C01793,P01109,3,7845,2025-07-01 14:47:47,信用卡
T0003902,C01094,P01538,4,13088,2025-07-19 09:46:01,轉帳
T0003903,C02438,P01594,1,2600,2025-07-13 19:38:40,信用卡
T0003904,C00314,P01028,3,1824,2025-07-14 11:28:58,行動支付
T0003905,C01847,P00077,4,15048,2025-07-10 17:56:51,貨到付款
T0003906,C00214,P00053,3,8106,2025-07-05 19:50:04,轉帳
T0003907,C01033,P01822,3,405,2025-07-17 21:38:44,轉帳
T0003908,C04538,P01585,3,7719,2025-07-21 02:21:00,信用卡
T0003909,C01806,P01107,1,941,2025-07-14 05:49:17,轉帳
T0003910,C02348,P00200,4,16172,2025-07-15 06:37:00,轉帳
T0003911,C02273,P00797,2,5302,2025-07-04 08:10:20,信用卡
T0003912,C00232,P01526,1,3940,2025-07-01 10:12:05,貨到付款
T0003913,C04902,P00179,1,744,2025-07-14 03:58:16,貨到付款
T0003914,C01620,P00323,1,1954,2025-07-25 04:58:30,行動支付
T0003915,C03518,P01032,2,5082,2025-07-06 13:51:39,貨到付款
T0003916,C02606,P01088,4,5932,2025-07-18 14:55:32,信用卡
T0003917,C04148,P01033,4,1540,2025-07-31 11:08:07,信用卡
T0003918,C04174,P01624,4,-180,2025-07-30 10:35:25,行動支付
T0003919,C01316,P01340,3,-21,2025-07-29 06:47:44,貨到付款
T0003920,C02721,P00895,3,6273,2025-07-20 13:09:23,信用卡
T0003921,C00869,P00296,3,2592,2025-07-02 20:39:25,信用卡
T0003922,C03268,P00060,2,3304,2025-07-25 13:38:52,信用卡
T0003923,C01826,P01439,3,-294,2025-07-21 19:28:32,轉帳
T0003924,C03266,P01948,2,5640,2025-07-29 11:02:59,信用卡
T0003925,C04177,P01408,4,10272,2025-07-02 17:18:05,行動支付
T0003926,C02583,P00926,3,10758,2025-07-09 20:08:16,行動支付
T0003927,C01881,P00390,3,8175,2025-07-13 00:30:14,貨到付款
T0003928,C04536,P00084,1,3107,2025-07-27 11:15:45,行動支付
T0003929,C02581,P00905,2,7036,2025-07-28 16:27:04,貨到付款
T0003930,C01764,P00493,4,520,2025-07-23 22:37:23,信用卡
T0003931,C04338,P00923,1,2282,2025-07-06 12:59:53,信用卡
T0003932,C02434,P00458,1,881,2025-07-11 19:45:55,信用卡
T0003933,C02410,P00159,4,1304,2025-07-20 06:20:42,轉帳
T0003934,C03021,P00095,1,-77,2025-07-16 18:13:57,行動支付
T0003935,C02509,P01740,2,3690,2025-07-25 21:44:48,貨到付款
T0003936,C00694,P00722,2,1502,2025-07-20 12:37:14,貨到付款
T0003937,C00828,P01061,3,2928,2025-07-01 13:31:30,轉帳
T0003938,C00385,P00551,1,1108,2025-07-19 11:52:38,信用卡
T0003939,C03217,P00600,3,10353,2025-07-21 16:53:13,信用卡
T0003940,C01057,P01602,1,1754,2025-07-13 10:01:30,轉帳
T0003941,C00934,P00349,2,-64,2025-07-10 18:06:02,信用卡
T0003942,C01811,P01408,2,5136,2025-07-12 14:38:17,行動支付
T0003943,C03586,P00049,2,376,2025-07-24 18:06:20,轉帳
T0003944,C00591,P01130,1,1894,2025-07-01 19:52:54,轉帳
T0003945,C01151,P00363,2,7310,2025-07-08 16:15:21,貨到付款
T0003946,C04055,P01063,1,2730,2025-07-26 10:01:55,信用卡
T0003947,C03601,P01056,3,9717,2025-07-05 12:49:35,貨到付款
T0003948,C02407,P00710,1,1286,2025-07-21 14:40:24,轉帳
T0003949,C02394,P00851,3,12294,2025-07-14 18:54:39,貨到付款
T0003950,C01053,P00858,1,1199,2025-07-14 11:19:43,信用卡
T0003951,C00806,P00507,3,6102,2025-07-15 21:25:01,轉帳
T0003952,C04166,P00059,2,7420,2025-07-30 15:54:05,信用卡
T0003953,C00112,P00240,3,9762,2025-07-26 04:03:05,轉帳
T0003954,C00215,P00010,2,3830,2025-07-17 12:24:10,貨到付款
T0003955,C02867,P00397,2,934,2025-07-22 10:19:53,行動支付
T0003956,C00805,P01342,3,12507,2025-07-21 12:06:33,行動支付
T0003957,C03147,P01744,1,3952,2025-07-01 21:08:54,信用卡
T0003958,C00195,P00400,1,1088,2025-07-09 13:18:03,行動支付
T0003959,C02861,P00805,4,3704,2025-07-17 13:50:38,行動支付
T0003960,C00279,P01645,1,3140,2025-07-21 11:25:23,貨到付款
T0003961,C01291,P01838,4,11516,2025-07-08 13:51:17,信用卡
T0003962,C00900,P00878,1,2526,2025-07-21 11:49:29,轉帳
T0003963,C04791,P00508,1,644,2025-07-25 19:37:21,貨到付款
T0003964,C02996,P00874,2,2206,2025-07-02 20:46:57,信用卡
T0003965,C02818,P00787,4,3588,2025-07-14 22:59:23,行動支付
T0003966,C00093,P01646,1,2901,2025-07-25 19:29:57,行動支付
T0003967,C03597,P00157,4,13060,2025-07-08 15:55:16,信用卡
T0003968,C03308,P01170,2,4332,2025-07-18 20:51:46,轉帳
T0003969,C01417,P01049,2,888,2025-07-12 17:47:09,轉帳
T0003970,C00428,P01661,4,11392,2025-07-11 05:10:21,轉帳
T0003971,C02246,P01398,2,2058,2025-07-31 20:35:53,信用卡
T0003972,C04963,P00950,3,10851,2025-07-10 14:50:37,貨到付款
T0003973,C04336,P00064,3,1947,2025-07-28 17:05:42,信用卡
T0003974,C00852,P01959,2,924,2025-07-16 20:49:10,貨到付款
T0003975,C04151,P00805,3,2778,2025-07-28 10:30:37,貨到付款
T0003976,C03004,P00851,1,4098,2025-07-25 17:11:39,行動支付
T0003977,C03973,P00621,4,7276,2025-07-09 16:48:54,行動支付
T0003978,C04102,P00660,1,2702,2025-07-14 12:10:13,行動支付
T0003979,C00909,P01178,4,17120,2025-07-26 14:31:16,貨到付款
T0003980,C03298,P01510,2,6902,2025-07-22 21:59:36,貨到付款
T0003981,C01322,P01590,1,1845,2025-07-20 01:03:52,信用卡
T0003982,C03620,P00101,2,3280,2025-07-08 18:21:17,行動支付
T0003983,C01713,P01177,2,6684,2025-07-02 14:03:35,行動支付
T0003984,C02267,P01333,4,11244,2025-07-09 19:21:36,行動支付
T0003985,C02952,P00248,4,13900,2025-07-23 06:08:18,行動支付
T0003986,C01149,P00504,4,8072,2025-07-05 09:47:20,轉帳
T0003987,C01927,P00039,1,1517,2025-07-16 21:14:53,貨到付款
T0003988,C00542,P01310,3,3744,2025-07-23 16:04:45,貨到付款
T0003989,C01011,P01171,4,3504,2025-07-07 18:38:55,貨到付款
T0003990,C04297,P01087,4,4976,2025-07-16 13:15:21,轉帳
T0003991,C02521,P01882,1,829,2025-07-06 14:26:04,信用卡
T0003992,C02098,P00135,4,8284,2025-07-10 09:27:47,信用卡
T0003993,C00747,P01429,1,1373,2025-07-06 00:03:32,信用卡
T0003994,C00481,P01514,2,5496,2025-07-12 03:25:50,轉帳
T0003995,C02379,P01715,4,-212,2025-07-08 11:56:26,轉帳
T0003996,C03073,P01262,4,5272,2025-07-03 05:38:31,信用卡
T0003997,C00195,P00539,2,4132,2025-07-17 15:28:09,信用卡
T0003998,C03919,P00006,2,1084,2025-07-17 10:24:57,轉帳
T0003999,C02516,P00498,2,3850,2025-07-12 23:57:53,貨到付款
T0004000,C00587,P01994,4,13812,2025-07-07 18:44:32,信用卡
T0004001,C02411,P00131,3,8556,2025-07-02 12:45:39,行動支付
T0004002,C00651,P01568,3,3942,2025-07-03 15:51:56,信用卡
T0004003,C03017,P00084,3,9321,2025-07-26 09:15:12,信用卡
T0004004,C04137,P01221,4,3416,2025-07-27 17:43:14,信用卡
T0004005,C04484,P01003,2,1280,2025-07-02 15:23:18,行動支付
T0004006,C03874,P01615,4,12748,2025-07-10 06:41:19,貨到付款
T0004007,C03246,P00595,2,3170,2025-07-08 14:51:55,轉帳
T0004008,C02610,P01660,4,17844,2025-07-14 04:11:43,信用卡
T0004009,C01851,P01643,4,-112,2025-07-01 17:58:12,貨到付款
T0004010,C00217,P01858,2,2474,2025-07-03 11:58:35,行動支付
T0004011,C02649,P00790,3,10995,2025-07-18 03:10:43,行動支付
T0004012,C01147,P01212,2,2134,2025-07-30 05:37:15,信用卡
T0004013,C04011,P01979,1,3428,2025-07-30 14:46:46,轉帳
T0004014,C03947,P01277,1,-59,2025-07-30 14:29:50,轉帳
T0004015,C01906,P01296,2,590,2025-07-15 14:54:26,行動支付
T0004016,C02945,P00397,4,1868,2025-07-11 19:29:24,信用卡
T0004017,C03706,P01180,1,3425,2025-07-10 13:19:21,信用卡
T0004018,C03807,P01370,1,1611,2025-07-20 21:13:16,行動支付
T0004019,C03483,P01627,4,10552,2025-07-29 22:07:39,行動支付
T0004020,C00488,P00764,4,7752,2025-07-11 20:44:16,信用卡
T0004021,C00669,P01113,3,11031,2025-07-07 13:47:46,貨到付款
T0004022,C02385,P00585,4,3204,2025-07-04 08:03:08,行動支付
T0004023,C01162,P00821,2,8236,2025-07-13 14:36:20,信用卡
T0004024,C04295,P00764,2,3876,2025-07-12 04:52:03,信用卡
T0004025,C01416,P00199,3,9921,2025-07-18 17:48:08,轉帳
T0004026,C04383,P00432,1,2654,2025-07-07 18:12:41,貨到付款
T0004027,C02043,P00573,1,202,2025-07-31 21:13:23,行動支付
T0004028,C00945,P00098,4,10764,2025-07-22 19:04:19,貨到付款
T0004029,C03545,P00959,2,5870,2025-07-21 15:21:47,貨到付款
T0004030,C03947,P00532,1,374,2025-07-26 00:01:09,行動支付
T0004031,C02889,P00466,3,8151,2025-07-13 06:27:08,行動支付
T0004032,C00589,P00348,3,3744,2025-07-26 19:00:24,貨到付款
T0004033,C00035,P00644,2,5492,2025-07-15 12:06:20,轉帳
T0004034,C03272,P00366,3,3600,2025-07-21 23:47:52,轉帳
T0004035,C03438,P01473,3,1713,2025-07-10 12:32:30,轉帳
T0004036,C01579,P01934,2,4264,2025-07-14 10:59:59,貨到付款
T0004037,C01811,P01339,4,1664,2025-07-29 22:18:35,轉帳
T0004038,C00773,P01190,4,476,2025-07-08 19:16:42,貨到付款
T0004039,C03257,P01165,3,2157,2025-07-05 10:56:53,行動支付
T0004040,C01268,P01823,4,11444,2025-07-29 16:15:03,貨到付款
T0004041,C04274,P01991,4,12288,2025-07-06 13:03:27,貨到付款
T0004042,C02117,P00892,3,4887,2025-07-19 07:30:58,行動支付
T0004043,C01828,P00029,4,4280,2025-07-06 08:42:02,信用卡
T0004044,C01377,P01422,3,12138,2025-07-06 05:51:49,行動支付
T0004045,C03403,P01822,1,135,2025-07-31 13:39:13,轉帳
T0004046,C03774,P00330,2,4958,2025-07-15 15:07:10,信用卡
T0004047,C02066,P00861,2,2000,2025-07-12 13:34:16,轉帳
T0004048,C03918,P01976,4,6788,2025-07-17 22:35:38,貨到付款
T0004049,C02412,P01320,4,11792,2025-07-29 06:42:56,轉帳
T0004050,C01851,P00052,4,5960,2025-07-27 17:19:53,貨到付款
T0004051,C02774,P00934,2,4486,2025-07-20 08:05:24,行動支付
T0004052,C01268,P01031,1,1970,2025-07-22 19:39:37,信用卡
T0004053,C01533,P01639,1,283,2025-07-03 19:44:37,轉帳
T0004054,C01721,P01081,2,1144,2025-07-09 12:52:25,行動支付
T0004055,C03527,P00343,1,1195,2025-07-22 23:19:27,行動支付
T0004056,C03678,P00178,2,2986,2025-07-09 19:09:15,信用卡
T0004057,C04274,P00109,1,3614,2025-07-27 14:01:16,信用卡
T0004058,C03296,P00316,3,6354,2025-07-03 22:10:19,信用卡
T0004059,C03739,P01330,3,9141,2025-07-28 10:56:56,行動支付
T0004060,C02232,P00054,2,1840,2025-07-28 19:24:31,貨到付款
T0004061,C03496,P01606,1,2348,2025-07-18 13:16:31,貨到付款
T0004062,C00808,P01255,4,18116,2025-07-29 00:04:32,行動支付
T0004063,C01072,P00190,1,2203,2025-07-19 11:31:38,轉帳
T0004064,C02002,P01861,3,2817,2025-07-22 13:02:07,行動支付
T0004065,C01692,P01873,3,873,2025-07-29 18:24:28,信用卡
T0004066,C02752,P01887,1,4114,2025-07-31 03:59:39,轉帳
T0004067,C03485,P01598,1,304,2025-07-22 19:27:31,轉帳
T0004068,C03533,P00470,4,1064,2025-07-05 18:21:57,貨到付款
T0004069,C00803,P01368,4,2880,2025-07-02 19:58:32,行動支付
T0004070,C04822,P01501,1,315,2025-07-23 02:51:44,貨到付款
T0004071,C00026,P01143,1,3371,2025-07-10 18:29:30,信用卡
T0004072,C00455,P01190,1,119,2025-07-29 18:53:40,轉帳
T0004073,C00726,P01769,1,169,2025-07-16 11:44:54,貨到付款
T0004074,C04629,P01560,2,4754,2025-07-14 03:15:06,信用卡
T0004075,C02176,P00897,1,3560,2025-07-14 07:42:19,信用卡
T0004076,C00320,P00293,4,8380,2025-07-01 19:37:39,信用卡
T0004077,C01108,P00223,3,10320,2025-07-05 19:47:05,轉帳
T0004078,C00400,P01952,2,2360,2025-07-13 21:22:30,信用卡
T0004079,C00188,P01925,1,212,2025-07-11 20:31:22,轉帳
T0004080,C01921,P01461,3,11088,2025-07-10 17:45:32,轉帳
T0004081,C04922,P01075,2,7452,2025-07-23 22:55:12,貨到付款
T0004082,C03069,P01251,3,1212,2025-07-28 09:35:48,貨到付款
T0004083,C02605,P01929,1,3293,2025-07-13 11:57:32,信用卡
T0004084,C03558,P01855,1,3088,2025-07-11 21:22:43,行動支付
T0004085,C02987,P01016,4,14756,2025-07-02 14:56:25,貨到付款
T0004086,C04728,P01630,1,3151,2025-07-17 22:04:22,信用卡
T0004087,C04101,P01702,1,3384,2025-07-12 17:07:44,轉帳
T0004088,C03201,P01941,2,1930,2025-07-11 13:26:43,信用卡
T0004089,C02194,P01856,4,12524,2025-07-14 06:26:26,貨到付款
T0004090,C01008,P01788,2,5084,2025-07-18 22:57:19,貨到付款
T0004091,C03284,P00608,3,9132,2025-07-02 16:26:59,信用卡
T0004092,C04019,P00276,1,3342,2025-07-24 11:16:26,信用卡
T0004093,C01430,P01515,3,6264,2025-07-21 01:36:56,行動支付
T0004094,C00168,P00902,2,6224,2025-07-12 07:44:26,信用卡
T0004095,C02997,P01760,1,256,2025-07-04 21:04:14,信用卡
T0004096,C02579,P00712,1,1214,2025-07-07 16:26:12,信用卡
T0004097,C01158,P01026,2,410,2025-07-06 03:58:23,貨到付款
T0004098,C00847,P01854,2,4420,2025-07-30 05:09:23,貨到付款
T0004099,C00180,P01142,2,5714,2025-07-13 14:04:37,轉帳
T0004100,C01196,P00880,2,7784,2025-07-05 01:09:41,行動支付
T0004101,C00001,P01013,2,3848,2025-07-23 14:36:28,信用卡
T0004102,C00787,P00875,1,777,2025-07-28 19:19:35,信用卡
T0004103,C04984,P00023,2,4316,2025-07-27 18:56:24,貨到付款
T0004104,C03898,P00345,1,2616,2025-07-19 11:19:33,貨到付款
T0004105,C01765,P01623,1,1811,2025-07-16 16:52:32,行動支付
T0004106,C01975,P00519,2,8672,2025-07-21 17:26:47,轉帳
T0004107,C02930,P00093,2,762,2025-07-07 06:27:59,行動支付
T0004108,C02588,P00948,4,3152,2025-07-08 04:10:31,行動支付
T0004109,C03684,P00946,1,1750,2025-07-21 03:45:13,信用卡
T0004110,C00343,P00187,2,7214,2025-07-13 13:53:11,貨到付款
T0004111,C00450,P01685,2,1478,2025-07-06 18:52:36,信用卡
T0004112,C01422,P01684,2,6648,2025-07-24 05:16:08,行動支付
T0004113,C04148,P00760,4,1352,2025-07-08 00:07:08,信用卡
T0004114,C04575,P00170,4,7532,2025-07-16 12:37:58,行動支付
T0004115,C01740,P01191,3,4971,2025-07-23 19:07:31,信用卡
T0004116,C04816,P00183,1,1754,2025-07-13 04:06:48,行動支付
T0004117,C01382,P01295,3,2817,2025-07-20 02:52:32,行動支付
T0004118,C03031,P00168,2,3216,2025-07-28 14:29:43,行動支付
T0004119,C00972,P00315,4,15104,2025-07-21 01:33:23,信用卡
T0004120,C04648,P01781,4,6988,2025-07-22 13:51:24,信用卡
T0004121,C02874,P01348,3,3675,2025-07-01 14:09:11,信用卡
T0004122,C01305,P01180,4,13700,2025-07-07 00:12:22,行動支付
T0004123,C02035,P01582,2,1388,2025-07-14 15:41:47,信用卡
T0004124,C00532,P01199,4,7772,2025-07-12 11:23:25,行動支付
T0004125,C00361,P00846,3,2943,2025-07-20 17:10:49,行動支付
T0004126,C01471,P01807,2,3992,2025-07-20 12:51:04,信用卡
T0004127,C04735,P00300,3,3564,2025-07-01 20:56:00,行動支付
T0004128,C04014,P01452,4,-108,2025-07-27 23:02:13,行動支付
T0004129,C04783,P00784,3,3186,2025-07-28 19:30:13,貨到付款
T0004130,C04380,P01886,3,-45,2025-07-01 11:08:19,轉帳
T0004131,C04065,P01340,1,-7,2025-07-25 15:45:28,貨到付款
T0004132,C02874,P01695,4,10916,2025-07-10 21:24:13,信用卡
T0004133,C03470,P01329,4,15264,2025-07-24 20:08:43,貨到付款
T0004134,C04830,P00100,3,5223,2025-07-24 11:21:53,貨到付款
T0004135,C02815,P00086,1,1901,2025-07-14 06:35:32,行動支付
T0004136,C03849,P00709,4,6088,2025-07-23 19:00:15,行動支付
T0004137,C03787,P01426,2,7824,2025-07-27 23:00:43,轉帳
T0004138,C04806,P00517,3,915,2025-07-27 10:52:43,貨到付款
T0004139,C02294,P01580,4,14004,2025-07-23 18:21:32,行動支付
T0004140,C02303,P01580,2,7002,2025-07-22 22:08:42,行動支付
T0004141,C02934,P00847,4,6488,2025-07-03 16:12:58,行動支付
T0004142,C00136,P00709,2,3044,2025-07-21 22:55:04,轉帳
T0004143,C00581,P00088,3,2313,2025-07-23 07:41:59,信用卡
T0004144,C00337,P01799,4,15740,2025-07-06 12:05:29,轉帳
T0004145,C03168,P01284,4,1292,2025-07-16 20:01:51,貨到付款
T0004146,C04970,P00354,1,4444,2025-07-31 11:25:27,貨到付款
T0004147,C03384,P00568,3,12099,2025-07-13 09:25:41,貨到付款
T0004148,C01149,P01787,2,2914,2025-07-24 22:19:30,轉帳
T0004149,C01578,P01381,4,11660,2025-07-06 12:41:15,貨到付款
T0004150,C04777,P01116,4,9852,2025-07-06 09:54:20,信用卡
T0004151,C02582,P00666,2,8252,2025-07-19 12:21:00,貨到付款
T0004152,C00048,P00754,3,5802,2025-07-07 11:43:31,行動支付
T0004153,C04160,P00214,1,1656,2025-07-20 01:11:42,行動支付
T0004154,C01241,P01862,1,1046,2025-07-22 17:01:53,轉帳
T0004155,C00465,P01162,4,8976,2025-07-08 15:13:22,行動支付
T0004156,C03368,P01717,2,8380,2025-07-21 18:42:47,貨到付款
T0004157,C04105,P01317,4,14028,2025-07-04 18:09:45,轉帳
T0004158,C00380,P01282,2,4208,2025-07-09 19:08:54,行動支付
T0004159,C04656,P00363,1,3655,2025-07-23 14:44:21,貨到付款
T0004160,C02382,P01279,3,12558,2025-07-14 14:06:37,轉帳
T0004161,C01767,P01769,2,338,2025-07-21 13:52:51,信用卡
T0004162,C04471,P01852,1,3637,2025-07-27 18:15:03,轉帳
T0004163,C01345,P01404,4,5780,2025-07-12 09:29:35,轉帳
T0004164,C04735,P00566,2,1278,2025-07-02 14:04:08,信用卡
T0004165,C03415,P01219,3,5004,2025-07-23 21:25:21,轉帳
T0004166,C04549,P00767,4,7808,2025-07-05 06:54:39,轉帳
T0004167,C02494,P00497,4,16420,2025-07-10 20:38:04,轉帳
T0004168,C00998,P00529,1,1660,2025-07-17 13:51:46,貨到付款
T0004169,C03677,P01223,2,-162,2025-07-20 22:15:32,行動支付
T0004170,C04363,P00051,4,12656,2025-07-17 21:58:00,貨到付款
T0004171,C01033,P00906,3,2064,2025-07-30 18:20:07,行動支付
T0004172,C01013,P00624,2,7510,2025-07-09 16:28:31,貨到付款
T0004173,C01248,P00129,3,1788,2025-07-14 12:05:15,行動支付
T0004174,C03092,P00023,4,8632,2025-07-13 17:26:54,轉帳
T0004175,C00779,P01121,3,5451,2025-07-12 10:53:22,轉帳
T0004176,C00533,P00204,1,2983,2025-07-05 12:10:08,行動支付
T0004177,C04600,P00284,3,1074,2025-07-23 22:48:24,貨到付款
T0004178,C03379,P01962,2,848,2025-07-04 20:41:20,行動支付
T0004179,C03317,P00711,3,6369,2025-07-22 12:59:36,行動支付
T0004180,C03069,P01520,3,10092,2025-07-22 20:56:54,轉帳
T0004181,C03821,P01651,1,3577,2025-07-31 09:19:35,貨到付款
T0004182,C02707,P00813,3,10281,2025-07-28 12:49:18,行動支付
T0004183,C00211,P01085,3,6945,2025-07-07 18:47:52,貨到付款
T0004184,C02411,P00250,4,3016,2025-07-09 19:20:29,貨到付款
T0004185,C03103,P01005,4,5596,2025-07-16 20:26:55,轉帳
T0004186,C02461,P01147,2,2746,2025-07-13 01:56:15,信用卡
T0004187,C04926,P01578,4,17116,2025-07-30 16:54:27,貨到付款
T0004188,C04484,P00444,4,3712,2025-07-11 17:01:49,信用卡
T0004189,C04343,P01069,4,7520,2025-07-24 22:58:02,貨到付款
T0004190,C02454,P01065,4,1324,2025-07-23 21:54:05,轉帳
T0004191,C04921,P01003,1,640,2025-07-23 13:22:46,行動支付
T0004192,C04580,P01228,4,7292,2025-07-13 17:32:12,信用卡
T0004193,C01401,P01760,1,256,2025-07-05 22:36:44,轉帳
T0004194,C01110,P00274,1,1166,2025-07-21 22:50:48,轉帳
T0004195,C02883,P00517,4,1220,2025-07-12 23:48:37,行動支付
T0004196,C00270,P00959,3,8805,2025-07-25 10:51:00,貨到付款
T0004197,C03996,P01981,1,2988,2025-07-30 08:49:18,貨到付款
T0004198,C02391,P01505,3,717,2025-07-03 10:29:01,貨到付款
T0004199,C02703,P00890,3,4002,2025-07-14 13:35:49,信用卡
T0004200,C02512,P01151,4,6992,2025-07-11 18:26:02,行動支付
T0004201,C01968,P00849,2,3768,2025-07-23 16:34:02,貨到付款
T0004202,C03431,P01246,4,9448,2025-07-30 14:00:42,轉帳
T0004203,C00874,P00126,2,2990,2025-07-05 00:54:57,行動支付
T0004204,C04882,P00599,2,3922,2025-07-08 22:45:13,轉帳
T0004205,C03491,P00428,4,14476,2025-07-18 22:06:04,行動支付
T0004206,C02300,P01659,4,5264,2025-07-06 00:58:36,轉帳
T0004207,C03446,P01172,2,2018,2025-07-20 10:54:30,行動支付
T0004208,C00059,P01513,4,8172,2025-07-14 22:28:10,貨到付款
T0004209,C01053,P01449,2,6416,2025-07-31 01:41:28,轉帳
T0004210,C02905,P00715,3,6312,2025-07-08 12:16:32,貨到付款
T0004211,C01627,P01510,4,13804,2025-07-08 23:24:23,貨到付款
T0004212,C03063,P01199,3,5829,2025-07-14 15:29:40,行動支付
T0004213,C01298,P01629,1,1592,2025-07-04 16:44:00,轉帳
T0004214,C02742,P01997,3,9948,2025-07-12 09:54:20,轉帳
T0004215,C01185,P01746,3,3846,2025-07-16 20:53:55,轉帳
T0004216,C02356,P01429,2,2746,2025-07-28 10:26:31,信用卡
T0004217,C03065,P00215,3,7671,2025-07-16 02:16:25,轉帳
T0004218,C01829,P00426,4,8860,2025-07-27 10:38:15,貨到付款
T0004219,C02493,P01439,2,-196,2025-07-03 13:46:38,貨到付款
T0004220,C01052,P01788,1,2542,2025-07-01 16:47:21,行動支付
T0004221,C03503,P00683,4,7000,2025-07-09 23:57:35,信用卡
T0004222,C01861,P01962,1,424,2025-07-21 16:47:15,轉帳
T0004223,C04271,P00087,3,4398,2025-07-23 18:48:22,信用卡
T0004224,C01398,P00509,4,6560,2025-07-17 22:27:34,轉帳
T0004225,C00899,P01112,4,14132,2025-07-04 04:10:21,轉帳
T0004226,C00655,P00188,1,3326,2025-07-07 22:08:37,行動支付
T0004227,C02879,P00664,4,7200,2025-07-26 04:53:56,信用卡
T0004228,C01142,P01660,4,17844,2025-07-14 09:17:31,貨到付款
T0004229,C00499,P00043,4,3968,2025-07-25 15:03:43,轉帳
T0004230,C01349,P00331,3,4269,2025-07-02 16:33:03,貨到付款
T0004231,C01179,P01812,1,2836,2025-07-10 01:05:49,行動支付
T0004232,C02161,P00556,4,2252,2025-07-10 13:53:20,轉帳
T0004233,C01904,P00604,2,2354,2025-07-20 18:49:46,信用卡
T0004234,C00729,P00289,2,584,2025-07-01 03:04:58,行動支付
T0004235,C04795,P00249,2,3834,2025-07-19 16:56:59,轉帳
T0004236,C00747,P00194,2,2832,2025-07-02 14:33:32,轉帳
T0004237,C04028,P00635,3,10098,2025-07-31 12:25:28,轉帳
T0004238,C00883,P00063,4,12924,2025-07-30 19:14:40,行動支付
T0004239,C02497,P00386,1,3459,2025-07-10 19:18:15,貨到付款
T0004240,C04977,P00578,4,7200,2025-07-28 14:36:14,信用卡
T0004241,C04246,P00056,3,771,2025-07-27 13:02:35,行動支付
T0004242,C02585,P01134,2,882,2025-07-20 06:13:06,貨到付款
T0004243,C03602,P00804,3,9633,2025-07-19 12:36:24,行動支付
T0004244,C03926,P00126,4,5980,2025-07-16 05:14:09,轉帳
T0004245,C01500,P01511,1,1970,2025-07-04 11:00:22,信用卡
T0004246,C02810,P00968,3,3171,2025-07-10 09:42:34,信用卡
T0004247,C02839,P01823,1,2861,2025-07-21 11:50:45,信用卡
T0004248,C01992,P01495,3,8595,2025-07-06 08:04:06,轉帳
T0004249,C03452,P01544,1,2545,2025-07-03 22:37:41,信用卡
T0004250,C00300,P00253,1,1246,2025-07-02 10:22:38,信用卡
T0004251,C04069,P00517,2,610,2025-07-10 21:00:36,行動支付
T0004252,C02382,P01076,1,3438,2025-07-10 10:36:18,貨到付款
T0004253,C03149,P01506,2,5772,2025-07-03 20:20:36,轉帳
T0004254,C02249,P01260,4,2244,2025-07-15 17:47:52,貨到付款
T0004255,C01673,P01093,4,2744,2025-07-19 00:43:14,行動支付
T0004256,C01804,P01912,2,4868,2025-07-25 19:15:35,信用卡
T0004257,C02801,P01458,2,2146,2025-07-18 18:43:26,貨到付款
T0004258,C04659,P01732,3,2946,2025-07-15 13:27:02,行動支付
T0004259,C01288,P00923,3,6846,2025-07-21 13:10:53,貨到付款
T0004260,C00099,P01102,3,10992,2025-07-24 15:20:57,信用卡
T0004261,C00606,P00193,4,3240,2025-07-27 01:12:49,貨到付款
T0004262,C04336,P00159,3,978,2025-07-31 20:01:41,行動支付
T0004263,C04815,P00541,1,4207,2025-07-07 16:52:30,貨到付款
T0004264,C00994,P01033,1,385,2025-07-18 11:29:18,轉帳
T0004265,C02879,P01990,3,3855,2025-07-10 18:41:12,行動支付
T0004266,C03245,P01574,1,1231,2025-07-01 16:32:12,轉帳
T0004267,C00872,P01679,4,17344,2025-07-14 11:44:48,信用卡
T0004268,C03901,P01245,1,2269,2025-07-19 15:40:39,信用卡
T0004269,C01775,P01838,4,11516,2025-07-28 18:28:45,行動支付
T0004270,C03365,P01253,2,4230,2025-07-01 10:48:24,行動支付
T0004271,C02437,P01894,2,2152,2025-07-08 15:56:00,貨到付款
T0004272,C03682,P01091,2,4182,2025-07-16 09:59:19,轉帳
T0004273,C04448,P01232,2,5618,2025-07-18 06:20:07,行動支付
T0004274,C01905,P01076,1,3438,2025-07-08 11:55:06,行動支付
T0004275,C01432,P01609,3,6750,2025-07-03 20:32:26,轉帳
T0004276,C03158,P00497,1,4105,2025-07-02 13:53:28,貨到付款
T0004277,C00724,P01950,4,10752,2025-07-13 20:31:04,行動支付
T0004278,C00837,P00791,1,430,2025-07-19 03:45:50,轉帳
T0004279,C04038,P01237,1,471,2025-07-28 20:35:35,轉帳
T0004280,C01686,P00880,4,15568,2025-07-20 03:02:55,行動支付
T0004281,C03156,P01860,2,4132,2025-07-08 04:09:33,轉帳
T0004282,C02858,P00762,2,1928,2025-07-15 12:28:17,行動支付
T0004283,C04244,P00624,2,7510,2025-07-02 13:39:48,信用卡
T0004284,C00356,P01785,3,11577,2025-07-30 10:43:53,行動支付
T0004285,C00809,P00180,4,14732,2025-07-01 11:00:24,貨到付款
T0004286,C01141,P00680,4,12092,2025-07-15 15:30:07,行動支付
T0004287,C01584,P00522,1,865,2025-07-20 20:10:17,行動支付
T0004288,C01456,P00627,3,8370,2025-07-25 17:42:59,行動支付
T0004289,C01337,P01319,2,7652,2025-07-06 09:21:48,貨到付款
T0004290,C03223,P00221,3,9561,2025-07-29 15:12:59,行動支付
T0004291,C01356,P01227,4,6136,2025-07-13 06:53:26,轉帳
T0004292,C02224,P01444,4,7688,2025-07-16 22:44:23,貨到付款
T0004293,C04314,P01359,1,935,2025-07-04 18:19:20,信用卡
T0004294,C01815,P00117,1,2902,2025-07-08 14:48:11,貨到付款
T0004295,C02934,P01374,4,8096,2025-07-12 10:19:51,信用卡
T0004296,C04827,P00955,2,4874,2025-07-10 18:52:33,轉帳
T0004297,C02069,P00722,2,1502,2025-07-18 10:54:20,行動支付
T0004298,C00919,P01393,3,2622,2025-07-05 17:41:53,貨到付款
T0004299,C00115,P00762,4,3856,2025-07-31 17:03:45,信用卡
T0004300,C03638,P01389,4,12200,2025-07-04 20:23:06,轉帳
T0004301,C03310,P00702,2,4676,2025-07-25 22:52:07,轉帳
T0004302,C04702,P00140,2,4222,2025-07-11 19:30:57,貨到付款
T0004303,C03503,P00157,4,13060,2025-07-08 19:34:55,轉帳
T0004304,C00400,P01365,1,932,2025-07-12 01:29:27,信用卡
T0004305,C00834,P00123,4,6312,2025-07-10 19:31:02,貨到付款
T0004306,C00515,P01665,4,748,2025-07-21 13:42:26,行動支付
T0004307,C00318,P01075,2,7452,2025-07-25 21:34:00,行動支付
T0004308,C04393,P01542,2,156,2025-07-20 13:32:47,信用卡
T0004309,C02742,P01615,1,3187,2025-07-07 23:55:37,轉帳
T0004310,C00131,P00414,1,4253,2025-07-08 11:20:44,貨到付款
T0004311,C01985,P00628,3,1935,2025-07-02 10:31:20,信用卡
T0004312,C03824,P00821,4,16472,2025-07-17 22:03:15,貨到付款
T0004313,C00416,P01418,2,2084,2025-07-30 17:47:47,貨到付款
T0004314,C01312,P00251,1,1754,2025-07-29 13:12:44,信用卡
T0004315,C00776,P01029,3,2190,2025-07-08 20:49:34,貨到付款
T0004316,C03274,P00519,3,13008,2025-07-19 03:19:39,貨到付款
T0004317,C04427,P00744,2,6182,2025-07-29 13:17:49,轉帳
T0004318,C01546,P00111,2,4978,2025-07-11 14:21:04,貨到付款
T0004319,C01236,P00971,3,9618,2025-07-11 21:55:21,信用卡
T0004320,C01420,P00098,1,2691,2025-07-24 15:33:40,信用卡
T0004321,C03132,P01188,3,11325,2025-07-05 09:34:34,貨到付款
T0004322,C00656,P01302,4,12752,2025-07-01 20:12:51,行動支付
T0004323,C04192,P00602,4,7760,2025-07-06 23:43:47,貨到付款
T0004324,C00142,P00271,2,4098,2025-07-28 21:29:05,轉帳
T0004325,C03317,P01060,1,122,2025-07-13 02:33:47,轉帳
T0004326,C04301,P01160,1,1787,2025-07-22 13:10:45,貨到付款
T0004327,C01626,P00357,4,5572,2025-07-30 18:58:40,行動支付
T0004328,C02380,P00586,3,9366,2025-07-13 13:29:47,信用卡
T0004329,C04874,P00752,2,3018,2025-07-09 15:46:51,貨到付款
T0004330,C02702,P00750,3,11493,2025-07-06 22:13:40,轉帳
T0004331,C01362,P01730,3,6870,2025-07-16 01:43:35,行動支付
T0004332,C02224,P01571,3,2232,2025-07-12 15:17:30,信用卡
T0004333,C04847,P01481,1,2198,2025-07-18 19:48:55,信用卡
T0004334,C03488,P01113,4,14708,2025-07-23 10:33:06,貨到付款
T0004335,C00885,P00869,1,2335,2025-07-19 23:12:58,貨到付款
T0004336,C02987,P00995,4,14772,2025-07-04 20:09:11,信用卡
T0004337,C03155,P00100,2,3482,2025-07-24 16:17:05,轉帳
T0004338,C03179,P01578,2,8558,2025-07-25 20:11:59,行動支付
T0004339,C02819,P00524,3,2115,2025-07-31 18:08:32,轉帳
T0004340,C02617,P00028,4,2024,2025-07-25 18:55:48,貨到付款
T0004341,C03197,P01581,4,8248,2025-07-28 13:22:15,轉帳
T0004342,C01548,P00621,4,7276,2025-07-22 16:55:46,貨到付款
T0004343,C01735,P00847,3,4866,2025-07-04 21:23:17,信用卡
T0004344,C02698,P00728,3,10599,2025-07-11 13:04:53,信用卡
T0004345,C04023,P01512,2,5908,2025-07-18 17:20:34,轉帳
T0004346,C02209,P00679,1,1258,2025-07-29 16:59:58,貨到付款
T0004347,C01828,P01784,4,7620,2025-07-08 06:49:00,行動支付
T0004348,C01299,P01142,4,11428,2025-07-02 21:22:25,行動支付
T0004349,C01517,P01565,1,3024,2025-07-08 02:57:58,貨到付款
T0004350,C00000,P00617,4,5020,2025-07-06 12:27:30,轉帳
T0004351,C04076,P00637,3,3528,2025-07-07 12:19:55,行動支付
T0004352,C04239,P00441,3,5634,2025-07-20 00:28:37,行動支付
T0004353,C01719,P01562,4,-256,2025-07-27 18:24:23,轉帳
T0004354,C02345,P01610,3,1050,2025-07-15 07:53:50,貨到付款
T0004355,C00041,P00057,3,9597,2025-07-17 16:27:41,轉帳
T0004356,C04610,P00261,4,6940,2025-07-05 02:09:49,轉帳
T0004357,C04734,P01714,2,1982,2025-07-24 20:03:33,信用卡
T0004358,C02385,P00739,1,289,2025-07-14 10:34:26,行動支付
T0004359,C00045,P01597,3,6669,2025-07-30 16:24:18,信用卡
T0004360,C02152,P01751,2,1948,2025-07-31 17:19:28,轉帳
T0004361,C01464,P01566,3,2766,2025-07-13 01:43:33,貨到付款
T0004362,C01156,P01708,3,3366,2025-07-27 20:34:11,信用卡
T0004363,C00036,P00368,1,2159,2025-07-07 01:10:54,信用卡
T0004364,C01868,P00837,3,2436,2025-07-12 13:11:33,信用卡
T0004365,C02058,P01401,1,340,2025-07-20 18:40:18,轉帳
T0004366,C02802,P00108,1,2468,2025-07-13 11:56:42,信用卡
T0004367,C01973,P00792,1,2294,2025-07-07 13:04:25,行動支付
T0004368,C00816,P00668,2,4790,2025-07-07 11:54:35,信用卡
T0004369,C03685,P01216,4,1056,2025-07-10 13:06:30,行動支付
T0004370,C01948,P00457,2,380,2025-07-06 17:57:09,貨到付款
T0004371,C01891,P00107,4,9260,2025-07-17 19:15:13,轉帳
T0004372,C01314,P01389,4,12200,2025-07-23 21:19:38,轉帳
T0004373,C02111,P01350,1,3078,2025-07-02 15:51:18,行動支付
T0004374,C01197,P00320,3,1134,2025-07-26 21:31:18,信用卡
T0004375,C03822,P00373,1,1659,2025-07-19 01:05:27,行動支付
T0004376,C04549,P00349,3,-96,2025-07-26 23:16:54,貨到付款
T0004377,C04037,P00588,4,8708,2025-07-21 18:54:43,轉帳
T0004378,C03423,P01926,1,1272,2025-07-02 11:06:03,行動支付
T0004379,C01423,P01596,3,4764,2025-07-23 22:06:24,貨到付款
T0004380,C03714,P00856,2,6326,2025-07-14 11:24:27,貨到付款
T0004381,C04044,P01762,3,10845,2025-07-06 23:09:33,貨到付款
T0004382,C02064,P01387,1,1473,2025-07-09 13:20:19,貨到付款
T0004383,C04267,P00947,2,4504,2025-07-03 12:00:34,貨到付款
T0004384,C00912,P00802,3,1584,2025-07-21 13:39:58,行動支付
T0004385,C01447,P01527,3,1026,2025-07-30 20:24:09,行動支付
T0004386,C03184,P01226,3,2412,2025-07-06 21:22:04,行動支付
T0004387,C03088,P00780,3,5328,2025-07-25 20:40:00,行動支付
T0004388,C01360,P00207,3,10191,2025-07-17 12:27:05,信用卡
T0004389,C03113,P00353,2,6148,2025-07-02 13:49:26,轉帳
T0004390,C00938,P01418,4,4168,2025-07-24 03:42:50,信用卡
T0004391,C00096,P00199,2,6614,2025-07-02 10:24:57,信用卡
T0004392,C00248,P00745,2,7176,2025-07-01 12:37:01,行動支付
T0004393,C02674,P01944,2,4128,2025-07-21 07:16:39,轉帳
T0004394,C00929,P01006,4,11748,2025-07-22 13:32:53,轉帳
T0004395,C00511,P01913,1,290,2025-07-21 17:58:52,行動支付
T0004396,C01345,P01066,4,700,2025-07-24 13:52:08,行動支付
T0004397,C03575,P01034,2,4070,2025-07-29 12:04:01,行動支付
T0004398,C03635,P00776,3,3186,2025-07-14 13:31:34,行動支付
T0004399,C01164,P00119,3,11280,2025-07-18 12:30:55,行動支付
T0004400,C00753,P01520,2,6728,2025-07-30 11:52:09,貨到付款
T0004401,C02467,P01958,3,10914,2025-07-30 05:22:03,轉帳
T0004402,C01709,P00030,2,7686,2025-07-28 10:43:17,轉帳
T0004403,C01557,P00949,3,642,2025-07-05 21:49:33,貨到付款
T0004404,C03997,P01032,4,10164,2025-07-19 04:17:47,貨到付款
T0004405,C04989,P00792,1,2294,2025-07-09 20:00:29,轉帳
T0004406,C02318,P01421,1,1339,2025-07-03 20:41:59,轉帳
T0004407,C03957,P01983,4,5928,2025-07-01 18:48:10,轉帳
T0004408,C01651,P00255,4,16088,2025-07-20 12:01:10,行動支付
T0004409,C04217,P01749,2,4158,2025-07-08 18:01:22,貨到付款
T0004410,C04758,P00345,2,5232,2025-07-21 22:01:53,信用卡
T0004411,C00280,P01191,2,3314,2025-07-14 14:06:16,轉帳
T0004412,C03878,P01883,3,1254,2025-07-18 13:59:14,行動支付
T0004413,C00356,P00888,2,5146,2025-07-22 11:07:31,轉帳
T0004414,C02350,P01571,4,2976,2025-07-25 06:29:36,貨到付款
T0004415,C00960,P00027,1,1361,2025-07-25 12:16:47,信用卡
T0004416,C04207,P01603,3,3051,2025-07-26 01:36:58,行動支付
T0004417,C04086,P00892,2,3258,2025-07-26 20:44:10,貨到付款
T0004418,C04141,P01988,3,-141,2025-07-10 19:37:11,行動支付
T0004419,C00609,P00817,3,3111,2025-07-06 00:50:11,轉帳
T0004420,C03840,P00526,2,6536,2025-07-17 22:57:35,信用卡
T0004421,C01244,P00328,3,6585,2025-07-03 13:41:11,信用卡
T0004422,C03856,P01623,1,1811,2025-07-02 15:55:43,轉帳
T0004423,C02214,P00152,4,12336,2025-07-12 03:54:28,信用卡
T0004424,C03688,P01460,4,9156,2025-07-28 13:00:07,信用卡
T0004425,C00167,P01839,1,268,2025-07-27 03:38:27,信用卡
T0004426,C02304,P00106,3,6075,2025-07-06 08:02:54,轉帳
T0004427,C03854,P01057,2,454,2025-07-11 19:30:47,貨到付款
T0004428,C02605,P00457,3,570,2025-07-08 23:08:17,貨到付款
T0004429,C04910,P01519,1,3448,2025-07-24 21:04:14,貨到付款
T0004430,C02364,P00957,3,12939,2025-07-29 17:15:03,轉帳
T0004431,C03407,P00455,4,2796,2025-07-08 20:44:48,行動支付
T0004432,C01560,P00691,3,3177,2025-07-06 08:47:48,行動支付
T0004433,C01615,P01177,1,3342,2025-07-06 11:38:25,轉帳
T0004434,C03145,P00771,4,1136,2025-07-27 03:15:35,行動支付
T0004435,C00210,P01505,3,717,2025-07-08 15:18:18,信用卡
T0004436,C04687,P00096,3,5061,2025-07-02 19:59:43,行動支付
T0004437,C02604,P01108,4,7288,2025-07-27 05:41:25,轉帳
T0004438,C01266,P01947,2,3590,2025-07-12 06:38:37,行動支付
T0004439,C03192,P01271,4,8444,2025-07-19 06:53:46,貨到付款
T0004440,C00993,P00736,2,7000,2025-07-18 19:47:33,行動支付
T0004441,C04437,P00529,1,1660,2025-07-01 10:01:33,貨到付款
T0004442,C04318,P01028,1,608,2025-07-14 17:52:06,信用卡
T0004443,C01088,P00619,4,5708,2025-07-10 16:41:15,轉帳
T0004444,C00564,P00246,4,14104,2025-07-27 03:41:02,信用卡
T0004445,C03164,P01114,1,1058,2025-07-17 12:01:21,信用卡
T0004446,C01622,P01502,2,4714,2025-07-02 19:17:59,行動支付
T0004447,C00836,P01006,1,2937,2025-07-22 15:31:42,貨到付款
T0004448,C01380,P01757,4,3124,2025-07-04 13:01:53,貨到付款
T0004449,C00598,P00724,1,2953,2025-07-11 08:08:58,轉帳
T0004450,C03945,P01504,4,2876,2025-07-07 15:10:06,信用卡
T0004451,C00044,P01900,4,7032,2025-07-02 17:30:16,行動支付
T0004452,C00209,P00094,1,164,2025-07-10 11:36:44,轉帳
T0004453,C03917,P01351,2,420,2025-07-08 16:44:04,貨到付款
T0004454,C02376,P00858,3,3597,2025-07-16 09:16:54,貨到付款
T0004455,C02981,P00611,1,3485,2025-07-23 00:12:45,行動支付
T0004456,C01856,P00734,3,6201,2025-07-09 13:33:43,行動支付
T0004457,C00447,P01304,1,1866,2025-07-29 15:17:58,信用卡
T0004458,C00788,P00677,3,5880,2025-07-31 16:21:43,信用卡
T0004459,C00457,P00291,2,6180,2025-07-30 15:13:30,信用卡
T0004460,C03093,P00393,2,4806,2025-07-10 19:38:24,貨到付款
T0004461,C04654,P01760,1,256,2025-07-13 09:00:28,貨到付款
T0004462,C04984,P00222,4,3088,2025-07-05 05:24:46,貨到付款
T0004463,C03125,P01888,3,10593,2025-07-02 19:54:56,行動支付
T0004464,C00298,P00308,4,9876,2025-07-26 11:06:09,轉帳
T0004465,C03222,P01425,4,7432,2025-07-01 16:34:00,行動支付
T0004466,C03506,P00894,4,16172,2025-07-07 14:38:13,行動支付
T0004467,C03957,P01539,2,5372,2025-07-17 17:22:53,轉帳
T0004468,C00629,P01229,1,1421,2025-07-28 10:34:43,行動支付
T0004469,C01163,P01472,1,151,2025-07-31 16:18:00,信用卡
T0004470,C04908,P01954,2,984,2025-07-10 11:15:49,行動支付
T0004471,C03942,P01364,2,2792,2025-07-12 02:01:08,行動支付
T0004472,C03783,P01241,1,339,2025-07-13 14:45:21,貨到付款
T0004473,C04027,P01631,4,9972,2025-07-16 22:23:08,貨到付款
T0004474,C02193,P00169,3,780,2025-07-23 21:26:35,行動支付
T0004475,C00964,P00876,3,4869,2025-07-10 22:59:03,行動支付
T0004476,C03446,P01547,3,8850,2025-07-07 18:06:27,貨到付款
T0004477,C01790,P01528,4,13584,2025-07-07 14:33:04,行動支付
T0004478,C00673,P00485,1,3523,2025-07-15 12:16:53,信用卡
T0004479,C04493,P00586,2,6244,2025-07-21 16:15:21,貨到付款
T0004480,C02426,P01283,1,2861,2025-07-08 15:56:17,行動支付
T0004481,C02187,P01484,4,5284,2025-07-06 14:56:32,信用卡
T0004482,C01473,P00978,2,2620,2025-07-08 19:14:00,行動支付
T0004483,C03485,P00061,4,13792,2025-07-07 22:48:22,信用卡
T0004484,C00948,P01735,3,555,2025-07-08 17:08:47,貨到付款
T0004485,C00933,P01110,3,9711,2025-07-23 21:25:02,貨到付款
T0004486,C01738,P00759,4,8784,2025-07-17 17:22:12,轉帳
T0004487,C03662,P00339,2,7188,2025-07-06 14:35:53,行動支付
T0004488,C01376,P00145,2,5948,2025-07-15 21:18:45,信用卡
T0004489,C04156,P00949,1,214,2025-07-28 02:05:16,貨到付款
T0004490,C04572,P01428,3,7725,2025-07-20 19:31:53,轉帳
T0004491,C02772,P01310,1,1248,2025-07-24 12:21:17,行動支付
T0004492,C00344,P00121,1,1153,2025-07-24 15:43:55,行動支付
T0004493,C00775,P01693,4,14580,2025-07-21 14:29:02,行動支付
T0004494,C01478,P01213,4,14060,2025-07-09 19:39:02,信用卡
T0004495,C01316,P00774,1,2106,2025-07-19 23:29:34,信用卡
T0004496,C01835,P00493,3,390,2025-07-03 17:23:52,行動支付
T0004497,C00003,P00083,4,17264,2025-07-26 09:55:21,行動支付
T0004498,C03190,P00657,1,1561,2025-07-19 11:28:14,行動支付
T0004499,C01895,P01270,1,3707,2025-07-20 09:49:59,信用卡
T0004500,C00927,P00066,1,1886,2025-07-02 18:49:43,貨到付款
T0004501,C00093,P01217,1,234,2025-07-09 01:30:13,信用卡
T0004502,C04284,P01585,1,2573,2025-07-30 21:34:57,信用卡
T0004503,C03880,P00459,1,3057,2025-07-28 19:06:59,信用卡
T0004504,C01193,P01438,4,-168,2025-07-02 15:47:01,貨到付款
T0004505,C03605,P01006,3,8811,2025-07-10 20:45:43,信用卡
T0004506,C03291,P00289,1,292,2025-07-16 22:20:27,貨到付款
T0004507,C02694,P01248,2,7606,2025-07-20 15:56:13,轉帳
T0004508,C01937,P00458,4,3524,2025-07-02 15:45:58,行動支付
T0004509,C02620,P01695,4,10916,2025-07-06 19:57:43,信用卡
T0004510,C02487,P01762,1,3615,2025-07-17 18:32:29,行動支付
T0004511,C02757,P00023,4,8632,2025-07-22 14:04:43,貨到付款
T0004512,C03065,P01715,1,-53,2025-07-24 14:59:36,信用卡
T0004513,C01613,P01726,3,3822,2025-07-19 02:20:32,貨到付款
T0004514,C03204,P01575,3,6306,2025-07-15 10:26:15,轉帳
T0004515,C00552,P01480,4,5964,2025-07-10 19:07:02,貨到付款
T0004516,C02616,P01029,4,2920,2025-07-09 16:21:28,轉帳
T0004517,C00333,P01430,2,6706,2025-07-18 21:26:28,貨到付款
T0004518,C04175,P00792,4,9176,2025-07-30 21:09:24,貨到付款
T0004519,C00648,P00948,2,1576,2025-07-11 20:44:10,轉帳
T0004520,C04367,P00573,3,606,2025-07-18 20:35:09,貨到付款
T0004521,C01010,P01810,3,4098,2025-07-27 18:53:07,行動支付
T0004522,C02426,P01685,1,739,2025-07-06 20:48:35,貨到付款
T0004523,C00493,P00690,3,5250,2025-07-20 15:34:32,信用卡
T0004524,C02855,P00344,2,3596,2025-07-12 21:10:16,行動支付
T0004525,C04181,P00508,4,2576,2025-07-19 22:37:04,行動支付
T0004526,C03289,P01833,1,3364,2025-07-20 21:01:40,信用卡
T0004527,C02629,P01911,2,712,2025-07-17 12:46:44,轉帳
T0004528,C03506,P00523,4,10776,2025-07-12 16:35:49,轉帳
T0004529,C01279,P00854,1,1763,2025-07-11 21:12:29,行動支付
T0004530,C01831,P01651,3,10731,2025-07-23 11:45:50,貨到付款
T0004531,C03029,P00420,2,2632,2025-07-09 11:57:26,貨到付款
T0004532,C00354,P01070,4,13588,2025-07-07 09:20:23,轉帳
T0004533,C04651,P00723,1,1385,2025-07-19 09:31:01,貨到付款
T0004534,C01043,P00131,1,2852,2025-07-16 20:27:48,貨到付款
T0004535,C02457,P01205,3,921,2025-07-20 20:16:35,貨到付款
T0004536,C04448,P00434,4,13216,2025-07-23 22:06:17,貨到付款
T0004537,C00399,P01409,3,1566,2025-07-24 12:00:03,貨到付款
T0004538,C04005,P01104,3,12390,2025-07-24 19:02:50,行動支付
T0004539,C00303,P00031,4,5128,2025-07-15 13:02:09,轉帳
T0004540,C02790,P01372,4,4780,2025-07-08 19:07:03,轉帳
T0004541,C04691,P01511,4,7880,2025-07-24 14:49:02,信用卡
T0004542,C02079,P01600,2,3784,2025-07-15 19:38:31,信用卡
T0004543,C01845,P01339,4,1664,2025-07-06 14:33:47,貨到付款
T0004544,C03542,P00481,1,917,2025-07-06 04:35:32,行動支付
T0004545,C04118,P01191,3,4971,2025-07-22 21:47:50,信用卡
T0004546,C01329,P00294,2,2316,2025-07-10 10:59:13,貨到付款
T0004547,C00203,P00912,4,6420,2025-07-24 12:37:45,信用卡
T0004548,C00351,P01004,2,7604,2025-07-16 16:47:38,轉帳
T0004549,C01519,P01322,4,8848,2025-07-05 21:23:07,貨到付款
T0004550,C04723,P01748,2,362,2025-07-26 20:58:38,貨到付款
T0004551,C04802,P01470,3,10539,2025-07-16 18:51:26,貨到付款
T0004552,C00485,P01607,3,2700,2025-07-14 17:56:20,貨到付款
T0004553,C03625,P01135,1,1824,2025-07-09 14:23:32,轉帳
T0004554,C02658,P00851,1,4098,2025-07-29 20:53:35,行動支付
T0004555,C00947,P01172,4,4036,2025-07-23 22:42:46,行動支付
T0004556,C02630,P01028,3,1824,2025-07-08 22:30:58,信用卡
T0004557,C01243,P00310,2,246,2025-07-03 21:53:44,信用卡
T0004558,C03126,P01773,2,3960,2025-07-11 10:37:47,貨到付款
T0004559,C00894,P01381,2,5830,2025-07-23 10:41:45,轉帳
T0004560,C03745,P00121,1,1153,2025-07-19 01:27:44,貨到付款
T0004561,C02075,P01986,2,7700,2025-07-26 11:07:35,行動支付
T0004562,C00527,P00629,1,667,2025-07-11 10:25:00,行動支付
T0004563,C03193,P01157,1,3623,2025-07-25 17:30:18,行動支付
T0004564,C01789,P00265,4,6816,2025-07-30 11:01:16,貨到付款
T0004565,C02293,P00958,2,2608,2025-07-02 22:10:22,貨到付款
T0004566,C03326,P00548,2,1716,2025-07-13 22:03:02,貨到付款
T0004567,C04414,P00898,3,6075,2025-07-10 09:57:06,貨到付款
T0004568,C00834,P00275,4,14484,2025-07-14 18:54:31,轉帳
T0004569,C00901,P00753,3,4359,2025-07-15 13:30:49,貨到付款
T0004570,C02007,P00072,4,17452,2025-07-01 14:09:56,轉帳
T0004571,C01687,P00179,2,1488,2025-07-15 16:45:47,信用卡
T0004572,C00790,P01457,1,3443,2025-07-23 15:28:27,行動支付
T0004573,C04992,P01196,1,2188,2025-07-07 19:20:00,轉帳
T0004574,C02215,P01495,1,2865,2025-07-14 21:48:18,行動支付
T0004575,C01761,P00762,1,964,2025-07-06 23:29:10,轉帳
T0004576,C01575,P00505,1,432,2025-07-19 17:58:01,貨到付款
T0004577,C04957,P00535,3,7671,2025-07-23 12:32:35,信用卡
T0004578,C01623,P01809,4,552,2025-07-21 07:58:46,信用卡
T0004579,C01858,P01663,2,3314,2025-07-14 15:08:59,轉帳
T0004580,C03820,P01297,3,4008,2025-07-28 10:56:28,信用卡
T0004581,C02152,P01184,4,-360,2025-07-02 10:22:19,貨到付款
T0004582,C03629,P00325,1,2630,2025-07-08 22:25:40,貨到付款
T0004583,C03042,P00470,4,1064,2025-07-08 16:20:32,行動支付
T0004584,C02815,P01136,4,15036,2025-07-10 23:17:56,行動支付
T0004585,C01069,P00206,1,692,2025-07-16 09:26:03,信用卡
T0004586,C03828,P01951,1,953,2025-07-27 06:51:29,轉帳
T0004587,C04630,P01970,1,3882,2025-07-29 15:41:02,信用卡
T0004588,C01270,P01319,2,7652,2025-07-22 11:39:01,信用卡
T0004589,C04808,P00999,1,2524,2025-07-13 16:06:20,轉帳
T0004590,C02237,P00783,2,6940,2025-07-23 20:22:02,行動支付
T0004591,C01985,P01633,1,1988,2025-07-22 20:25:58,信用卡
T0004592,C03631,P01887,2,8228,2025-07-03 11:01:44,行動支付
T0004593,C04914,P01133,4,10852,2025-07-20 20:30:14,貨到付款
T0004594,C02978,P01966,3,8085,2025-07-03 21:09:50,信用卡
T0004595,C02588,P01034,4,8140,2025-07-25 18:52:52,貨到付款
T0004596,C04967,P01029,4,2920,2025-07-23 14:28:27,行動支付
T0004597,C01509,P00098,1,2691,2025-07-13 23:18:41,信用卡
T0004598,C01501,P01156,2,1314,2025-07-01 12:47:40,行動支付
T0004599,C01109,P01848,3,3696,2025-07-06 06:40:41,貨到付款
T0004600,C04278,P00335,1,234,2025-07-04 18:26:36,信用卡
T0004601,C00108,P00242,1,3522,2025-07-09 11:14:44,行動支付
T0004602,C04109,P01632,1,3527,2025-07-06 22:32:47,信用卡
T0004603,C03448,P00029,4,4280,2025-07-14 21:29:35,行動支付
T0004604,C01379,P00460,2,1750,2025-07-22 00:35:56,轉帳
T0004605,C02768,P01777,2,7676,2025-07-03 11:33:02,貨到付款
T0004606,C02781,P00032,3,2457,2025-07-31 13:14:11,行動支付
T0004607,C04629,P01383,2,3422,2025-07-04 11:49:51,信用卡
T0004608,C00773,P00771,2,568,2025-07-15 21:48:59,貨到付款
T0004609,C00188,P00867,1,3454,2025-07-30 17:24:18,轉帳
T0004610,C01778,P00229,1,2821,2025-07-12 07:23:08,轉帳
T0004611,C00692,P01820,4,1356,2025-07-14 08:07:01,轉帳
T0004612,C01835,P01015,1,644,2025-07-15 00:47:22,行動支付
T0004613,C02910,P01262,1,1318,2025-07-22 13:31:00,信用卡
T0004614,C01164,P01342,1,4169,2025-07-12 23:10:39,貨到付款
T0004615,C04055,P01116,1,2463,2025-07-31 13:35:25,貨到付款
T0004616,C00459,P01604,4,2880,2025-07-18 15:51:17,信用卡
T0004617,C01998,P00961,1,844,2025-07-10 07:49:12,行動支付
T0004618,C04589,P00772,3,444,2025-07-11 22:37:37,行動支付
T0004619,C03671,P00022,3,7059,2025-07-27 20:44:34,行動支付
T0004620,C03617,P00167,3,3756,2025-07-19 10:11:59,貨到付款
T0004621,C03964,P00590,3,5520,2025-07-30 12:25:38,轉帳
T0004622,C00864,P00745,1,3588,2025-07-05 20:15:20,行動支付
T0004623,C04128,P01593,3,12783,2025-07-14 01:24:41,行動支付
T0004624,C03447,P00577,1,1390,2025-07-06 08:22:04,信用卡
T0004625,C02881,P01834,4,9260,2025-07-12 02:51:48,信用卡
T0004626,C04538,P00470,3,798,2025-07-31 16:48:28,轉帳
T0004627,C02976,P01106,2,5984,2025-07-23 22:04:55,信用卡
T0004628,C01501,P01857,3,6534,2025-07-19 04:56:33,行動支付
T0004629,C03653,P01299,3,6639,2025-07-09 16:13:04,轉帳
T0004630,C02881,P01282,1,2104,2025-07-27 23:29:51,貨到付款
T0004631,C00392,P00170,3,5649,2025-07-07 12:55:16,信用卡
T0004632,C00279,P01020,2,8790,2025-07-26 20:33:41,信用卡
T0004633,C03854,P00094,1,164,2025-07-01 18:39:31,信用卡
T0004634,C01739,P00965,1,1528,2025-07-14 18:07:12,轉帳
T0004635,C04085,P00842,4,4752,2025-07-31 12:48:05,貨到付款
T0004636,C02082,P01502,4,9428,2025-07-13 06:24:04,貨到付款
T0004637,C04339,P01712,3,1797,2025-07-11 10:44:51,轉帳
T0004638,C04348,P01283,4,11444,2025-07-30 14:21:15,信用卡
T0004639,C01133,P00389,4,8776,2025-07-05 19:08:54,貨到付款
T0004640,C03263,P00618,4,2252,2025-07-22 20:57:56,貨到付款
T0004641,C03011,P01732,1,982,2025-07-25 14:47:43,信用卡
T0004642,C00057,P01177,1,3342,2025-07-17 07:00:06,信用卡
T0004643,C03887,P01664,1,268,2025-07-09 16:06:10,信用卡
T0004644,C01912,P01580,4,14004,2025-07-19 17:04:39,信用卡
T0004645,C01523,P00069,1,4217,2025-07-18 16:02:49,行動支付
T0004646,C00205,P00397,4,1868,2025-07-27 13:56:42,貨到付款
T0004647,C02699,P01546,1,1599,2025-07-09 11:49:50,行動支付
T0004648,C00747,P00033,1,2054,2025-07-31 12:42:48,行動支付
T0004649,C02512,P01670,2,394,2025-07-30 21:46:52,信用卡
T0004650,C01103,P00808,3,7374,2025-07-24 21:51:08,信用卡
T0004651,C00252,P00364,4,1280,2025-07-29 14:07:31,信用卡
T0004652,C03657,P00740,2,2708,2025-07-25 22:15:00,信用卡
T0004653,C01964,P01631,1,2493,2025-07-24 01:54:01,行動支付
T0004654,C02228,P01886,4,-60,2025-07-11 15:51:37,行動支付
T0004655,C02975,P01904,1,1521,2025-07-20 20:21:54,貨到付款
T0004656,C02523,P01176,3,7188,2025-07-21 21:32:02,信用卡
T0004657,C01110,P00875,2,1554,2025-07-18 09:01:12,行動支付
T0004658,C01448,P00149,3,1932,2025-07-07 12:53:01,行動支付
T0004659,C01971,P00039,2,3034,2025-07-11 23:35:53,信用卡
T0004660,C00660,P01378,1,433,2025-07-24 08:46:57,行動支付
T0004661,C00412,P00871,3,13122,2025-07-02 13:45:14,轉帳
T0004662,C02857,P01944,3,6192,2025-07-11 22:33:46,貨到付款
T0004663,C00246,P01336,1,2345,2025-07-27 15:51:51,行動支付
T0004664,C01995,P00844,3,12786,2025-07-19 14:40:11,信用卡
T0004665,C00425,P00184,4,1948,2025-07-31 08:15:04,貨到付款
T0004666,C02509,P00026,2,4074,2025-07-04 14:26:36,轉帳
T0004667,C03869,P01294,2,2910,2025-07-10 14:56:08,轉帳
T0004668,C00651,P01832,2,7210,2025-07-31 17:10:58,信用卡
T0004669,C00674,P00598,4,1768,2025-07-31 21:57:27,信用卡
T0004670,C02796,P00173,2,3054,2025-07-31 14:27:49,轉帳
T0004671,C02439,P00180,1,3683,2025-07-09 10:07:09,貨到付款
T0004672,C03261,P01681,3,11403,2025-07-23 18:46:22,行動支付
T0004673,C00980,P01986,4,15400,2025-07-19 12:12:25,轉帳
T0004674,C03079,P00449,2,5370,2025-07-25 10:29:52,信用卡
T0004675,C03678,P00564,1,2166,2025-07-26 06:32:52,行動支付
T0004676,C01231,P01615,3,9561,2025-07-18 19:16:37,信用卡
T0004677,C00358,P01083,3,12219,2025-07-29 18:20:38,貨到付款
T0004678,C03883,P00201,4,1964,2025-07-03 20:24:00,行動支付
T0004679,C01617,P01228,4,7292,2025-07-28 16:00:15,信用卡
T0004680,C04620,P01844,4,1748,2025-07-08 06:53:16,信用卡
T0004681,C00447,P01182,1,620,2025-07-24 14:26:43,信用卡
T0004682,C03358,P01544,1,2545,2025-07-12 11:57:55,轉帳
T0004683,C02117,P00938,4,13360,2025-07-04 19:25:22,轉帳
T0004684,C01741,P01045,2,280,2025-07-16 20:58:32,行動支付
T0004685,C01603,P00030,3,11529,2025-07-21 07:01:18,貨到付款
T0004686,C02969,P01546,3,4797,2025-07-19 14:54:03,貨到付款
T0004687,C00121,P01520,1,3364,2025-07-10 11:32:36,貨到付款
T0004688,C01524,P00859,3,6084,2025-07-22 19:18:41,貨到付款
T0004689,C04938,P01096,2,7524,2025-07-04 14:22:02,行動支付
T0004690,C03081,P00588,3,6531,2025-07-17 13:56:46,信用卡
T0004691,C04950,P00281,1,2270,2025-07-23 22:56:20,轉帳
T0004692,C02211,P01068,1,3339,2025-07-07 20:08:49,行動支付
T0004693,C00729,P01134,2,882,2025-07-05 20:01:30,信用卡
T0004694,C00224,P01243,2,4550,2025-07-05 23:57:46,轉帳
T0004695,C04090,P00318,3,10119,2025-07-18 21:24:16,信用卡
T0004696,C00998,P01213,3,10545,2025-07-04 21:26:06,行動支付
T0004697,C01869,P01569,1,1004,2025-07-29 11:55:36,行動支付
T0004698,C03788,P01055,2,5514,2025-07-12 19:59:49,行動支付
T0004699,C04263,P01079,2,5314,2025-07-12 11:20:34,信用卡
T0004700,C00561,P01116,2,4926,2025-07-13 02:47:00,貨到付款
T0004701,C00272,P01040,3,4107,2025-07-23 12:32:12,轉帳
T0004702,C04744,P01270,2,7414,2025-07-19 05:56:02,行動支付
T0004703,C04633,P00236,1,1119,2025-07-17 11:17:40,行動支付
T0004704,C04343,P01058,1,1177,2025-07-27 22:53:09,信用卡
T0004705,C04100,P01364,3,4188,2025-07-22 17:32:33,轉帳
T0004706,C00068,P01281,4,9976,2025-07-12 13:59:32,信用卡
T0004707,C03468,P01563,3,9663,2025-07-04 16:00:27,信用卡
T0004708,C00556,P00145,4,11896,2025-07-20 09:24:39,貨到付款
T0004709,C02250,P00061,2,6896,2025-07-07 10:42:58,行動支付
T0004710,C00113,P01605,3,9054,2025-07-20 09:09:29,貨到付款
T0004711,C01045,P00857,1,100,2025-07-14 18:08:15,信用卡
T0004712,C02690,P00726,2,8760,2025-07-14 16:05:51,轉帳
T0004713,C01019,P01687,1,1638,2025-07-06 11:14:57,貨到付款
T0004714,C02616,P01138,2,1902,2025-07-09 09:13:39,信用卡
T0004715,C01293,P01793,3,-186,2025-07-24 17:48:22,信用卡
T0004716,C02415,P00046,4,14332,2025-07-31 13:30:53,轉帳
T0004717,C03649,P01189,2,3846,2025-07-18 20:49:02,轉帳
T0004718,C00706,P00253,4,4984,2025-07-06 21:50:59,信用卡
T0004719,C03493,P01886,2,-30,2025-07-27 20:08:57,行動支付
T0004720,C00091,P00265,1,1704,2025-07-17 01:55:29,信用卡
T0004721,C02915,P01762,1,3615,2025-07-16 06:01:26,貨到付款
T0004722,C03317,P01528,2,6792,2025-07-05 13:23:55,貨到付款
T0004723,C00217,P00717,4,9084,2025-07-30 01:47:24,貨到付款
T0004724,C00851,P01698,3,7842,2025-07-22 19:18:17,行動支付
T0004725,C01420,P01262,3,3954,2025-07-15 11:23:42,貨到付款
T0004726,C03945,P01154,1,3712,2025-07-07 12:56:53,行動支付
T0004727,C03089,P01662,3,8592,2025-07-21 12:15:39,信用卡
T0004728,C00265,P00373,1,1659,2025-07-03 02:13:11,信用卡
T0004729,C03273,P00029,3,3210,2025-07-31 11:44:07,轉帳
T0004730,C00041,P01955,2,2630,2025-07-27 12:53:42,轉帳
T0004731,C01943,P01106,1,2992,2025-07-24 14:29:54,貨到付款
T0004732,C01356,P00011,1,3538,2025-07-19 15:56:27,行動支付
T0004733,C04260,P01887,2,8228,2025-07-14 17:47:16,信用卡
T0004734,C03300,P01794,1,639,2025-07-16 15:40:08,信用卡
T0004735,C04321,P00737,3,5277,2025-07-25 03:59:06,行動支付
T0004736,C00095,P00278,3,8982,2025-07-03 18:03:18,行動支付
T0004737,C04337,P00145,1,2974,2025-07-01 16:32:16,行動支付
T0004738,C03247,P00921,3,5124,2025-07-08 19:54:35,信用卡
T0004739,C01155,P00671,4,3824,2025-07-06 09:50:05,貨到付款
T0004740,C01903,P00628,1,645,2025-07-21 16:30:45,信用卡
T0004741,C04883,P01914,2,6644,2025-07-16 19:48:22,行動支付
T0004742,C00498,P00921,4,6832,2025-07-21 11:55:59,行動支付
T0004743,C01577,P00913,1,113,2025-07-24 22:09:08,信用卡
T0004744,C04333,P01412,2,2080,2025-07-11 11:14:39,轉帳
T0004745,C02657,P01341,3,2223,2025-07-05 03:08:23,轉帳
T0004746,C00932,P00275,2,7242,2025-07-29 19:30:28,行動支付
T0004747,C02503,P00593,4,8572,2025-07-25 10:29:16,行動支付
T0004748,C02289,P01204,3,3690,2025-07-12 10:21:03,信用卡
T0004749,C04631,P01568,1,1314,2025-07-06 23:42:51,貨到付款
T0004750,C00107,P00193,3,2430,2025-07-17 15:22:11,轉帳
T0004751,C01236,P01345,1,1558,2025-07-03 07:59:18,轉帳
T0004752,C02647,P01669,1,3539,2025-07-17 12:02:14,行動支付
T0004753,C01667,P01102,2,7328,2025-07-23 13:33:14,轉帳
T0004754,C01966,P00560,2,4368,2025-07-19 19:45:49,行動支付
T0004755,C00785,P01217,2,468,2025-07-18 15:53:32,貨到付款
T0004756,C01733,P01184,4,-360,2025-07-28 12:51:50,轉帳
T0004757,C01759,P01879,4,6836,2025-07-01 19:50:42,貨到付款
T0004758,C03126,P00871,2,8748,2025-07-10 15:57:44,信用卡
T0004759,C01181,P00354,4,17776,2025-07-21 18:37:49,貨到付款
T0004760,C04891,P00281,3,6810,2025-07-18 11:42:32,轉帳
T0004761,C02506,P01886,3,-45,2025-07-26 14:28:48,貨到付款
T0004762,C04059,P00668,4,9580,2025-07-16 04:24:36,貨到付款
T0004763,C03128,P01175,4,9692,2025-07-23 22:53:15,轉帳
T0004764,C04393,P00898,3,6075,2025-07-22 16:33:21,轉帳
T0004765,C04452,P01622,1,2995,2025-07-08 09:40:03,信用卡
T0004766,C04074,P01763,3,4287,2025-07-05 23:59:20,信用卡
T0004767,C00147,P01826,3,2541,2025-07-10 14:54:26,轉帳
T0004768,C02774,P00528,4,6476,2025-07-23 18:41:30,行動支付
T0004769,C01400,P01462,3,1794,2025-07-19 22:26:47,信用卡
T0004770,C00758,P00532,4,1496,2025-07-15 17:33:42,貨到付款
T0004771,C04485,P00263,4,11792,2025-07-26 01:48:36,信用卡
T0004772,C03284,P01646,2,5802,2025-07-17 19:13:45,行動支付
T0004773,C00438,P00693,3,4365,2025-07-14 19:05:55,轉帳
T0004774,C01911,P00587,1,3200,2025-07-08 21:20:39,行動支付
T0004775,C04803,P00972,2,2120,2025-07-23 12:40:20,轉帳
T0004776,C03062,P01670,4,788,2025-07-26 14:45:04,信用卡
T0004777,C03127,P00637,4,4704,2025-07-04 18:21:47,行動支付
T0004778,C01137,P01559,1,1181,2025-07-15 10:40:21,信用卡
T0004779,C01201,P00252,4,13676,2025-07-31 17:05:39,行動支付
T0004780,C00763,P01689,3,6051,2025-07-09 15:31:31,貨到付款
T0004781,C04852,P00283,2,3016,2025-07-19 10:25:43,行動支付
T0004782,C04548,P01689,4,8068,2025-07-07 15:50:37,貨到付款
T0004783,C01646,P00734,4,8268,2025-07-13 21:22:18,貨到付款
T0004784,C02711,P01661,1,2848,2025-07-25 22:39:56,貨到付款
T0004785,C01033,P01420,3,6399,2025-07-16 18:36:05,行動支付
T0004786,C00692,P00036,4,5740,2025-07-23 15:40:40,貨到付款
T0004787,C02706,P01468,1,2372,2025-07-05 19:50:08,貨到付款
T0004788,C04000,P00126,4,5980,2025-07-01 03:45:41,行動支付
T0004789,C04312,P00798,1,819,2025-07-04 01:01:06,貨到付款
T0004790,C01544,P01850,1,736,2025-07-24 11:32:52,信用卡
T0004791,C03525,P01796,3,8490,2025-07-14 18:38:03,行動支付
T0004792,C02619,P00820,4,1496,2025-07-13 04:05:20,行動支付
T0004793,C00676,P01901,3,6936,2025-07-16 12:21:06,轉帳
T0004794,C04978,P00918,1,3020,2025-07-09 21:49:48,信用卡
T0004795,C04878,P00422,2,7290,2025-07-25 03:44:25,信用卡
T0004796,C00725,P00272,4,9580,2025-07-15 07:44:50,轉帳
T0004797,C04665,P01695,2,5458,2025-07-22 23:00:42,信用卡
T0004798,C04585,P00940,4,3736,2025-07-17 00:45:16,貨到付款
T0004799,C01587,P00355,3,3840,2025-07-21 22:32:44,貨到付款
T0004800,C02786,P00325,3,7890,2025-07-16 21:17:10,行動支付
T0004801,C04743,P01119,3,7077,2025-07-22 10:54:43,轉帳
T0004802,C00591,P00656,3,9435,2025-07-29 17:56:46,行動支付
T0004803,C01587,P01442,3,-153,2025-07-23 16:25:27,信用卡
T0004804,C04398,P01575,2,4204,2025-07-12 16:08:39,貨到付款
T0004805,C03635,P00010,3,5745,2025-07-10 20:12:54,行動支付
T0004806,C03827,P00177,1,1476,2025-07-02 22:22:07,信用卡
T0004807,C04400,P01040,1,1369,2025-07-15 09:29:09,轉帳
T0004808,C02070,P01890,2,7476,2025-07-24 13:11:41,行動支付
T0004809,C02056,P01633,4,7952,2025-07-07 21:16:13,行動支付
T0004810,C02215,P00365,1,3351,2025-07-25 22:20:14,行動支付
T0004811,C04668,P01377,4,3036,2025-07-31 14:23:43,信用卡
T0004812,C04470,P01434,2,3814,2025-07-15 18:31:28,信用卡
T0004813,C04666,P00480,4,3920,2025-07-07 11:46:50,轉帳
T0004814,C01368,P00272,4,9580,2025-07-27 03:51:53,行動支付
T0004815,C03895,P00839,4,4224,2025-07-25 13:54:30,行動支付
T0004816,C00533,P00778,4,14560,2025-07-11 03:42:04,信用卡
T0004817,C00923,P01867,2,5602,2025-07-01 12:41:37,轉帳
T0004818,C03812,P01848,1,1232,2025-07-15 17:16:00,信用卡
T0004819,C03059,P01589,3,9027,2025-07-16 21:04:40,貨到付款
T0004820,C01334,P00746,4,15488,2025-07-29 18:11:55,貨到付款
T0004821,C02835,P00962,1,3677,2025-07-17 02:50:26,轉帳
T0004822,C01154,P00117,1,2902,2025-07-03 22:36:38,行動支付
T0004823,C01160,P00702,2,4676,2025-07-02 15:16:25,轉帳
T0004824,C03436,P01124,1,3369,2025-07-13 21:26:38,貨到付款
T0004825,C01796,P01396,2,1996,2025-07-25 15:42:17,行動支付
T0004826,C03440,P01897,4,10320,2025-07-16 10:54:57,貨到付款
T0004827,C02383,P00182,4,2992,2025-07-30 19:29:07,信用卡
T0004828,C02511,P01148,3,7206,2025-07-25 22:18:49,信用卡
T0004829,C03023,P01949,3,11415,2025-07-08 13:27:32,轉帳
T0004830,C03560,P01220,3,3309,2025-07-22 20:50:47,行動支付
T0004831,C01869,P01687,1,1638,2025-07-02 11:22:48,轉帳
T0004832,C04260,P01771,4,1368,2025-07-07 13:54:58,信用卡
T0004833,C02457,P00218,2,7166,2025-07-19 08:09:56,轉帳
T0004834,C00687,P01632,3,10581,2025-07-12 07:28:46,貨到付款
T0004835,C00966,P00172,2,2908,2025-07-24 21:31:13,信用卡
T0004836,C00161,P00371,2,3452,2025-07-11 19:30:35,行動支付
T0004837,C03822,P00161,3,4986,2025-07-25 07:03:42,貨到付款
T0004838,C00075,P01760,4,1024,2025-07-16 10:44:14,信用卡
T0004839,C01349,P01487,3,6042,2025-07-21 17:51:29,行動支付
T0004840,C02065,P00454,2,7216,2025-07-27 09:46:26,轉帳
T0004841,C03711,P01633,3,5964,2025-07-24 18:04:11,轉帳
T0004842,C04941,P01587,2,4146,2025-07-22 13:16:39,行動支付
T0004843,C03788,P00106,2,4050,2025-07-23 17:38:13,信用卡
T0004844,C00330,P01139,3,5382,2025-07-22 14:59:15,信用卡
T0004845,C04635,P00399,1,2165,2025-07-04 19:25:11,貨到付款
T0004846,C04928,P00065,3,2490,2025-07-28 22:28:21,信用卡
T0004847,C04335,P00141,1,834,2025-07-13 16:16:14,貨到付款
T0004848,C02449,P00860,2,1940,2025-07-19 20:02:37,信用卡
T0004849,C01624,P00627,2,5580,2025-07-11 04:38:53,轉帳
T0004850,C02287,P00029,1,1070,2025-07-11 13:25:13,信用卡
T0004851,C01233,P01913,2,580,2025-07-01 04:25:12,行動支付
T0004852,C02024,P00512,1,2560,2025-07-13 03:59:07,轉帳
T0004853,C00209,P01401,1,340,2025-07-26 23:22:43,轉帳
T0004854,C03676,P01975,2,5464,2025-07-03 13:03:28,行動支付
T0004855,C01901,P00173,4,6108,2025-07-17 15:47:51,貨到付款
T0004856,C01564,P01008,1,1037,2025-07-23 20:03:55,轉帳
T0004857,C03057,P01570,3,4290,2025-07-10 20:32:06,信用卡
T0004858,C03712,P01123,3,8382,2025-07-03 11:41:23,行動支付
T0004859,C02969,P00654,2,4734,2025-07-25 21:48:12,轉帳
T0004860,C02626,P00586,4,12488,2025-07-28 22:46:30,轉帳
T0004861,C04378,P01621,2,4804,2025-07-24 17:42:40,行動支付
T0004862,C03934,P00281,4,9080,2025-07-08 17:23:59,轉帳
T0004863,C02603,P01134,1,441,2025-07-06 11:40:56,行動支付
T0004864,C02258,P00936,1,2948,2025-07-06 18:38:20,轉帳
T0004865,C04135,P01186,1,3451,2025-07-19 17:25:28,轉帳
T0004866,C00212,P01146,1,2650,2025-07-15 15:03:21,信用卡
T0004867,C04979,P01730,3,6870,2025-07-12 07:37:37,行動支付
T0004868,C02593,P00824,3,5715,2025-07-23 19:30:05,轉帳
T0004869,C01978,P00263,2,5896,2025-07-06 16:58:38,信用卡
T0004870,C03675,P00514,4,12276,2025-07-13 14:38:59,貨到付款
T0004871,C02788,P01913,1,290,2025-07-04 12:45:35,轉帳
T0004872,C02580,P01531,1,2001,2025-07-06 23:30:00,行動支付
T0004873,C03153,P00826,4,6516,2025-07-02 17:36:15,行動支付
T0004874,C00246,P01465,4,15460,2025-07-07 19:52:06,行動支付
T0004875,C01455,P01918,2,1450,2025-07-07 22:25:32,貨到付款
T0004876,C01990,P01586,4,15140,2025-07-19 04:52:16,行動支付
T0004877,C01522,P01029,1,730,2025-07-14 01:04:15,行動支付
T0004878,C04138,P00282,1,2085,2025-07-14 19:54:34,行動支付
T0004879,C02306,P00948,1,788,2025-07-10 05:31:30,貨到付款
T0004880,C02112,P01609,1,2250,2025-07-03 18:47:38,貨到付款
T0004881,C03065,P01621,1,2402,2025-07-03 15:11:44,信用卡
T0004882,C00272,P00165,2,7248,2025-07-21 17:04:46,轉帳
T0004883,C02584,P01803,1,2086,2025-07-19 08:26:48,轉帳
T0004884,C00711,P01450,2,1050,2025-07-03 15:42:58,轉帳
T0004885,C04149,P00141,1,834,2025-07-12 08:38:10,行動支付
T0004886,C02258,P00515,3,9378,2025-07-05 05:23:23,信用卡
T0004887,C03613,P00090,3,5214,2025-07-29 09:34:20,行動支付
T0004888,C00565,P00703,3,9252,2025-07-18 15:01:55,信用卡
T0004889,C03893,P01122,3,-135,2025-07-29 14:00:50,信用卡
T0004890,C04689,P01221,2,1708,2025-07-22 10:09:35,轉帳
T0004891,C03480,P00443,2,278,2025-07-25 21:11:38,行動支付
T0004892,C00676,P00366,4,4800,2025-07-30 11:15:22,貨到付款
T0004893,C02067,P00936,1,2948,2025-07-31 10:54:28,貨到付款
T0004894,C02254,P00593,3,6429,2025-07-17 17:06:23,行動支付
T0004895,C00894,P01941,2,1930,2025-07-24 21:22:51,貨到付款
T0004896,C02951,P01567,1,2603,2025-07-29 17:26:19,貨到付款
T0004897,C03563,P01456,1,375,2025-07-16 22:26:33,信用卡
T0004898,C01009,P00875,2,1554,2025-07-22 12:47:31,行動支付
T0004899,C02273,P01048,3,3672,2025-07-09 14:43:23,信用卡
T0004900,C01250,P01762,4,14460,2025-07-11 02:43:09,行動支付
T0004901,C03458,P00483,1,819,2025-07-29 15:06:48,轉帳
T0004902,C04535,P01742,4,15408,2025-07-01 22:07:35,行動支付
T0004903,C03982,P00302,3,7353,2025-07-31 13:43:03,轉帳
T0004904,C03591,P01059,3,10632,2025-07-17 16:59:34,貨到付款
T0004905,C00617,P00811,4,15252,2025-07-16 12:47:19,信用卡
T0004906,C00570,P00546,3,6630,2025-07-27 22:22:48,貨到付款
T0004907,C02246,P01091,1,2091,2025-07-01 19:21:34,貨到付款
T0004908,C01814,P00077,4,15048,2025-07-04 17:20:33,貨到付款
T0004909,C02619,P00858,3,3597,2025-07-01 08:35:57,貨到付款
T0004910,C01920,P00387,4,14604,2025-07-21 16:43:52,轉帳
T0004911,C03955,P01095,1,3117,2025-07-14 15:31:51,信用卡
T0004912,C02558,P01979,3,10284,2025-07-31 11:31:27,貨到付款
T0004913,C04748,P01992,1,1199,2025-07-03 16:28:34,行動支付
T0004914,C01893,P01781,3,5241,2025-07-26 18:35:27,轉帳
T0004915,C01903,P01861,2,1878,2025-07-13 04:24:50,行動支付
T0004916,C03841,P01006,3,8811,2025-07-21 12:48:21,信用卡
T0004917,C04561,P01094,4,8884,2025-07-08 22:14:19,貨到付款
T0004918,C02827,P01935,3,1911,2025-07-27 10:17:47,貨到付款
T0004919,C03297,P00635,1,3366,2025-07-19 09:14:12,貨到付款
T0004920,C00750,P00455,1,699,2025-07-31 15:57:55,行動支付
T0004921,C04344,P01842,3,6630,2025-07-05 03:55:59,行動支付
T0004922,C00894,P01595,4,944,2025-07-23 14:57:10,行動支付
T0004923,C03560,P01261,2,3638,2025-07-17 08:59:04,信用卡
T0004924,C02097,P01699,4,1668,2025-07-12 00:13:31,轉帳
T0004925,C01547,P00811,2,7626,2025-07-10 11:56:40,行動支付
T0004926,C03843,P00275,1,3621,2025-07-16 11:20:03,貨到付款
T0004927,C02231,P00094,4,656,2025-07-11 22:07:38,行動支付
T0004928,C03132,P00667,2,4576,2025-07-10 00:58:40,貨到付款
T0004929,C00587,P00891,3,1269,2025-07-01 11:08:48,信用卡
T0004930,C00657,P00888,1,2573,2025-07-14 02:30:55,行動支付
T0004931,C01014,P00553,3,11919,2025-07-30 17:27:10,轉帳
T0004932,C03112,P00100,1,1741,2025-07-20 01:22:37,貨到付款
T0004933,C01265,P00720,4,4156,2025-07-16 14:26:24,貨到付款
T0004934,C02293,P01239,4,8840,2025-07-01 16:48:47,轉帳
T0004935,C04277,P00704,1,2021,2025-07-30 12:07:38,信用卡
T0004936,C02717,P00728,1,3533,2025-07-18 07:48:19,信用卡
T0004937,C00028,P00794,1,4240,2025-07-16 22:14:24,貨到付款
T0004938,C04413,P00411,4,14532,2025-07-14 13:39:28,行動支付
T0004939,C01189,P00365,2,6702,2025-07-21 16:22:33,貨到付款
T0004940,C02944,P01649,3,11466,2025-07-15 20:32:47,轉帳
T0004941,C02378,P01188,3,11325,2025-07-20 16:22:57,信用卡
T0004942,C02050,P01081,4,2288,2025-07-21 21:28:07,信用卡
T0004943,C00397,P00666,3,12378,2025-07-08 08:40:39,信用卡
T0004944,C03000,P01531,1,2001,2025-07-18 11:16:16,貨到付款
T0004945,C01223,P00214,2,3312,2025-07-31 20:38:59,轉帳
T0004946,C02736,P00986,3,747,2025-07-13 01:27:15,貨到付款
T0004947,C03098,P01399,2,1274,2025-07-28 16:11:21,貨到付款
T0004948,C02787,P01461,1,3696,2025-07-16 11:30:30,轉帳
T0004949,C04126,P01332,3,1257,2025-07-09 11:40:10,貨到付款
T0004950,C00244,P01200,4,12900,2025-07-03 10:32:17,轉帳
T0004951,C00741,P01778,2,7182,2025-07-17 14:23:24,信用卡
T0004952,C03266,P00199,1,3307,2025-07-29 20:50:54,信用卡
T0004953,C00183,P00166,2,2000,2025-07-30 17:59:35,行動支付
T0004954,C04269,P00200,3,12129,2025-07-25 16:33:30,貨到付款
T0004955,C03334,P01557,3,372,2025-07-11 13:37:55,貨到付款
T0004956,C04190,P01882,4,3316,2025-07-22 16:14:08,信用卡
T0004957,C01492,P00189,1,1673,2025-07-24 10:38:02,行動支付
T0004958,C04601,P01972,1,3001,2025-07-21 19:58:03,貨到付款
T0004959,C00245,P00038,4,8888,2025-07-11 16:20:18,信用卡
T0004960,C02084,P00657,4,6244,2025-07-12 17:28:14,轉帳
T0004961,C00891,P00589,1,3075,2025-07-13 07:23:18,轉帳
T0004962,C03360,P01884,2,7844,2025-07-02 12:36:04,轉帳
T0004963,C03055,P01363,2,3228,2025-07-19 05:19:59,貨到付款
T0004964,C03457,P00107,4,9260,2025-07-06 06:08:55,轉帳
T0004965,C02974,P01405,2,5076,2025-07-22 19:30:06,貨到付款
T0004966,C03936,P00336,1,2772,2025-07-05 04:14:15,轉帳
T0004967,C00887,P00047,3,2937,2025-07-31 21:03:49,轉帳
T0004968,C02276,P01434,3,5721,2025-07-25 14:15:12,轉帳
T0004969,C02894,P00741,2,4502,2025-07-12 21:12:56,信用卡
T0004970,C04657,P00467,4,15568,2025-07-23 13:30:20,貨到付款
T0004971,C00465,P01635,4,9908,2025-07-30 21:37:42,貨到付款
T0004972,C01496,P01864,4,1176,2025-07-18 01:25:51,貨到付款
T0004973,C01842,P01397,4,3680,2025-07-06 12:46:45,貨到付款
T0004974,C01894,P00166,4,4000,2025-07-04 17:58:00,轉帳
T0004975,C00338,P00354,2,8888,2025-07-17 15:31:48,貨到付款
T0004976,C02136,P00001,3,1662,2025-07-21 12:30:32,信用卡
T0004977,C02752,P00165,3,10872,2025-07-21 21:09:49,行動支付
T0004978,C01464,P00270,2,3068,2025-07-23 19:12:29,行動支付
T0004979,C00672,P00875,4,3108,2025-07-28 22:15:03,貨到付款
T0004980,C03473,P00627,2,5580,2025-07-19 22:29:14,轉帳
T0004981,C01372,P01587,3,6219,2025-07-19 15:32:46,信用卡
T0004982,C02635,P01131,1,4062,2025-07-08 21:54:24,貨到付款
T0004983,C02623,P01743,2,306,2025-07-14 02:31:42,貨到付款
T0004984,C03479,P00119,4,15040,2025-07-19 23:32:51,轉帳
T0004985,C03060,P00315,3,11328,2025-07-11 22:00:50,信用卡
T0004986,C00546,P00835,3,4872,2025-07-29 19:43:41,轉帳
T0004987,C03648,P01624,3,-135,2025-07-10 12:23:42,貨到付款
T0004988,C03144,P01837,3,4749,2025-07-02 14:08:38,貨到付款
T0004989,C04935,P00157,4,13060,2025-07-13 03:39:57,貨到付款
T0004990,C02418,P00221,1,3187,2025-07-24 23:49:47,轉帳
T0004991,C03443,P00429,3,8139,2025-07-01 18:01:59,行動支付
T0004992,C04669,P01438,2,-84,2025-07-15 17:45:11,貨到付款
T0004993,C04931,P00366,1,1200,2025-07-23 22:25:22,貨到付款
T0004994,C01435,P01757,3,2343,2025-07-05 10:10:22,轉帳
T0004995,C03044,P01933,1,3246,2025-07-10 13:01:21,信用卡
T0004996,C01582,P01309,2,8608,2025-07-20 07:05:47,信用卡
T0004997,C02626,P01372,3,3585,2025-07-12 10:07:04,轉帳
T0004998,C04975,P00519,2,8672,2025-07-15 14:13:37,轉帳
T0004999,C01769,P01267,4,5504,2025-07-18 20:46:50,轉帳
T0005000,C00648,P01235,3,10320,2025-07-15 10:51:40,轉帳
T0005001,C02813,P00063,3,9693,2025-07-11 16:45:56,信用卡
T0005002,C02598,P00565,3,1617,2025-07-19 18:54:35,轉帳
T0005003,C03159,P01911,3,1068,2025-07-15 18:32:42,貨到付款
T0005004,C02462,P00984,4,10148,2025-07-17 12:31:21,轉帳
T0005005,C00899,P01529,3,774,2025-07-23 12:12:44,轉帳
T0005006,C03047,P01408,1,2568,2025-07-18 20:23:12,信用卡
T0005007,C03542,P01689,3,6051,2025-07-24 13:39:40,貨到付款
T0005008,C04896,P00927,4,6628,2025-07-16 10:33:13,信用卡
T0005009,C00007,P01101,3,1686,2025-07-28 17:23:02,貨到付款
T0005010,C00119,P01861,1,939,2025-07-25 14:44:01,行動支付
T0005011,C03127,P01416,4,9788,2025-07-12 01:12:54,貨到付款
T0005012,C00589,P01179,4,13380,2025-07-02 14:26:28,信用卡
T0005013,C04240,P00732,1,2699,2025-07-06 01:08:34,轉帳
T0005014,C03997,P00056,1,257,2025-07-04 12:35:15,轉帳
T0005015,C04994,P00461,1,383,2025-07-18 14:01:52,貨到付款
T0005016,C02070,P01501,1,315,2025-07-30 10:55:33,行動支付
T0005017,C01668,P00131,1,2852,2025-07-30 13:28:36,轉帳
T0005018,C02802,P00019,4,14000,2025-07-29 20:49:09,轉帳
T0005019,C03187,P00785,4,12640,2025-07-04 12:46:36,信用卡
T0005020,C00056,P01914,3,9966,2025-07-06 07:14:30,行動支付
T0005021,C01005,P01244,3,3057,2025-07-04 15:00:55,貨到付款
T0005022,C01408,P01939,2,6138,2025-07-29 14:12:36,行動支付
T0005023,C03950,P01545,3,9213,2025-07-02 20:33:23,轉帳
T0005024,C01538,P00024,3,3582,2025-07-17 11:26:35,轉帳
T0005025,C02533,P01380,1,988,2025-07-09 18:32:13,轉帳
T0005026,C01619,P01157,1,3623,2025-07-28 14:59:48,轉帳
T0005027,C00030,P00006,3,1626,2025-07-17 22:27:28,信用卡
T0005028,C03429,P00696,2,7538,2025-07-06 04:25:27,行動支付
T0005029,C01706,P01875,1,1215,2025-07-11 18:02:59,轉帳
T0005030,C03621,P01756,3,13107,2025-07-13 11:23:59,貨到付款
T0005031,C03079,P00856,3,9489,2025-07-12 13:28:50,信用卡
T0005032,C00145,P01012,4,13228,2025-07-08 19:48:50,貨到付款
T0005033,C00878,P01397,2,1840,2025-07-11 12:51:00,貨到付款
T0005034,C01652,P01520,4,13456,2025-07-11 22:48:40,貨到付款
T0005035,C01689,P00128,2,606,2025-07-22 21:30:57,轉帳
T0005036,C03362,P01085,1,2315,2025-07-22 09:00:18,貨到付款
T0005037,C04580,P01253,2,4230,2025-07-02 10:44:52,信用卡
T0005038,C03986,P01819,3,2358,2025-07-26 17:41:39,信用卡
T0005039,C03228,P01910,3,11814,2025-07-24 15:04:01,行動支付
T0005040,C02407,P01980,2,3780,2025-07-21 16:20:51,轉帳
T0005041,C03136,P00673,2,6674,2025-07-11 16:09:13,信用卡
T0005042,C04460,P01230,2,2598,2025-07-11 15:18:48,貨到付款
T0005043,C02684,P01783,4,10988,2025-07-12 18:40:09,貨到付款
T0005044,C01675,P01919,2,438,2025-07-02 16:09:18,貨到付款
T0005045,C03919,P00718,1,3759,2025-07-31 08:50:18,信用卡
T0005046,C02069,P01519,4,13792,2025-07-03 13:50:29,行動支付
T0005047,C03712,P00487,4,15016,2025-07-24 22:48:19,貨到付款
T0005048,C04175,P00747,2,7144,2025-07-19 05:25:24,行動支付
T0005049,C01496,P01134,1,441,2025-07-01 15:07:27,貨到付款
T0005050,C03624,P00293,4,8380,2025-07-25 18:07:05,行動支付
T0005051,C01577,P00722,3,2253,2025-07-11 17:40:24,貨到付款
T0005052,C02679,P00141,4,3336,2025-07-14 06:41:18,行動支付
T0005053,C01041,P00118,2,1228,2025-07-01 18:28:42,行動支付
T0005054,C03427,P01927,1,190,2025-07-21 13:02:02,行動支付
T0005055,C03997,P01138,2,1902,2025-07-28 20:21:35,轉帳
T0005056,C04440,P01155,3,5976,2025-07-10 02:41:35,行動支付
T0005057,C01767,P01288,3,2415,2025-07-19 03:40:30,轉帳
T0005058,C04848,P00795,3,-198,2025-07-01 14:57:36,轉帳
T0005059,C01402,P00856,2,6326,2025-07-20 16:59:41,貨到付款
T0005060,C00155,P01828,4,6876,2025-07-13 07:50:19,轉帳
T0005061,C04918,P01648,2,2548,2025-07-20 05:27:41,信用卡
T0005062,C03132,P00117,1,2902,2025-07-12 17:54:57,行動支付
T0005063,C04212,P01093,4,2744,2025-07-21 20:02:58,貨到付款
T0005064,C02854,P01434,3,5721,2025-07-22 11:41:25,貨到付款
T0005065,C01947,P00955,2,4874,2025-07-07 16:25:18,貨到付款
T0005066,C02975,P00088,3,2313,2025-07-16 10:10:19,轉帳
T0005067,C04322,P01390,3,4083,2025-07-12 07:32:58,貨到付款
T0005068,C03757,P00483,1,819,2025-07-24 07:02:33,信用卡
T0005069,C03526,P00957,4,17252,2025-07-24 11:22:04,貨到付款
T0005070,C01572,P00534,1,441,2025-07-26 18:18:55,貨到付款
T0005071,C00158,P01360,1,367,2025-07-21 18:16:17,信用卡
T0005072,C02069,P01433,1,1964,2025-07-21 17:50:39,信用卡
T0005073,C02485,P01912,3,7302,2025-07-21 20:26:25,轉帳
T0005074,C01188,P01324,1,1892,2025-07-23 11:38:02,行動支付
T0005075,C02259,P01140,1,1005,2025-07-25 03:02:16,轉帳
T0005076,C04753,P00577,4,5560,2025-07-12 05:58:45,信用卡
T0005077,C01080,P01162,4,8976,2025-07-18 01:44:55,轉帳
T0005078,C01511,P01926,1,1272,2025-07-29 19:55:48,貨到付款
T0005079,C00561,P00749,4,9704,2025-07-18 20:26:31,貨到付款
T0005080,C03924,P00450,4,11044,2025-07-21 10:20:06,信用卡
T0005081,C03888,P00005,1,2769,2025-07-10 00:36:24,轉帳
T0005082,C04566,P00981,3,11295,2025-07-04 19:03:36,轉帳
T0005083,C02218,P00753,1,1453,2025-07-19 12:28:13,行動支付
T0005084,C00124,P01696,4,15972,2025-07-03 15:00:37,轉帳
T0005085,C02413,P00314,3,10368,2025-07-17 22:56:25,轉帳
T0005086,C02500,P00656,2,6290,2025-07-14 22:58:35,轉帳
T0005087,C00951,P00435,3,12174,2025-07-04 11:01:14,貨到付款
T0005088,C04618,P01265,4,13452,2025-07-28 17:18:24,信用卡
T0005089,C03662,P01656,3,4845,2025-07-20 02:11:35,貨到付款
T0005090,C02618,P00145,1,2974,2025-07-04 13:06:24,貨到付款
T0005091,C03877,P00425,2,566,2025-07-09 12:59:26,信用卡
T0005092,C00716,P00758,2,850,2025-07-13 23:23:28,轉帳
T0005093,C04358,P00510,2,3226,2025-07-08 08:55:22,信用卡
T0005094,C04110,P01797,4,10628,2025-07-08 14:08:28,行動支付
T0005095,C04690,P00367,4,4992,2025-07-13 14:28:25,貨到付款
T0005096,C03383,P00211,2,1800,2025-07-06 18:10:50,貨到付款
T0005097,C00663,P01074,3,6174,2025-07-25 22:37:22,行動支付
T0005098,C03622,P00367,2,2496,2025-07-30 15:47:40,轉帳
T0005099,C02296,P00122,3,3189,2025-07-19 22:31:17,行動支付
T0005100,C03568,P00373,3,4977,2025-07-12 00:03:40,轉帳
T0005101,C02611,P01894,4,4304,2025-07-19 15:39:50,貨到付款
T0005102,C00020,P01404,3,4335,2025-07-15 09:57:14,轉帳
T0005103,C04661,P00298,2,3846,2025-07-21 11:48:21,轉帳
T0005104,C03435,P01578,4,17116,2025-07-25 15:59:27,轉帳
T0005105,C02971,P00615,1,1745,2025-07-02 21:11:24,貨到付款
T0005106,C00435,P01712,1,599,2025-07-31 22:05:16,貨到付款
T0005107,C02334,P00139,4,4812,2025-07-27 21:16:28,轉帳
T0005108,C00230,P01474,2,5284,2025-07-03 21:21:02,信用卡
T0005109,C02602,P00063,1,3231,2025-07-28 12:49:06,轉帳
T0005110,C03294,P00079,1,2825,2025-07-12 04:16:18,貨到付款
T0005111,C01562,P01790,3,2604,2025-07-31 13:42:32,信用卡
T0005112,C02887,P00843,3,5571,2025-07-24 17:38:57,信用卡
T0005113,C01560,P01353,2,4812,2025-07-26 09:38:18,行動支付
T0005114,C04460,P00712,4,4856,2025-07-24 22:16:05,行動支付
T0005115,C01604,P00011,2,7076,2025-07-22 18:36:51,信用卡
T0005116,C00962,P01528,4,13584,2025-07-29 08:14:59,信用卡
T0005117,C01383,P01082,1,2348,2025-07-24 20:35:02,貨到付款
T0005118,C01595,P01827,3,4035,2025-07-09 17:31:53,行動支付
T0005119,C02205,P01020,2,8790,2025-07-14 10:38:12,轉帳
T0005120,C00588,P00485,2,7046,2025-07-26 13:12:28,貨到付款
T0005121,C00746,P00302,4,9804,2025-07-08 17:59:20,行動支付
T0005122,C01368,P01805,4,9976,2025-07-24 10:57:11,信用卡
T0005123,C00076,P00176,2,1432,2025-07-27 11:26:00,行動支付
T0005124,C03114,P00785,4,12640,2025-07-23 20:18:42,行動支付
T0005125,C02570,P00439,2,1356,2025-07-22 09:27:16,信用卡
T0005126,C01032,P00272,2,4790,2025-07-28 19:17:00,轉帳
T0005127,C01751,P01855,2,6176,2025-07-26 04:44:07,行動支付
T0005128,C01592,P00563,1,2995,2025-07-07 13:18:09,貨到付款
T0005129,C00707,P01356,4,2516,2025-07-11 13:24:05,轉帳
T0005130,C03521,P01915,3,6369,2025-07-18 11:52:27,轉帳
T0005131,C01416,P01847,3,5490,2025-07-24 10:05:13,行動支付
T0005132,C01224,P00913,4,452,2025-07-18 11:07:55,信用卡
T0005133,C00356,P01508,2,6810,2025-07-23 13:04:53,行動支付
T0005134,C03066,P01992,3,3597,2025-07-01 16:22:17,貨到付款
T0005135,C01693,P01112,3,10599,2025-07-30 10:40:23,轉帳
T0005136,C02218,P01964,4,9456,2025-07-25 10:30:21,行動支付
T0005137,C00650,P00902,3,9336,2025-07-01 13:57:34,行動支付
T0005138,C02353,P01714,2,1982,2025-07-17 17:32:57,信用卡
T0005139,C03377,P01721,4,1560,2025-07-09 17:33:59,行動支付
T0005140,C00529,P00175,2,6672,2025-07-06 16:28:10,信用卡
T0005141,C00268,P01186,3,10353,2025-07-16 05:25:12,行動支付
T0005142,C02132,P01187,3,1770,2025-07-07 12:44:42,信用卡
T0005143,C00894,P00846,2,1962,2025-07-06 15:13:31,貨到付款
T0005144,C02980,P00334,1,952,2025-07-17 22:46:50,信用卡
T0005145,C02963,P00092,3,7761,2025-07-08 10:30:10,信用卡
T0005146,C04180,P01906,1,2475,2025-07-15 11:09:56,信用卡
T0005147,C03496,P00480,3,2940,2025-07-14 09:28:58,轉帳
T0005148,C03081,P01342,1,4169,2025-07-24 14:18:27,轉帳
T0005149,C01562,P01764,1,559,2025-07-29 17:58:32,轉帳
T0005150,C04087,P01594,1,2600,2025-07-26 12:07:37,轉帳
T0005151,C03564,P01769,2,338,2025-07-21 20:48:24,貨到付款
T0005152,C03354,P00282,1,2085,2025-07-18 22:40:45,行動支付
T0005153,C02667,P00740,1,1354,2025-07-15 19:37:43,貨到付款
T0005154,C04868,P01041,1,3146,2025-07-05 23:18:17,信用卡
T0005155,C03778,P00155,3,2019,2025-07-20 14:50:04,貨到付款
T0005156,C02328,P00923,1,2282,2025-07-07 14:22:40,信用卡
T0005157,C00658,P00926,3,10758,2025-07-29 15:55:53,行動支付
T0005158,C04064,P00049,1,188,2025-07-24 19:25:26,行動支付
T0005159,C04598,P01191,1,1657,2025-07-17 11:52:38,轉帳
T0005160,C02341,P00002,2,3118,2025-07-31 21:58:43,轉帳
T0005161,C02277,P00889,3,9147,2025-07-11 11:41:27,轉帳
T0005162,C03422,P00181,1,2667,2025-07-29 14:32:13,信用卡
T0005163,C03551,P00688,3,11388,2025-07-25 10:12:04,貨到付款
T0005164,C02326,P00324,3,5802,2025-07-13 02:45:45,行動支付
T0005165,C01158,P01427,4,12200,2025-07-25 11:06:30,行動支付
T0005166,C01118,P01101,2,1124,2025-07-15 17:21:15,轉帳
T0005167,C04305,P00361,2,8254,2025-07-10 03:13:35,行動支付
T0005168,C03084,P00862,2,510,2025-07-22 16:12:12,信用卡
T0005169,C04564,P01914,4,13288,2025-07-04 17:50:42,貨到付款
T0005170,C01960,P00197,4,11816,2025-07-31 21:06:32,信用卡
T0005171,C03498,P01590,2,3690,2025-07-01 08:25:17,行動支付
T0005172,C03325,P01451,4,5820,2025-07-18 20:10:15,貨到付款
T0005173,C03943,P00341,4,8012,2025-07-14 10:03:55,轉帳
T0005174,C04412,P00705,4,16436,2025-07-04 21:14:32,轉帳
T0005175,C02266,P01820,2,678,2025-07-17 20:47:58,轉帳
T0005176,C00151,P01571,2,1488,2025-07-20 15:23:12,行動支付
T0005177,C02376,P01044,2,5126,2025-07-03 08:17:49,行動支付
T0005178,C01757,P01819,4,3144,2025-07-29 18:15:36,信用卡
T0005179,C02306,P01445,2,5864,2025-07-16 16:06:23,轉帳
T0005180,C00854,P01372,4,4780,2025-07-16 11:51:05,貨到付款
T0005181,C03839,P01131,1,4062,2025-07-28 12:51:05,貨到付款
T0005182,C03022,P00867,4,13816,2025-07-01 18:49:27,信用卡
T0005183,C00636,P01545,3,9213,2025-07-01 15:54:11,轉帳
T0005184,C00514,P01006,2,5874,2025-07-08 18:22:03,轉帳
T0005185,C04087,P00422,2,7290,2025-07-10 14:09:26,行動支付
T0005186,C03983,P00742,3,5982,2025-07-30 23:11:51,貨到付款
T0005187,C01629,P01100,4,15172,2025-07-05 07:31:35,信用卡
T0005188,C03247,P00163,1,2610,2025-07-21 17:09:59,貨到付款
T0005189,C03962,P01177,3,10026,2025-07-30 22:06:40,轉帳
T0005190,C02663,P00625,3,9594,2025-07-26 13:44:09,轉帳
T0005191,C02004,P01499,4,6884,2025-07-28 22:27:41,行動支付
T0005192,C02067,P01380,2,1976,2025-07-04 22:49:15,信用卡
T0005193,C03104,P00940,4,3736,2025-07-11 03:26:08,貨到付款
T0005194,C02739,P01407,3,3573,2025-07-03 04:18:02,信用卡
T0005195,C04869,P00188,3,9978,2025-07-03 12:30:54,貨到付款
T0005196,C01919,P01112,2,7066,2025-07-20 21:31:59,貨到付款
T0005197,C01703,P00088,2,1542,2025-07-21 01:08:45,貨到付款
T0005198,C04069,P00100,2,3482,2025-07-20 21:04:02,轉帳
T0005199,C02954,P01984,4,4340,2025-07-19 23:30:41,行動支付
T0005200,C03921,P00679,2,2516,2025-07-12 04:27:33,信用卡
T0005201,C02176,P00472,3,11178,2025-07-13 10:23:03,行動支付
T0005202,C03936,P01069,3,5640,2025-07-18 11:35:05,信用卡
T0005203,C02722,P01616,1,3380,2025-07-25 13:59:51,貨到付款
T0005204,C01180,P01207,4,14064,2025-07-22 22:07:18,轉帳
T0005205,C03313,P00431,1,3188,2025-07-02 14:14:30,轉帳
T0005206,C00389,P01094,3,6663,2025-07-07 04:43:29,貨到付款
T0005207,C04654,P00750,1,3831,2025-07-03 22:48:12,行動支付
T0005208,C02870,P01885,3,2988,2025-07-19 00:39:00,行動支付
T0005209,C02433,P01017,1,992,2025-07-20 21:09:01,轉帳
T0005210,C02960,P01163,2,1068,2025-07-30 03:54:50,行動支付
T0005211,C02314,P01798,1,1745,2025-07-24 18:11:25,貨到付款
T0005212,C02775,P01607,2,1800,2025-07-26 00:00:40,貨到付款
T0005213,C04110,P00552,2,3174,2025-07-06 23:59:18,貨到付款
T0005214,C00880,P01922,4,2404,2025-07-16 12:52:20,信用卡
T0005215,C04779,P00621,2,3638,2025-07-29 17:39:33,貨到付款
T0005216,C00348,P00106,2,4050,2025-07-23 16:33:39,信用卡
T0005217,C00543,P00191,1,3712,2025-07-06 01:10:29,轉帳
T0005218,C04070,P01027,3,6291,2025-07-08 16:56:21,貨到付款
T0005219,C03856,P00336,4,11088,2025-07-31 10:38:50,行動支付
T0005220,C01894,P01507,2,1896,2025-07-27 04:08:36,行動支付
T0005221,C02471,P00325,4,10520,2025-07-15 18:11:49,信用卡
T0005222,C03300,P00107,1,2315,2025-07-11 11:07:18,行動支付
T0005223,C00452,P01102,2,7328,2025-07-19 16:43:15,信用卡
T0005224,C04085,P01230,1,1299,2025-07-18 18:54:57,行動支付
T0005225,C04436,P01073,4,3384,2025-07-10 15:56:23,貨到付款
T0005226,C04516,P01250,1,3014,2025-07-10 11:05:32,貨到付款
T0005227,C03180,P01677,4,14188,2025-07-18 14:19:23,行動支付
T0005228,C00000,P00457,1,190,2025-07-20 06:34:03,轉帳
T0005229,C00733,P01324,4,7568,2025-07-02 15:40:53,貨到付款
T0005230,C00746,P00310,3,369,2025-07-27 13:47:17,貨到付款
T0005231,C02656,P00503,1,1225,2025-07-25 14:25:26,貨到付款
T0005232,C01949,P00554,1,3337,2025-07-20 20:15:30,行動支付
T0005233,C02889,P00974,3,5889,2025-07-27 08:40:41,轉帳
T0005234,C00978,P00557,3,3150,2025-07-12 15:17:53,行動支付
T0005235,C03407,P00422,1,3645,2025-07-30 13:15:34,貨到付款
T0005236,C01582,P00263,3,8844,2025-07-16 13:00:55,信用卡
T0005237,C02851,P01498,2,2952,2025-07-24 15:29:02,信用卡
T0005238,C04566,P01049,4,1776,2025-07-20 13:46:12,信用卡
T0005239,C01522,P00219,4,4152,2025-07-04 14:09:06,行動支付
T0005240,C04716,P00842,4,4752,2025-07-21 21:50:14,轉帳
T0005241,C02173,P01906,2,4950,2025-07-25 13:37:45,轉帳
T0005242,C04912,P00719,3,3717,2025-07-17 00:12:13,貨到付款
T0005243,C01721,P01204,3,3690,2025-07-08 08:48:23,行動支付
T0005244,C00446,P00392,1,3165,2025-07-22 14:26:16,貨到付款
T0005245,C00040,P00020,3,5346,2025-07-01 08:05:19,轉帳
T0005246,C04932,P00253,1,1246,2025-07-13 00:56:39,行動支付
T0005247,C02020,P01254,2,1664,2025-07-22 11:58:58,貨到付款
T0005248,C00637,P00026,4,8148,2025-07-07 12:00:54,轉帳
T0005249,C01470,P00072,4,17452,2025-07-30 14:11:51,行動支付
T0005250,C01846,P00415,4,3052,2025-07-13 01:36:13,轉帳
T0005251,C02744,P00101,3,4920,2025-07-03 23:47:17,轉帳
T0005252,C00265,P01874,1,91,2025-07-05 18:25:53,信用卡
T0005253,C03516,P01391,1,1759,2025-07-30 11:07:24,信用卡
T0005254,C04103,P00438,2,4642,2025-07-04 12:57:35,行動支付
T0005255,C01796,P00262,3,6519,2025-07-31 10:06:00,信用卡
T0005256,C04306,P01433,2,3928,2025-07-03 15:44:28,信用卡
T0005257,C04328,P00996,1,1016,2025-07-04 17:37:18,轉帳
T0005258,C01176,P01700,1,2148,2025-07-11 15:47:16,行動支付
T0005259,C03511,P00254,4,15548,2025-07-02 13:07:38,信用卡
T0005260,C01971,P01751,3,2922,2025-07-22 17:23:01,信用卡
T0005261,C01590,P00487,1,3754,2025-07-18 05:57:45,轉帳
T0005262,C01913,P01435,4,9168,2025-07-01 00:53:48,信用卡
T0005263,C01907,P00082,3,261,2025-07-27 07:49:28,貨到付款
T0005264,C02725,P01553,2,7168,2025-07-26 19:40:22,貨到付款
T0005265,C03312,P00261,3,5205,2025-07-06 19:14:23,行動支付
T0005266,C02374,P00187,3,10821,2025-07-20 08:30:51,轉帳
T0005267,C00941,P00670,1,525,2025-07-14 11:11:16,行動支付
T0005268,C01922,P00094,1,164,2025-07-04 11:01:09,信用卡
T0005269,C04622,P00506,3,7674,2025-07-23 10:59:33,行動支付
T0005270,C04199,P00394,1,3664,2025-07-26 18:30:06,行動支付
T0005271,C00771,P01364,1,1396,2025-07-02 14:20:47,轉帳
T0005272,C04987,P01649,1,3822,2025-07-14 01:18:37,行動支付
T0005273,C03350,P00688,4,15184,2025-07-06 23:23:56,行動支付
T0005274,C00671,P01586,4,15140,2025-07-15 14:18:05,信用卡
T0005275,C00358,P00461,3,1149,2025-07-22 12:02:23,信用卡
T0005276,C00078,P01656,1,1615,2025-07-16 06:21:12,行動支付
T0005277,C03606,P00913,4,452,2025-07-05 03:31:55,貨到付款
T0005278,C02433,P00711,3,6369,2025-07-22 17:39:54,信用卡
T0005279,C02183,P01806,1,3810,2025-07-27 11:50:43,信用卡
T0005280,C04951,P00191,2,7424,2025-07-25 13:25:07,貨到付款
T0005281,C00423,P01074,1,2058,2025-07-11 16:58:33,轉帳
T0005282,C03211,P00264,1,1401,2025-07-20 16:54:59,行動支付
T0005283,C02079,P00142,4,1924,2025-07-17 17:45:07,信用卡
T0005284,C02280,P00045,3,6081,2025-07-13 19:35:55,轉帳
T0005285,C03944,P00323,3,5862,2025-07-08 07:06:20,信用卡
T0005286,C03022,P01196,4,8752,2025-07-28 22:05:04,貨到付款
T0005287,C02128,P00831,1,371,2025-07-09 10:16:07,轉帳
T0005288,C00898,P01766,2,6414,2025-07-06 07:51:32,信用卡
T0005289,C02547,P01371,1,1986,2025-07-10 23:56:19,轉帳
T0005290,C02760,P01484,1,1321,2025-07-31 14:13:04,轉帳
T0005291,C02250,P00939,2,454,2025-07-30 18:13:28,貨到付款
T0005292,C01776,P00756,4,14132,2025-07-03 22:30:57,信用卡
T0005293,C00928,P01216,3,792,2025-07-27 21:16:05,貨到付款
T0005294,C03022,P01721,4,1560,2025-07-19 21:00:43,轉帳
T0005295,C02889,P00318,4,13492,2025-07-14 14:20:19,轉帳
T0005296,C04234,P01498,1,1476,2025-07-29 22:41:03,信用卡
T0005297,C01183,P01061,3,2928,2025-07-18 13:47:52,信用卡
T0005298,C02508,P00238,3,10155,2025-07-01 10:00:57,行動支付
T0005299,C02054,P01570,4,5720,2025-07-04 17:50:05,轉帳
T0005300,C02730,P00527,2,5262,2025-07-30 15:56:58,轉帳
T0005301,C01834,P01684,4,13296,2025-07-03 15:24:06,信用卡
T0005302,C04891,P01483,2,6372,2025-07-07 17:02:07,行動支付
T0005303,C02840,P01642,3,7269,2025-07-04 18:28:13,貨到付款
T0005304,C03524,P00133,4,13008,2025-07-18 11:05:42,貨到付款
T0005305,C00565,P00774,1,2106,2025-07-31 15:53:41,行動支付
T0005306,C02407,P00324,4,7736,2025-07-03 14:01:15,轉帳
T0005307,C03452,P01134,3,1323,2025-07-31 12:37:24,信用卡
T0005308,C00710,P01602,1,1754,2025-07-12 22:27:16,轉帳
T0005309,C03656,P00406,1,4078,2025-07-01 02:36:04,轉帳
T0005310,C04917,P00237,2,3040,2025-07-22 19:41:59,貨到付款
T0005311,C04918,P00973,1,740,2025-07-24 21:18:54,轉帳
T0005312,C03894,P01002,1,3083,2025-07-05 18:46:03,貨到付款
T0005313,C02324,P00733,4,2912,2025-07-23 21:28:35,貨到付款
T0005314,C00391,P01114,3,3174,2025-07-27 23:54:18,行動支付
T0005315,C04449,P00737,2,3518,2025-07-03 09:55:17,信用卡
T0005316,C00442,P01682,4,444,2025-07-07 12:44:11,轉帳
T0005317,C02362,P01682,1,111,2025-07-10 22:45:53,行動支付
T0005318,C03708,P01814,1,2316,2025-07-03 20:16:56,信用卡
T0005319,C04802,P00921,2,3416,2025-07-16 12:18:42,信用卡
T0005320,C00390,P01506,3,8658,2025-07-13 22:09:17,貨到付款
T0005321,C03168,P01781,2,3494,2025-07-30 19:09:08,行動支付
T0005322,C03990,P00766,4,11972,2025-07-08 22:03:41,轉帳
T0005323,C01562,P01400,2,4802,2025-07-14 21:56:18,行動支付
T0005324,C00263,P01859,1,3151,2025-07-05 17:50:05,轉帳
T0005325,C01717,P00168,4,6432,2025-07-14 21:16:25,轉帳
T0005326,C03892,P01024,1,613,2025-07-02 11:51:38,信用卡
T0005327,C02344,P00787,3,2691,2025-07-26 08:40:44,貨到付款
T0005328,C02563,P00723,1,1385,2025-07-11 17:15:17,貨到付款
T0005329,C02346,P00606,1,3648,2025-07-30 18:25:20,行動支付
T0005330,C03669,P00573,2,404,2025-07-05 01:48:31,信用卡
T0005331,C02105,P01526,1,3940,2025-07-10 14:20:12,轉帳
T0005332,C04802,P00509,4,6560,2025-07-25 22:06:27,行動支付
T0005333,C03991,P01312,4,9308,2025-07-25 21:37:50,轉帳
T0005334,C01446,P00881,3,717,2025-07-11 00:02:49,信用卡
T0005335,C00176,P00862,4,1020,2025-07-11 17:18:06,行動支付
T0005336,C04614,P01959,2,924,2025-07-04 18:13:30,信用卡
T0005337,C03747,P01369,3,7509,2025-07-30 17:59:14,貨到付款
T0005338,C03634,P01209,4,12680,2025-07-21 18:41:27,貨到付款
T0005339,C02818,P00377,2,7728,2025-07-24 21:15:40,行動支付
T0005340,C00307,P00449,4,10740,2025-07-04 19:00:31,轉帳
T0005341,C02365,P00833,4,4956,2025-07-18 17:43:02,信用卡
T0005342,C00845,P00017,1,1898,2025-07-21 15:27:36,信用卡
T0005343,C00258,P01294,4,5820,2025-07-27 16:20:28,行動支付
T0005344,C04951,P00753,4,5812,2025-07-24 13:07:35,信用卡
T0005345,C04044,P00907,2,2276,2025-07-26 18:14:00,貨到付款
T0005346,C03121,P00258,2,5162,2025-07-09 08:43:20,行動支付
T0005347,C01434,P00337,1,3144,2025-07-21 21:17:40,貨到付款
T0005348,C00412,P00269,4,13444,2025-07-10 15:53:31,行動支付
T0005349,C02527,P01764,1,559,2025-07-08 11:44:14,信用卡
T0005350,C04257,P00234,4,9948,2025-07-12 23:53:41,信用卡
T0005351,C01389,P00591,3,-72,2025-07-28 17:15:27,信用卡
T0005352,C00662,P00293,3,6285,2025-07-25 17:02:06,貨到付款
T0005353,C01404,P00432,1,2654,2025-07-22 14:49:23,轉帳
T0005354,C04289,P00821,1,4118,2025-07-05 20:23:53,轉帳
T0005355,C00071,P00274,1,1166,2025-07-08 05:51:53,轉帳
T0005356,C00557,P01657,2,6164,2025-07-23 15:55:20,信用卡
T0005357,C00873,P00687,2,814,2025-07-02 11:00:50,貨到付款
T0005358,C02958,P01309,2,8608,2025-07-19 05:01:05,行動支付
T0005359,C00755,P01390,1,1361,2025-07-30 19:33:20,轉帳
T0005360,C02233,P00533,4,13556,2025-07-20 09:36:44,貨到付款
T0005361,C04039,P00302,3,7353,2025-07-15 12:01:47,信用卡
T0005362,C01306,P01358,1,2846,2025-07-20 08:36:01,信用卡
T0005363,C03503,P01700,2,4296,2025-07-11 19:42:22,行動支付
T0005364,C02424,P01272,2,2782,2025-07-02 17:30:58,轉帳
T0005365,C03996,P01909,1,1188,2025-07-19 03:04:33,信用卡
T0005366,C04310,P01067,1,1173,2025-07-09 14:09:24,轉帳
T0005367,C01714,P00985,2,4006,2025-07-13 12:25:13,行動支付
T0005368,C00422,P01972,4,12004,2025-07-24 21:38:40,行動支付
T0005369,C00725,P01900,2,3516,2025-07-29 10:04:27,行動支付
T0005370,C04669,P01235,2,6880,2025-07-31 17:05:38,行動支付
T0005371,C00770,P01479,1,301,2025-07-12 20:02:51,轉帳
T0005372,C02479,P01860,4,8264,2025-07-23 18:59:57,轉帳
T0005373,C04967,P00295,2,6116,2025-07-21 20:50:24,貨到付款
T0005374,C03851,P00480,2,1960,2025-07-06 17:32:41,轉帳
T0005375,C01189,P00622,3,3825,2025-07-29 21:01:32,貨到付款
T0005376,C02200,P01641,1,1904,2025-07-18 23:47:41,信用卡
T0005377,C03187,P00169,3,780,2025-07-02 13:51:12,信用卡
T0005378,C01054,P01201,3,11895,2025-07-03 19:09:42,轉帳
T0005379,C03671,P01365,2,1864,2025-07-27 02:59:37,行動支付
T0005380,C01725,P00527,1,2631,2025-07-11 17:56:35,行動支付
T0005381,C03211,P00402,4,12580,2025-07-05 18:56:10,行動支付
T0005382,C03777,P00677,2,3920,2025-07-07 11:05:11,信用卡
T0005383,C00579,P00478,4,15980,2025-07-11 13:31:08,信用卡
T0005384,C00838,P00267,4,5960,2025-07-12 00:44:45,轉帳
T0005385,C01993,P01931,1,3041,2025-07-27 05:54:22,信用卡
T0005386,C01506,P01978,3,5082,2025-07-31 19:27:07,轉帳
T0005387,C03730,P01894,1,1076,2025-07-14 10:29:44,行動支付
T0005388,C03762,P01948,4,11280,2025-07-04 22:16:05,行動支付
T0005389,C02662,P00373,2,3318,2025-07-07 12:11:31,信用卡
T0005390,C01899,P00731,4,13364,2025-07-21 18:12:09,貨到付款
T0005391,C03528,P00115,2,386,2025-07-07 12:31:14,行動支付
T0005392,C02372,P01063,2,5460,2025-07-23 15:16:11,貨到付款
T0005393,C00725,P00449,1,2685,2025-07-30 19:43:57,轉帳
T0005394,C04351,P00521,4,6232,2025-07-10 18:00:38,貨到付款
T0005395,C00059,P00404,3,6741,2025-07-09 10:28:38,貨到付款
T0005396,C04636,P01630,4,12604,2025-07-08 21:16:07,轉帳
T0005397,C02244,P01617,4,10124,2025-07-12 15:29:04,行動支付
T0005398,C03392,P00481,3,2751,2025-07-20 17:18:09,行動支付
T0005399,C04808,P00157,1,3265,2025-07-11 03:55:42,行動支付
T0005400,C03414,P01668,4,8616,2025-07-11 23:08:42,信用卡
T0005401,C00205,P01696,4,15972,2025-07-31 20:21:14,信用卡
T0005402,C04588,P01058,2,2354,2025-07-31 21:41:51,轉帳
T0005403,C03187,P00811,4,15252,2025-07-30 00:49:36,轉帳
T0005404,C04780,P00747,3,10716,2025-07-12 08:54:47,信用卡
T0005405,C02158,P01437,2,300,2025-07-22 16:31:38,行動支付
T0005406,C04590,P00739,1,289,2025-07-26 23:38:14,轉帳
T0005407,C04291,P00933,2,3060,2025-07-13 07:50:11,轉帳
T0005408,C01674,P01455,3,1185,2025-07-16 11:37:22,貨到付款
T0005409,C01335,P01832,3,10815,2025-07-15 10:33:46,貨到付款
T0005410,C00491,P01127,2,3486,2025-07-21 07:43:50,轉帳
T0005411,C03271,P00537,1,1060,2025-07-29 05:37:09,行動支付
T0005412,C01955,P00661,2,6808,2025-07-03 11:06:06,轉帳
T0005413,C03865,P00907,1,1138,2025-07-22 21:04:15,行動支付
T0005414,C03745,P01173,2,4154,2025-07-21 11:06:01,貨到付款
T0005415,C03671,P01789,3,1470,2025-07-16 12:23:48,轉帳
T0005416,C02943,P01594,4,10400,2025-07-22 03:55:16,轉帳
T0005417,C00974,P00536,4,16024,2025-07-13 23:17:33,轉帳
T0005418,C01687,P01544,1,2545,2025-07-27 18:18:45,貨到付款
T0005419,C03451,P01802,1,332,2025-07-24 21:10:13,貨到付款
T0005420,C00899,P01271,1,2111,2025-07-05 19:08:11,貨到付款
T0005421,C02738,P01893,3,3684,2025-07-08 21:58:02,轉帳
T0005422,C03364,P00720,2,2078,2025-07-18 15:15:33,行動支付
T0005423,C04158,P00479,3,2361,2025-07-25 12:45:55,轉帳
T0005424,C00059,P00741,4,9004,2025-07-26 11:49:48,行動支付
T0005425,C00488,P00944,1,2972,2025-07-25 18:19:13,貨到付款
T0005426,C00519,P01714,2,1982,2025-07-19 19:06:15,行動支付
T0005427,C02229,P00786,4,3680,2025-07-16 00:33:22,信用卡
T0005428,C01097,P01862,4,4184,2025-07-18 21:33:13,信用卡
T0005429,C01416,P01189,4,7692,2025-07-16 17:07:14,轉帳
T0005430,C00965,P01005,3,4197,2025-07-31 23:27:52,貨到付款
T0005431,C00118,P01924,1,2495,2025-07-31 19:11:08,信用卡
T0005432,C00459,P00127,4,17200,2025-07-13 15:33:00,貨到付款
T0005433,C04692,P00417,1,1661,2025-07-20 23:38:13,行動支付
T0005434,C03283,P00560,3,6552,2025-07-15 05:06:39,轉帳
T0005435,C04177,P00158,4,3800,2025-07-08 05:28:53,貨到付款
T0005436,C04752,P00686,3,4212,2025-07-18 12:45:38,行動支付
T0005437,C03190,P00739,3,867,2025-07-18 16:49:51,轉帳
T0005438,C03540,P01070,1,3397,2025-07-08 16:12:28,行動支付
T0005439,C00599,P01816,4,6080,2025-07-21 12:41:28,行動支付
T0005440,C04282,P01145,3,12198,2025-07-29 19:14:34,信用卡
T0005441,C00649,P01850,4,2944,2025-07-04 07:50:13,信用卡
T0005442,C03281,P01873,1,291,2025-07-15 04:16:36,貨到付款
T0005443,C04499,P01834,3,6945,2025-07-09 14:19:53,轉帳
T0005444,C02830,P00612,1,1265,2025-07-12 07:01:28,信用卡
T0005445,C04835,P00175,4,13344,2025-07-28 15:00:00,行動支付
T0005446,C04480,P00683,4,7000,2025-07-11 21:58:22,貨到付款
T0005447,C03478,P01520,1,3364,2025-07-11 17:32:33,轉帳
T0005448,C01266,P01191,2,3314,2025-07-05 20:58:16,貨到付款
T0005449,C02334,P00646,3,4500,2025-07-18 18:42:07,貨到付款
T0005450,C04680,P01879,4,6836,2025-07-25 15:42:35,貨到付款
T0005451,C03193,P01151,4,6992,2025-07-26 04:41:47,信用卡
T0005452,C04613,P00794,3,12720,2025-07-08 15:20:03,行動支付
T0005453,C01381,P01688,1,3490,2025-07-26 22:46:58,行動支付
T0005454,C02134,P00363,1,3655,2025-07-18 12:30:37,貨到付款
T0005455,C04516,P01706,1,844,2025-07-18 19:21:32,貨到付款
T0005456,C03849,P00479,2,1574,2025-07-16 19:14:29,轉帳
T0005457,C01617,P00906,2,1376,2025-07-03 23:27:49,貨到付款
T0005458,C00809,P01961,4,10864,2025-07-10 07:56:54,轉帳
T0005459,C00369,P00273,1,1209,2025-07-26 22:13:47,信用卡
T0005460,C03885,P00735,3,3309,2025-07-02 14:01:24,信用卡
T0005461,C01913,P01434,4,7628,2025-07-14 14:57:31,貨到付款
T0005462,C01663,P01974,3,8466,2025-07-02 17:42:44,轉帳
T0005463,C00300,P00531,4,412,2025-07-13 05:57:14,轉帳
T0005464,C04778,P00769,2,2412,2025-07-03 07:50:04,行動支付
T0005465,C01323,P01866,4,2692,2025-07-23 14:05:06,信用卡
T0005466,C02202,P00571,2,7132,2025-07-31 16:21:47,貨到付款
T0005467,C02458,P01995,4,1840,2025-07-08 01:15:31,貨到付款
T0005468,C04642,P01907,1,2818,2025-07-07 19:53:12,轉帳
T0005469,C03051,P01301,3,5118,2025-07-09 18:14:31,行動支付
T0005470,C00892,P01167,1,1824,2025-07-16 17:29:00,貨到付款
T0005471,C02460,P00495,4,4144,2025-07-25 22:31:36,貨到付款
T0005472,C00719,P01794,4,2556,2025-07-21 17:01:26,行動支付
T0005473,C03843,P01881,4,13172,2025-07-04 20:37:08,貨到付款
T0005474,C01091,P01633,2,3976,2025-07-29 03:00:18,行動支付
T0005475,C03216,P00601,3,9654,2025-07-30 13:08:02,行動支付
T0005476,C04563,P00633,3,927,2025-07-16 10:06:25,信用卡
T0005477,C03577,P00617,4,5020,2025-07-06 19:28:44,貨到付款
T0005478,C00516,P01436,4,12736,2025-07-10 09:27:35,行動支付
T0005479,C00364,P00111,2,4978,2025-07-09 22:15:09,信用卡
T0005480,C02856,P01133,1,2713,2025-07-12 21:58:20,行動支付
T0005481,C01252,P00440,1,2105,2025-07-02 19:21:53,信用卡
T0005482,C02229,P01540,3,7821,2025-07-05 13:38:01,貨到付款
T0005483,C04482,P00452,2,3454,2025-07-11 18:14:24,信用卡
T0005484,C00744,P01922,4,2404,2025-07-26 21:28:39,轉帳
T0005485,C03201,P01361,3,8085,2025-07-21 09:01:52,貨到付款
T0005486,C04664,P00036,2,2870,2025-07-15 22:58:57,信用卡
T0005487,C03323,P01068,1,3339,2025-07-24 19:39:22,貨到付款
T0005488,C01332,P01372,2,2390,2025-07-16 16:42:38,轉帳
T0005489,C03500,P00243,1,2814,2025-07-01 20:20:44,行動支付
T0005490,C04523,P01880,2,5040,2025-07-23 12:58:34,轉帳
T0005491,C02873,P01643,3,-84,2025-07-04 16:48:51,貨到付款
T0005492,C02576,P01839,1,268,2025-07-26 23:26:34,貨到付款
T0005493,C04699,P00284,3,1074,2025-07-28 20:59:47,轉帳
T0005494,C02453,P00240,3,9762,2025-07-09 12:27:20,行動支付
T0005495,C02180,P00736,1,3500,2025-07-31 18:47:44,貨到付款
T0005496,C04220,P01097,1,2474,2025-07-24 16:05:52,信用卡
T0005497,C03904,P00184,4,1948,2025-07-24 14:18:11,行動支付
T0005498,C03926,P01865,4,15832,2025-07-02 22:16:03,貨到付款
T0005499,C02700,P00561,4,10620,2025-07-30 22:23:57,轉帳
T0005500,C00016,P00312,3,777,2025-07-03 22:58:23,轉帳
T0005501,C04770,P00725,3,12267,2025-07-30 18:20:26,信用卡
T0005502,C04089,P01938,4,13824,2025-07-16 20:17:00,信用卡
T0005503,C02410,P00558,3,11484,2025-07-19 18:03:07,行動支付
T0005504,C02836,P01792,3,2466,2025-07-24 13:31:51,貨到付款
T0005505,C04675,P00865,1,305,2025-07-11 17:38:43,行動支付
T0005506,C01794,P01811,1,3320,2025-07-08 02:01:04,轉帳
T0005507,C03409,P01595,3,708,2025-07-08 21:55:40,信用卡
T0005508,C02003,P00519,4,17344,2025-07-03 12:02:22,轉帳
T0005509,C03161,P01688,2,6980,2025-07-24 17:03:24,轉帳
T0005510,C04794,P01300,4,16416,2025-07-21 15:36:04,信用卡
T0005511,C00453,P01357,2,7312,2025-07-27 06:50:17,行動支付
T0005512,C02673,P00097,4,17588,2025-07-31 14:19:33,行動支付
T0005513,C04804,P00994,1,1858,2025-07-09 00:03:00,信用卡
T0005514,C00402,P01285,3,2946,2025-07-02 21:02:01,行動支付
T0005515,C02298,P00327,3,2436,2025-07-10 18:16:54,轉帳
T0005516,C03832,P01296,1,295,2025-07-12 06:29:24,貨到付款
T0005517,C03238,P01631,2,4986,2025-07-17 20:18:46,轉帳
T0005518,C00883,P00050,2,3942,2025-07-31 16:28:22,行動支付
T0005519,C00196,P01058,2,2354,2025-07-06 08:01:18,貨到付款
T0005520,C01920,P01593,1,4261,2025-07-29 16:38:09,行動支付
T0005521,C00955,P01750,2,4258,2025-07-28 12:27:08,貨到付款
T0005522,C03479,P01640,1,3882,2025-07-11 14:03:05,信用卡
T0005523,C04482,P00445,4,8940,2025-07-31 10:02:44,貨到付款
T0005524,C03153,P00889,4,12196,2025-07-16 17:47:05,貨到付款
T0005525,C01796,P00905,1,3518,2025-07-03 23:07:10,轉帳
T0005526,C00424,P01154,3,11136,2025-07-22 21:50:52,行動支付
T0005527,C03163,P00800,4,15460,2025-07-13 08:43:42,信用卡
T0005528,C03676,P00647,2,2632,2025-07-12 01:43:07,信用卡
T0005529,C00699,P00376,1,1778,2025-07-12 13:38:01,轉帳
T0005530,C00965,P00936,2,5896,2025-07-10 11:21:01,行動支付
T0005531,C03598,P00222,2,1544,2025-07-15 21:59:54,轉帳
T0005532,C02964,P01822,3,405,2025-07-03 19:16:04,轉帳
T0005533,C02446,P01291,2,7706,2025-07-21 14:17:30,貨到付款
T0005534,C00314,P00093,3,1143,2025-07-31 20:54:49,行動支付
T0005535,C02702,P01526,4,15760,2025-07-24 18:56:12,信用卡
T0005536,C01538,P01400,1,2401,2025-07-27 18:52:06,轉帳
T0005537,C02669,P01630,2,6302,2025-07-21 03:57:14,轉帳
T0005538,C04171,P01627,1,2638,2025-07-25 20:44:15,貨到付款
T0005539,C02246,P01864,2,588,2025-07-04 16:25:30,轉帳
T0005540,C04979,P00125,1,1974,2025-07-02 10:19:24,信用卡
T0005541,C00185,P01855,2,6176,2025-07-04 14:16:58,轉帳
T0005542,C00280,P00734,2,4134,2025-07-10 12:37:26,信用卡
T0005543,C03938,P01298,2,5142,2025-07-10 13:41:32,貨到付款
T0005544,C00214,P01316,2,8954,2025-07-20 21:11:16,信用卡
T0005545,C00590,P00091,2,-150,2025-07-22 12:42:34,貨到付款
T0005546,C04035,P00050,2,3942,2025-07-08 10:57:49,貨到付款
T0005547,C03336,P00303,2,6764,2025-07-03 21:54:51,行動支付
T0005548,C02291,P01712,2,1198,2025-07-26 05:28:40,行動支付
T0005549,C03390,P00356,2,4306,2025-07-05 06:47:43,轉帳
T0005550,C04371,P00256,1,1552,2025-07-22 12:31:59,行動支付
T0005551,C00744,P00618,3,1689,2025-07-23 17:45:10,轉帳
T0005552,C02896,P00639,2,3952,2025-07-25 16:47:45,信用卡
T0005553,C04624,P01325,3,4782,2025-07-11 22:05:45,轉帳
T0005554,C00184,P01890,2,7476,2025-07-28 12:53:19,轉帳
T0005555,C00707,P00239,2,1492,2025-07-17 21:36:19,轉帳
T0005556,C03269,P00052,1,1490,2025-07-01 21:36:42,貨到付款
T0005557,C02356,P00602,4,7760,2025-07-10 13:54:48,轉帳
T0005558,C04590,P01935,4,2548,2025-07-28 16:57:25,貨到付款
T0005559,C00229,P01384,1,2248,2025-07-08 21:50:37,信用卡
T0005560,C03506,P00246,3,10578,2025-07-05 15:18:35,信用卡
T0005561,C00652,P01836,4,9440,2025-07-24 20:32:31,信用卡
T0005562,C00861,P01526,1,3940,2025-07-18 01:30:48,行動支付
T0005563,C00249,P01058,1,1177,2025-07-08 15:42:40,行動支付
T0005564,C01536,P01255,4,18116,2025-07-22 20:26:51,轉帳
T0005565,C03968,P00173,3,4581,2025-07-09 20:30:59,行動支付
T0005566,C02280,P01986,1,3850,2025-07-07 14:02:20,信用卡
T0005567,C00853,P01816,2,3040,2025-07-08 12:09:22,貨到付款
T0005568,C02955,P00396,3,6846,2025-07-04 16:54:34,轉帳
T0005569,C04089,P00396,3,6846,2025-07-15 09:08:54,行動支付
T0005570,C00531,P01244,4,4076,2025-07-18 16:19:28,行動支付
T0005571,C02485,P00702,4,9352,2025-07-14 20:27:27,貨到付款
T0005572,C03995,P00308,2,4938,2025-07-23 22:48:03,貨到付款
T0005573,C01102,P01551,1,3086,2025-07-23 17:37:07,行動支付
T0005574,C04022,P00352,4,14196,2025-07-20 04:23:10,信用卡
T0005575,C02131,P01441,4,2404,2025-07-13 20:08:21,行動支付
T0005576,C04057,P01201,3,11895,2025-07-19 15:39:13,信用卡
T0005577,C04910,P00372,4,13536,2025-07-04 14:55:37,行動支付
T0005578,C03391,P01452,4,-108,2025-07-16 20:54:00,行動支付
T0005579,C01621,P01711,4,10092,2025-07-17 20:26:48,行動支付
T0005580,C04879,P01568,4,5256,2025-07-28 14:36:07,轉帳
T0005581,C02879,P00687,3,1221,2025-07-01 17:54:41,轉帳
T0005582,C00686,P01438,2,-84,2025-07-14 19:13:50,信用卡
T0005583,C04182,P01932,2,1676,2025-07-29 19:41:42,貨到付款
T0005584,C03965,P00704,1,2021,2025-07-27 23:31:02,貨到付款
T0005585,C03821,P01786,4,15480,2025-07-22 12:17:50,行動支付
T0005586,C02965,P01318,3,2922,2025-07-15 15:30:58,行動支付
T0005587,C01677,P00426,1,2215,2025-07-27 23:17:02,行動支付
T0005588,C00603,P00469,1,2661,2025-07-12 19:54:54,貨到付款
T0005589,C00706,P00337,2,6288,2025-07-15 22:03:08,轉帳
T0005590,C02075,P01279,3,12558,2025-07-12 23:47:01,信用卡
T0005591,C03481,P01541,3,5103,2025-07-23 06:23:18,行動支付
T0005592,C02767,P00885,3,747,2025-07-09 17:02:40,信用卡
T0005593,C02193,P01398,2,2058,2025-07-27 18:44:39,信用卡
T0005594,C04628,P00380,2,8334,2025-07-29 16:29:51,信用卡
T0005595,C00203,P01044,2,5126,2025-07-11 10:24:40,行動支付
T0005596,C00499,P01215,2,4388,2025-07-07 15:58:17,信用卡
T0005597,C04236,P00002,2,3118,2025-07-30 19:17:22,轉帳
T0005598,C03062,P00727,4,3624,2025-07-11 19:45:42,貨到付款
T0005599,C03888,P00947,4,9008,2025-07-21 15:53:48,信用卡
T0005600,C00078,P01386,3,1371,2025-07-22 14:15:52,轉帳
T0005601,C02434,P01788,1,2542,2025-07-11 18:11:00,貨到付款
T0005602,C00031,P01663,3,4971,2025-07-23 21:21:01,信用卡
T0005603,C00897,P01563,1,3221,2025-07-19 21:13:49,信用卡
T0005604,C00445,P00451,2,2296,2025-07-01 18:10:30,貨到付款
T0005605,C03258,P00453,1,1090,2025-07-30 19:08:33,轉帳
T0005606,C04434,P00853,3,4890,2025-07-21 18:49:09,轉帳
T0005607,C02081,P01014,3,6336,2025-07-16 13:20:43,行動支付
T0005608,C04037,P01943,1,1091,2025-07-17 21:31:03,行動支付
T0005609,C03862,P00939,4,908,2025-07-31 18:37:17,信用卡
T0005610,C03461,P00183,2,3508,2025-07-27 22:10:47,轉帳
T0005611,C01030,P00097,2,8794,2025-07-29 17:27:52,轉帳
T0005612,C03199,P01952,3,3540,2025-07-13 00:26:59,轉帳
T0005613,C02615,P00091,4,-300,2025-07-14 20:34:01,行動支付
T0005614,C02060,P00374,1,789,2025-07-26 15:49:29,貨到付款
T0005615,C04690,P01214,2,2984,2025-07-14 18:19:16,貨到付款
T0005616,C03052,P01575,4,8408,2025-07-18 10:57:49,轉帳
T0005617,C00188,P00241,2,5394,2025-07-20 23:51:18,信用卡
T0005618,C00900,P01011,4,8984,2025-07-07 18:02:03,轉帳
T0005619,C02499,P00316,4,8472,2025-07-31 15:53:25,信用卡
T0005620,C04751,P01707,3,8700,2025-07-26 02:22:14,行動支付
T0005621,C03135,P00762,2,1928,2025-07-16 15:49:29,貨到付款
T0005622,C03912,P00197,1,2954,2025-07-22 15:08:17,轉帳
T0005623,C01739,P00982,3,11832,2025-07-16 08:18:36,貨到付款
T0005624,C00022,P00311,3,5640,2025-07-03 16:24:12,轉帳
T0005625,C01178,P00199,1,3307,2025-07-31 18:37:21,信用卡
T0005626,C00587,P01289,3,7878,2025-07-01 20:43:30,轉帳
T0005627,C02650,P01904,4,6084,2025-07-26 04:38:11,貨到付款
T0005628,C00478,P01960,4,11520,2025-07-12 00:24:38,行動支付
T0005629,C01809,P00444,2,1856,2025-07-03 13:39:30,行動支付
T0005630,C03805,P01925,2,424,2025-07-17 04:39:32,轉帳
T0005631,C02698,P01355,1,282,2025-07-05 04:30:42,行動支付
T0005632,C01096,P01264,2,530,2025-07-02 01:04:12,貨到付款
T0005633,C03851,P00365,4,13404,2025-07-07 19:47:19,行動支付
T0005634,C03296,P00179,1,744,2025-07-27 17:01:09,轉帳
T0005635,C01382,P01718,1,3350,2025-07-07 22:30:19,貨到付款
T0005636,C00968,P01332,2,838,2025-07-08 10:27:36,信用卡
T0005637,C03983,P01683,4,13316,2025-07-28 18:48:49,行動支付
T0005638,C03426,P00869,1,2335,2025-07-09 17:06:35,信用卡
T0005639,C04842,P01414,4,15992,2025-07-01 06:24:43,信用卡
T0005640,C02372,P00524,4,2820,2025-07-19 15:58:39,信用卡
T0005641,C00881,P01719,4,3588,2025-07-20 02:41:44,行動支付
T0005642,C03350,P01558,2,7586,2025-07-06 13:19:26,貨到付款
T0005643,C00215,P00956,3,7491,2025-07-29 11:15:04,貨到付款
T0005644,C03224,P00648,3,6264,2025-07-04 16:35:29,行動支付
T0005645,C01425,P01507,1,948,2025-07-20 21:16:27,信用卡
T0005646,C02173,P00262,4,8692,2025-07-30 13:22:06,信用卡
T0005647,C01671,P00419,2,2820,2025-07-03 17:01:51,行動支付
T0005648,C04025,P01939,4,12276,2025-07-07 20:36:52,貨到付款
T0005649,C03792,P00433,4,14404,2025-07-29 19:03:23,行動支付
T0005650,C00216,P01381,2,5830,2025-07-20 22:27:43,貨到付款
T0005651,C03702,P00305,3,1221,2025-07-14 17:16:09,信用卡
T0005652,C04624,P01904,4,6084,2025-07-07 16:59:18,行動支付
T0005653,C00879,P01839,4,1072,2025-07-27 04:43:13,貨到付款
T0005654,C03927,P01016,3,11067,2025-07-24 15:56:55,行動支付
T0005655,C02425,P01269,2,398,2025-07-22 19:18:56,行動支付
T0005656,C00580,P01508,1,3405,2025-07-06 12:19:24,轉帳
T0005657,C04475,P00584,3,8694,2025-07-08 15:30:15,行動支付
T0005658,C03607,P01994,1,3453,2025-07-10 17:40:49,轉帳
T0005659,C02963,P00692,1,3566,2025-07-11 04:15:00,轉帳
T0005660,C01629,P01980,3,5670,2025-07-27 23:11:55,貨到付款
T0005661,C00993,P01716,4,4212,2025-07-15 15:08:43,貨到付款
T0005662,C03384,P01132,1,1383,2025-07-26 01:29:36,行動支付
T0005663,C01628,P01434,1,1907,2025-07-07 20:25:10,轉帳
T0005664,C03894,P01330,2,6094,2025-07-12 01:53:21,貨到付款
T0005665,C01630,P01370,4,6444,2025-07-12 04:27:28,轉帳
T0005666,C00490,P01720,1,2894,2025-07-20 14:17:55,貨到付款
T0005667,C03688,P00357,2,2786,2025-07-27 15:19:43,轉帳
T0005668,C04349,P01916,4,11972,2025-07-25 18:15:44,貨到付款
T0005669,C01877,P00810,3,3378,2025-07-15 10:35:45,行動支付
T0005670,C01103,P00754,3,5802,2025-07-15 19:31:37,貨到付款
T0005671,C02354,P01642,2,4846,2025-07-29 11:32:56,信用卡
T0005672,C02422,P01235,3,10320,2025-07-22 16:53:17,轉帳
T0005673,C04452,P01986,1,3850,2025-07-28 17:51:10,貨到付款
T0005674,C00724,P00422,4,14580,2025-07-28 16:27:28,行動支付
T0005675,C04639,P01312,1,2327,2025-07-06 12:30:16,轉帳
T0005676,C02274,P01800,1,2639,2025-07-16 19:24:58,轉帳
T0005677,C01936,P00484,3,1068,2025-07-20 02:18:01,貨到付款
T0005678,C00682,P01794,1,639,2025-07-15 13:55:54,轉帳
T0005679,C03599,P01580,3,10503,2025-07-26 03:24:55,行動支付
T0005680,C03160,P00957,4,17252,2025-07-20 22:24:20,信用卡
T0005681,C04877,P01597,4,8892,2025-07-06 20:18:06,貨到付款
T0005682,C01011,P00133,1,3252,2025-07-24 12:14:04,貨到付款
T0005683,C00636,P01295,2,1878,2025-07-22 15:09:01,信用卡
T0005684,C03461,P01063,3,8190,2025-07-10 01:04:45,行動支付
T0005685,C00298,P00543,3,-270,2025-07-29 00:51:06,信用卡
T0005686,C00682,P01367,1,4049,2025-07-19 01:38:49,轉帳
T0005687,C04258,P00983,3,9279,2025-07-26 06:50:44,信用卡
T0005688,C02292,P00209,3,1410,2025-07-08 14:59:11,貨到付款
T0005689,C00856,P00472,2,7452,2025-07-14 13:33:59,貨到付款
T0005690,C01717,P00971,2,6412,2025-07-04 12:25:14,行動支付
T0005691,C04432,P00630,1,1680,2025-07-26 08:01:05,信用卡
T0005692,C03018,P01713,2,3898,2025-07-19 05:13:57,信用卡
T0005693,C03947,P01899,1,2155,2025-07-03 18:01:56,貨到付款
T0005694,C03189,P01544,4,10180,2025-07-04 18:32:19,貨到付款
T0005695,C03057,P01306,1,2069,2025-07-12 09:53:14,行動支付
T0005696,C00849,P00647,4,5264,2025-07-31 21:52:14,貨到付款
T0005697,C04850,P00027,1,1361,2025-07-16 04:02:46,行動支付
T0005698,C04275,P01319,3,11478,2025-07-23 18:42:44,行動支付
T0005699,C00432,P00439,2,1356,2025-07-15 12:12:05,轉帳
T0005700,C04284,P00770,4,11688,2025-07-29 22:23:26,轉帳
T0005701,C02446,P00802,1,528,2025-07-31 02:31:14,行動支付
T0005702,C04978,P00114,2,1830,2025-07-01 10:06:45,信用卡
T0005703,C02957,P01569,1,1004,2025-07-30 18:54:28,貨到付款
T0005704,C04184,P01327,2,5296,2025-07-07 14:15:53,信用卡
T0005705,C01395,P00458,2,1762,2025-07-20 11:40:42,轉帳
T0005706,C03650,P01656,1,1615,2025-07-02 06:56:55,貨到付款
T0005707,C03680,P00947,4,9008,2025-07-01 07:56:18,信用卡
T0005708,C01233,P00730,4,1996,2025-07-19 04:10:04,行動支付
T0005709,C01636,P00126,3,4485,2025-07-27 19:35:39,信用卡
T0005710,C02897,P01460,2,4578,2025-07-28 10:55:10,貨到付款
T0005711,C04459,P01581,3,6186,2025-07-31 19:57:16,信用卡
T0005712,C02958,P00090,3,5214,2025-07-01 22:26:04,轉帳
T0005713,C00744,P00636,1,2359,2025-07-07 15:21:17,行動支付
T0005714,C02868,P01137,1,3486,2025-07-28 18:27:59,轉帳
T0005715,C00025,P01598,1,304,2025-07-13 01:58:41,貨到付款
T0005716,C04900,P01873,2,582,2025-07-11 20:17:15,行動支付
T0005717,C00200,P01319,1,3826,2025-07-11 16:02:53,行動支付
T0005718,C02353,P00736,1,3500,2025-07-09 20:05:04,貨到付款
T0005719,C03843,P00856,2,6326,2025-07-27 13:54:01,信用卡
T0005720,C00168,P01440,2,2592,2025-07-26 00:19:21,貨到付款
T0005721,C02655,P00144,4,640,2025-07-02 06:20:47,信用卡
T0005722,C02396,P01132,1,1383,2025-07-08 22:45:07,信用卡
T0005723,C03990,P01836,1,2360,2025-07-19 22:39:58,貨到付款
T0005724,C04106,P00684,1,2768,2025-07-29 22:52:40,轉帳
T0005725,C02262,P00856,4,12652,2025-07-14 04:09:30,行動支付
T0005726,C01202,P00033,1,2054,2025-07-13 14:12:51,行動支付
T0005727,C02792,P01866,4,2692,2025-07-29 18:17:50,信用卡
T0005728,C00062,P00182,3,2244,2025-07-30 22:31:31,信用卡
T0005729,C03658,P01441,4,2404,2025-07-20 10:03:54,信用卡
T0005730,C04749,P01184,3,-270,2025-07-11 11:32:53,信用卡
T0005731,C00663,P00423,1,1273,2025-07-29 13:09:20,轉帳
T0005732,C01478,P00642,3,9678,2025-07-16 13:53:17,貨到付款
T0005733,C03238,P01094,4,8884,2025-07-06 04:25:55,轉帳
T0005734,C00453,P00715,2,4208,2025-07-09 19:24:37,貨到付款
T0005735,C02398,P00369,3,11232,2025-07-29 12:47:44,信用卡
T0005736,C01524,P00954,3,10797,2025-07-17 14:07:49,行動支付
T0005737,C03516,P00001,1,554,2025-07-24 19:21:54,信用卡
T0005738,C04289,P00274,4,4664,2025-07-09 21:47:33,信用卡
T0005739,C03736,P00507,3,6102,2025-07-06 11:31:06,轉帳
T0005740,C00122,P00869,3,7005,2025-07-26 02:35:35,轉帳
T0005741,C02274,P00316,3,6354,2025-07-27 18:24:03,信用卡
T0005742,C03859,P00029,3,3210,2025-07-12 23:01:04,轉帳
T0005743,C04370,P01245,2,4538,2025-07-19 11:50:55,信用卡
T0005744,C02026,P01304,4,7464,2025-07-11 13:31:02,行動支付
T0005745,C03949,P00192,1,2531,2025-07-18 10:31:47,信用卡
T0005746,C01852,P01457,1,3443,2025-07-18 13:20:56,貨到付款
T0005747,C02321,P00179,2,1488,2025-07-02 11:46:18,信用卡
T0005748,C03167,P00614,4,4036,2025-07-03 21:57:17,轉帳
T0005749,C04301,P01881,3,9879,2025-07-24 10:59:16,轉帳
T0005750,C00353,P01143,2,6742,2025-07-25 10:25:31,轉帳
T0005751,C04467,P01503,4,16172,2025-07-26 15:33:34,轉帳
T0005752,C01664,P00859,3,6084,2025-07-02 18:54:02,行動支付
T0005753,C00163,P01893,2,2456,2025-07-03 12:07:14,行動支付
T0005754,C02129,P00807,4,7948,2025-07-15 18:42:26,貨到付款
T0005755,C01348,P01063,1,2730,2025-07-25 21:26:32,信用卡
T0005756,C04730,P01294,1,1455,2025-07-09 21:28:02,信用卡
T0005757,C02712,P00811,4,15252,2025-07-10 10:04:26,貨到付款
T0005758,C03972,P01132,1,1383,2025-07-24 16:32:07,轉帳
T0005759,C03938,P01046,4,10572,2025-07-10 10:58:59,信用卡
T0005760,C00404,P00431,3,9564,2025-07-01 14:24:42,信用卡
T0005761,C04404,P00329,4,12140,2025-07-18 05:41:00,貨到付款
T0005762,C03678,P00981,3,11295,2025-07-02 14:04:57,貨到付款
T0005763,C00274,P00967,2,170,2025-07-09 11:23:36,貨到付款
T0005764,C04726,P00159,4,1304,2025-07-16 10:59:14,貨到付款
T0005765,C03373,P01203,2,4742,2025-07-20 17:50:29,貨到付款
T0005766,C04439,P01540,1,2607,2025-07-13 09:06:43,轉帳
T0005767,C00554,P00263,3,8844,2025-07-02 12:07:55,貨到付款
T0005768,C01827,P01304,4,7464,2025-07-15 19:20:02,信用卡
T0005769,C03095,P01349,2,3644,2025-07-01 20:27:00,行動支付
T0005770,C01827,P00056,3,771,2025-07-03 18:55:29,行動支付
T0005771,C00876,P01918,3,2175,2025-07-12 18:07:45,行動支付
T0005772,C02793,P01390,1,1361,2025-07-24 16:00:00,貨到付款
T0005773,C00335,P01927,1,190,2025-07-29 14:30:35,貨到付款
T0005774,C03546,P01069,3,5640,2025-07-09 10:18:23,轉帳
T0005775,C01023,P00950,3,10851,2025-07-12 10:06:33,轉帳
T0005776,C04906,P01089,4,17744,2025-07-21 14:30:30,信用卡
T0005777,C01193,P00704,3,6063,2025-07-26 01:27:31,信用卡
T0005778,C00567,P01681,4,15204,2025-07-05 16:38:46,信用卡
T0005779,C02392,P01871,3,5904,2025-07-06 19:11:35,行動支付
T0005780,C04695,P01881,1,3293,2025-07-25 11:37:55,信用卡
T0005781,C02900,P01369,4,10012,2025-07-04 11:00:40,行動支付
T0005782,C04795,P01800,2,5278,2025-07-19 19:07:23,貨到付款
T0005783,C01048,P01396,1,998,2025-07-06 10:11:47,行動支付
T0005784,C03725,P00617,4,5020,2025-07-12 14:34:14,貨到付款
T0005785,C01127,P00230,4,5704,2025-07-07 14:53:29,行動支付
T0005786,C01763,P00183,2,3508,2025-07-30 22:50:44,轉帳
T0005787,C01336,P01539,4,10744,2025-07-02 21:43:36,信用卡
T0005788,C03401,P00657,3,4683,2025-07-04 10:49:02,信用卡
T0005789,C01385,P00376,2,3556,2025-07-12 14:51:17,行動支付
T0005790,C00316,P01907,1,2818,2025-07-26 06:29:40,貨到付款
T0005791,C01726,P01344,1,2892,2025-07-29 19:37:47,行動支付
T0005792,C02431,P01571,3,2232,2025-07-28 16:55:34,行動支付
T0005793,C02633,P01273,1,1486,2025-07-01 06:42:49,轉帳
T0005794,C00613,P00363,4,14620,2025-07-06 08:25:51,轉帳
T0005795,C03549,P00249,4,7668,2025-07-05 01:13:26,貨到付款
T0005796,C03391,P00091,3,-225,2025-07-04 19:55:35,貨到付款
T0005797,C02664,P00242,1,3522,2025-07-18 02:22:31,轉帳
T0005798,C01461,P00138,1,759,2025-07-27 15:50:04,行動支付
T0005799,C03104,P01684,3,9972,2025-07-28 14:41:10,信用卡
T0005800,C03999,P01549,2,832,2025-07-23 03:41:25,行動支付
T0005801,C04726,P00972,1,1060,2025-07-23 11:03:14,轉帳
T0005802,C04043,P00756,2,7066,2025-07-29 13:21:39,信用卡
T0005803,C04704,P01986,1,3850,2025-07-12 21:39:06,信用卡
T0005804,C00328,P01126,1,-48,2025-07-11 09:28:57,行動支付
T0005805,C04459,P00912,1,1605,2025-07-13 18:27:45,信用卡
T0005806,C02289,P01843,1,4157,2025-07-14 10:36:25,行動支付
T0005807,C00400,P00959,4,11740,2025-07-29 20:22:34,信用卡
T0005808,C04489,P01421,2,2678,2025-07-28 14:55:47,轉帳
T0005809,C01441,P00002,2,3118,2025-07-07 13:03:08,信用卡
T0005810,C04783,P00841,1,899,2025-07-25 13:55:24,貨到付款
T0005811,C00546,P01122,1,-45,2025-07-17 15:59:09,貨到付款
T0005812,C01379,P00791,2,860,2025-07-26 01:09:11,貨到付款
T0005813,C03485,P00618,4,2252,2025-07-11 21:23:02,貨到付款
T0005814,C02481,P01330,3,9141,2025-07-26 13:58:01,信用卡
T0005815,C04374,P00870,3,5667,2025-07-13 14:01:39,信用卡
T0005816,C02603,P00801,2,1678,2025-07-15 16:59:29,信用卡
T0005817,C03136,P01144,1,1066,2025-07-27 04:57:41,貨到付款
T0005818,C01465,P01186,1,3451,2025-07-28 16:58:06,行動支付
T0005819,C04847,P01846,4,4168,2025-07-27 20:58:12,信用卡
T0005820,C02707,P01769,3,507,2025-07-21 21:57:07,行動支付
T0005821,C00660,P00178,4,5972,2025-07-25 04:03:40,轉帳
T0005822,C01733,P01632,3,10581,2025-07-01 14:20:34,轉帳
T0005823,C02219,P00771,2,568,2025-07-10 15:15:54,轉帳
T0005824,C03223,P00695,3,8112,2025-07-23 19:50:36,轉帳
T0005825,C01457,P01381,4,11660,2025-07-08 22:48:00,轉帳
T0005826,C00314,P00067,4,1652,2025-07-09 14:14:44,行動支付
T0005827,C04358,P01715,4,-212,2025-07-26 07:41:45,貨到付款
T0005828,C01161,P00066,2,3772,2025-07-14 00:34:38,信用卡
T0005829,C04737,P00813,3,10281,2025-07-23 20:40:31,轉帳
T0005830,C03223,P00706,3,7584,2025-07-29 02:17:36,信用卡
T0005831,C02058,P01398,4,4116,2025-07-28 20:15:30,行動支付
T0005832,C01713,P00940,3,2802,2025-07-12 14:00:18,轉帳
T0005833,C03230,P00075,1,2728,2025-07-10 15:39:03,貨到付款
T0005834,C01631,P01478,1,3293,2025-07-21 20:20:47,信用卡
T0005835,C02966,P01950,1,2688,2025-07-18 20:03:16,貨到付款
T0005836,C03484,P01130,3,5682,2025-07-16 01:31:41,轉帳
T0005837,C04209,P01232,2,5618,2025-07-17 16:10:54,信用卡
T0005838,C02226,P01925,2,424,2025-07-15 14:23:07,信用卡
T0005839,C01520,P00882,2,1930,2025-07-07 00:49:03,信用卡
T0005840,C00659,P00219,2,2076,2025-07-11 22:50:03,貨到付款
T0005841,C03946,P01269,1,199,2025-07-29 20:57:39,行動支付
T0005842,C00858,P01300,1,4104,2025-07-18 22:20:58,信用卡
T0005843,C01300,P00274,4,4664,2025-07-16 12:30:13,轉帳
T0005844,C02421,P01391,3,5277,2025-07-29 16:49:00,貨到付款
T0005845,C04853,P00445,3,6705,2025-07-18 12:31:19,信用卡
T0005846,C03848,P00411,2,7266,2025-07-01 13:32:10,貨到付款
T0005847,C00236,P01389,1,3050,2025-07-17 12:00:28,轉帳
T0005848,C01765,P01187,2,1180,2025-07-06 08:14:11,貨到付款
T0005849,C02279,P01438,4,-168,2025-07-01 13:08:34,信用卡
T0005850,C00831,P00358,3,6198,2025-07-12 01:53:23,貨到付款
T0005851,C04620,P00699,3,11949,2025-07-29 04:12:21,轉帳
T0005852,C03559,P00323,2,3908,2025-07-06 06:05:05,信用卡
T0005853,C01426,P00322,4,3876,2025-07-26 10:32:30,信用卡
T0005854,C04866,P00827,3,2475,2025-07-22 19:49:22,信用卡
T0005855,C04196,P00412,4,7720,2025-07-01 18:07:13,行動支付
T0005856,C03464,P00599,4,7844,2025-07-28 17:44:07,行動支付
T0005857,C03331,P01974,2,5644,2025-07-29 16:17:05,貨到付款
T0005858,C00767,P01706,1,844,2025-07-17 01:47:05,貨到付款
T0005859,C01189,P01228,2,3646,2025-07-27 06:08:01,行動支付
T0005860,C00205,P01832,1,3605,2025-07-31 18:52:00,貨到付款
T0005861,C01583,P01241,4,1356,2025-07-16 11:59:02,貨到付款
T0005862,C00632,P01119,1,2359,2025-07-09 19:23:04,信用卡
T0005863,C01302,P01139,4,7176,2025-07-11 14:38:58,轉帳
T0005864,C00922,P00670,3,1575,2025-07-27 05:51:49,信用卡
T0005865,C02812,P00786,3,2760,2025-07-05 11:44:39,信用卡
T0005866,C00173,P01845,3,10761,2025-07-05 18:24:35,信用卡
T0005867,C01584,P00827,2,1650,2025-07-19 21:37:16,貨到付款
T0005868,C01719,P00869,2,4670,2025-07-15 11:29:53,貨到付款
T0005869,C01864,P00597,4,9700,2025-07-20 04:36:59,信用卡
T0005870,C02699,P00660,3,8106,2025-07-05 16:11:54,信用卡
T0005871,C00812,P00523,2,5388,2025-07-07 17:24:03,信用卡
T0005872,C01507,P01802,3,996,2025-07-12 09:26:51,行動支付
T0005873,C04602,P01846,2,2084,2025-07-02 14:09:19,貨到付款
T0005874,C02022,P01490,1,370,2025-07-27 19:07:13,轉帳
T0005875,C02497,P00614,1,1009,2025-07-16 11:54:19,信用卡
T0005876,C00726,P00514,3,9207,2025-07-20 02:41:20,行動支付
T0005877,C02290,P00145,4,11896,2025-07-18 23:04:36,行動支付
T0005878,C01601,P01793,2,-124,2025-07-08 21:24:37,貨到付款
T0005879,C00021,P01223,2,-162,2025-07-10 21:27:19,貨到付款
T0005880,C03692,P00791,1,430,2025-07-07 22:22:43,信用卡
T0005881,C04878,P01856,1,3131,2025-07-23 10:42:19,行動支付
T0005882,C01656,P01178,4,17120,2025-07-29 19:20:44,信用卡
T0005883,C03527,P01505,4,956,2025-07-20 23:17:23,行動支付
T0005884,C02369,P00484,4,1424,2025-07-31 14:48:07,行動支付
T0005885,C01449,P01411,3,5760,2025-07-12 00:34:37,行動支付
T0005886,C04720,P01715,1,-53,2025-07-11 23:58:18,信用卡
T0005887,C04903,P00551,3,3324,2025-07-13 16:50:41,行動支付
T0005888,C02868,P00901,1,3468,2025-07-30 22:34:28,信用卡
T0005889,C00735,P00452,1,1727,2025-07-20 13:30:56,轉帳
T0005890,C02826,P01761,2,1054,2025-07-14 19:15:43,行動支付
T0005891,C04534,P01754,1,3035,2025-07-25 03:12:00,行動支付
T0005892,C02210,P00527,1,2631,2025-07-09 10:52:13,信用卡
T0005893,C03445,P01051,3,9957,2025-07-08 20:44:33,貨到付款
T0005894,C03658,P01352,1,3089,2025-07-17 17:15:06,行動支付
T0005895,C04500,P01314,3,1998,2025-07-22 16:00:49,轉帳
T0005896,C00697,P01122,4,-180,2025-07-05 07:39:46,貨到付款
T0005897,C02754,P00292,1,2465,2025-07-23 18:31:01,貨到付款
T0005898,C01540,P00095,1,-77,2025-07-09 00:49:19,行動支付
T0005899,C02008,P00656,3,9435,2025-07-08 19:34:58,信用卡
T0005900,C04204,P00840,4,13064,2025-07-14 22:27:32,轉帳
T0005901,C02229,P01210,2,6084,2025-07-10 15:51:31,行動支付
T0005902,C00462,P00954,4,14396,2025-07-21 10:02:47,信用卡
T0005903,C00275,P01870,3,10359,2025-07-06 11:30:46,行動支付
T0005904,C03206,P01976,4,6788,2025-07-17 17:27:12,行動支付
T0005905,C02917,P01338,3,8232,2025-07-14 15:22:13,行動支付
T0005906,C01110,P01066,3,525,2025-07-16 10:03:53,信用卡
T0005907,C04678,P01541,2,3402,2025-07-18 19:09:12,信用卡
T0005908,C01389,P01044,1,2563,2025-07-07 21:02:36,轉帳
T0005909,C00112,P01716,3,3159,2025-07-15 02:38:51,信用卡
T0005910,C02692,P00539,3,6198,2025-07-19 13:18:29,信用卡
T0005911,C02227,P00498,2,3850,2025-07-16 03:43:29,行動支付
T0005912,C03357,P00207,3,10191,2025-07-12 02:44:59,行動支付
T0005913,C00436,P00015,1,2011,2025-07-13 03:00:36,信用卡
T0005914,C02558,P01788,2,5084,2025-07-17 18:56:50,信用卡
T0005915,C00972,P01142,1,2857,2025-07-21 20:26:53,行動支付
T0005916,C01588,P00258,1,2581,2025-07-07 14:33:59,轉帳
T0005917,C03025,P01382,2,3404,2025-07-22 10:41:41,轉帳
T0005918,C04717,P00230,3,4278,2025-07-03 21:34:36,貨到付款
T0005919,C04542,P00957,1,4313,2025-07-13 00:24:49,貨到付款
T0005920,C01805,P00086,1,1901,2025-07-29 21:54:50,轉帳
T0005921,C00739,P00653,1,2837,2025-07-17 18:33:04,轉帳
T0005922,C04269,P01798,1,1745,2025-07-29 21:31:37,轉帳
T0005923,C01848,P01037,2,5742,2025-07-02 12:55:10,貨到付款
T0005924,C01864,P00385,2,1350,2025-07-12 04:43:17,信用卡
T0005925,C01423,P01260,4,2244,2025-07-13 07:59:01,貨到付款
T0005926,C01756,P01568,4,5256,2025-07-14 16:04:43,行動支付
T0005927,C04887,P00741,1,2251,2025-07-15 17:10:40,轉帳
T0005928,C04371,P00945,3,4158,2025-07-10 07:39:39,轉帳
T0005929,C00437,P01171,1,876,2025-07-26 10:38:28,信用卡
T0005930,C03639,P01718,3,10050,2025-07-01 11:02:35,貨到付款
T0005931,C02221,P00251,1,1754,2025-07-02 16:16:35,貨到付款
T0005932,C04962,P00488,4,6580,2025-07-24 00:34:58,轉帳
T0005933,C04018,P00085,4,11076,2025-07-28 13:46:16,貨到付款
T0005934,C01443,P00556,3,1689,2025-07-09 21:29:35,信用卡
T0005935,C04028,P00865,1,305,2025-07-19 01:52:51,轉帳
T0005936,C04851,P00608,3,9132,2025-07-31 12:34:15,貨到付款
T0005937,C02119,P01857,4,8712,2025-07-07 11:57:50,信用卡
T0005938,C04482,P00296,1,864,2025-07-11 16:58:44,行動支付
T0005939,C00697,P01221,1,854,2025-07-15 21:40:08,行動支付
T0005940,C02935,P01133,3,8139,2025-07-13 01:06:13,貨到付款
T0005941,C00430,P01645,2,6280,2025-07-03 18:32:44,轉帳
T0005942,C01038,P00282,3,6255,2025-07-01 14:27:47,信用卡
T0005943,C02373,P01474,4,10568,2025-07-24 14:03:20,行動支付
T0005944,C04337,P00711,4,8492,2025-07-30 17:56:36,貨到付款
T0005945,C04933,P00272,4,9580,2025-07-16 17:19:14,轉帳
T0005946,C00330,P00229,4,11284,2025-07-21 01:31:46,行動支付
T0005947,C04800,P01467,4,5804,2025-07-18 00:44:13,行動支付
T0005948,C03780,P00922,2,7758,2025-07-15 15:59:41,轉帳
T0005949,C00442,P01716,1,1053,2025-07-25 13:59:53,貨到付款
T0005950,C02047,P01728,3,1716,2025-07-08 14:08:26,行動支付
T0005951,C04572,P01057,3,681,2025-07-24 21:33:33,行動支付
T0005952,C02072,P01189,4,7692,2025-07-16 01:57:05,貨到付款
T0005953,C02779,P00380,3,12501,2025-07-11 19:20:31,信用卡
T0005954,C03551,P01164,4,17456,2025-07-18 22:06:15,貨到付款
T0005955,C03776,P01256,2,1612,2025-07-21 19:12:45,貨到付款
T0005956,C00684,P01679,2,8672,2025-07-03 12:10:07,貨到付款
T0005957,C00930,P01927,1,190,2025-07-27 11:21:24,轉帳
T0005958,C01908,P01110,2,6474,2025-07-05 06:38:38,轉帳
T0005959,C02769,P00860,2,1940,2025-07-09 22:16:15,轉帳
T0005960,C00211,P01612,1,350,2025-07-07 20:31:34,轉帳
T0005961,C04131,P01845,3,10761,2025-07-06 10:46:51,轉帳
T0005962,C04172,P01218,4,12976,2025-07-02 13:55:39,轉帳
T0005963,C01519,P01888,4,14124,2025-07-16 14:08:02,轉帳
T0005964,C02796,P00522,3,2595,2025-07-17 12:00:58,信用卡
T0005965,C02317,P00720,1,1039,2025-07-30 14:17:45,轉帳
T0005966,C00134,P00596,3,12270,2025-07-30 14:57:00,貨到付款
T0005967,C00012,P00518,2,6786,2025-07-25 08:28:28,行動支付
T0005968,C01313,P00654,1,2367,2025-07-10 14:24:08,轉帳
T0005969,C04780,P00775,1,650,2025-07-04 17:44:31,轉帳
T0005970,C04171,P00169,1,260,2025-07-17 18:53:27,轉帳
T0005971,C02362,P00445,4,8940,2025-07-11 17:20:57,轉帳
T0005972,C03269,P01084,3,5052,2025-07-11 18:19:09,貨到付款
T0005973,C04463,P00741,1,2251,2025-07-09 13:50:27,行動支付
T0005974,C02085,P01770,1,869,2025-07-13 10:39:11,信用卡
T0005975,C02459,P00593,1,2143,2025-07-19 14:29:10,貨到付款
T0005976,C03439,P00367,3,3744,2025-07-05 23:26:30,轉帳
T0005977,C01223,P01657,4,12328,2025-07-20 06:27:42,行動支付
T0005978,C00596,P00315,2,7552,2025-07-01 07:49:16,貨到付款
T0005979,C01386,P01341,4,2964,2025-07-04 11:10:28,轉帳
T0005980,C04971,P00271,1,2049,2025-07-23 22:14:35,貨到付款
T0005981,C00333,P01715,4,-212,2025-07-14 18:33:13,貨到付款
T0005982,C03727,P00389,4,8776,2025-07-08 17:51:12,轉帳
T0005983,C02905,P00915,2,2908,2025-07-27 12:48:38,信用卡
T0005984,C02827,P00366,3,3600,2025-07-17 13:09:22,貨到付款
T0005985,C04341,P00813,3,10281,2025-07-21 21:27:41,信用卡
T0005986,C03139,P01312,4,9308,2025-07-17 19:11:36,信用卡
T0005987,C02380,P00037,4,9364,2025-07-14 21:05:03,信用卡
T0005988,C03471,P00463,3,420,2025-07-08 13:23:31,轉帳
T0005989,C00597,P00901,3,10404,2025-07-09 17:03:35,貨到付款
T0005990,C02562,P01158,2,8120,2025-07-30 12:31:41,轉帳
T0005991,C02876,P01008,1,1037,2025-07-30 06:19:53,貨到付款
T0005992,C04226,P01386,4,1828,2025-07-25 16:26:09,行動支付
T0005993,C00814,P01601,3,4284,2025-07-16 11:23:00,信用卡
T0005994,C00292,P00792,4,9176,2025-07-21 14:03:46,行動支付
T0005995,C01598,P01643,4,-112,2025-07-03 10:27:26,貨到付款
T0005996,C04391,P01662,3,8592,2025-07-28 12:24:40,行動支付
T0005997,C00677,P00065,2,1660,2025-07-27 00:51:27,行動支付
T0005998,C00816,P01582,4,2776,2025-07-03 12:50:02,信用卡
T0005999,C01363,P01977,2,4754,2025-07-19 21:05:00,貨到付款
T0006000,C02097,P01302,3,9564,2025-07-02 17:27:25,行動支付
T0006001,C04560,P01421,1,1339,2025-07-12 20:37:55,轉帳
T0006002,C01779,P01794,1,639,2025-07-11 12:19:59,貨到付款
T0006003,C01449,P01138,4,3804,2025-07-24 11:03:06,行動支付
T0006004,C02648,P00561,3,7965,2025-07-16 21:55:17,信用卡
T0006005,C04681,P01506,2,5772,2025-07-28 14:41:47,信用卡
T0006006,C02569,P01918,4,2900,2025-07-28 15:19:55,貨到付款
T0006007,C03832,P00305,3,1221,2025-07-25 17:10:51,轉帳
T0006008,C00916,P01609,3,6750,2025-07-27 00:41:20,行動支付
T0006009,C00472,P00179,2,1488,2025-07-06 19:08:21,貨到付款
T0006010,C03763,P01325,4,6376,2025-07-22 18:36:32,行動支付
T0006011,C02718,P00974,3,5889,2025-07-30 21:43:59,信用卡
T0006012,C04362,P01778,3,10773,2025-07-27 04:31:49,貨到付款
T0006013,C04134,P00128,3,909,2025-07-31 11:06:26,貨到付款
T0006014,C03424,P00526,2,6536,2025-07-13 08:49:57,轉帳
T0006015,C01505,P01987,4,4488,2025-07-13 13:06:02,信用卡
T0006016,C03427,P00604,4,4708,2025-07-24 14:40:34,轉帳
T0006017,C03441,P01682,4,444,2025-07-22 18:48:58,信用卡
T0006018,C00479,P00116,4,13144,2025-07-03 21:52:31,行動支付
T0006019,C02900,P00456,1,1823,2025-07-03 11:58:16,行動支付
T0006020,C04116,P01587,1,2073,2025-07-01 17:22:02,行動支付
T0006021,C00064,P01669,4,14156,2025-07-31 01:17:11,信用卡
T0006022,C02590,P01894,2,2152,2025-07-05 23:26:58,行動支付
T0006023,C01865,P00326,1,1500,2025-07-26 06:19:53,信用卡
T0006024,C02424,P01630,3,9453,2025-07-19 15:48:42,行動支付
T0006025,C01701,P01219,1,1668,2025-07-14 13:58:27,貨到付款
T0006026,C04553,P00560,3,6552,2025-07-22 18:22:03,行動支付
T0006027,C00512,P00781,4,-224,2025-07-28 12:12:18,貨到付款
T0006028,C00772,P00362,1,928,2025-07-16 21:43:54,轉帳
T0006029,C01105,P01503,2,8086,2025-07-09 06:26:00,貨到付款
T0006030,C00942,P01459,1,2545,2025-07-06 12:44:36,貨到付款
T0006031,C04485,P01507,1,948,2025-07-29 13:45:53,轉帳
T0006032,C03067,P01517,1,2139,2025-07-29 22:34:46,信用卡
T0006033,C04157,P00397,4,1868,2025-07-16 13:38:40,行動支付
T0006034,C02628,P00266,2,2894,2025-07-29 16:59:20,行動支付
T0006035,C02660,P01988,1,-47,2025-07-19 22:11:03,轉帳
T0006036,C02755,P01247,2,2696,2025-07-09 18:43:22,信用卡
T0006037,C03781,P00467,4,15568,2025-07-29 12:50:33,貨到付款
T0006038,C00569,P00272,3,7185,2025-07-24 19:58:10,轉帳
T0006039,C02302,P00268,1,2154,2025-07-25 11:51:55,貨到付款
T0006040,C00382,P00802,2,1056,2025-07-04 14:17:46,信用卡
T0006041,C04094,P01983,2,2964,2025-07-08 01:42:15,貨到付款
T0006042,C04617,P00431,4,12752,2025-07-21 22:08:38,貨到付款
T0006043,C02397,P01755,1,87,2025-07-31 15:45:17,信用卡
T0006044,C01557,P00459,3,9171,2025-07-10 17:18:14,行動支付
T0006045,C01812,P00438,2,4642,2025-07-08 19:09:37,信用卡
T0006046,C04085,P00507,1,2034,2025-07-23 12:43:29,貨到付款
T0006047,C04448,P00936,3,8844,2025-07-17 14:58:58,行動支付
T0006048,C02988,P00135,2,4142,2025-07-16 18:46:18,轉帳
T0006049,C03817,P01384,2,4496,2025-07-29 18:18:54,信用卡
T0006050,C01710,P01340,3,-21,2025-07-29 15:29:08,貨到付款
T0006051,C03549,P00855,3,9903,2025-07-09 17:48:25,行動支付
T0006052,C00143,P00912,4,6420,2025-07-24 12:39:30,信用卡
T0006053,C04072,P01865,1,3958,2025-07-05 18:50:47,信用卡
T0006054,C01111,P00021,1,1325,2025-07-26 12:42:49,貨到付款
T0006055,C04284,P01711,4,10092,2025-07-10 07:50:00,轉帳
T0006056,C00711,P00283,2,3016,2025-07-14 14:57:50,貨到付款
T0006057,C01132,P00956,3,7491,2025-07-22 21:01:02,轉帳
T0006058,C00626,P01219,3,5004,2025-07-20 13:35:18,行動支付
T0006059,C00651,P01501,3,945,2025-07-10 22:39:32,行動支付
T0006060,C00393,P00630,2,3360,2025-07-06 13:15:04,轉帳
T0006061,C03454,P01797,3,7971,2025-07-13 15:08:07,行動支付
T0006062,C03920,P00113,3,1146,2025-07-05 12:27:22,轉帳
T0006063,C00388,P00555,4,4796,2025-07-17 13:38:30,信用卡
T0006064,C03873,P00740,2,2708,2025-07-25 03:58:55,貨到付款
T0006065,C03786,P00112,1,252,2025-07-25 10:33:37,行動支付
T0006066,C00212,P01883,4,1672,2025-07-03 00:41:23,轉帳
T0006067,C00539,P00346,4,10688,2025-07-16 16:36:05,貨到付款
T0006068,C03965,P00461,1,383,2025-07-12 18:53:33,轉帳
T0006069,C02567,P01163,4,2136,2025-07-24 11:16:43,貨到付款
T0006070,C00296,P01539,2,5372,2025-07-12 21:22:07,信用卡
T0006071,C00594,P01632,3,10581,2025-07-21 10:49:14,轉帳
T0006072,C01265,P00341,2,4006,2025-07-10 11:16:17,行動支付
T0006073,C00331,P00058,1,868,2025-07-02 18:29:44,行動支付
T0006074,C03337,P00541,1,4207,2025-07-01 15:01:26,行動支付
T0006075,C03772,P01835,4,7984,2025-07-28 17:04:46,信用卡
T0006076,C03911,P01584,2,4168,2025-07-08 16:39:41,行動支付
T0006077,C04600,P00093,2,762,2025-07-10 11:59:28,轉帳
T0006078,C01027,P01080,1,4193,2025-07-18 19:41:58,貨到付款
T0006079,C04505,P00916,2,4736,2025-07-09 21:39:01,轉帳
T0006080,C00923,P01893,1,1228,2025-07-24 15:44:46,信用卡
T0006081,C01757,P01599,2,306,2025-07-27 02:33:10,行動支付
T0006082,C00453,P01618,2,4194,2025-07-03 17:50:04,轉帳
T0006083,C04229,P01594,2,5200,2025-07-06 09:40:09,信用卡
T0006084,C04709,P01834,1,2315,2025-07-04 22:32:05,貨到付款
T0006085,C04743,P00032,4,3276,2025-07-11 11:49:31,行動支付
T0006086,C01739,P00908,2,6738,2025-07-18 15:13:49,行動支付
T0006087,C00802,P00326,1,1500,2025-07-15 17:29:03,信用卡
T0006088,C02503,P00326,1,1500,2025-07-16 04:54:01,行動支付
T0006089,C03642,P01594,2,5200,2025-07-15 01:23:41,貨到付款
T0006090,C01209,P00585,2,1602,2025-07-24 01:25:59,貨到付款
T0006091,C02851,P01762,4,14460,2025-07-05 09:13:11,轉帳
T0006092,C00495,P00116,1,3286,2025-07-15 14:59:16,轉帳
T0006093,C02890,P01628,1,3829,2025-07-23 17:48:56,貨到付款
T0006094,C00069,P01444,3,5766,2025-07-07 09:21:28,行動支付
T0006095,C01084,P01832,1,3605,2025-07-05 00:49:31,貨到付款
T0006096,C00957,P00517,4,1220,2025-07-20 12:16:47,行動支付
T0006097,C01409,P01766,3,9621,2025-07-16 03:32:39,貨到付款
T0006098,C04508,P00925,3,1869,2025-07-26 17:41:15,行動支付
T0006099,C02685,P01552,3,9693,2025-07-15 17:33:31,行動支付
T0006100,C04867,P00203,2,5988,2025-07-16 18:10:44,信用卡
T0006101,C00493,P01834,2,4630,2025-07-21 10:37:39,轉帳
T0006102,C01070,P01284,1,323,2025-07-14 20:12:24,行動支付
T0006103,C02520,P01381,3,8745,2025-07-19 19:51:33,轉帳
T0006104,C03538,P00642,4,12904,2025-07-10 13:17:06,轉帳
T0006105,C01832,P00520,2,1896,2025-07-28 18:37:34,行動支付
T0006106,C02946,P00211,4,3600,2025-07-22 11:32:58,貨到付款
T0006107,C02198,P01573,4,-64,2025-07-12 10:45:56,信用卡
T0006108,C04788,P01201,2,7930,2025-07-19 03:10:25,轉帳
T0006109,C00904,P01724,2,6136,2025-07-26 03:38:01,行動支付
T0006110,C01774,P01851,2,3702,2025-07-04 14:58:22,信用卡
T0006111,C01898,P00100,2,3482,2025-07-04 12:46:36,貨到付款
T0006112,C01071,P00719,3,3717,2025-07-11 10:59:18,貨到付款
T0006113,C01137,P01083,3,12219,2025-07-15 20:34:53,信用卡
T0006114,C00564,P01073,3,2538,2025-07-24 23:06:23,貨到付款
T0006115,C04923,P01840,3,882,2025-07-21 13:14:12,信用卡
T0006116,C00618,P00308,1,2469,2025-07-31 11:41:28,信用卡
T0006117,C00551,P01355,3,846,2025-07-19 22:14:04,信用卡
T0006118,C00679,P01257,2,4482,2025-07-26 15:41:19,轉帳
T0006119,C03811,P00678,4,4532,2025-07-27 11:57:24,信用卡
T0006120,C03523,P01744,3,11856,2025-07-29 04:53:27,轉帳
T0006121,C02785,P00128,1,303,2025-07-24 07:29:24,轉帳
T0006122,C00203,P00311,2,3760,2025-07-12 15:09:07,信用卡
T0006123,C01640,P01197,4,12640,2025-07-26 00:01:50,貨到付款
T0006124,C00578,P01605,4,12072,2025-07-02 10:33:27,信用卡
T0006125,C01418,P01169,3,10134,2025-07-10 18:49:36,貨到付款
T0006126,C03001,P01376,4,5416,2025-07-12 21:52:33,行動支付
T0006127,C01560,P00770,3,8766,2025-07-22 21:55:56,轉帳
T0006128,C04880,P01516,3,2232,2025-07-15 04:00:22,信用卡
T0006129,C02219,P00563,2,5990,2025-07-04 17:20:14,貨到付款
T0006130,C02769,P00509,2,3280,2025-07-17 21:03:55,信用卡
T0006131,C01452,P01014,1,2112,2025-07-21 19:12:06,行動支付
T0006132,C04276,P01478,2,6586,2025-07-20 16:21:57,行動支付
T0006133,C00943,P01894,2,2152,2025-07-07 21:53:57,貨到付款
T0006134,C00348,P00970,3,3072,2025-07-13 23:13:10,行動支付
T0006135,C04205,P01254,2,1664,2025-07-24 16:40:36,信用卡
T0006136,C02378,P00902,3,9336,2025-07-30 20:10:45,貨到付款
T0006137,C03395,P01538,3,9816,2025-07-28 22:31:18,行動支付
T0006138,C00896,P00152,2,6168,2025-07-22 20:24:49,信用卡
T0006139,C04993,P00372,1,3384,2025-07-06 04:58:32,轉帳
T0006140,C02458,P00259,1,1475,2025-07-22 17:20:12,行動支付
T0006141,C00525,P00171,4,2508,2025-07-03 05:56:22,行動支付
T0006142,C02190,P00094,4,656,2025-07-06 16:48:50,信用卡
T0006143,C03292,P01061,2,1952,2025-07-07 16:08:54,貨到付款
T0006144,C00425,P01932,1,838,2025-07-22 01:20:28,行動支付
T0006145,C00716,P00083,3,12948,2025-07-20 04:06:19,信用卡
T0006146,C02003,P01393,4,3496,2025-07-28 17:16:41,轉帳
T0006147,C02952,P01965,3,5175,2025-07-20 06:50:51,行動支付
T0006148,C00508,P01105,4,11648,2025-07-04 17:36:24,信用卡
T0006149,C04626,P01614,2,6286,2025-07-22 12:43:36,行動支付
T0006150,C04889,P01485,1,2529,2025-07-25 19:24:11,轉帳
T0006151,C00323,P00099,4,12440,2025-07-21 11:12:35,貨到付款
T0006152,C04876,P01832,1,3605,2025-07-09 00:36:59,信用卡
T0006153,C01693,P01951,3,2859,2025-07-23 20:49:31,貨到付款
T0006154,C02974,P00147,2,2908,2025-07-15 22:04:54,轉帳
T0006155,C04953,P01710,1,688,2025-07-12 10:59:14,行動支付
T0006156,C00613,P01725,2,4764,2025-07-22 17:33:21,行動支付
T0006157,C04190,P00969,1,947,2025-07-01 17:03:20,信用卡
T0006158,C03626,P01387,3,4419,2025-07-22 08:34:09,轉帳
T0006159,C01392,P01595,3,708,2025-07-12 02:58:07,信用卡
T0006160,C03567,P01865,2,7916,2025-07-26 00:12:05,信用卡
T0006161,C02909,P01196,3,6564,2025-07-21 16:28:08,轉帳
T0006162,C01364,P00705,4,16436,2025-07-01 15:37:06,信用卡
T0006163,C03947,P01175,1,2423,2025-07-09 12:47:23,信用卡
T0006164,C03219,P01238,3,8082,2025-07-14 14:58:04,轉帳
T0006165,C02001,P00503,4,4900,2025-07-20 09:25:46,信用卡
T0006166,C02379,P00709,2,3044,2025-07-15 18:50:00,貨到付款
T0006167,C03015,P01196,4,8752,2025-07-31 07:21:03,信用卡
T0006168,C02022,P01470,2,7026,2025-07-23 12:17:00,信用卡
T0006169,C02422,P01794,2,1278,2025-07-25 06:11:25,信用卡
T0006170,C01394,P00218,1,3583,2025-07-21 13:29:24,信用卡
T0006171,C03839,P00204,1,2983,2025-07-23 12:23:26,行動支付
T0006172,C00540,P00351,4,6148,2025-07-28 17:49:53,貨到付款
T0006173,C01253,P01810,1,1366,2025-07-30 14:47:29,貨到付款
T0006174,C02486,P01890,1,3738,2025-07-29 10:08:37,信用卡
T0006175,C03141,P01496,1,3405,2025-07-21 15:19:05,信用卡
T0006176,C00673,P00499,4,11308,2025-07-25 04:00:27,信用卡
T0006177,C00498,P01115,3,9066,2025-07-17 12:01:50,行動支付
T0006178,C00264,P00363,1,3655,2025-07-25 20:09:15,貨到付款
T0006179,C00341,P00042,1,1468,2025-07-08 04:50:19,行動支付
T0006180,C03390,P01714,4,3964,2025-07-29 21:48:44,信用卡
T0006181,C04860,P00299,3,4041,2025-07-06 02:44:31,貨到付款
T0006182,C01913,P00225,1,1797,2025-07-21 01:26:53,行動支付
T0006183,C03396,P00352,2,7098,2025-07-04 20:53:21,信用卡
T0006184,C00763,P01358,4,11384,2025-07-08 20:57:29,信用卡
T0006185,C03109,P01370,1,1611,2025-07-08 20:50:00,行動支付
T0006186,C00481,P00521,1,1558,2025-07-11 11:56:55,行動支付
T0006187,C00382,P01758,2,2000,2025-07-10 10:38:00,貨到付款
T0006188,C03758,P00765,2,7316,2025-07-31 15:33:04,貨到付款
T0006189,C03837,P01916,4,11972,2025-07-21 21:26:09,轉帳
T0006190,C03963,P01817,4,4144,2025-07-19 04:59:36,貨到付款
T0006191,C01009,P01480,2,2982,2025-07-26 15:07:22,貨到付款
T0006192,C03310,P00003,4,3112,2025-07-28 04:07:54,信用卡
T0006193,C02451,P01079,2,5314,2025-07-27 01:25:07,信用卡
T0006194,C01308,P00391,1,3991,2025-07-13 14:14:27,轉帳
T0006195,C01718,P01952,2,2360,2025-07-28 21:03:21,行動支付
T0006196,C04298,P00588,2,4354,2025-07-19 01:07:07,轉帳
T0006197,C02733,P00885,3,747,2025-07-15 17:36:40,貨到付款
T0006198,C04762,P01809,2,276,2025-07-28 18:28:38,信用卡
T0006199,C00157,P00037,2,4682,2025-07-14 18:06:38,轉帳
T0006200,C02152,P01004,3,11406,2025-07-19 23:26:28,信用卡
T0006201,C04574,P01037,4,11484,2025-07-02 16:39:24,行動支付
T0006202,C01918,P01017,3,2976,2025-07-22 03:29:17,行動支付
T0006203,C01572,P01160,1,1787,2025-07-20 10:04:55,信用卡
T0006204,C01881,P00661,3,10212,2025-07-05 03:55:59,行動支付
T0006205,C02298,P00541,1,4207,2025-07-17 11:32:42,轉帳
T0006206,C00164,P00041,4,14212,2025-07-25 15:33:19,轉帳
T0006207,C02783,P00332,3,11232,2025-07-23 15:54:36,信用卡
T0006208,C04301,P01720,3,8682,2025-07-18 15:32:09,貨到付款
T0006209,C01515,P01227,4,6136,2025-07-09 19:29:22,行動支付
T0006210,C03530,P00755,1,1201,2025-07-20 09:33:47,信用卡
T0006211,C02457,P01014,3,6336,2025-07-13 12:27:11,行動支付
T0006212,C00672,P00698,1,915,2025-07-15 22:58:32,貨到付款
T0006213,C03578,P01224,3,10965,2025-07-06 22:14:00,貨到付款
T0006214,C02437,P01749,2,4158,2025-07-28 19:02:36,貨到付款
T0006215,C00546,P00378,3,10236,2025-07-23 14:57:20,信用卡
T0006216,C03375,P01363,4,6456,2025-07-09 15:21:37,行動支付
T0006217,C03300,P00993,4,10808,2025-07-12 00:51:12,信用卡
T0006218,C03426,P01247,1,1348,2025-07-28 19:13:24,貨到付款
T0006219,C02861,P01807,3,5988,2025-07-15 21:46:42,行動支付
T0006220,C02379,P00794,1,4240,2025-07-03 04:20:24,轉帳
T0006221,C04271,P01269,1,199,2025-07-15 19:33:04,貨到付款
T0006222,C02533,P00418,2,566,2025-07-09 01:10:58,信用卡
T0006223,C01956,P01895,2,1014,2025-07-18 10:18:48,信用卡
T0006224,C02473,P01195,4,7664,2025-07-27 09:38:41,行動支付
T0006225,C04854,P00633,1,309,2025-07-27 19:51:52,貨到付款
T0006226,C03084,P00466,4,10868,2025-07-04 17:28:05,貨到付款
T0006227,C01763,P00369,3,11232,2025-07-14 20:03:36,信用卡
T0006228,C04888,P01842,1,2210,2025-07-09 18:10:42,行動支付
T0006229,C01602,P00948,1,788,2025-07-26 18:42:06,轉帳
T0006230,C00140,P01589,3,9027,2025-07-12 21:26:40,貨到付款
T0006231,C00225,P00320,3,1134,2025-07-08 15:34:05,信用卡
T0006232,C04184,P00717,4,9084,2025-07-26 05:56:41,信用卡
T0006233,C01744,P00307,4,13888,2025-07-27 14:23:06,轉帳
T0006234,C03710,P00836,3,2268,2025-07-17 19:45:15,行動支付
T0006235,C00134,P01771,4,1368,2025-07-13 19:51:01,轉帳
T0006236,C04456,P00698,3,2745,2025-07-01 12:28:38,行動支付
T0006237,C01706,P00167,1,1252,2025-07-02 12:46:19,轉帳
T0006238,C00486,P01619,1,-76,2025-07-10 17:03:49,貨到付款
T0006239,C01725,P00267,2,2980,2025-07-12 16:34:04,轉帳
T0006240,C01786,P01308,1,3074,2025-07-11 07:48:14,貨到付款
T0006241,C01756,P01145,3,12198,2025-07-20 06:09:31,信用卡
T0006242,C03306,P01854,4,8840,2025-07-18 16:05:55,信用卡
T0006243,C01238,P00301,2,5470,2025-07-23 17:04:39,轉帳
T0006244,C03240,P00571,4,14264,2025-07-22 10:50:53,信用卡
T0006245,C02962,P00142,3,1443,2025-07-18 17:01:39,信用卡
T0006246,C04551,P01848,1,1232,2025-07-17 20:27:43,轉帳
T0006247,C00327,P01910,2,7876,2025-07-02 17:52:59,行動支付
T0006248,C01524,P01537,3,9567,2025-07-17 05:53:18,貨到付款
T0006249,C01687,P00436,2,3800,2025-07-10 21:27:57,信用卡
T0006250,C00098,P00303,2,6764,2025-07-21 14:46:24,轉帳
T0006251,C01630,P00635,1,3366,2025-07-04 07:48:29,貨到付款
T0006252,C02304,P01514,3,8244,2025-07-22 10:38:17,信用卡
T0006253,C04316,P01402,4,2300,2025-07-06 23:26:56,行動支付
T0006254,C02840,P00804,2,6422,2025-07-28 15:35:01,行動支付
T0006255,C04507,P00871,2,8748,2025-07-11 19:47:22,貨到付款
T0006256,C01333,P00926,4,14344,2025-07-18 10:43:00,轉帳
T0006257,C03479,P01440,3,3888,2025-07-09 17:30:31,行動支付
T0006258,C02939,P00308,2,4938,2025-07-23 18:44:20,轉帳
T0006259,C04928,P00817,2,2074,2025-07-23 15:18:00,行動支付
T0006260,C01888,P01653,2,5480,2025-07-02 11:12:05,貨到付款
T0006261,C01951,P01445,3,8796,2025-07-12 01:50:33,轉帳
T0006262,C02862,P01328,3,2766,2025-07-28 14:28:22,貨到付款
T0006263,C04041,P01907,4,11272,2025-07-19 13:27:11,貨到付款
T0006264,C00500,P00085,3,8307,2025-07-25 10:19:39,行動支付
T0006265,C03375,P00753,3,4359,2025-07-10 17:29:26,轉帳
T0006266,C01679,P00670,1,525,2025-07-09 17:06:39,貨到付款
T0006267,C02513,P00518,4,13572,2025-07-09 16:53:22,行動支付
T0006268,C03824,P01028,2,1216,2025-07-28 15:13:11,行動支付
T0006269,C01697,P01292,3,11466,2025-07-12 01:36:02,信用卡
T0006270,C03074,P01102,2,7328,2025-07-03 00:55:55,信用卡
T0006271,C01816,P00194,2,2832,2025-07-26 09:13:16,信用卡
T0006272,C02179,P00409,1,2513,2025-07-30 17:08:09,信用卡
T0006273,C02484,P00213,3,483,2025-07-15 21:31:44,行動支付
T0006274,C04236,P01309,4,17216,2025-07-25 15:34:20,行動支付
T0006275,C03935,P01520,3,10092,2025-07-19 07:43:10,轉帳
T0006276,C04201,P00080,2,548,2025-07-14 15:15:39,信用卡
T0006277,C02679,P00545,4,6904,2025-07-22 19:47:23,貨到付款
T0006278,C01436,P01068,3,10017,2025-07-09 11:17:16,貨到付款
T0006279,C00237,P01701,2,1280,2025-07-18 19:05:15,貨到付款
T0006280,C04981,P01408,2,5136,2025-07-17 17:07:07,貨到付款
T0006281,C02010,P00314,1,3456,2025-07-11 17:21:30,行動支付
T0006282,C01129,P01637,1,3462,2025-07-13 14:49:06,轉帳
T0006283,C03714,P00167,1,1252,2025-07-22 22:55:06,轉帳
T0006284,C00459,P01701,2,1280,2025-07-07 17:48:57,貨到付款
T0006285,C04220,P00188,3,9978,2025-07-12 23:51:15,轉帳
T0006286,C00473,P01657,1,3082,2025-07-06 21:13:30,貨到付款
T0006287,C01684,P01564,3,4323,2025-07-12 00:48:13,貨到付款
T0006288,C00336,P00744,1,3091,2025-07-20 11:07:29,貨到付款
T0006289,C04005,P00592,4,9532,2025-07-11 21:52:20,貨到付款
T0006290,C02376,P01325,4,6376,2025-07-05 16:45:14,行動支付
T0006291,C01048,P01766,1,3207,2025-07-05 06:16:44,行動支付
T0006292,C03978,P01422,2,8092,2025-07-05 02:13:36,轉帳
T0006293,C03257,P01076,1,3438,2025-07-12 19:30:50,行動支付
T0006294,C01509,P01739,1,2254,2025-07-19 21:20:27,信用卡
T0006295,C04020,P01086,2,716,2025-07-06 13:31:12,轉帳
T0006296,C02164,P01071,4,15308,2025-07-29 11:01:00,轉帳
T0006297,C02699,P01982,3,11202,2025-07-14 18:54:44,信用卡
T0006298,C01000,P00595,1,1585,2025-07-11 19:46:33,貨到付款
T0006299,C02011,P00016,2,3782,2025-07-02 23:19:50,轉帳
T0006300,C03124,P01527,1,342,2025-07-17 10:57:18,轉帳
T0006301,C02266,P00219,2,2076,2025-07-02 15:43:34,轉帳
T0006302,C03817,P00653,3,8511,2025-07-06 12:11:23,貨到付款
T0006303,C00903,P01112,3,10599,2025-07-24 13:28:47,轉帳
T0006304,C00093,P00116,4,13144,2025-07-06 13:55:46,信用卡
T0006305,C03516,P00618,2,1126,2025-07-24 14:49:27,貨到付款
T0006306,C04313,P00611,2,6970,2025-07-29 19:40:40,信用卡
T0006307,C02884,P00267,4,5960,2025-07-12 20:29:46,貨到付款
T0006308,C01064,P01673,4,6936,2025-07-07 13:33:03,行動支付
T0006309,C04810,P00001,2,1108,2025-07-12 08:08:52,信用卡
T0006310,C03711,P01589,4,12036,2025-07-22 10:09:48,信用卡
T0006311,C02336,P00355,3,3840,2025-07-07 22:42:05,信用卡
T0006312,C04685,P01856,1,3131,2025-07-14 23:23:54,貨到付款
T0006313,C02663,P01831,3,639,2025-07-01 04:23:12,信用卡
T0006314,C03072,P00995,4,14772,2025-07-28 10:28:47,轉帳
T0006315,C03845,P01276,2,528,2025-07-01 23:13:53,貨到付款
T0006316,C02168,P00960,2,538,2025-07-10 19:53:57,行動支付
T0006317,C02830,P01663,3,4971,2025-07-28 12:28:30,信用卡
T0006318,C03133,P01041,2,6292,2025-07-30 13:24:54,轉帳
T0006319,C02611,P01551,4,12344,2025-07-23 16:44:43,信用卡
T0006320,C01821,P01919,3,657,2025-07-14 11:31:05,行動支付
T0006321,C00738,P01275,2,7174,2025-07-08 23:37:37,轉帳
T0006322,C00752,P00563,1,2995,2025-07-18 15:33:01,貨到付款
T0006323,C03426,P01740,1,1845,2025-07-28 20:54:21,轉帳
T0006324,C01501,P01497,4,6504,2025-07-08 15:34:59,信用卡
T0006325,C02176,P01550,2,1722,2025-07-19 13:04:51,行動支付
T0006326,C01593,P00237,4,6080,2025-07-06 16:41:50,貨到付款
T0006327,C04151,P00870,3,5667,2025-07-25 11:42:55,行動支付
T0006328,C00322,P00258,1,2581,2025-07-20 09:52:21,行動支付
T0006329,C01017,P00592,3,7149,2025-07-15 18:23:54,貨到付款
T0006330,C02062,P00360,2,5696,2025-07-07 19:31:50,貨到付款
T0006331,C04118,P01221,4,3416,2025-07-25 13:51:18,轉帳
T0006332,C03230,P01429,4,5492,2025-07-11 08:40:20,信用卡
T0006333,C01282,P00872,4,3976,2025-07-30 13:10:09,貨到付款
T0006334,C03006,P00289,3,876,2025-07-01 16:56:42,轉帳
T0006335,C02029,P00150,1,3230,2025-07-07 19:49:26,轉帳
T0006336,C00567,P00366,3,3600,2025-07-27 06:17:51,轉帳
T0006337,C00959,P00611,3,10455,2025-07-05 14:43:46,轉帳
T0006338,C01227,P00127,2,8600,2025-07-13 02:33:03,行動支付
T0006339,C04136,P00568,2,8066,2025-07-15 05:43:56,轉帳
T0006340,C02320,P01223,2,-162,2025-07-31 13:58:46,行動支付
T0006341,C02799,P01063,1,2730,2025-07-14 16:51:41,轉帳
T0006342,C02180,P01591,1,2670,2025-07-07 17:16:21,貨到付款
T0006343,C03234,P00225,2,3594,2025-07-03 02:24:42,信用卡
T0006344,C00185,P01465,2,7730,2025-07-28 16:33:46,行動支付
T0006345,C00796,P01875,1,1215,2025-07-05 14:04:24,轉帳
T0006346,C00682,P01834,4,9260,2025-07-05 23:33:46,行動支付
T0006347,C01291,P01136,1,3759,2025-07-13 00:44:11,信用卡
T0006348,C04017,P01723,1,3368,2025-07-16 15:44:31,轉帳
T0006349,C03293,P01731,1,2804,2025-07-26 19:48:03,轉帳
T0006350,C00879,P00180,2,7366,2025-07-08 14:12:40,信用卡
T0006351,C04262,P01725,4,9528,2025-07-01 13:38:21,貨到付款
T0006352,C04818,P00893,1,634,2025-07-21 22:48:26,信用卡
T0006353,C02429,P01650,2,856,2025-07-30 10:40:02,貨到付款
T0006354,C00099,P00812,3,9657,2025-07-22 16:39:19,行動支付
T0006355,C04297,P01218,3,9732,2025-07-03 10:20:10,行動支付
T0006356,C00419,P01953,1,1486,2025-07-18 16:39:37,信用卡
T0006357,C03007,P00555,3,3597,2025-07-22 20:00:43,貨到付款
T0006358,C04335,P01381,4,11660,2025-07-31 22:56:32,信用卡
T0006359,C04502,P00193,3,2430,2025-07-25 19:59:24,轉帳
T0006360,C02035,P00321,3,5238,2025-07-25 02:04:05,行動支付
T0006361,C01817,P01396,4,3992,2025-07-29 21:29:06,行動支付
T0006362,C03287,P00221,1,3187,2025-07-10 17:11:58,轉帳
T0006363,C00451,P01099,1,614,2025-07-31 11:25:01,信用卡
T0006364,C04715,P00114,4,3660,2025-07-08 19:26:32,貨到付款
T0006365,C03621,P01750,4,8516,2025-07-01 15:21:35,貨到付款
T0006366,C00702,P00844,4,17048,2025-07-22 15:16:50,行動支付
T0006367,C00559,P00041,3,10659,2025-07-25 12:51:53,貨到付款
T0006368,C03672,P01376,4,5416,2025-07-16 10:07:53,行動支付
T0006369,C04664,P00336,2,5544,2025-07-07 10:54:50,轉帳
T0006370,C02609,P00004,3,8610,2025-07-23 18:31:54,轉帳
T0006371,C04144,P00010,1,1915,2025-07-14 11:35:50,行動支付
T0006372,C04748,P01872,1,-92,2025-07-31 11:04:45,信用卡
T0006373,C04657,P01495,1,2865,2025-07-19 01:59:32,轉帳
T0006374,C01259,P01078,3,9795,2025-07-02 20:14:32,行動支付
T0006375,C04422,P00386,2,6918,2025-07-29 12:15:02,貨到付款
T0006376,C01190,P00792,4,9176,2025-07-25 16:30:36,行動支付
T0006377,C00611,P01745,4,8912,2025-07-31 15:49:24,信用卡
T0006378,C04033,P00007,1,1826,2025-07-17 18:16:11,貨到付款
T0006379,C01646,P01263,1,3677,2025-07-04 16:35:48,信用卡
T0006380,C02921,P00653,3,8511,2025-07-31 02:51:33,信用卡
T0006381,C01949,P00358,2,4132,2025-07-28 19:17:29,信用卡
T0006382,C03741,P00488,4,6580,2025-07-06 14:45:44,信用卡
T0006383,C01179,P01058,3,3531,2025-07-29 11:07:10,貨到付款
T0006384,C02114,P00469,4,10644,2025-07-31 13:39:44,貨到付款
T0006385,C00721,P01419,1,1068,2025-07-15 12:00:13,行動支付
T0006386,C00875,P01870,4,13812,2025-07-02 09:13:06,轉帳
T0006387,C04849,P01106,2,5984,2025-07-05 01:33:07,轉帳
T0006388,C02197,P00323,2,3908,2025-07-15 19:01:19,貨到付款
T0006389,C01271,P00835,1,1624,2025-07-06 16:55:08,行動支付
T0006390,C02947,P01620,2,484,2025-07-16 21:33:34,行動支付
T0006391,C02451,P00341,2,4006,2025-07-18 06:05:34,貨到付款
T0006392,C01873,P01556,3,2784,2025-07-11 17:10:01,行動支付
T0006393,C04743,P01534,4,448,2025-07-14 11:54:16,行動支付
T0006394,C01582,P00124,1,1070,2025-07-04 13:08:55,貨到付款
T0006395,C02118,P00902,1,3112,2025-07-15 10:25:05,信用卡
T0006396,C03413,P01067,1,1173,2025-07-18 21:06:00,貨到付款
T0006397,C04816,P00864,1,1181,2025-07-19 08:06:59,信用卡
T0006398,C04397,P01645,1,3140,2025-07-02 01:57:52,信用卡
T0006399,C04684,P01512,2,5908,2025-07-03 14:42:53,貨到付款
T0006400,C01814,P01867,3,8403,2025-07-06 18:04:14,貨到付款
T0006401,C03578,P01715,1,-53,2025-07-13 20:10:09,信用卡
T0006402,C04106,P00354,3,13332,2025-07-07 16:01:04,轉帳
T0006403,C00105,P01111,3,1506,2025-07-07 18:02:11,轉帳
T0006404,C04834,P01779,2,4536,2025-07-01 20:41:56,貨到付款
T0006405,C03029,P01764,1,559,2025-07-18 21:05:53,信用卡
T0006406,C04207,P01003,2,1280,2025-07-20 07:04:55,行動支付
T0006407,C03311,P01785,1,3859,2025-07-30 19:24:39,貨到付款
T0006408,C04704,P01346,2,1048,2025-07-13 01:45:15,貨到付款
T0006409,C03453,P01765,3,1680,2025-07-27 09:59:29,行動支付
T0006410,C03944,P00407,1,2262,2025-07-16 10:31:10,信用卡
T0006411,C01198,P01629,4,6368,2025-07-02 17:18:23,貨到付款
T0006412,C02763,P00815,3,3735,2025-07-02 18:36:35,轉帳
T0006413,C01546,P01493,4,9296,2025-07-01 14:53:57,行動支付
T0006414,C04792,P01011,3,6738,2025-07-07 18:56:56,行動支付
T0006415,C01814,P01269,2,398,2025-07-12 05:13:23,信用卡
T0006416,C04061,P01766,1,3207,2025-07-01 08:25:45,貨到付款
T0006417,C00610,P01926,3,3816,2025-07-06 10:20:04,貨到付款
T0006418,C04334,P01826,2,1694,2025-07-02 12:53:36,轉帳
T0006419,C04288,P01500,1,777,2025-07-09 13:07:31,行動支付
T0006420,C01942,P01535,1,726,2025-07-08 02:57:23,貨到付款
T0006421,C04548,P00354,3,13332,2025-07-22 05:46:21,貨到付款
T0006422,C01964,P00909,1,168,2025-07-04 11:42:08,貨到付款
T0006423,C04889,P00495,3,3108,2025-07-01 16:28:12,行動支付
T0006424,C01277,P01104,1,4130,2025-07-02 21:59:37,行動支付
T0006425,C00451,P01930,4,14088,2025-07-27 22:50:09,貨到付款
T0006426,C04113,P00217,2,6336,2025-07-10 22:30:19,行動支付
T0006427,C01177,P01946,4,12316,2025-07-03 17:12:21,貨到付款
T0006428,C01051,P00379,3,5697,2025-07-19 15:26:26,轉帳
T0006429,C04451,P01327,4,10592,2025-07-11 11:36:03,轉帳
T0006430,C04579,P01582,3,2082,2025-07-08 20:14:42,行動支付
T0006431,C03156,P00402,1,3145,2025-07-17 22:23:30,信用卡
T0006432,C04397,P00451,1,1148,2025-07-09 11:38:06,行動支付
T0006433,C03833,P01217,3,702,2025-07-19 07:32:01,轉帳
T0006434,C02031,P00198,4,14908,2025-07-23 00:50:35,信用卡
T0006435,C00169,P01081,1,572,2025-07-10 07:09:43,信用卡
T0006436,C04332,P01016,2,7378,2025-07-13 11:02:05,貨到付款
T0006437,C04115,P01941,1,965,2025-07-23 12:33:15,貨到付款
T0006438,C04702,P00698,2,1830,2025-07-21 09:25:23,轉帳
T0006439,C02355,P00373,4,6636,2025-07-01 22:50:01,行動支付
T0006440,C02064,P01474,2,5284,2025-07-08 16:49:40,貨到付款
T0006441,C04205,P01456,2,750,2025-07-29 22:55:53,轉帳
T0006442,C03586,P00126,2,2990,2025-07-12 12:43:46,貨到付款
T0006443,C04383,P00953,2,834,2025-07-23 22:24:55,信用卡
T0006444,C04101,P01416,1,2447,2025-07-24 12:10:03,轉帳
T0006445,C04122,P01528,2,6792,2025-07-04 15:48:41,行動支付
T0006446,C03492,P01881,1,3293,2025-07-30 17:08:13,貨到付款
T0006447,C02531,P00039,2,3034,2025-07-06 00:24:22,信用卡
T0006448,C01759,P01905,3,1809,2025-07-04 17:35:59,貨到付款
T0006449,C03010,P00964,4,6236,2025-07-20 00:47:01,轉帳
T0006450,C04067,P00771,2,568,2025-07-27 14:54:31,信用卡
T0006451,C03688,P01301,3,5118,2025-07-25 13:29:21,貨到付款
T0006452,C02266,P00844,2,8524,2025-07-04 21:47:37,貨到付款
T0006453,C00136,P01258,2,-62,2025-07-30 10:52:57,信用卡
T0006454,C00260,P00740,2,2708,2025-07-15 15:22:51,行動支付
T0006455,C03207,P01164,3,13092,2025-07-01 12:06:56,轉帳
T0006456,C03150,P00012,4,10248,2025-07-13 15:42:09,貨到付款
T0006457,C03955,P01797,3,7971,2025-07-22 17:32:40,行動支付
T0006458,C00680,P01076,4,13752,2025-07-31 12:12:46,轉帳
T0006459,C02003,P00200,2,8086,2025-07-20 16:22:27,轉帳
T0006460,C03141,P01308,1,3074,2025-07-18 21:55:40,轉帳
T0006461,C01568,P00532,2,748,2025-07-18 20:40:31,轉帳
T0006462,C00411,P01540,4,10428,2025-07-26 22:00:09,貨到付款
T0006463,C00789,P01242,3,2082,2025-07-29 00:54:35,信用卡
T0006464,C02581,P00934,2,4486,2025-07-16 06:01:53,信用卡
T0006465,C04848,P00889,3,9147,2025-07-08 13:43:21,信用卡
T0006466,C04153,P00819,3,8229,2025-07-08 12:24:48,轉帳
T0006467,C03815,P00921,3,5124,2025-07-10 06:18:50,貨到付款
T0006468,C04234,P01006,2,5874,2025-07-05 17:45:55,貨到付款
T0006469,C03428,P00221,3,9561,2025-07-24 15:43:58,轉帳
T0006470,C03963,P01939,3,9207,2025-07-19 22:18:21,轉帳
T0006471,C01596,P00837,2,1624,2025-07-07 04:18:23,轉帳
T0006472,C02391,P01706,3,2532,2025-07-19 08:00:35,貨到付款
T0006473,C03675,P01286,2,2046,2025-07-31 03:09:40,貨到付款
T0006474,C01303,P01082,4,9392,2025-07-20 21:27:46,轉帳
T0006475,C03437,P00597,4,9700,2025-07-19 08:30:12,信用卡
T0006476,C04133,P01321,4,8436,2025-07-11 14:58:16,轉帳
T0006477,C03997,P00356,3,6459,2025-07-05 19:44:08,轉帳
T0006478,C00993,P01351,1,210,2025-07-19 06:26:40,行動支付
T0006479,C02072,P01981,1,2988,2025-07-03 02:50:39,貨到付款
T0006480,C00909,P01643,3,-84,2025-07-01 16:10:16,信用卡
T0006481,C04381,P00301,1,2735,2025-07-11 04:33:07,轉帳
T0006482,C04723,P00781,2,-112,2025-07-09 18:42:19,行動支付
T0006483,C04421,P00737,1,1759,2025-07-15 03:53:12,貨到付款
T0006484,C01122,P01906,3,7425,2025-07-14 00:18:07,信用卡
T0006485,C04740,P00798,3,2457,2025-07-16 04:27:00,行動支付
T0006486,C04615,P00768,2,2464,2025-07-06 04:10:21,貨到付款
T0006487,C03235,P00341,4,8012,2025-07-11 21:12:42,信用卡
T0006488,C03133,P01739,3,6762,2025-07-22 06:16:47,信用卡
T0006489,C04534,P01149,2,5538,2025-07-03 14:11:11,行動支付
T0006490,C04870,P00188,1,3326,2025-07-18 02:36:22,貨到付款
T0006491,C00991,P00647,1,1316,2025-07-10 22:31:23,信用卡
T0006492,C03506,P00408,2,600,2025-07-09 18:06:24,轉帳
T0006493,C00843,P01233,2,342,2025-07-08 22:28:39,信用卡
T0006494,C02005,P01186,3,10353,2025-07-02 13:35:17,貨到付款
T0006495,C02144,P01782,1,1842,2025-07-18 10:07:28,信用卡
T0006496,C01300,P00325,2,5260,2025-07-07 17:13:48,轉帳
T0006497,C00445,P00652,1,2618,2025-07-28 17:25:39,貨到付款
T0006498,C01839,P01204,2,2460,2025-07-21 21:01:48,貨到付款
T0006499,C04736,P01342,1,4169,2025-07-30 22:56:34,行動支付
T0006500,C00586,P01256,4,3224,2025-07-06 19:27:41,行動支付
T0006501,C03592,P00018,3,10455,2025-07-22 22:27:06,行動支付
T0006502,C02175,P00888,1,2573,2025-07-05 19:50:53,轉帳
T0006503,C04599,P00595,4,6340,2025-07-31 13:24:17,行動支付
T0006504,C02268,P00273,1,1209,2025-07-24 14:30:24,信用卡
T0006505,C03368,P01723,1,3368,2025-07-09 15:52:22,貨到付款
T0006506,C00592,P00044,4,4504,2025-07-13 04:57:03,轉帳
T0006507,C03567,P00536,1,4006,2025-07-18 11:22:03,行動支付
T0006508,C00952,P00950,1,3617,2025-07-24 18:41:55,貨到付款
T0006509,C04309,P01529,3,774,2025-07-29 22:15:50,信用卡
T0006510,C03910,P00824,4,7620,2025-07-27 23:37:36,信用卡
T0006511,C01439,P01180,4,13700,2025-07-05 08:56:00,信用卡
T0006512,C02470,P01994,2,6906,2025-07-29 16:56:10,貨到付款
T0006513,C00650,P00125,1,1974,2025-07-17 14:00:09,轉帳
T0006514,C04281,P00875,3,2331,2025-07-17 13:21:48,轉帳
T0006515,C03000,P01237,1,471,2025-07-27 02:15:33,貨到付款
T0006516,C04976,P00968,1,1057,2025-07-22 21:20:43,行動支付
T0006517,C01414,P01124,2,6738,2025-07-11 10:15:11,貨到付款
T0006518,C03385,P01106,1,2992,2025-07-31 22:55:46,行動支付
T0006519,C02091,P01190,3,357,2025-07-18 19:21:53,行動支付
T0006520,C02042,P00613,3,2472,2025-07-19 02:48:07,行動支付
T0006521,C00729,P01359,2,1870,2025-07-28 20:50:54,信用卡
T0006522,C01450,P00509,1,1640,2025-07-17 02:22:11,貨到付款
T0006523,C01308,P00703,3,9252,2025-07-17 21:51:38,信用卡
T0006524,C03088,P01235,1,3440,2025-07-25 23:02:54,行動支付
T0006525,C04536,P01141,1,1690,2025-07-28 13:00:27,信用卡
T0006526,C01848,P00811,1,3813,2025-07-16 11:00:46,信用卡
T0006527,C03421,P00150,2,6460,2025-07-22 16:51:03,貨到付款
T0006528,C02290,P01018,1,3404,2025-07-08 16:33:18,行動支付
T0006529,C00051,P01605,3,9054,2025-07-01 07:27:40,信用卡
T0006530,C00666,P01603,1,1017,2025-07-16 15:25:37,轉帳
T0006531,C01616,P01693,3,10935,2025-07-05 16:55:04,信用卡
T0006532,C03465,P00225,1,1797,2025-07-19 20:07:47,貨到付款
T0006533,C03434,P00924,3,3930,2025-07-01 12:54:31,轉帳
T0006534,C03566,P00577,3,4170,2025-07-29 07:29:02,轉帳
T0006535,C03542,P00916,1,2368,2025-07-20 08:31:18,貨到付款
T0006536,C03680,P01887,1,4114,2025-07-30 19:22:59,信用卡
T0006537,C01281,P00686,3,4212,2025-07-23 12:54:27,行動支付
T0006538,C00476,P00797,4,10604,2025-07-19 22:07:56,行動支付
T0006539,C00293,P01163,2,1068,2025-07-10 11:29:51,轉帳
T0006540,C01664,P01616,4,13520,2025-07-14 15:35:41,行動支付
T0006541,C01174,P00213,4,644,2025-07-10 11:49:44,轉帳
T0006542,C04541,P00761,1,491,2025-07-30 17:47:51,轉帳
T0006543,C04983,P01552,2,6462,2025-07-12 09:27:38,行動支付
T0006544,C04696,P01067,4,4692,2025-07-11 17:29:39,行動支付
T0006545,C04836,P00530,1,2279,2025-07-06 13:11:47,行動支付
T0006546,C02991,P00632,4,4312,2025-07-14 11:45:30,行動支付
T0006547,C03741,P01584,4,8336,2025-07-07 10:16:14,貨到付款
T0006548,C00227,P00333,1,4048,2025-07-16 19:12:43,信用卡
T0006549,C01268,P01280,1,982,2025-07-28 17:05:36,轉帳
T0006550,C03098,P01612,1,350,2025-07-22 23:20:26,轉帳
T0006551,C01512,P01751,2,1948,2025-07-13 18:43:51,信用卡
T0006552,C01973,P00653,4,11348,2025-07-04 22:16:04,信用卡
T0006553,C01854,P00341,1,2003,2025-07-22 11:12:01,行動支付
T0006554,C04840,P01671,3,5208,2025-07-29 14:33:41,信用卡
T0006555,C02797,P01973,4,3708,2025-07-28 11:36:49,貨到付款
T0006556,C02902,P00328,3,6585,2025-07-17 14:51:44,轉帳
T0006557,C01301,P00279,2,402,2025-07-18 06:40:47,信用卡
T0006558,C02518,P00917,1,3121,2025-07-14 02:22:51,轉帳
T0006559,C04651,P00793,3,11427,2025-07-24 17:37:06,行動支付
T0006560,C04389,P00579,2,5412,2025-07-16 20:10:43,行動支付
T0006561,C00659,P01203,1,2371,2025-07-09 10:15:27,行動支付
T0006562,C01586,P00122,3,3189,2025-07-24 11:16:46,貨到付款
T0006563,C02652,P01679,3,13008,2025-07-22 11:15:34,轉帳
T0006564,C00708,P00358,2,4132,2025-07-02 05:04:33,行動支付
T0006565,C00584,P01069,1,1880,2025-07-09 10:04:12,貨到付款
T0006566,C00220,P00505,1,432,2025-07-12 20:30:45,貨到付款
T0006567,C00639,P01040,3,4107,2025-07-04 20:47:35,轉帳
T0006568,C04358,P01540,3,7821,2025-07-05 09:04:06,信用卡
T0006569,C04174,P00001,3,1662,2025-07-24 23:29:24,行動支付
T0006570,C03739,P01754,1,3035,2025-07-30 21:01:28,信用卡
T0006571,C04631,P01146,2,5300,2025-07-07 11:34:30,貨到付款
T0006572,C01414,P00379,2,3798,2025-07-29 20:14:46,轉帳
T0006573,C04384,P01331,1,2396,2025-07-12 07:17:52,信用卡
T0006574,C03064,P00082,4,348,2025-07-31 12:22:50,信用卡
T0006575,C03807,P00964,2,3118,2025-07-30 14:19:28,貨到付款
T0006576,C01318,P01333,3,8433,2025-07-29 22:12:04,行動支付
T0006577,C01565,P01081,4,2288,2025-07-21 07:25:32,行動支付
T0006578,C04463,P00473,4,14008,2025-07-18 12:11:25,貨到付款
T0006579,C01577,P01190,2,238,2025-07-13 05:40:46,行動支付
T0006580,C04972,P00947,4,9008,2025-07-01 01:55:41,貨到付款
T0006581,C03818,P01666,4,7892,2025-07-17 21:17:14,信用卡
T0006582,C00756,P01487,2,4028,2025-07-18 10:07:19,轉帳
T0006583,C04265,P00211,2,1800,2025-07-18 18:30:32,信用卡
T0006584,C03287,P00695,4,10816,2025-07-24 23:06:25,轉帳
T0006585,C03991,P01968,3,9348,2025-07-12 21:00:33,轉帳
T0006586,C00266,P00473,1,3502,2025-07-17 22:56:43,行動支付
T0006587,C00743,P00298,4,7692,2025-07-26 22:57:04,信用卡
T0006588,C01149,P01920,4,14928,2025-07-17 18:02:48,轉帳
T0006589,C00179,P01576,3,4371,2025-07-31 18:18:18,信用卡
T0006590,C01301,P01830,4,13000,2025-07-31 14:45:11,信用卡
T0006591,C03529,P00094,4,656,2025-07-18 16:10:27,行動支付
T0006592,C02182,P00425,1,283,2025-07-03 15:16:44,信用卡
T0006593,C04976,P01359,1,935,2025-07-13 00:51:34,轉帳
T0006594,C04636,P01440,1,1296,2025-07-15 11:51:27,行動支付
T0006595,C00203,P01519,2,6896,2025-07-27 04:16:36,信用卡
T0006596,C01782,P00806,2,3994,2025-07-07 18:33:05,信用卡
T0006597,C03545,P01184,1,-90,2025-07-07 14:08:48,貨到付款
T0006598,C02425,P01738,1,3596,2025-07-05 14:12:33,信用卡
T0006599,C02464,P01192,2,608,2025-07-24 23:19:21,行動支付
T0006600,C04229,P01290,3,3027,2025-07-01 17:00:49,轉帳
T0006601,C04334,P00034,4,5832,2025-07-29 17:50:47,貨到付款
T0006602,C00618,P01936,4,15168,2025-07-08 12:07:41,信用卡
T0006603,C00467,P00714,1,101,2025-07-03 14:31:26,信用卡
T0006604,C04340,P00585,3,2403,2025-07-09 16:46:30,信用卡
T0006605,C00903,P01115,2,6044,2025-07-07 16:26:35,貨到付款
T0006606,C00841,P01534,1,112,2025-07-26 02:56:14,貨到付款
T0006607,C02543,P00383,3,-159,2025-07-30 19:41:08,行動支付
T0006608,C01363,P00876,3,4869,2025-07-29 18:40:31,行動支付
T0006609,C04454,P01082,3,7044,2025-07-26 16:35:06,轉帳
T0006610,C02928,P01689,2,4034,2025-07-18 05:22:57,信用卡
T0006611,C02917,P01981,2,5976,2025-07-07 18:11:23,轉帳
T0006612,C04858,P00863,4,11564,2025-07-23 15:15:02,貨到付款
T0006613,C02630,P01138,4,3804,2025-07-30 10:12:25,轉帳
T0006614,C02853,P01005,3,4197,2025-07-16 04:03:41,貨到付款
T0006615,C02082,P00959,3,8805,2025-07-08 11:19:04,貨到付款
T0006616,C00384,P01442,2,-102,2025-07-30 19:48:33,信用卡
T0006617,C03841,P00039,4,6068,2025-07-15 14:09:32,貨到付款
T0006618,C03384,P00236,3,3357,2025-07-16 12:00:30,轉帳
T0006619,C04436,P00944,4,11888,2025-07-06 09:44:43,行動支付
T0006620,C00129,P00828,4,10116,2025-07-09 16:04:00,轉帳
T0006621,C03406,P01285,3,2946,2025-07-11 18:15:37,信用卡
T0006622,C03403,P00069,2,8434,2025-07-03 14:34:04,信用卡
T0006623,C01970,P00225,3,5391,2025-07-06 12:42:15,行動支付
T0006624,C02951,P01500,3,2331,2025-07-15 17:14:38,行動支付
T0006625,C04756,P00855,4,13204,2025-07-21 16:57:40,轉帳
T0006626,C04184,P01777,3,11514,2025-07-19 05:48:03,轉帳
T0006627,C00768,P00245,2,5266,2025-07-25 16:09:50,信用卡
T0006628,C00405,P00461,3,1149,2025-07-06 18:41:33,貨到付款
T0006629,C04153,P01837,2,3166,2025-07-04 12:36:22,貨到付款
T0006630,C03297,P00606,2,7296,2025-07-08 17:15:52,貨到付款
T0006631,C02270,P01937,4,13836,2025-07-25 14:33:46,信用卡
T0006632,C04776,P00263,1,2948,2025-07-05 05:49:11,貨到付款
T0006633,C02971,P01190,1,119,2025-07-02 14:40:19,貨到付款
T0006634,C00029,P00086,4,7604,2025-07-27 12:06:55,轉帳
T0006635,C04848,P00967,3,255,2025-07-22 06:27:51,信用卡
T0006636,C03280,P01330,4,12188,2025-07-29 18:50:49,轉帳
T0006637,C04754,P01909,2,2376,2025-07-25 10:03:52,行動支付
T0006638,C01624,P01117,1,2011,2025-07-23 13:35:01,轉帳
T0006639,C03657,P01858,4,4948,2025-07-03 18:17:24,轉帳
T0006640,C03671,P01637,3,10386,2025-07-16 02:05:17,轉帳
T0006641,C04787,P00748,4,12324,2025-07-23 22:54:09,貨到付款
T0006642,C02845,P00601,1,3218,2025-07-18 21:00:16,轉帳
T0006643,C01056,P00077,4,15048,2025-07-10 14:56:55,貨到付款
T0006644,C00243,P00283,4,6032,2025-07-06 00:35:12,轉帳
T0006645,C03218,P01556,1,928,2025-07-25 14:18:35,轉帳
T0006646,C01615,P00233,2,4732,2025-07-15 12:21:25,轉帳
T0006647,C00277,P01820,2,678,2025-07-06 05:28:34,行動支付
T0006648,C00353,P01222,1,2949,2025-07-21 22:27:44,貨到付款
T0006649,C04759,P00872,4,3976,2025-07-03 15:14:51,行動支付
T0006650,C01906,P00955,1,2437,2025-07-26 03:28:29,行動支付
T0006651,C01994,P00630,2,3360,2025-07-14 01:26:48,信用卡
T0006652,C00890,P00850,3,5430,2025-07-07 17:41:43,轉帳
T0006653,C04825,P00356,4,8612,2025-07-11 17:45:15,行動支付
T0006654,C04327,P01877,2,1046,2025-07-14 16:55:37,轉帳
T0006655,C00445,P00361,4,16508,2025-07-02 14:49:30,轉帳
T0006656,C04261,P01217,1,234,2025-07-10 05:26:37,轉帳
T0006657,C00814,P00663,3,3606,2025-07-18 11:14:56,轉帳
T0006658,C03897,P00430,1,2510,2025-07-14 14:45:15,信用卡
T0006659,C01424,P01270,3,11121,2025-07-22 11:47:53,貨到付款
T0006660,C03762,P01319,4,15304,2025-07-27 08:49:05,行動支付
T0006661,C03270,P00879,4,-392,2025-07-29 21:17:22,轉帳
T0006662,C00603,P00058,1,868,2025-07-08 13:28:30,行動支付
T0006663,C02454,P00997,3,6285,2025-07-23 15:33:23,貨到付款
T0006664,C02161,P00960,3,807,2025-07-19 03:39:17,轉帳
T0006665,C04031,P00777,4,14744,2025-07-31 13:14:26,貨到付款
T0006666,C01550,P01082,1,2348,2025-07-03 16:43:59,信用卡
T0006667,C03424,P01369,3,7509,2025-07-26 12:44:12,轉帳
T0006668,C00656,P00651,4,4036,2025-07-15 12:34:56,貨到付款
T0006669,C03327,P01194,2,3108,2025-07-19 21:12:48,貨到付款
T0006670,C04160,P01201,1,3965,2025-07-20 21:24:02,貨到付款
T0006671,C02563,P00652,2,5236,2025-07-10 09:17:20,信用卡
T0006672,C02448,P00192,1,2531,2025-07-01 10:53:54,行動支付
T0006673,C04427,P01648,4,5096,2025-07-13 11:03:09,貨到付款
T0006674,C02382,P00463,3,420,2025-07-04 22:51:33,貨到付款
T0006675,C02815,P00450,3,8283,2025-07-06 14:50:37,行動支付
T0006676,C02115,P00012,3,7686,2025-07-18 16:04:58,行動支付
T0006677,C03782,P01660,1,4461,2025-07-13 18:46:00,信用卡
T0006678,C04054,P01938,4,13824,2025-07-31 11:46:26,貨到付款
T0006679,C03069,P00574,2,908,2025-07-07 19:37:18,行動支付
T0006680,C02170,P01457,4,13772,2025-07-01 11:50:32,信用卡
T0006681,C02130,P00436,2,3800,2025-07-27 17:01:19,行動支付
T0006682,C00202,P00332,1,3744,2025-07-07 15:05:40,行動支付
T0006683,C01708,P01657,1,3082,2025-07-06 10:57:52,信用卡
T0006684,C02317,P01798,2,3490,2025-07-18 22:32:46,貨到付款
T0006685,C01121,P00112,2,504,2025-07-13 07:54:07,行動支付
T0006686,C03431,P01482,2,5320,2025-07-01 15:49:54,行動支付
T0006687,C00775,P00788,4,10892,2025-07-04 17:37:29,轉帳
T0006688,C02476,P01316,2,8954,2025-07-30 22:55:31,行動支付
T0006689,C03147,P01893,1,1228,2025-07-28 19:32:13,信用卡
T0006690,C02623,P01861,1,939,2025-07-20 18:43:05,信用卡
T0006691,C01453,P00135,3,6213,2025-07-08 09:19:02,貨到付款
T0006692,C02186,P01434,2,3814,2025-07-06 16:50:23,信用卡
T0006693,C04536,P00944,4,11888,2025-07-19 06:22:57,貨到付款
T0006694,C02388,P01846,4,4168,2025-07-02 05:25:23,信用卡
T0006695,C00743,P01280,4,3928,2025-07-15 13:20:30,貨到付款
T0006696,C00638,P01266,3,9573,2025-07-10 15:13:40,信用卡
T0006697,C04514,P00926,1,3586,2025-07-05 13:00:43,行動支付
T0006698,C04207,P00314,4,13824,2025-07-30 18:42:47,信用卡
T0006699,C02615,P01544,1,2545,2025-07-25 00:21:25,轉帳
T0006700,C01477,P01072,3,5259,2025-07-02 21:21:20,行動支付
T0006701,C00238,P01091,2,4182,2025-07-16 11:45:40,貨到付款
T0006702,C00382,P00492,2,7786,2025-07-25 22:18:07,轉帳
T0006703,C00225,P00693,2,2910,2025-07-02 16:00:49,行動支付
T0006704,C00538,P00641,4,4484,2025-07-01 19:59:24,行動支付
T0006705,C02124,P01350,2,6156,2025-07-27 02:56:51,轉帳
T0006706,C00472,P01108,4,7288,2025-07-22 21:42:21,信用卡
T0006707,C03304,P00341,3,6009,2025-07-07 22:28:24,轉帳
T0006708,C02842,P01168,3,5328,2025-07-13 00:44:10,轉帳
T0006709,C01266,P00610,4,1604,2025-07-10 12:23:24,轉帳
T0006710,C01274,P01362,1,2440,2025-07-20 11:37:05,信用卡
T0006711,C00408,P00692,2,7132,2025-07-17 06:13:14,轉帳
T0006712,C02517,P01425,2,3716,2025-07-25 18:56:52,轉帳
T0006713,C00569,P00625,2,6396,2025-07-13 20:28:21,貨到付款
T0006714,C03307,P00812,4,12876,2025-07-15 13:50:23,行動支付
T0006715,C00897,P01954,3,1476,2025-07-09 13:01:24,轉帳
T0006716,C00911,P00655,2,6352,2025-07-18 10:49:11,貨到付款
T0006717,C01964,P00736,3,10500,2025-07-14 01:12:15,轉帳
T0006718,C00416,P00168,2,3216,2025-07-28 15:10:52,貨到付款
T0006719,C04383,P00133,2,6504,2025-07-21 12:45:37,轉帳
T0006720,C01488,P00671,4,3824,2025-07-31 14:25:24,轉帳
T0006721,C02936,P00104,1,3692,2025-07-24 03:45:50,信用卡
T0006722,C02274,P01703,4,5492,2025-07-28 22:52:43,轉帳
T0006723,C03351,P00094,2,328,2025-07-04 15:48:20,轉帳
T0006724,C03119,P00617,2,2510,2025-07-17 16:18:06,轉帳
T0006725,C01325,P00185,1,2663,2025-07-10 17:12:26,貨到付款
T0006726,C04833,P00896,3,3585,2025-07-08 22:33:28,信用卡
T0006727,C04356,P00614,3,3027,2025-07-09 13:08:51,行動支付
T0006728,C00935,P00943,2,7028,2025-07-24 13:58:36,轉帳
T0006729,C00925,P01529,3,774,2025-07-29 11:28:39,信用卡
T0006730,C03735,P01277,2,-118,2025-07-02 21:10:41,信用卡
T0006731,C03020,P00713,1,389,2025-07-24 21:13:56,貨到付款
T0006732,C04358,P00282,1,2085,2025-07-01 17:44:18,行動支付
T0006733,C00531,P00876,2,3246,2025-07-10 11:04:43,貨到付款
T0006734,C02671,P01057,1,227,2025-07-06 02:12:17,轉帳
T0006735,C00029,P01486,4,10956,2025-07-28 18:21:53,轉帳
T0006736,C00583,P01464,4,8988,2025-07-15 17:38:01,行動支付
T0006737,C00858,P00224,1,3823,2025-07-30 03:11:21,行動支付
T0006738,C02385,P01578,2,8558,2025-07-13 09:54:54,行動支付
T0006739,C03459,P00922,2,7758,2025-07-25 16:08:15,信用卡
T0006740,C04343,P00712,1,1214,2025-07-02 13:13:26,貨到付款
T0006741,C04829,P00600,3,10353,2025-07-12 10:33:12,轉帳
T0006742,C03009,P01611,4,2436,2025-07-15 18:41:43,信用卡
T0006743,C02433,P01142,3,8571,2025-07-12 02:50:03,信用卡
T0006744,C03092,P00398,2,1236,2025-07-10 07:25:31,信用卡
T0006745,C04869,P00578,2,3600,2025-07-15 15:24:31,行動支付
T0006746,C01803,P01802,3,996,2025-07-20 08:37:42,貨到付款
T0006747,C03369,P00406,1,4078,2025-07-23 17:47:08,貨到付款
T0006748,C03451,P00666,3,12378,2025-07-24 22:17:55,貨到付款
T0006749,C01974,P00976,3,2793,2025-07-20 09:13:29,行動支付
T0006750,C01513,P01068,4,13356,2025-07-03 16:30:20,轉帳
T0006751,C00625,P00444,4,3712,2025-07-11 19:37:07,貨到付款
T0006752,C00069,P00249,3,5751,2025-07-26 03:53:38,貨到付款
T0006753,C00559,P00435,3,12174,2025-07-10 13:42:01,信用卡
T0006754,C00079,P00166,2,2000,2025-07-30 10:45:39,信用卡
T0006755,C04852,P01575,4,8408,2025-07-29 18:57:19,信用卡
T0006756,C04295,P01376,4,5416,2025-07-07 16:47:33,貨到付款
T0006757,C01046,P00479,2,1574,2025-07-05 09:37:28,轉帳
T0006758,C03243,P01288,1,805,2025-07-13 13:07:15,信用卡
T0006759,C03248,P01836,4,9440,2025-07-22 13:31:17,信用卡
T0006760,C02178,P01960,4,11520,2025-07-25 16:27:53,貨到付款
T0006761,C03130,P00854,1,1763,2025-07-17 17:37:25,信用卡
T0006762,C03950,P00074,4,4560,2025-07-20 20:33:49,信用卡
T0006763,C00954,P00948,4,3152,2025-07-16 15:14:36,行動支付
T0006764,C01504,P01069,1,1880,2025-07-30 05:19:07,行動支付
T0006765,C02317,P00350,1,453,2025-07-18 18:20:37,行動支付
T0006766,C02369,P01827,3,4035,2025-07-02 19:57:39,轉帳
T0006767,C00109,P00136,2,4330,2025-07-10 17:43:18,轉帳
T0006768,C00830,P01588,2,6430,2025-07-26 06:29:17,轉帳
T0006769,C00762,P00959,1,2935,2025-07-06 10:28:08,信用卡
T0006770,C03512,P00950,1,3617,2025-07-12 07:21:46,行動支付
T0006771,C04819,P00019,4,14000,2025-07-05 11:26:04,行動支付
T0006772,C02357,P01654,3,11343,2025-07-02 17:16:29,信用卡
T0006773,C04298,P00869,3,7005,2025-07-27 15:35:30,信用卡
T0006774,C02926,P00631,1,2978,2025-07-09 21:29:20,轉帳
T0006775,C01006,P00125,4,7896,2025-07-03 21:15:39,貨到付款
T0006776,C02847,P00363,4,14620,2025-07-04 22:24:51,行動支付
T0006777,C04169,P00890,2,2668,2025-07-01 11:34:10,信用卡
T0006778,C00254,P00611,2,6970,2025-07-18 22:01:14,行動支付
T0006779,C00039,P00653,4,11348,2025-07-11 14:38:38,轉帳
T0006780,C03152,P01321,2,4218,2025-07-23 08:57:01,信用卡
T0006781,C03565,P01853,1,1991,2025-07-18 17:23:34,貨到付款
T0006782,C04897,P01457,4,13772,2025-07-16 15:00:57,貨到付款
T0006783,C04243,P00965,2,3056,2025-07-24 15:01:06,轉帳
T0006784,C03685,P01611,3,1827,2025-07-07 16:43:39,信用卡
T0006785,C02979,P01023,4,12500,2025-07-07 20:38:40,轉帳
T0006786,C02771,P00203,4,11976,2025-07-06 23:25:28,轉帳
T0006787,C01453,P01129,3,2973,2025-07-27 14:30:44,貨到付款
T0006788,C02437,P00214,1,1656,2025-07-25 12:43:51,貨到付款
T0006789,C02430,P00849,3,5652,2025-07-13 19:05:48,信用卡
T0006790,C02955,P00956,4,9988,2025-07-16 19:04:33,行動支付
T0006791,C03057,P00585,1,801,2025-07-13 04:26:46,信用卡
T0006792,C03393,P01738,2,7192,2025-07-15 19:54:33,信用卡
T0006793,C04083,P00993,2,5404,2025-07-14 05:57:14,轉帳
T0006794,C02439,P01470,2,7026,2025-07-26 05:35:25,轉帳
T0006795,C03571,P00885,4,996,2025-07-07 20:07:15,行動支付
T0006796,C02641,P00757,3,4050,2025-07-01 22:09:47,轉帳
T0006797,C02110,P00325,1,2630,2025-07-26 09:19:43,貨到付款
T0006798,C01579,P01618,2,4194,2025-07-27 14:26:19,行動支付
T0006799,C00317,P01177,1,3342,2025-07-01 17:25:25,行動支付
T0006800,C04464,P00130,4,1296,2025-07-12 19:17:36,轉帳
T0006801,C02085,P00620,2,4696,2025-07-16 14:49:20,信用卡
T0006802,C02366,P00419,4,5640,2025-07-08 13:17:51,信用卡
T0006803,C02473,P00792,3,6882,2025-07-08 20:36:41,貨到付款
T0006804,C04694,P01175,4,9692,2025-07-11 12:08:06,轉帳
T0006805,C01733,P01151,4,6992,2025-07-21 15:10:03,轉帳
T0006806,C03487,P01777,3,11514,2025-07-29 16:02:54,信用卡
T0006807,C00104,P01258,1,-31,2025-07-03 18:55:33,行動支付
T0006808,C01440,P00860,3,2910,2025-07-20 05:16:58,信用卡
T0006809,C00961,P01943,3,3273,2025-07-17 10:00:58,行動支付
T0006810,C01719,P00682,4,12548,2025-07-01 20:37:10,信用卡
T0006811,C01160,P01219,1,1668,2025-07-27 00:15:54,信用卡
T0006812,C01098,P01150,2,5266,2025-07-13 07:18:40,轉帳
T0006813,C04545,P01580,3,10503,2025-07-12 09:27:39,轉帳
T0006814,C01695,P01378,1,433,2025-07-14 17:02:59,轉帳
T0006815,C03010,P00224,3,11469,2025-07-03 17:56:13,轉帳
T0006816,C04212,P01064,3,3042,2025-07-07 06:57:20,轉帳
T0006817,C03284,P01108,3,5466,2025-07-05 19:00:17,行動支付
T0006818,C00655,P00959,3,8805,2025-07-29 22:59:20,貨到付款
T0006819,C01466,P01154,4,14848,2025-07-21 14:32:44,貨到付款
T0006820,C03556,P01062,1,3749,2025-07-09 18:09:29,行動支付
T0006821,C04799,P00467,1,3892,2025-07-14 15:54:05,貨到付款
T0006822,C04165,P01862,1,1046,2025-07-21 20:30:28,轉帳
T0006823,C03365,P01417,3,5736,2025-07-27 22:53:36,貨到付款
T0006824,C03672,P00327,4,3248,2025-07-24 20:51:15,貨到付款
T0006825,C03979,P01408,3,7704,2025-07-08 11:21:27,信用卡
T0006826,C03998,P01080,3,12579,2025-07-31 20:19:57,貨到付款
T0006827,C04222,P00819,1,2743,2025-07-05 00:35:17,信用卡
T0006828,C03109,P01044,3,7689,2025-07-09 20:28:25,轉帳
T0006829,C01412,P01809,2,276,2025-07-31 13:26:55,信用卡
T0006830,C03746,P00340,3,7566,2025-07-27 17:11:56,行動支付
T0006831,C03335,P00589,2,6150,2025-07-19 20:58:45,信用卡
T0006832,C00645,P00553,3,11919,2025-07-25 13:46:26,轉帳
T0006833,C00997,P01875,4,4860,2025-07-10 04:13:04,信用卡
T0006834,C03028,P01552,4,12924,2025-07-18 12:40:41,信用卡
T0006835,C00504,P00595,1,1585,2025-07-31 21:31:56,貨到付款
T0006836,C02079,P01502,3,7071,2025-07-08 18:40:26,貨到付款
T0006837,C04968,P01801,2,4272,2025-07-12 19:13:16,信用卡
T0006838,C01518,P01339,2,832,2025-07-21 23:23:44,貨到付款
T0006839,C01047,P01448,3,6603,2025-07-29 21:18:27,行動支付
T0006840,C00235,P01165,2,1438,2025-07-24 04:52:42,信用卡
T0006841,C00090,P00876,4,6492,2025-07-26 01:48:48,貨到付款
T0006842,C04404,P01122,2,-90,2025-07-18 12:26:29,行動支付
T0006843,C01785,P01753,1,2525,2025-07-22 10:16:19,行動支付
T0006844,C00793,P01647,4,5040,2025-07-22 03:55:38,信用卡
T0006845,C04139,P01779,4,9072,2025-07-31 20:32:39,行動支付
T0006846,C04472,P00657,4,6244,2025-07-06 16:32:57,貨到付款
T0006847,C00159,P01419,3,3204,2025-07-20 02:19:43,信用卡
T0006848,C00318,P00697,3,258,2025-07-07 20:13:21,信用卡
T0006849,C02153,P01039,4,11168,2025-07-29 20:16:52,信用卡
T0006850,C03087,P01890,3,11214,2025-07-06 08:45:52,信用卡
T0006851,C00603,P01483,2,6372,2025-07-14 09:34:42,行動支付
T0006852,C01120,P01685,3,2217,2025-07-28 14:47:41,行動支付
T0006853,C01289,P00102,3,1632,2025-07-01 15:32:05,信用卡
T0006854,C01701,P00286,4,13924,2025-07-27 18:50:32,行動支付
T0006855,C01776,P00882,1,965,2025-07-10 22:29:50,轉帳
T0006856,C00233,P01167,1,1824,2025-07-11 20:15:47,貨到付款
T0006857,C04388,P01462,1,598,2025-07-25 11:02:29,貨到付款
T0006858,C01337,P01218,2,6488,2025-07-22 12:05:32,信用卡
T0006859,C00755,P01794,3,1917,2025-07-28 19:01:23,轉帳
T0006860,C03450,P01691,1,702,2025-07-23 21:56:08,信用卡
T0006861,C02576,P01677,4,14188,2025-07-22 11:48:22,信用卡
T0006862,C03347,P01640,1,3882,2025-07-22 22:49:17,信用卡
T0006863,C03532,P00598,1,442,2025-07-14 18:04:08,貨到付款
T0006864,C04633,P01080,3,12579,2025-07-02 14:01:42,行動支付
T0006865,C02189,P01278,3,5871,2025-07-21 17:06:06,信用卡
T0006866,C02285,P01814,3,6948,2025-07-20 22:46:22,貨到付款
T0006867,C04207,P00903,2,616,2025-07-25 16:13:40,行動支付
T0006868,C00554,P00163,2,5220,2025-07-15 10:15:50,轉帳
T0006869,C00529,P00028,1,506,2025-07-01 11:20:34,貨到付款
T0006870,C03052,P00656,3,9435,2025-07-09 13:14:48,行動支付
T0006871,C03910,P01161,1,619,2025-07-20 18:17:57,信用卡
T0006872,C04736,P00598,4,1768,2025-07-27 18:35:01,轉帳
T0006873,C04118,P01930,4,14088,2025-07-23 12:43:01,貨到付款
T0006874,C00209,P01850,3,2208,2025-07-02 16:10:49,行動支付
T0006875,C00527,P01621,3,7206,2025-07-30 19:13:06,轉帳
T0006876,C03149,P01579,4,6716,2025-07-19 08:59:03,信用卡
T0006877,C04354,P01589,3,9027,2025-07-31 15:31:15,貨到付款
T0006878,C04554,P00412,2,3860,2025-07-01 21:21:43,信用卡
T0006879,C00785,P00992,2,4698,2025-07-07 16:54:02,信用卡
T0006880,C01460,P01747,3,10452,2025-07-08 19:40:46,貨到付款
T0006881,C02207,P01046,4,10572,2025-07-25 17:11:47,轉帳
T0006882,C02529,P00782,1,3570,2025-07-20 03:24:09,轉帳
T0006883,C03662,P01046,3,7929,2025-07-01 21:43:23,行動支付
T0006884,C00496,P00166,3,3000,2025-07-25 18:45:22,信用卡
T0006885,C03235,P01452,1,-27,2025-07-31 22:24:52,信用卡
T0006886,C01673,P01276,3,792,2025-07-05 21:19:38,轉帳
T0006887,C00688,P00419,1,1410,2025-07-16 13:50:22,信用卡
T0006888,C04242,P01005,4,5596,2025-07-24 22:34:44,行動支付
T0006889,C02195,P01503,2,8086,2025-07-08 20:51:14,信用卡
T0006890,C02078,P01697,4,3164,2025-07-20 05:37:49,貨到付款
T0006891,C03845,P00228,2,2704,2025-07-10 11:01:37,行動支付
T0006892,C01226,P00163,1,2610,2025-07-22 13:34:32,信用卡
T0006893,C04045,P00491,2,6366,2025-07-17 13:28:35,信用卡
T0006894,C01706,P01972,4,12004,2025-07-15 16:11:50,行動支付
T0006895,C02525,P00983,2,6186,2025-07-29 16:54:00,轉帳
T0006896,C00426,P01077,1,400,2025-07-22 20:21:30,信用卡
T0006897,C01862,P00550,2,4238,2025-07-06 17:53:32,行動支付
T0006898,C03774,P01832,3,10815,2025-07-08 17:33:12,貨到付款
T0006899,C01803,P01152,4,9612,2025-07-01 18:04:35,貨到付款
T0006900,C03324,P01775,3,6894,2025-07-20 13:52:23,行動支付
T0006901,C00758,P00045,1,2027,2025-07-21 17:54:49,轉帳
T0006902,C03767,P01589,2,6018,2025-07-22 15:25:48,轉帳
T0006903,C02108,P01313,3,6231,2025-07-26 15:46:01,貨到付款
T0006904,C01140,P01732,3,2946,2025-07-27 10:18:21,貨到付款
T0006905,C04008,P01687,2,3276,2025-07-28 14:42:20,信用卡
T0006906,C02067,P01145,2,8132,2025-07-22 19:40:29,行動支付
T0006907,C02046,P01691,4,2808,2025-07-01 21:58:10,貨到付款
T0006908,C02293,P01666,3,5919,2025-07-15 07:34:51,貨到付款
T0006909,C04261,P00890,3,4002,2025-07-21 15:22:33,行動支付
T0006910,C03973,P01154,1,3712,2025-07-15 20:03:50,行動支付
T0006911,C01808,P00740,4,5416,2025-07-19 13:02:42,行動支付
T0006912,C00148,P00295,1,3058,2025-07-05 00:21:56,信用卡
T0006913,C00727,P01722,3,5709,2025-07-22 21:02:16,行動支付
T0006914,C00049,P01849,1,1595,2025-07-13 19:37:58,行動支付
T0006915,C04031,P01170,3,6498,2025-07-02 21:18:13,貨到付款
T0006916,C04718,P00442,3,8808,2025-07-19 00:25:52,轉帳
T0006917,C00423,P01578,1,4279,2025-07-09 21:16:30,貨到付款
T0006918,C01574,P00178,1,1493,2025-07-16 10:10:02,行動支付
T0006919,C04909,P01658,2,-2,2025-07-05 07:50:16,轉帳
T0006920,C00821,P00626,2,3028,2025-07-27 21:17:00,貨到付款
T0006921,C00307,P01009,2,4124,2025-07-22 15:40:06,信用卡
T0006922,C03795,P01501,3,945,2025-07-19 11:58:34,轉帳
T0006923,C03300,P01509,1,3331,2025-07-21 17:43:00,信用卡
T0006924,C03207,P00929,4,6900,2025-07-04 05:03:48,貨到付款
T0006925,C04512,P01498,3,4428,2025-07-07 19:31:58,轉帳
T0006926,C00289,P01537,4,12756,2025-07-06 14:41:04,信用卡
T0006927,C03158,P01337,1,1664,2025-07-24 14:51:40,行動支付
T0006928,C03566,P00390,3,8175,2025-07-09 22:57:27,行動支付
T0006929,C03301,P01346,4,2096,2025-07-03 22:49:25,信用卡
T0006930,C02598,P00039,4,6068,2025-07-14 18:17:30,貨到付款
T0006931,C01478,P01488,2,6134,2025-07-03 23:31:44,信用卡
T0006932,C02010,P00243,2,5628,2025-07-19 05:11:28,轉帳
T0006933,C03404,P00482,2,5890,2025-07-11 14:08:44,轉帳
T0006934,C02768,P01168,3,5328,2025-07-23 01:15:06,行動支付
T0006935,C01521,P00020,1,1782,2025-07-31 18:57:48,貨到付款
T0006936,C03713,P01917,1,3712,2025-07-25 10:41:00,貨到付款
T0006937,C04546,P01065,2,662,2025-07-03 19:05:40,行動支付
T0006938,C00039,P01705,2,5296,2025-07-28 15:11:05,行動支付
T0006939,C01398,P01969,2,524,2025-07-11 10:36:59,轉帳
T0006940,C02638,P00614,4,4036,2025-07-02 04:31:18,轉帳
T0006941,C04602,P01292,2,7644,2025-07-03 20:24:56,轉帳
T0006942,C03501,P00630,4,6720,2025-07-13 17:17:13,信用卡
T0006943,C02230,P00242,1,3522,2025-07-31 02:24:01,貨到付款
T0006944,C01025,P01447,3,10776,2025-07-26 07:35:54,轉帳
T0006945,C02722,P00084,3,9321,2025-07-22 11:25:31,貨到付款
T0006946,C03941,P00118,3,1842,2025-07-05 05:54:19,行動支付
T0006947,C03260,P01062,3,11247,2025-07-13 20:16:17,轉帳
T0006948,C03487,P01652,4,4336,2025-07-16 08:24:03,行動支付
T0006949,C04438,P01595,4,944,2025-07-26 09:27:29,信用卡
T0006950,C03907,P01711,2,5046,2025-07-31 17:31:58,貨到付款
T0006951,C02022,P01434,4,7628,2025-07-15 16:56:39,貨到付款
T0006952,C00986,P00085,2,5538,2025-07-06 01:07:34,轉帳
T0006953,C01507,P00655,2,6352,2025-07-04 02:29:10,信用卡
T0006954,C00184,P01758,3,3000,2025-07-26 14:32:42,信用卡
T0006955,C01672,P00598,4,1768,2025-07-09 15:51:53,行動支付
T0006956,C03625,P01429,4,5492,2025-07-18 18:46:06,信用卡
T0006957,C03700,P00413,2,2706,2025-07-21 07:03:47,信用卡
T0006958,C00630,P00139,2,2406,2025-07-12 18:17:29,貨到付款
T0006959,C04959,P00686,1,1404,2025-07-21 21:27:47,轉帳
T0006960,C01419,P01394,1,165,2025-07-11 16:23:29,信用卡
T0006961,C00464,P01574,2,2462,2025-07-25 13:37:01,轉帳
T0006962,C02758,P00992,1,2349,2025-07-29 11:46:14,轉帳
T0006963,C02606,P00758,1,425,2025-07-13 15:55:46,貨到付款
T0006964,C03785,P00804,2,6422,2025-07-11 17:48:46,轉帳
T0006965,C00800,P01830,2,6500,2025-07-30 12:31:59,行動支付
T0006966,C00139,P00157,4,13060,2025-07-20 23:53:01,貨到付款
T0006967,C03982,P01380,2,1976,2025-07-27 13:39:45,信用卡
T0006968,C02962,P01019,2,6848,2025-07-20 14:40:13,行動支付
T0006969,C01206,P01199,3,5829,2025-07-24 20:30:33,信用卡
T0006970,C03870,P01136,4,15036,2025-07-10 16:54:25,貨到付款
T0006971,C03632,P00417,4,6644,2025-07-11 10:49:02,信用卡
T0006972,C04934,P00483,4,3276,2025-07-18 00:20:53,貨到付款
T0006973,C00552,P01237,3,1413,2025-07-07 10:56:13,信用卡
T0006974,C00299,P01408,2,5136,2025-07-01 12:52:34,貨到付款
T0006975,C01864,P01253,4,8460,2025-07-06 00:29:54,轉帳
T0006976,C03134,P01089,4,17744,2025-07-02 00:09:25,信用卡
T0006977,C01772,P01950,1,2688,2025-07-31 19:22:21,信用卡
T0006978,C00238,P01953,4,5944,2025-07-09 14:12:51,貨到付款
T0006979,C03254,P01683,2,6658,2025-07-23 19:27:51,轉帳
T0006980,C00623,P00860,2,1940,2025-07-10 20:05:27,貨到付款
T0006981,C01489,P00733,1,728,2025-07-07 16:21:05,行動支付
T0006982,C03684,P01911,4,1424,2025-07-04 15:52:09,行動支付
T0006983,C02265,P00900,4,13304,2025-07-27 23:12:03,轉帳
T0006984,C04914,P00492,4,15572,2025-07-07 20:22:32,轉帳
T0006985,C04026,P01301,3,5118,2025-07-06 02:51:11,轉帳
T0006986,C04945,P01721,4,1560,2025-07-13 22:43:15,轉帳
T0006987,C02827,P01640,2,7764,2025-07-28 02:49:58,信用卡
T0006988,C04471,P00478,2,7990,2025-07-02 19:47:58,貨到付款
T0006989,C03138,P00974,3,5889,2025-07-09 16:53:52,信用卡
T0006990,C02666,P00371,3,5178,2025-07-21 23:00:34,行動支付
T0006991,C02977,P00693,4,5820,2025-07-29 18:45:27,信用卡
T0006992,C01751,P01754,1,3035,2025-07-29 18:06:10,行動支付
T0006993,C01422,P00202,3,5859,2025-07-25 13:01:19,貨到付款
T0006994,C03923,P00580,3,1863,2025-07-10 18:14:03,貨到付款
T0006995,C03574,P00785,4,12640,2025-07-13 23:43:53,信用卡
T0006996,C03362,P01357,4,14624,2025-07-25 15:30:08,轉帳
T0006997,C03571,P00085,3,8307,2025-07-03 07:28:06,信用卡
T0006998,C02598,P00268,1,2154,2025-07-23 14:06:00,行動支付
T0006999,C01238,P01016,3,11067,2025-07-19 12:06:54,貨到付款
T0007000,C01639,P00479,4,3148,2025-07-22 21:26:57,轉帳
T0007001,C02911,P00972,4,4240,2025-07-14 22:58:23,信用卡
T0007002,C04114,P00913,3,339,2025-07-05 02:09:59,轉帳
T0007003,C01806,P01710,1,688,2025-07-14 15:52:41,行動支付
T0007004,C00489,P01089,3,13308,2025-07-15 08:00:28,信用卡
T0007005,C03558,P00843,3,5571,2025-07-25 00:25:34,貨到付款
T0007006,C04142,P01531,4,8004,2025-07-14 15:27:17,行動支付
T0007007,C00409,P00756,1,3533,2025-07-14 23:53:19,信用卡
T0007008,C00310,P00009,2,6888,2025-07-04 12:56:15,轉帳
T0007009,C04442,P01828,1,1719,2025-07-12 20:53:19,信用卡
T0007010,C02381,P00589,3,9225,2025-07-14 16:21:12,信用卡
T0007011,C02230,P01042,3,5214,2025-07-21 15:11:21,信用卡
T0007012,C01846,P00755,3,3603,2025-07-06 07:28:59,行動支付
T0007013,C02631,P00509,1,1640,2025-07-13 12:53:36,信用卡
T0007014,C02941,P00137,4,3308,2025-07-21 18:45:30,行動支付
T0007015,C02594,P01409,3,1566,2025-07-26 18:43:53,行動支付
T0007016,C01973,P00824,3,5715,2025-07-19 08:24:40,信用卡
T0007017,C01318,P00069,1,4217,2025-07-29 13:14:46,信用卡
T0007018,C02494,P00209,2,940,2025-07-06 23:41:15,貨到付款
T0007019,C02117,P01998,2,3022,2025-07-22 15:53:01,信用卡
T0007020,C02200,P00923,4,9128,2025-07-04 12:46:01,貨到付款
T0007021,C04655,P01897,4,10320,2025-07-29 17:45:41,貨到付款
T0007022,C02447,P01269,3,597,2025-07-31 04:28:50,貨到付款
T0007023,C04866,P00409,1,2513,2025-07-21 20:22:41,行動支付
T0007024,C04119,P01070,3,10191,2025-07-25 07:39:24,貨到付款
T0007025,C00721,P01636,4,14136,2025-07-24 18:47:14,信用卡
T0007026,C00635,P01838,1,2879,2025-07-05 05:41:19,貨到付款
T0007027,C03555,P00819,1,2743,2025-07-16 21:09:21,行動支付
T0007028,C00646,P00531,4,412,2025-07-23 16:04:44,行動支付
T0007029,C03522,P01950,2,5376,2025-07-03 13:41:38,貨到付款
T0007030,C04316,P01926,2,2544,2025-07-23 13:43:40,行動支付
T0007031,C00590,P00074,1,1140,2025-07-28 11:51:49,行動支付
T0007032,C01063,P01338,3,8232,2025-07-17 19:05:25,轉帳
T0007033,C02366,P01093,2,1372,2025-07-05 22:43:52,信用卡
T0007034,C03732,P00270,3,4602,2025-07-19 16:58:57,貨到付款
T0007035,C04720,P01960,2,5760,2025-07-25 01:11:35,信用卡
T0007036,C01846,P00016,2,3782,2025-07-24 19:05:20,行動支付
T0007037,C04759,P00285,3,2847,2025-07-24 18:26:25,轉帳
T0007038,C03008,P00839,4,4224,2025-07-02 18:50:58,轉帳
T0007039,C02043,P00844,2,8524,2025-07-07 02:59:36,貨到付款
T0007040,C00604,P01867,2,5602,2025-07-18 04:05:40,轉帳
T0007041,C02858,P01018,3,10212,2025-07-17 11:59:12,信用卡
T0007042,C00201,P00204,4,11932,2025-07-09 20:13:26,行動支付
T0007043,C00766,P01267,2,2752,2025-07-08 12:33:03,行動支付
T0007044,C01857,P01352,2,6178,2025-07-23 23:33:31,貨到付款
T0007045,C04955,P00906,4,2752,2025-07-15 17:58:48,轉帳
T0007046,C01516,P01057,2,454,2025-07-31 22:18:31,轉帳
T0007047,C02429,P01158,4,16240,2025-07-05 07:44:16,貨到付款
T0007048,C03956,P01183,4,4848,2025-07-04 18:29:24,行動支付
T0007049,C00710,P01588,3,9645,2025-07-05 02:34:31,行動支付
T0007050,C02948,P01853,1,1991,2025-07-24 12:01:39,貨到付款
T0007051,C00243,P01150,4,10532,2025-07-14 12:19:08,行動支付
T0007052,C04471,P01150,3,7899,2025-07-20 15:08:25,貨到付款
T0007053,C04445,P00089,1,1134,2025-07-17 11:19:33,信用卡
T0007054,C01077,P00990,2,5300,2025-07-16 01:46:40,信用卡
T0007055,C04095,P00520,1,948,2025-07-06 14:21:06,行動支付
T0007056,C02443,P01512,4,11816,2025-07-14 18:35:45,行動支付
T0007057,C00611,P01834,4,9260,2025-07-19 00:19:22,行動支付
T0007058,C01743,P01720,4,11576,2025-07-09 15:09:24,信用卡
T0007059,C04352,P01253,4,8460,2025-07-05 10:57:13,貨到付款
T0007060,C02087,P01384,4,8992,2025-07-08 07:59:11,轉帳
T0007061,C02865,P00007,3,5478,2025-07-11 15:08:42,貨到付款
T0007062,C02828,P00347,4,11716,2025-07-25 22:35:58,信用卡
T0007063,C04501,P01011,3,6738,2025-07-15 13:25:14,貨到付款
T0007064,C03906,P01527,2,684,2025-07-09 00:51:06,轉帳
T0007065,C02376,P00556,4,2252,2025-07-20 10:55:47,信用卡
T0007066,C03600,P01227,4,6136,2025-07-09 11:29:27,行動支付
T0007067,C03028,P00908,1,3369,2025-07-11 18:54:49,行動支付
T0007068,C03809,P00539,2,4132,2025-07-05 07:54:39,貨到付款
T0007069,C02523,P00639,4,7904,2025-07-13 12:21:48,行動支付
T0007070,C02304,P01921,4,5540,2025-07-04 14:11:04,信用卡
T0007071,C02249,P00223,2,6880,2025-07-16 13:29:06,行動支付
T0007072,C02245,P01413,3,6858,2025-07-08 13:42:09,信用卡
T0007073,C04331,P01662,4,11456,2025-07-21 16:20:16,行動支付
T0007074,C01626,P01533,1,2678,2025-07-21 14:45:40,信用卡
T0007075,C03999,P01075,4,14904,2025-07-27 07:40:01,信用卡
T0007076,C03322,P01785,1,3859,2025-07-12 19:28:16,貨到付款
T0007077,C02048,P00271,1,2049,2025-07-22 13:33:02,信用卡
T0007078,C01164,P00981,4,15060,2025-07-16 14:19:34,轉帳
T0007079,C01976,P00907,4,4552,2025-07-15 15:07:14,轉帳
T0007080,C02704,P01776,1,1139,2025-07-18 18:07:11,信用卡
T0007081,C04790,P00042,2,2936,2025-07-15 14:31:34,信用卡
T0007082,C04450,P01935,2,1274,2025-07-25 11:22:38,行動支付
T0007083,C03679,P01612,4,1400,2025-07-10 16:40:58,貨到付款
T0007084,C03229,P01919,3,657,2025-07-28 19:58:16,貨到付款
T0007085,C04329,P01970,2,7764,2025-07-12 03:52:51,貨到付款
T0007086,C03536,P01577,4,14012,2025-07-25 16:07:24,信用卡
T0007087,C02859,P01515,2,4176,2025-07-28 01:12:56,信用卡
T0007088,C03980,P01678,3,4872,2025-07-12 19:19:06,行動支付
T0007089,C03536,P01641,4,7616,2025-07-16 14:53:22,轉帳
T0007090,C02805,P01551,3,9258,2025-07-10 14:51:16,貨到付款
T0007091,C00618,P01531,4,8004,2025-07-04 07:49:37,貨到付款
T0007092,C02796,P00070,3,12087,2025-07-21 08:41:06,貨到付款
T0007093,C00962,P00610,2,802,2025-07-10 18:29:55,轉帳
T0007094,C03093,P00416,2,5364,2025-07-08 16:42:43,貨到付款
T0007095,C02884,P01007,3,504,2025-07-29 06:10:53,轉帳
T0007096,C00264,P01045,3,420,2025-07-19 12:41:15,貨到付款
T0007097,C02851,P00130,3,972,2025-07-31 20:33:16,貨到付款
T0007098,C00946,P00986,4,996,2025-07-10 16:57:45,貨到付款
T0007099,C02379,P01096,2,7524,2025-07-01 18:08:29,貨到付款
T0007100,C04484,P00886,4,7040,2025-07-16 05:56:28,貨到付款
T0007101,C00601,P01494,2,6788,2025-07-16 18:58:20,行動支付
T0007102,C04680,P01923,1,2006,2025-07-13 15:21:12,信用卡
T0007103,C00898,P00444,4,3712,2025-07-27 20:00:53,行動支付
T0007104,C00094,P00468,2,7966,2025-07-19 02:28:18,貨到付款
T0007105,C03933,P00809,2,642,2025-07-09 15:58:16,貨到付款
T0007106,C01226,P01521,4,9628,2025-07-01 21:00:42,行動支付
T0007107,C03528,P00899,4,5040,2025-07-07 02:51:56,行動支付
T0007108,C04438,P01658,2,-2,2025-07-25 16:46:10,轉帳
T0007109,C02221,P00188,4,13304,2025-07-06 13:02:55,信用卡
T0007110,C04034,P01434,3,5721,2025-07-13 06:06:38,行動支付
T0007111,C03034,P01210,4,12168,2025-07-20 18:20:35,信用卡
T0007112,C02008,P01245,4,9076,2025-07-24 12:09:44,轉帳
T0007113,C00224,P00225,4,7188,2025-07-19 05:26:16,信用卡
T0007114,C04309,P01903,2,1564,2025-07-11 09:26:40,信用卡
T0007115,C00116,P00386,3,10377,2025-07-11 16:08:33,信用卡
T0007116,C02185,P01651,1,3577,2025-07-01 22:15:35,信用卡
T0007117,C02074,P01746,1,1282,2025-07-29 13:26:11,行動支付
T0007118,C04298,P01938,3,10368,2025-07-14 03:00:35,貨到付款
T0007119,C01586,P00372,3,10152,2025-07-01 13:34:01,行動支付
T0007120,C01285,P00255,3,12066,2025-07-22 21:55:33,貨到付款
T0007121,C00573,P00266,2,2894,2025-07-25 16:00:00,行動支付
T0007122,C00496,P00529,1,1660,2025-07-23 11:00:21,貨到付款
T0007123,C00840,P00333,3,12144,2025-07-30 10:34:09,信用卡
T0007124,C00720,P00079,2,5650,2025-07-18 22:55:33,行動支付
T0007125,C01277,P00523,1,2694,2025-07-24 15:10:50,轉帳
T0007126,C00448,P01310,4,4992,2025-07-24 17:40:09,轉帳
T0007127,C01533,P00340,2,5044,2025-07-02 21:12:00,信用卡
T0007128,C02036,P01739,1,2254,2025-07-15 05:54:34,貨到付款
T0007129,C00845,P01788,2,5084,2025-07-03 21:27:36,信用卡
T0007130,C03072,P01222,1,2949,2025-07-24 10:10:13,轉帳
T0007131,C01626,P01448,1,2201,2025-07-28 18:29:24,行動支付
T0007132,C00135,P00712,4,4856,2025-07-31 17:10:07,行動支付
T0007133,C00292,P00923,2,4564,2025-07-12 06:22:54,行動支付
T0007134,C01949,P00014,3,11496,2025-07-23 05:37:35,信用卡
T0007135,C01600,P01515,4,8352,2025-07-02 14:53:49,貨到付款
T0007136,C02064,P00132,4,1208,2025-07-22 21:29:46,行動支付
T0007137,C01621,P00113,1,382,2025-07-05 14:10:53,信用卡
T0007138,C01877,P01380,3,2964,2025-07-27 16:19:54,貨到付款
T0007139,C04138,P01378,2,866,2025-07-27 22:42:35,行動支付
T0007140,C00604,P01677,3,10641,2025-07-14 11:34:49,信用卡
T0007141,C01012,P00544,3,8271,2025-07-28 11:37:10,貨到付款
T0007142,C03760,P01130,3,5682,2025-07-23 21:12:35,貨到付款
T0007143,C02930,P00319,3,7545,2025-07-19 18:40:52,信用卡
T0007144,C02464,P00742,3,5982,2025-07-18 15:41:17,轉帳
T0007145,C03761,P01561,1,863,2025-07-20 07:38:05,轉帳
T0007146,C01925,P01680,1,2512,2025-07-02 17:49:49,貨到付款
T0007147,C00575,P01286,4,4092,2025-07-24 11:15:23,信用卡
T0007148,C00303,P00118,1,614,2025-07-12 20:32:22,貨到付款
T0007149,C02324,P00965,4,6112,2025-07-15 20:09:57,貨到付款
T0007150,C02035,P01232,4,11236,2025-07-17 17:16:25,信用卡
T0007151,C02420,P00197,2,5908,2025-07-21 11:33:52,貨到付款
T0007152,C02037,P01268,3,8823,2025-07-20 02:27:05,行動支付
T0007153,C01168,P00288,1,2186,2025-07-22 17:22:20,行動支付
T0007154,C04430,P01501,2,630,2025-07-31 21:31:23,信用卡
T0007155,C01345,P01087,1,1244,2025-07-07 01:40:09,行動支付
T0007156,C04817,P00931,4,10352,2025-07-19 09:17:46,信用卡
T0007157,C03375,P01174,1,581,2025-07-19 14:48:03,貨到付款
T0007158,C01231,P01470,3,10539,2025-07-26 21:54:52,貨到付款
T0007159,C02773,P00949,4,856,2025-07-30 17:04:27,信用卡
T0007160,C03926,P01488,4,12268,2025-07-15 16:40:42,信用卡
T0007161,C01523,P01965,2,3450,2025-07-06 15:11:29,轉帳
T0007162,C02033,P01731,3,8412,2025-07-20 18:32:39,信用卡
T0007163,C00419,P01148,4,9608,2025-07-22 19:06:17,貨到付款
T0007164,C03178,P00409,3,7539,2025-07-11 20:59:34,貨到付款
T0007165,C01017,P00354,1,4444,2025-07-03 20:35:39,貨到付款
T0007166,C04839,P00156,3,3372,2025-07-31 09:40:10,行動支付
T0007167,C01866,P00992,4,9396,2025-07-17 12:50:33,貨到付款
T0007168,C04926,P00597,2,4850,2025-07-10 16:30:17,轉帳
T0007169,C03910,P00288,4,8744,2025-07-19 06:53:02,轉帳
T0007170,C02687,P00579,3,8118,2025-07-19 20:26:11,信用卡
T0007171,C02118,P00530,3,6837,2025-07-18 21:33:25,貨到付款
T0007172,C04557,P01780,4,6312,2025-07-12 17:53:01,行動支付
T0007173,C02258,P01291,3,11559,2025-07-29 15:11:01,行動支付
T0007174,C00005,P00427,1,370,2025-07-27 01:40:42,行動支付
T0007175,C02323,P00838,4,12272,2025-07-01 13:51:01,行動支付
T0007176,C04146,P00215,2,5114,2025-07-03 16:31:18,貨到付款
T0007177,C01446,P01656,4,6460,2025-07-28 11:48:42,貨到付款
T0007178,C04860,P00103,1,3485,2025-07-22 23:28:20,轉帳
T0007179,C00002,P00384,1,1639,2025-07-22 10:58:39,貨到付款
T0007180,C04667,P00765,1,3658,2025-07-05 07:52:57,行動支付
T0007181,C02410,P00863,1,2891,2025-07-23 19:55:40,信用卡
T0007182,C02989,P01375,1,1983,2025-07-14 15:44:44,貨到付款
T0007183,C04197,P00430,2,5020,2025-07-18 12:52:38,信用卡
T0007184,C01900,P00949,3,642,2025-07-24 01:06:21,貨到付款
T0007185,C01757,P00298,1,1923,2025-07-23 17:07:08,轉帳
T0007186,C03161,P00798,1,819,2025-07-25 11:54:09,信用卡
T0007187,C02925,P01388,4,10836,2025-07-09 18:18:39,行動支付
T0007188,C02551,P00339,2,7188,2025-07-21 22:18:50,貨到付款
T0007189,C00227,P01868,2,3020,2025-07-16 18:00:08,行動支付
T0007190,C03695,P00302,3,7353,2025-07-30 13:36:44,轉帳
T0007191,C02815,P00070,2,8058,2025-07-02 13:41:28,信用卡
T0007192,C01503,P01189,4,7692,2025-07-29 10:44:17,信用卡
T0007193,C01976,P01558,4,15172,2025-07-25 14:39:23,轉帳
T0007194,C00614,P00472,3,11178,2025-07-26 23:44:31,貨到付款
T0007195,C00698,P01786,4,15480,2025-07-29 10:18:34,信用卡
T0007196,C02782,P00828,1,2529,2025-07-16 15:29:24,信用卡
T0007197,C01397,P00271,1,2049,2025-07-08 22:03:43,貨到付款
T0007198,C02159,P01142,4,11428,2025-07-18 11:28:08,轉帳
T0007199,C03052,P00393,3,7209,2025-07-22 16:01:39,行動支付
T0007200,C04787,P01916,2,5986,2025-07-04 21:43:03,行動支付
T0007201,C01591,P01166,3,3315,2025-07-02 18:53:26,轉帳
T0007202,C03410,P00019,2,7000,2025-07-08 12:29:19,轉帳
T0007203,C01713,P00929,4,6900,2025-07-21 19:05:32,轉帳
T0007204,C01306,P01209,4,12680,2025-07-01 20:56:49,信用卡
T0007205,C03763,P00060,1,1652,2025-07-05 01:09:10,信用卡
T0007206,C02263,P00191,2,7424,2025-07-07 01:49:55,信用卡
T0007207,C01229,P00486,3,540,2025-07-19 11:22:29,貨到付款
T0007208,C04915,P00667,4,9152,2025-07-08 11:49:52,貨到付款
T0007209,C01708,P01595,3,708,2025-07-14 23:49:41,轉帳
T0007210,C02298,P01931,1,3041,2025-07-25 10:32:54,行動支付
T0007211,C02997,P00051,2,6328,2025-07-16 13:28:23,轉帳
T0007212,C00079,P00922,2,7758,2025-07-24 13:08:21,轉帳
T0007213,C03459,P01230,4,5196,2025-07-17 14:20:24,貨到付款
T0007214,C03232,P00178,2,2986,2025-07-29 16:01:46,轉帳
T0007215,C00010,P01505,4,956,2025-07-31 14:24:17,信用卡
T0007216,C02382,P00069,1,4217,2025-07-31 15:33:10,轉帳
T0007217,C04507,P00902,2,6224,2025-07-22 14:55:32,貨到付款
T0007218,C03363,P00320,4,1512,2025-07-16 08:02:03,貨到付款
T0007219,C02065,P00218,3,10749,2025-07-02 10:22:16,行動支付
T0007220,C04476,P01081,4,2288,2025-07-13 15:21:54,轉帳
T0007221,C03516,P00761,2,982,2025-07-08 11:28:39,行動支付
T0007222,C03812,P00082,1,87,2025-07-17 13:37:16,貨到付款
T0007223,C02690,P01018,2,6808,2025-07-21 17:32:18,貨到付款
T0007224,C03936,P01769,2,338,2025-07-10 14:18:52,信用卡
T0007225,C03245,P01310,4,4992,2025-07-04 18:19:23,貨到付款
T0007226,C00387,P00991,3,3930,2025-07-02 12:47:24,轉帳
T0007227,C00154,P00371,2,3452,2025-07-07 19:30:02,轉帳
T0007228,C04160,P00049,3,564,2025-07-14 17:21:41,行動支付
T0007229,C03358,P01647,4,5040,2025-07-04 20:33:06,貨到付款
T0007230,C03361,P00632,3,3234,2025-07-19 09:07:12,貨到付款
T0007231,C01764,P01844,4,1748,2025-07-18 17:54:55,行動支付
T0007232,C04063,P01546,1,1599,2025-07-12 15:22:20,信用卡
T0007233,C04137,P01486,3,8217,2025-07-19 06:11:36,信用卡
T0007234,C01789,P01584,3,6252,2025-07-17 22:42:12,轉帳
T0007235,C00885,P01997,1,3316,2025-07-08 21:41:09,轉帳
T0007236,C03839,P00221,3,9561,2025-07-10 05:42:39,信用卡
T0007237,C03485,P00334,1,952,2025-07-15 20:56:29,貨到付款
T0007238,C00042,P01615,2,6374,2025-07-24 06:33:00,轉帳
T0007239,C02313,P01928,4,7664,2025-07-28 08:44:24,轉帳
T0007240,C04681,P00947,1,2252,2025-07-15 18:29:18,轉帳
T0007241,C02222,P00012,3,7686,2025-07-31 20:24:03,信用卡
T0007242,C01107,P00513,1,114,2025-07-27 06:39:00,信用卡
T0007243,C00098,P00489,3,10881,2025-07-28 17:21:38,信用卡
T0007244,C01405,P00107,2,4630,2025-07-05 10:16:14,貨到付款
T0007245,C04606,P01956,1,1041,2025-07-22 14:49:17,信用卡
T0007246,C01789,P01650,2,856,2025-07-16 11:38:13,信用卡
T0007247,C00449,P01519,4,13792,2025-07-21 12:30:24,行動支付
T0007248,C03067,P00586,3,9366,2025-07-23 22:34:37,行動支付
T0007249,C01515,P01573,3,-48,2025-07-07 18:26:05,信用卡
T0007250,C03589,P01804,2,6008,2025-07-13 15:05:44,信用卡
T0007251,C01171,P00367,4,4992,2025-07-30 16:30:51,轉帳
T0007252,C02469,P00288,1,2186,2025-07-15 13:46:20,轉帳
T0007253,C01814,P01295,1,939,2025-07-17 18:34:18,行動支付
T0007254,C01403,P00030,3,11529,2025-07-07 06:39:26,信用卡
T0007255,C04522,P00684,2,5536,2025-07-21 12:46:04,行動支付
T0007256,C03534,P00429,2,5426,2025-07-29 18:53:36,貨到付款
T0007257,C01045,P01175,1,2423,2025-07-24 02:50:01,信用卡
T0007258,C00980,P01510,4,13804,2025-07-28 12:42:04,貨到付款
T0007259,C04105,P00283,4,6032,2025-07-05 23:01:23,貨到付款
T0007260,C01980,P01465,1,3865,2025-07-11 18:31:19,貨到付款
T0007261,C04349,P01873,1,291,2025-07-02 10:40:51,轉帳
T0007262,C02845,P01460,2,4578,2025-07-18 19:19:59,轉帳
T0007263,C02470,P01166,4,4420,2025-07-11 17:34:48,信用卡
T0007264,C02758,P00610,1,401,2025-07-31 22:27:36,貨到付款
T0007265,C03299,P01646,1,2901,2025-07-11 13:55:53,信用卡
T0007266,C02828,P01595,3,708,2025-07-04 17:26:33,信用卡
T0007267,C03411,P00948,1,788,2025-07-03 11:31:33,貨到付款
T0007268,C02825,P00360,1,2848,2025-07-08 14:13:06,貨到付款
T0007269,C00326,P01234,4,7772,2025-07-26 12:44:15,信用卡
T0007270,C00641,P00416,2,5364,2025-07-12 13:19:06,轉帳
T0007271,C00325,P00365,4,13404,2025-07-06 17:48:47,信用卡
T0007272,C01298,P01283,2,5722,2025-07-09 12:45:11,信用卡
T0007273,C02849,P00706,3,7584,2025-07-07 10:23:44,行動支付
T0007274,C01139,P00188,1,3326,2025-07-17 04:47:11,貨到付款
T0007275,C02615,P01845,3,10761,2025-07-10 13:53:31,信用卡
T0007276,C03911,P00940,2,1868,2025-07-03 21:49:24,貨到付款
T0007277,C00959,P00157,4,13060,2025-07-06 19:29:17,轉帳
T0007278,C03389,P00931,4,10352,2025-07-25 11:06:58,貨到付款
T0007279,C04959,P01636,3,10602,2025-07-26 06:08:32,貨到付款
T0007280,C03464,P01440,2,2592,2025-07-27 09:08:31,貨到付款
T0007281,C02664,P00048,3,7647,2025-07-23 04:13:06,轉帳
T0007282,C01264,P01941,3,2895,2025-07-15 11:57:02,信用卡
T0007283,C02800,P00267,1,1490,2025-07-05 12:04:02,貨到付款
T0007284,C02269,P01896,3,6378,2025-07-31 13:49:40,信用卡
T0007285,C04689,P01654,1,3781,2025-07-28 15:14:53,行動支付
T0007286,C03204,P00718,1,3759,2025-07-10 12:13:17,轉帳
T0007287,C04715,P01080,4,16772,2025-07-22 14:11:41,信用卡
T0007288,C00259,P00223,1,3440,2025-07-31 21:24:13,轉帳
T0007289,C04693,P00074,1,1140,2025-07-08 19:25:17,轉帳
T0007290,C02162,P00211,4,3600,2025-07-03 18:40:11,信用卡
T0007291,C04975,P01149,3,8307,2025-07-19 19:42:31,行動支付
T0007292,C01370,P00220,2,996,2025-07-02 20:21:09,信用卡
T0007293,C03400,P01910,2,7876,2025-07-04 13:46:56,行動支付
T0007294,C02332,P01074,2,4116,2025-07-03 12:40:46,貨到付款
T0007295,C01807,P01844,3,1311,2025-07-08 22:54:55,貨到付款
T0007296,C03795,P00181,1,2667,2025-07-04 15:41:12,貨到付款
T0007297,C04419,P01610,2,700,2025-07-22 13:32:23,行動支付
T0007298,C01122,P01080,3,12579,2025-07-02 12:47:50,行動支付
T0007299,C01389,P00809,1,321,2025-07-22 12:23:10,信用卡
T0007300,C02100,P01514,4,10992,2025-07-13 01:56:48,信用卡
T0007301,C02244,P00571,2,7132,2025-07-05 19:15:21,行動支付
T0007302,C00025,P01213,1,3515,2025-07-10 17:09:56,轉帳
T0007303,C00973,P01071,2,7654,2025-07-06 06:57:20,轉帳
T0007304,C00409,P00827,2,1650,2025-07-30 19:23:51,行動支付
T0007305,C02859,P00957,2,8626,2025-07-27 21:02:48,貨到付款
T0007306,C00126,P00855,1,3301,2025-07-13 21:07:14,信用卡
T0007307,C03687,P01757,3,2343,2025-07-20 00:17:23,貨到付款
T0007308,C04890,P01961,1,2716,2025-07-21 16:38:08,行動支付
T0007309,C02119,P01348,2,2450,2025-07-16 13:40:10,行動支付
T0007310,C00372,P00253,1,1246,2025-07-07 12:32:31,轉帳
T0007311,C01249,P00927,4,6628,2025-07-02 19:26:35,行動支付
T0007312,C00822,P01998,3,4533,2025-07-26 21:42:14,轉帳
T0007313,C01554,P01815,1,1775,2025-07-08 13:22:25,行動支付
T0007314,C03129,P01000,4,11608,2025-07-08 15:37:35,信用卡
T0007315,C00483,P00538,3,4518,2025-07-03 15:09:35,貨到付款
T0007316,C02399,P00912,4,6420,2025-07-09 21:39:36,轉帳
T0007317,C04040,P00047,3,2937,2025-07-25 14:33:50,貨到付款
T0007318,C02962,P01498,1,1476,2025-07-13 13:02:02,行動支付
T0007319,C03131,P00876,4,6492,2025-07-28 13:23:31,轉帳
T0007320,C01671,P01314,2,1332,2025-07-23 22:52:55,信用卡
T0007321,C01252,P01952,4,4720,2025-07-27 04:33:00,轉帳
T0007322,C00539,P01953,3,4458,2025-07-15 17:47:08,貨到付款
T0007323,C01191,P00219,1,1038,2025-07-13 15:00:36,行動支付
T0007324,C01704,P00065,3,2490,2025-07-22 12:19:16,貨到付款
T0007325,C00272,P00583,4,10032,2025-07-15 21:23:01,貨到付款
T0007326,C01667,P01692,4,340,2025-07-04 14:20:00,轉帳
T0007327,C03970,P00261,2,3470,2025-07-11 14:53:25,行動支付
T0007328,C04717,P00874,1,1103,2025-07-12 18:33:38,轉帳
T0007329,C03878,P00087,1,1466,2025-07-25 17:47:02,轉帳
T0007330,C03097,P00807,4,7948,2025-07-21 14:34:59,貨到付款
T0007331,C03820,P01473,1,571,2025-07-13 20:31:55,行動支付
T0007332,C03126,P01528,2,6792,2025-07-26 17:45:08,貨到付款
T0007333,C02894,P01866,3,2019,2025-07-06 04:18:11,轉帳
T0007334,C00427,P01537,1,3189,2025-07-02 11:01:03,行動支付
T0007335,C00303,P01884,4,15688,2025-07-13 05:04:36,行動支付
T0007336,C00166,P00403,3,624,2025-07-04 21:52:27,信用卡
T0007337,C01566,P01215,3,6582,2025-07-28 16:53:54,行動支付
T0007338,C04238,P01460,2,4578,2025-07-04 19:15:24,信用卡
T0007339,C00325,P00255,4,16088,2025-07-25 11:37:05,貨到付款
T0007340,C00637,P00394,1,3664,2025-07-25 18:51:05,轉帳
T0007341,C04595,P00652,4,10472,2025-07-28 12:45:09,轉帳
T0007342,C02209,P00460,3,2625,2025-07-27 01:53:09,行動支付
T0007343,C01507,P01080,4,16772,2025-07-18 14:08:52,貨到付款
T0007344,C03130,P01019,1,3424,2025-07-05 05:35:26,貨到付款
T0007345,C00328,P00540,1,3393,2025-07-22 21:48:07,行動支付
T0007346,C03387,P01889,2,1712,2025-07-09 00:49:08,轉帳
T0007347,C02796,P00078,1,1039,2025-07-21 12:21:19,轉帳
T0007348,C01474,P00315,1,3776,2025-07-05 03:47:38,轉帳
T0007349,C01907,P00448,4,6608,2025-07-05 04:15:01,轉帳
T0007350,C00479,P01930,4,14088,2025-07-05 05:08:49,轉帳
T0007351,C03759,P00820,3,1122,2025-07-23 04:01:06,貨到付款
T0007352,C01165,P00548,2,1716,2025-07-07 09:33:38,行動支付
T0007353,C02997,P00374,4,3156,2025-07-06 13:43:10,貨到付款
T0007354,C03298,P01428,1,2575,2025-07-09 18:21:03,信用卡
T0007355,C00053,P00019,3,10500,2025-07-21 16:31:36,信用卡
T0007356,C01919,P00131,4,11408,2025-07-04 18:14:21,轉帳
T0007357,C03975,P00332,2,7488,2025-07-08 19:38:20,轉帳
T0007358,C04399,P01486,2,5478,2025-07-13 02:31:26,信用卡
T0007359,C03096,P00983,3,9279,2025-07-06 14:57:47,貨到付款
T0007360,C01698,P01877,3,1569,2025-07-23 15:26:47,貨到付款
T0007361,C04687,P00296,3,2592,2025-07-16 20:18:03,貨到付款
T0007362,C03914,P00029,3,3210,2025-07-29 19:48:57,行動支付
T0007363,C02270,P01805,3,7482,2025-07-28 17:29:29,行動支付
T0007364,C01640,P00002,1,1559,2025-07-19 22:13:24,信用卡
T0007365,C00962,P00416,1,2682,2025-07-03 21:00:35,信用卡
T0007366,C00513,P00435,4,16232,2025-07-07 00:29:02,轉帳
T0007367,C02975,P00121,2,2306,2025-07-20 01:15:57,貨到付款
T0007368,C00337,P00036,1,1435,2025-07-30 11:03:08,信用卡
T0007369,C03947,P01037,1,2871,2025-07-16 22:58:07,轉帳
T0007370,C00968,P00497,1,4105,2025-07-24 22:27:30,行動支付
T0007371,C02866,P00583,4,10032,2025-07-27 17:26:04,信用卡
T0007372,C03186,P01428,3,7725,2025-07-16 19:58:49,貨到付款
T0007373,C01281,P00806,4,7988,2025-07-07 14:37:09,信用卡
T0007374,C02105,P00478,2,7990,2025-07-10 12:38:42,行動支付
T0007375,C03623,P00222,2,1544,2025-07-18 16:45:28,行動支付
T0007376,C02223,P00009,2,6888,2025-07-28 14:34:46,貨到付款
T0007377,C01215,P01032,2,5082,2025-07-24 10:19:12,貨到付款
T0007378,C03985,P01143,1,3371,2025-07-31 15:04:17,貨到付款
T0007379,C00302,P01556,1,928,2025-07-14 10:10:10,信用卡
T0007380,C01558,P01998,4,6044,2025-07-06 23:33:54,貨到付款
T0007381,C02179,P00242,3,10566,2025-07-08 10:46:50,轉帳
T0007382,C04798,P00238,2,6770,2025-07-03 10:59:20,行動支付
T0007383,C03771,P01596,4,6352,2025-07-06 17:13:21,貨到付款
T0007384,C01555,P00046,1,3583,2025-07-20 23:24:09,貨到付款
T0007385,C04426,P01909,1,1188,2025-07-16 18:49:37,信用卡
T0007386,C03877,P01700,3,6444,2025-07-28 18:58:52,行動支付
T0007387,C00737,P00768,3,3696,2025-07-28 03:46:43,信用卡
T0007388,C01543,P01505,3,717,2025-07-04 23:19:04,信用卡
T0007389,C01714,P01255,4,18116,2025-07-06 07:59:10,信用卡
T0007390,C01844,P01640,1,3882,2025-07-06 14:09:16,信用卡
T0007391,C00040,P00277,1,2596,2025-07-26 08:28:43,貨到付款
T0007392,C02932,P00988,3,5637,2025-07-01 15:52:41,轉帳
T0007393,C03391,P01867,2,5602,2025-07-19 05:45:14,貨到付款
T0007394,C00286,P01484,3,3963,2025-07-29 21:41:22,行動支付
T0007395,C02535,P01163,4,2136,2025-07-02 12:58:10,行動支付
T0007396,C04175,P01063,3,8190,2025-07-23 22:44:12,信用卡
T0007397,C04293,P01546,3,4797,2025-07-07 17:29:17,信用卡
T0007398,C02110,P01453,4,8612,2025-07-04 13:12:54,轉帳
T0007399,C00977,P01480,3,4473,2025-07-11 16:51:46,信用卡
T0007400,C01001,P01235,1,3440,2025-07-29 22:14:13,信用卡
T0007401,C04542,P00776,2,2124,2025-07-23 15:32:41,行動支付
T0007402,C03926,P01083,3,12219,2025-07-31 16:50:39,信用卡
T0007403,C01707,P01466,4,6164,2025-07-03 19:51:59,行動支付
T0007404,C03339,P00600,2,6902,2025-07-20 00:15:48,轉帳
T0007405,C03473,P01977,4,9508,2025-07-02 16:47:17,轉帳
T0007406,C04909,P01901,2,4624,2025-07-11 16:23:36,貨到付款
T0007407,C02998,P01885,2,1992,2025-07-12 01:44:11,轉帳
T0007408,C01655,P01733,3,4083,2025-07-12 19:30:08,信用卡
T0007409,C02892,P01095,1,3117,2025-07-08 10:44:43,信用卡
T0007410,C04815,P00960,3,807,2025-07-07 01:30:00,信用卡
T0007411,C03080,P00516,4,5432,2025-07-18 14:56:04,轉帳
T0007412,C02093,P00489,4,14508,2025-07-18 14:52:19,信用卡
T0007413,C00811,P00101,2,3280,2025-07-17 20:25:43,行動支付
T0007414,C02271,P01842,2,4420,2025-07-15 12:46:40,轉帳
T0007415,C03945,P01631,1,2493,2025-07-25 13:47:39,行動支付
T0007416,C00210,P01944,3,6192,2025-07-04 12:15:47,信用卡
T0007417,C01097,P01030,4,6964,2025-07-12 22:24:55,轉帳
T0007418,C00018,P01368,2,1440,2025-07-12 00:40:49,貨到付款
T0007419,C01115,P00498,1,1925,2025-07-13 13:42:53,轉帳
T0007420,C01151,P00237,4,6080,2025-07-05 10:55:59,行動支付
T0007421,C03119,P00193,2,1620,2025-07-22 00:11:21,轉帳
T0007422,C01195,P01670,4,788,2025-07-27 03:43:23,行動支付
T0007423,C03672,P01906,1,2475,2025-07-26 19:42:45,貨到付款
T0007424,C04762,P00164,1,470,2025-07-09 21:06:50,貨到付款
T0007425,C01657,P00192,4,10124,2025-07-04 19:03:57,行動支付
T0007426,C03700,P01764,3,1677,2025-07-25 21:22:47,貨到付款
T0007427,C01026,P00636,4,9436,2025-07-14 10:19:04,行動支付
T0007428,C00921,P01324,2,3784,2025-07-05 10:26:28,轉帳
T0007429,C04949,P01110,3,9711,2025-07-14 21:32:01,轉帳
T0007430,C01814,P00738,2,8838,2025-07-26 15:36:52,信用卡
T0007431,C00368,P00518,4,13572,2025-07-09 22:47:20,貨到付款
T0007432,C00150,P01002,3,9249,2025-07-19 09:30:02,轉帳
T0007433,C00575,P01518,2,4704,2025-07-08 11:52:17,貨到付款
T0007434,C01452,P01925,4,848,2025-07-06 20:53:49,貨到付款
T0007435,C00972,P00618,4,2252,2025-07-11 19:45:09,貨到付款
T0007436,C02928,P01945,3,9903,2025-07-01 14:17:54,轉帳
T0007437,C03827,P00378,4,13648,2025-07-24 19:08:26,轉帳
T0007438,C00219,P00519,1,4336,2025-07-21 05:14:19,貨到付款
T0007439,C00148,P01695,2,5458,2025-07-28 04:42:57,信用卡
T0007440,C00989,P00024,2,2388,2025-07-29 20:53:13,轉帳
T0007441,C00870,P00726,4,17520,2025-07-16 05:09:56,轉帳
T0007442,C04426,P00647,4,5264,2025-07-27 17:12:50,信用卡
T0007443,C03594,P00478,1,3995,2025-07-04 03:04:21,轉帳
T0007444,C01699,P00825,3,4158,2025-07-22 20:26:34,貨到付款
T0007445,C02772,P00059,4,14840,2025-07-08 17:01:39,貨到付款
T0007446,C00892,P00643,4,5504,2025-07-30 21:23:15,轉帳
T0007447,C00107,P01886,4,-60,2025-07-24 22:04:47,信用卡
T0007448,C04214,P01214,4,5968,2025-07-06 03:23:10,信用卡
T0007449,C04553,P00500,2,1732,2025-07-24 21:25:17,行動支付
T0007450,C00104,P01164,4,17456,2025-07-19 10:28:35,轉帳
T0007451,C03387,P01408,2,5136,2025-07-15 04:28:41,貨到付款
T0007452,C01894,P01726,4,5096,2025-07-21 18:18:18,信用卡
T0007453,C03937,P00863,3,8673,2025-07-06 12:40:59,行動支付
T0007454,C00554,P00296,1,864,2025-07-28 11:29:42,信用卡
T0007455,C04680,P00107,3,6945,2025-07-24 02:33:05,轉帳
T0007456,C01525,P00117,4,11608,2025-07-24 03:04:46,轉帳
T0007457,C01200,P00275,4,14484,2025-07-02 08:18:53,信用卡
T0007458,C04047,P01762,4,14460,2025-07-10 15:00:23,信用卡
T0007459,C03304,P01442,3,-153,2025-07-13 14:19:08,貨到付款
T0007460,C04705,P01620,4,968,2025-07-04 08:32:30,信用卡
T0007461,C04885,P01412,3,3120,2025-07-10 18:41:01,信用卡
T0007462,C04988,P01078,2,6530,2025-07-01 12:37:04,轉帳
T0007463,C04408,P00183,1,1754,2025-07-27 01:49:46,轉帳
T0007464,C04391,P01013,1,1924,2025-07-02 14:44:12,行動支付
T0007465,C00326,P01841,3,5907,2025-07-23 05:53:51,信用卡
T0007466,C00722,P01305,2,2682,2025-07-10 21:11:01,貨到付款
T0007467,C04620,P01026,3,615,2025-07-10 16:13:01,信用卡
T0007468,C03974,P01192,2,608,2025-07-23 22:18:03,信用卡
T0007469,C00958,P01534,4,448,2025-07-29 12:08:04,轉帳
T0007470,C01890,P01936,2,7584,2025-07-02 14:42:54,信用卡
T0007471,C01871,P00298,2,3846,2025-07-09 18:13:04,轉帳
T0007472,C02997,P01781,2,3494,2025-07-01 20:23:50,轉帳
T0007473,C04884,P00281,1,2270,2025-07-01 11:23:46,信用卡
T0007474,C01222,P01061,2,1952,2025-07-17 15:35:20,貨到付款
T0007475,C00230,P01001,4,6340,2025-07-02 13:00:49,行動支付
T0007476,C03080,P00140,4,8444,2025-07-14 14:51:22,信用卡
T0007477,C00945,P00524,4,2820,2025-07-21 08:07:16,信用卡
T0007478,C02677,P00649,2,682,2025-07-17 11:59:04,信用卡
T0007479,C03947,P00271,3,6147,2025-07-11 14:36:22,轉帳
T0007480,C01638,P00454,3,10824,2025-07-04 12:08:59,貨到付款
T0007481,C00266,P01825,4,13656,2025-07-15 15:43:09,信用卡
T0007482,C03978,P01274,1,357,2025-07-03 13:14:34,信用卡
T0007483,C04364,P00385,3,2025,2025-07-13 02:21:07,貨到付款
T0007484,C04257,P00623,2,6196,2025-07-04 06:45:27,行動支付
T0007485,C04841,P01902,3,9525,2025-07-06 20:30:54,轉帳
T0007486,C04429,P00444,4,3712,2025-07-04 11:48:23,轉帳
T0007487,C01046,P01991,1,3072,2025-07-20 04:07:02,行動支付
T0007488,C00407,P00034,3,4374,2025-07-13 02:54:26,轉帳
T0007489,C02353,P00589,3,9225,2025-07-31 12:40:16,轉帳
T0007490,C03317,P00318,4,13492,2025-07-31 18:31:11,轉帳
T0007491,C00324,P00189,1,1673,2025-07-31 12:13:07,信用卡
T0007492,C02543,P01543,1,505,2025-07-28 18:31:12,轉帳
T0007493,C03756,P01900,4,7032,2025-07-16 21:11:09,貨到付款
T0007494,C03225,P01103,2,2314,2025-07-01 14:20:46,行動支付
T0007495,C02545,P00664,3,5400,2025-07-02 16:19:20,行動支付
T0007496,C02492,P01097,2,4948,2025-07-27 17:11:19,轉帳
T0007497,C02321,P01373,3,9045,2025-07-30 01:33:27,貨到付款
T0007498,C01609,P01876,3,7530,2025-07-24 20:47:39,貨到付款
T0007499,C01869,P01256,2,1612,2025-07-14 18:08:20,轉帳
T0007500,C03472,P01572,4,16736,2025-07-25 22:52:15,行動支付
T0007501,C03578,P01949,4,15220,2025-07-14 02:43:00,信用卡
T0007502,C02473,P00691,3,3177,2025-07-30 22:47:41,行動支付
T0007503,C01341,P00035,4,832,2025-07-20 13:50:04,信用卡
T0007504,C02004,P01331,3,7188,2025-07-27 20:06:49,行動支付
T0007505,C04605,P01784,4,7620,2025-07-23 20:49:03,信用卡
T0007506,C02919,P00228,3,4056,2025-07-01 20:39:43,行動支付
T0007507,C00183,P00063,4,12924,2025-07-17 08:53:46,行動支付
T0007508,C01097,P00929,1,1725,2025-07-28 17:45:07,行動支付
T0007509,C01015,P00345,2,5232,2025-07-26 14:42:44,信用卡
T0007510,C04315,P00110,1,2451,2025-07-28 20:11:33,行動支付
T0007511,C01979,P00852,2,8802,2025-07-17 14:57:19,信用卡
T0007512,C01529,P00047,2,1958,2025-07-24 05:45:37,轉帳
T0007513,C04443,P00170,3,5649,2025-07-28 21:39:09,貨到付款
T0007514,C02856,P01123,2,5588,2025-07-26 08:40:12,轉帳
T0007515,C04677,P01044,1,2563,2025-07-10 18:52:02,轉帳
T0007516,C01870,P00916,1,2368,2025-07-05 09:16:41,貨到付款
T0007517,C02752,P00059,4,14840,2025-07-06 11:34:59,行動支付
T0007518,C00671,P01446,1,1517,2025-07-23 14:38:54,轉帳
T0007519,C00420,P01491,4,2556,2025-07-13 20:57:17,轉帳
T0007520,C02222,P00351,2,3074,2025-07-18 04:05:02,行動支付
T0007521,C01757,P01967,1,1172,2025-07-11 05:49:10,貨到付款
T0007522,C02919,P00254,2,7774,2025-07-19 15:08:44,行動支付
T0007523,C02326,P01470,1,3513,2025-07-29 15:52:17,貨到付款
T0007524,C03105,P01850,1,736,2025-07-07 01:27:31,信用卡
T0007525,C02130,P00854,4,7052,2025-07-16 15:33:14,轉帳
T0007526,C02337,P00701,2,1054,2025-07-22 13:29:32,信用卡
T0007527,C02044,P00250,1,754,2025-07-03 00:00:32,信用卡
T0007528,C04022,P01309,3,12912,2025-07-23 21:16:03,信用卡
T0007529,C01585,P00528,2,3238,2025-07-17 17:14:40,行動支付
T0007530,C01911,P01064,2,2028,2025-07-12 01:44:55,行動支付
T0007531,C00897,P00748,2,6162,2025-07-29 11:47:48,轉帳
T0007532,C01168,P00995,4,14772,2025-07-04 23:29:36,貨到付款
T0007533,C03226,P00858,3,3597,2025-07-06 01:11:42,貨到付款
T0007534,C01795,P01502,2,4714,2025-07-08 20:24:05,行動支付
T0007535,C00412,P00448,1,1652,2025-07-27 17:41:10,信用卡
T0007536,C04213,P01629,1,1592,2025-07-01 06:52:58,貨到付款
T0007537,C02563,P01782,4,7368,2025-07-05 14:20:46,貨到付款
T0007538,C03218,P01826,1,847,2025-07-04 18:24:41,信用卡
T0007539,C03929,P01507,2,1896,2025-07-27 20:03:56,信用卡
T0007540,C04633,P00624,1,3755,2025-07-22 16:55:26,轉帳
T0007541,C00492,P01450,2,1050,2025-07-31 16:49:07,貨到付款
T0007542,C00356,P01941,1,965,2025-07-03 20:01:35,行動支付
T0007543,C00191,P00610,3,1203,2025-07-09 00:15:39,轉帳
T0007544,C01001,P00355,4,5120,2025-07-01 19:11:42,信用卡
T0007545,C00983,P00288,4,8744,2025-07-21 18:30:25,信用卡
T0007546,C01646,P00879,3,-294,2025-07-29 15:48:26,貨到付款
T0007547,C01513,P01975,3,8196,2025-07-01 19:26:14,轉帳
T0007548,C04077,P01704,4,7268,2025-07-29 20:13:52,轉帳
T0007549,C03417,P00599,3,5883,2025-07-19 14:22:02,轉帳
T0007550,C01372,P01650,2,856,2025-07-13 09:25:41,行動支付
T0007551,C03528,P00050,1,1971,2025-07-16 14:50:45,轉帳
T0007552,C04989,P01244,4,4076,2025-07-11 13:33:41,行動支付
T0007553,C04992,P00665,3,10182,2025-07-01 17:21:53,轉帳
T0007554,C03761,P00013,2,3548,2025-07-30 03:38:03,貨到付款
T0007555,C03699,P00998,4,9668,2025-07-18 11:26:40,貨到付款
T0007556,C04561,P01487,3,6042,2025-07-20 04:03:44,貨到付款
T0007557,C00042,P01251,4,1616,2025-07-23 16:32:53,行動支付
T0007558,C01497,P00409,3,7539,2025-07-02 13:23:57,轉帳
T0007559,C04111,P01463,4,2744,2025-07-14 22:19:51,信用卡
T0007560,C03915,P00983,2,6186,2025-07-03 16:47:18,貨到付款
T0007561,C02019,P00297,2,1694,2025-07-25 05:08:16,行動支付
T0007562,C02028,P00469,1,2661,2025-07-07 14:25:03,轉帳
T0007563,C02899,P01116,4,9852,2025-07-12 00:11:38,轉帳
T0007564,C03276,P00843,1,1857,2025-07-21 19:37:39,行動支付
T0007565,C02360,P00982,4,15776,2025-07-31 03:25:05,信用卡
T0007566,C02563,P00819,3,8229,2025-07-19 02:40:32,轉帳
T0007567,C03805,P00338,3,12258,2025-07-04 19:57:19,貨到付款
T0007568,C00746,P01880,1,2520,2025-07-20 21:13:26,轉帳
T0007569,C01987,P01513,4,8172,2025-07-16 15:39:00,信用卡
T0007570,C01134,P01498,1,1476,2025-07-08 10:05:28,行動支付
T0007571,C03745,P00252,2,6838,2025-07-15 12:53:44,貨到付款
T0007572,C02372,P00917,1,3121,2025-07-03 22:49:30,貨到付款
T0007573,C02579,P01905,1,603,2025-07-14 14:23:01,信用卡
T0007574,C03929,P00788,3,8169,2025-07-23 23:50:02,信用卡
T0007575,C03788,P01973,1,927,2025-07-09 10:31:21,行動支付
T0007576,C03612,P01018,4,13616,2025-07-21 21:47:55,行動支付
T0007577,C02307,P01694,3,1407,2025-07-04 13:28:22,貨到付款
T0007578,C03959,P01407,1,1191,2025-07-21 22:55:08,信用卡
T0007579,C01565,P00774,2,4212,2025-07-29 10:20:03,轉帳
T0007580,C00939,P00702,1,2338,2025-07-23 16:52:35,信用卡
T0007581,C03850,P01397,1,920,2025-07-13 00:12:37,信用卡
T0007582,C03489,P00800,1,3865,2025-07-02 11:31:18,行動支付
T0007583,C01047,P00305,3,1221,2025-07-18 14:54:23,行動支付
T0007584,C02249,P00260,4,14124,2025-07-29 14:23:54,信用卡
T0007585,C02792,P01967,2,2344,2025-07-07 19:20:04,信用卡
T0007586,C01873,P01912,1,2434,2025-07-29 12:16:42,貨到付款
T0007587,C02887,P01242,4,2776,2025-07-23 22:31:18,行動支付
T0007588,C00641,P00883,4,10424,2025-07-07 17:08:31,行動支付
T0007589,C04716,P01995,3,1380,2025-07-01 15:10:03,信用卡
T0007590,C00048,P01704,2,3634,2025-07-15 16:48:52,轉帳
T0007591,C04052,P00883,3,7818,2025-07-23 01:31:34,貨到付款
T0007592,C04171,P01712,4,2396,2025-07-03 21:07:00,轉帳
T0007593,C01699,P00539,4,8264,2025-07-08 17:51:55,行動支付
T0007594,C02095,P01247,4,5392,2025-07-01 15:54:15,貨到付款
T0007595,C03428,P00946,3,5250,2025-07-09 21:52:49,信用卡
T0007596,C02016,P01659,2,2632,2025-07-13 00:43:39,貨到付款
T0007597,C03893,P01324,1,1892,2025-07-01 16:22:31,信用卡
T0007598,C02688,P01156,3,1971,2025-07-23 15:51:50,行動支付
T0007599,C01630,P01278,4,7828,2025-07-12 02:25:25,信用卡
T0007600,C00116,P00723,3,4155,2025-07-03 16:31:56,貨到付款
T0007601,C03926,P00072,4,17452,2025-07-13 06:17:57,行動支付
T0007602,C04610,P01949,1,3805,2025-07-20 01:14:50,行動支付
T0007603,C00768,P00217,1,3168,2025-07-19 06:42:45,行動支付
T0007604,C04763,P01020,2,8790,2025-07-29 21:45:04,貨到付款
T0007605,C01651,P01001,4,6340,2025-07-14 22:09:08,貨到付款
T0007606,C03149,P00966,2,4208,2025-07-23 10:29:44,轉帳
T0007607,C03015,P00602,2,3880,2025-07-27 21:08:27,貨到付款
T0007608,C03039,P00291,1,3090,2025-07-04 01:17:49,轉帳
T0007609,C04334,P00470,3,798,2025-07-21 20:02:10,行動支付
T0007610,C04900,P01728,3,1716,2025-07-24 13:47:54,行動支付
T0007611,C01021,P01623,2,3622,2025-07-06 12:19:54,轉帳
T0007612,C01953,P00615,1,1745,2025-07-26 09:46:21,信用卡
T0007613,C02672,P00614,4,4036,2025-07-19 03:05:45,轉帳
T0007614,C00941,P00838,3,9204,2025-07-17 16:24:34,轉帳
T0007615,C00543,P01477,2,-46,2025-07-17 20:57:16,信用卡
T0007616,C02847,P00756,3,10599,2025-07-28 22:36:57,轉帳
T0007617,C02257,P00304,3,6066,2025-07-07 20:42:37,信用卡
T0007618,C04473,P00220,4,1992,2025-07-15 22:22:12,轉帳
T0007619,C00466,P00173,1,1527,2025-07-29 17:04:34,行動支付
T0007620,C00521,P01581,4,8248,2025-07-02 10:34:18,信用卡
T0007621,C02764,P00865,1,305,2025-07-18 14:05:50,貨到付款
T0007622,C00160,P00505,3,1296,2025-07-21 12:16:14,信用卡
T0007623,C03445,P01476,2,2448,2025-07-24 18:14:42,貨到付款
T0007624,C02443,P00712,4,4856,2025-07-22 19:57:14,貨到付款
T0007625,C00933,P00713,1,389,2025-07-13 18:41:02,行動支付
T0007626,C00347,P01149,3,8307,2025-07-20 23:03:32,行動支付
T0007627,C04814,P00344,1,1798,2025-07-11 14:14:49,信用卡
T0007628,C01419,P01939,1,3069,2025-07-24 15:19:28,貨到付款
T0007629,C01165,P01319,1,3826,2025-07-13 18:06:33,貨到付款
T0007630,C03297,P00552,3,4761,2025-07-23 11:16:11,貨到付款
T0007631,C00349,P00566,2,1278,2025-07-23 16:00:10,轉帳
T0007632,C00287,P01636,2,7068,2025-07-10 22:10:41,貨到付款
T0007633,C02592,P01532,2,1182,2025-07-16 16:50:21,貨到付款
T0007634,C00859,P00202,1,1953,2025-07-06 20:18:25,貨到付款
T0007635,C04298,P01420,3,6399,2025-07-24 22:05:20,行動支付
T0007636,C02054,P00986,1,249,2025-07-03 20:57:10,轉帳
T0007637,C00785,P00391,2,7982,2025-07-04 19:27:31,轉帳
T0007638,C00553,P01100,2,7586,2025-07-13 17:52:33,轉帳
T0007639,C02682,P01062,3,11247,2025-07-30 17:02:05,轉帳
T0007640,C02391,P00927,1,1657,2025-07-01 13:57:27,信用卡
T0007641,C00343,P00005,4,11076,2025-07-28 12:56:39,轉帳
T0007642,C04775,P01337,4,6656,2025-07-15 15:10:45,行動支付
T0007643,C04328,P00467,2,7784,2025-07-10 09:23:54,行動支付
T0007644,C00649,P00450,3,8283,2025-07-14 13:08:48,貨到付款
T0007645,C01028,P01354,1,1163,2025-07-19 05:52:21,行動支付
T0007646,C02161,P01577,1,3503,2025-07-09 18:58:02,行動支付
T0007647,C03548,P01000,2,5804,2025-07-21 18:46:18,轉帳
T0007648,C02373,P01728,2,1144,2025-07-21 13:44:14,轉帳
T0007649,C03018,P01612,1,350,2025-07-29 16:25:12,貨到付款
T0007650,C04695,P01448,1,2201,2025-07-17 21:12:47,行動支付
T0007651,C02937,P01056,2,6478,2025-07-09 13:24:38,貨到付款
T0007652,C02512,P00554,1,3337,2025-07-25 01:07:16,貨到付款
T0007653,C03424,P01602,4,7016,2025-07-10 17:25:02,行動支付
T0007654,C01377,P01073,2,1692,2025-07-05 14:25:50,行動支付
T0007655,C00037,P01986,1,3850,2025-07-11 23:11:43,貨到付款
T0007656,C00713,P00810,2,2252,2025-07-18 18:14:55,轉帳
T0007657,C00319,P01732,3,2946,2025-07-03 13:59:12,貨到付款
T0007658,C01996,P00036,2,2870,2025-07-01 15:29:57,行動支付
T0007659,C04037,P01693,2,7290,2025-07-20 19:06:39,轉帳
T0007660,C02629,P01633,3,5964,2025-07-02 20:45:33,轉帳
T0007661,C04551,P01985,4,6168,2025-07-23 15:27:01,信用卡
T0007662,C04396,P00363,1,3655,2025-07-03 13:32:45,信用卡
T0007663,C02301,P00321,3,5238,2025-07-25 17:14:58,信用卡
T0007664,C02880,P01756,2,8738,2025-07-31 11:17:51,信用卡
T0007665,C03686,P00622,1,1275,2025-07-11 05:38:33,貨到付款
T0007666,C01439,P01313,3,6231,2025-07-05 14:41:47,行動支付
T0007667,C04404,P00557,1,1050,2025-07-09 13:48:05,貨到付款
T0007668,C02281,P01604,1,720,2025-07-17 11:49:31,行動支付
T0007669,C03501,P00372,3,10152,2025-07-18 15:19:41,信用卡
T0007670,C03558,P01726,1,1274,2025-07-16 19:45:19,貨到付款
T0007671,C01487,P00236,4,4476,2025-07-05 21:01:29,貨到付款
T0007672,C03065,P00802,3,1584,2025-07-26 21:14:33,行動支付
T0007673,C04049,P00621,4,7276,2025-07-28 10:52:12,行動支付
T0007674,C00875,P01487,2,4028,2025-07-20 08:43:03,信用卡
T0007675,C01245,P01055,1,2757,2025-07-21 18:03:28,行動支付
T0007676,C04499,P00008,2,7508,2025-07-17 14:28:55,貨到付款
T0007677,C03666,P01891,2,5616,2025-07-11 13:02:49,信用卡
T0007678,C02289,P00993,1,2702,2025-07-11 10:47:20,貨到付款
T0007679,C04554,P00200,3,12129,2025-07-16 20:54:40,貨到付款
T0007680,C00917,P01459,1,2545,2025-07-21 21:24:45,轉帳
T0007681,C02843,P01744,2,7904,2025-07-02 17:25:54,轉帳
T0007682,C01967,P00770,2,5844,2025-07-15 11:24:04,信用卡
T0007683,C04728,P01974,3,8466,2025-07-09 10:16:30,行動支付
T0007684,C01198,P00405,1,2392,2025-07-09 06:22:48,行動支付
T0007685,C04352,P00124,2,2140,2025-07-27 02:27:47,信用卡
T0007686,C01368,P01397,4,3680,2025-07-08 10:20:27,轉帳
T0007687,C03140,P00210,2,4414,2025-07-14 18:41:17,貨到付款
T0007688,C01459,P00893,2,1268,2025-07-17 21:50:50,信用卡
T0007689,C04581,P01656,3,4845,2025-07-23 10:44:16,貨到付款
T0007690,C03490,P01245,4,9076,2025-07-21 11:19:34,行動支付
T0007691,C03612,P01824,2,2882,2025-07-11 05:33:10,行動支付
T0007692,C01086,P00098,2,5382,2025-07-23 14:23:47,轉帳
T0007693,C02467,P00178,4,5972,2025-07-16 15:03:48,信用卡
T0007694,C04961,P00552,1,1587,2025-07-13 01:55:58,貨到付款
T0007695,C02764,P01876,1,2510,2025-07-13 00:31:42,信用卡
T0007696,C04976,P00419,2,2820,2025-07-09 19:38:24,貨到付款
T0007697,C00382,P01837,2,3166,2025-07-10 01:46:03,轉帳
T0007698,C00526,P00949,1,214,2025-07-02 20:37:09,信用卡
T0007699,C03832,P00233,3,7098,2025-07-11 14:32:50,信用卡
T0007700,C01630,P00213,4,644,2025-07-07 21:43:21,信用卡
T0007701,C02254,P01379,4,11940,2025-07-30 17:58:27,貨到付款
T0007702,C01263,P01495,3,8595,2025-07-27 03:33:15,轉帳
T0007703,C02530,P01179,3,10035,2025-07-21 20:35:30,貨到付款
T0007704,C02310,P00933,3,4590,2025-07-16 15:21:16,行動支付
T0007705,C00365,P01304,3,5598,2025-07-01 10:19:30,轉帳
T0007706,C03472,P00829,3,11328,2025-07-25 09:22:07,行動支付
T0007707,C03748,P01561,3,2589,2025-07-29 10:17:42,貨到付款
T0007708,C01905,P00209,4,1880,2025-07-29 00:08:34,轉帳
T0007709,C03729,P01260,3,1683,2025-07-21 19:26:52,行動支付
T0007710,C04278,P00775,1,650,2025-07-12 19:41:49,行動支付
T0007711,C01983,P01854,3,6630,2025-07-14 22:11:36,行動支付
T0007712,C00053,P01521,3,7221,2025-07-08 21:24:30,行動支付
T0007713,C00573,P01879,4,6836,2025-07-12 09:29:23,行動支付
T0007714,C04585,P01367,4,16196,2025-07-25 11:43:52,行動支付
T0007715,C01635,P01233,3,513,2025-07-09 01:49:19,信用卡
T0007716,C03743,P01502,4,9428,2025-07-19 15:32:48,貨到付款
T0007717,C02423,P00101,2,3280,2025-07-19 05:28:23,行動支付
T0007718,C00341,P01014,4,8448,2025-07-20 08:15:25,信用卡
T0007719,C02742,P00197,4,11816,2025-07-22 12:10:11,轉帳
T0007720,C01211,P01296,4,1180,2025-07-22 03:37:16,信用卡
T0007721,C04750,P01690,4,7888,2025-07-15 02:16:56,貨到付款
T0007722,C00701,P01272,1,1391,2025-07-09 15:25:22,行動支付
T0007723,C04102,P01642,1,2423,2025-07-17 21:44:12,貨到付款
T0007724,C04207,P00657,1,1561,2025-07-20 15:49:45,轉帳
T0007725,C00852,P00729,3,3807,2025-07-28 22:04:35,貨到付款
T0007726,C00090,P00018,3,10455,2025-07-24 17:24:49,信用卡
T0007727,C00502,P00240,2,6508,2025-07-23 21:10:53,行動支付
T0007728,C01470,P00412,1,1930,2025-07-15 04:54:15,轉帳
T0007729,C02673,P00875,3,2331,2025-07-17 16:57:46,行動支付
T0007730,C01954,P00446,4,13756,2025-07-05 20:33:28,貨到付款
T0007731,C00387,P01060,4,488,2025-07-03 20:22:49,貨到付款
T0007732,C03817,P01412,1,1040,2025-07-23 15:17:41,行動支付
T0007733,C03386,P00045,2,4054,2025-07-21 19:14:01,行動支付
T0007734,C00767,P01845,2,7174,2025-07-05 19:39:44,行動支付
T0007735,C01790,P01116,4,9852,2025-07-22 15:45:15,行動支付
T0007736,C01083,P01351,2,420,2025-07-18 12:17:55,貨到付款
T0007737,C00172,P01674,1,373,2025-07-28 10:17:03,轉帳
T0007738,C03375,P01045,4,560,2025-07-05 14:49:16,信用卡
T0007739,C01080,P00006,3,1626,2025-07-27 21:48:00,轉帳
T0007740,C03483,P00275,3,10863,2025-07-10 18:32:33,行動支付
T0007741,C04182,P00935,2,3752,2025-07-13 16:56:40,信用卡
T0007742,C04057,P01520,4,13456,2025-07-20 17:35:40,貨到付款
T0007743,C03205,P01430,4,13412,2025-07-20 01:45:28,行動支付
T0007744,C03582,P00935,3,5628,2025-07-13 04:57:53,轉帳
T0007745,C04485,P01890,4,14952,2025-07-09 22:11:31,轉帳
T0007746,C01953,P00211,4,3600,2025-07-06 07:51:29,轉帳
T0007747,C01541,P00054,4,3680,2025-07-04 08:28:35,信用卡
T0007748,C00262,P01380,2,1976,2025-07-15 10:50:34,信用卡
T0007749,C00023,P00222,4,3088,2025-07-03 13:26:07,信用卡
T0007750,C03862,P01231,1,4006,2025-07-27 21:10:04,貨到付款
T0007751,C03835,P01951,2,1906,2025-07-24 15:24:59,信用卡
T0007752,C04644,P00309,4,12332,2025-07-16 20:15:47,行動支付
T0007753,C01873,P01787,4,5828,2025-07-17 18:12:04,轉帳
T0007754,C01192,P01353,1,2406,2025-07-10 01:40:13,貨到付款
T0007755,C00456,P01758,2,2000,2025-07-29 05:44:53,轉帳
T0007756,C02108,P01176,3,7188,2025-07-04 14:26:55,貨到付款
T0007757,C04946,P01975,3,8196,2025-07-25 18:27:10,行動支付
T0007758,C01685,P00502,2,8722,2025-07-10 19:42:25,行動支付
T0007759,C00960,P00980,4,8600,2025-07-20 17:33:46,信用卡
T0007760,C03344,P00241,4,10788,2025-07-19 15:27:30,行動支付
T0007761,C01102,P00395,3,6522,2025-07-29 22:11:59,貨到付款
T0007762,C04411,P00677,3,5880,2025-07-24 05:08:11,信用卡
T0007763,C03984,P00453,3,3270,2025-07-10 15:40:40,信用卡
T0007764,C04152,P00894,1,4043,2025-07-06 03:31:25,信用卡
T0007765,C00839,P00838,3,9204,2025-07-21 22:59:35,行動支付
T0007766,C00835,P01726,1,1274,2025-07-14 14:43:29,信用卡
T0007767,C02078,P01799,2,7870,2025-07-04 13:28:05,貨到付款
T0007768,C00538,P00013,4,7096,2025-07-21 12:42:36,行動支付
T0007769,C01635,P01596,3,4764,2025-07-12 11:09:21,信用卡
T0007770,C02810,P01094,4,8884,2025-07-15 16:44:11,貨到付款
T0007771,C00947,P01347,4,14968,2025-07-07 22:09:38,信用卡
T0007772,C01035,P01432,3,12066,2025-07-17 04:01:50,信用卡
T0007773,C02708,P00732,3,8097,2025-07-20 04:48:04,行動支付
T0007774,C04694,P00703,2,6168,2025-07-08 19:15:16,貨到付款
T0007775,C00604,P01734,1,1561,2025-07-11 12:18:30,轉帳
T0007776,C01068,P01001,1,1585,2025-07-27 20:48:06,轉帳
T0007777,C01782,P00029,4,4280,2025-07-31 04:56:20,行動支付
T0007778,C00868,P01302,3,9564,2025-07-17 23:54:11,行動支付
T0007779,C02010,P01338,2,5488,2025-07-31 05:07:52,轉帳
T0007780,C01581,P00586,2,6244,2025-07-19 07:28:05,信用卡
T0007781,C01945,P01596,2,3176,2025-07-26 14:00:28,行動支付
T0007782,C02293,P00269,2,6722,2025-07-27 00:29:30,貨到付款
T0007783,C00330,P01752,2,3098,2025-07-21 14:42:38,行動支付
T0007784,C04075,P01928,1,1916,2025-07-07 20:07:13,信用卡
T0007785,C03249,P00324,1,1934,2025-07-04 20:25:57,轉帳
T0007786,C01844,P01648,1,1274,2025-07-28 12:15:35,貨到付款
T0007787,C00336,P00781,3,-168,2025-07-07 10:56:18,行動支付
T0007788,C01092,P00076,4,11752,2025-07-06 08:00:54,行動支付
T0007789,C01507,P01986,2,7700,2025-07-08 22:15:15,轉帳
T0007790,C02994,P01204,3,3690,2025-07-23 21:47:46,貨到付款
T0007791,C04915,P01526,2,7880,2025-07-31 10:46:05,信用卡
T0007792,C00509,P01102,1,3664,2025-07-02 07:21:19,貨到付款
T0007793,C02680,P01693,3,10935,2025-07-23 14:20:49,貨到付款
T0007794,C04952,P00519,1,4336,2025-07-28 17:18:37,信用卡
T0007795,C04252,P01332,2,838,2025-07-19 16:22:54,信用卡
T0007796,C00857,P00039,2,3034,2025-07-19 18:48:28,行動支付
T0007797,C04795,P01601,4,5712,2025-07-16 03:06:44,轉帳
T0007798,C02999,P01364,2,2792,2025-07-26 11:23:27,轉帳
T0007799,C04907,P00713,1,389,2025-07-18 18:08:23,轉帳
T0007800,C03481,P00873,2,1742,2025-07-18 10:02:04,貨到付款
T0007801,C03389,P01380,4,3952,2025-07-29 12:59:13,轉帳
T0007802,C04861,P00491,4,12732,2025-07-11 12:24:51,信用卡
T0007803,C03468,P01699,1,417,2025-07-30 21:50:25,行動支付
T0007804,C01660,P01828,3,5157,2025-07-28 15:32:32,行動支付
T0007805,C03176,P00729,2,2538,2025-07-22 20:14:27,轉帳
T0007806,C04419,P01497,4,6504,2025-07-17 14:26:40,貨到付款
T0007807,C01589,P01754,2,6070,2025-07-28 20:42:19,行動支付
T0007808,C04257,P00284,2,716,2025-07-24 12:37:32,行動支付
T0007809,C02410,P00643,3,4128,2025-07-29 08:42:25,行動支付
T0007810,C01675,P01471,4,16588,2025-07-30 22:48:08,轉帳
T0007811,C03042,P01677,2,7094,2025-07-26 09:28:48,貨到付款
T0007812,C02925,P01789,4,1960,2025-07-07 16:40:01,行動支付
T0007813,C01911,P01646,1,2901,2025-07-13 19:50:01,行動支付
T0007814,C03202,P00776,1,1062,2025-07-09 10:37:18,信用卡
T0007815,C01162,P00008,2,7508,2025-07-05 14:55:08,轉帳
T0007816,C02937,P01855,4,12352,2025-07-25 05:39:53,行動支付
T0007817,C04941,P00435,2,8116,2025-07-06 06:16:13,信用卡
T0007818,C01163,P00727,4,3624,2025-07-21 19:40:21,貨到付款
T0007819,C03081,P01958,4,14552,2025-07-02 14:42:30,行動支付
T0007820,C04483,P01909,3,3564,2025-07-18 21:03:36,行動支付
T0007821,C01544,P01297,3,4008,2025-07-19 17:32:30,行動支付
T0007822,C03689,P01533,3,8034,2025-07-05 20:06:08,信用卡
T0007823,C03786,P01785,2,7718,2025-07-30 01:32:09,貨到付款
T0007824,C03098,P00313,3,7257,2025-07-24 16:32:12,貨到付款
T0007825,C00299,P01697,3,2373,2025-07-19 18:38:56,行動支付
T0007826,C01872,P01405,1,2538,2025-07-27 22:06:23,轉帳
T0007827,C01483,P01389,4,12200,2025-07-29 00:42:49,信用卡
T0007828,C00758,P01240,4,-20,2025-07-22 22:39:22,貨到付款
T0007829,C01021,P01731,3,8412,2025-07-31 12:27:05,轉帳
T0007830,C00189,P01155,4,7968,2025-07-14 16:48:03,貨到付款
T0007831,C04617,P00577,1,1390,2025-07-24 17:24:32,行動支付
T0007832,C02990,P01710,1,688,2025-07-02 22:02:19,轉帳
T0007833,C04729,P01006,3,8811,2025-07-24 22:01:00,行動支付
T0007834,C03696,P00440,1,2105,2025-07-28 22:43:44,轉帳
T0007835,C01643,P00020,4,7128,2025-07-09 21:33:01,轉帳
T0007836,C01390,P01825,2,6828,2025-07-03 20:49:12,信用卡
T0007837,C03218,P01477,4,-92,2025-07-04 20:57:17,行動支付
T0007838,C03802,P01201,2,7930,2025-07-07 21:26:00,轉帳
T0007839,C02604,P01618,3,6291,2025-07-30 13:16:12,行動支付
T0007840,C04887,P01628,2,7658,2025-07-06 02:56:06,信用卡
T0007841,C03240,P00632,1,1078,2025-07-04 21:22:17,信用卡
T0007842,C01442,P00457,4,760,2025-07-19 07:40:47,行動支付
T0007843,C00118,P00294,2,2316,2025-07-21 17:08:36,信用卡
T0007844,C04234,P00736,4,14000,2025-07-03 19:30:38,貨到付款
T0007845,C01656,P00142,3,1443,2025-07-24 22:38:24,轉帳
T0007846,C01211,P00952,3,3006,2025-07-27 23:56:39,轉帳
T0007847,C02696,P00729,1,1269,2025-07-26 15:38:55,貨到付款
T0007848,C04533,P01615,3,9561,2025-07-03 11:18:04,轉帳
T0007849,C03325,P01100,2,7586,2025-07-16 17:20:44,轉帳
T0007850,C01241,P00776,3,3186,2025-07-19 03:58:53,行動支付
T0007851,C03436,P00581,1,1558,2025-07-27 08:36:19,貨到付款
T0007852,C03597,P01425,4,7432,2025-07-18 17:50:25,貨到付款
T0007853,C03040,P00490,4,10452,2025-07-01 21:01:56,行動支付
T0007854,C01907,P01335,3,1110,2025-07-29 23:26:52,貨到付款
T0007855,C01608,P01871,2,3936,2025-07-17 01:48:05,轉帳
T0007856,C02211,P01725,1,2382,2025-07-11 21:52:42,信用卡
T0007857,C00030,P00465,2,7168,2025-07-07 23:26:01,信用卡
T0007858,C04349,P01099,1,614,2025-07-20 09:13:38,轉帳
T0007859,C00349,P00186,3,1647,2025-07-10 13:54:12,行動支付
T0007860,C00962,P00651,1,1009,2025-07-21 12:38:31,行動支付
T0007861,C03171,P01640,1,3882,2025-07-07 09:00:54,貨到付款
T0007862,C00707,P01760,3,768,2025-07-19 09:07:23,信用卡
T0007863,C01021,P00552,2,3174,2025-07-07 13:51:40,轉帳
T0007864,C00458,P00997,3,6285,2025-07-26 00:14:11,轉帳
T0007865,C02963,P00519,1,4336,2025-07-26 18:27:47,行動支付
T0007866,C04156,P01987,3,3366,2025-07-06 22:43:35,貨到付款
T0007867,C04659,P00981,1,3765,2025-07-18 19:35:41,貨到付款
T0007868,C01181,P01640,3,11646,2025-07-31 18:34:01,貨到付款
T0007869,C00390,P01170,4,8664,2025-07-28 20:38:31,行動支付
T0007870,C03624,P00848,4,2588,2025-07-02 12:17:35,信用卡
T0007871,C01557,P01918,3,2175,2025-07-29 18:20:22,轉帳
T0007872,C03608,P00640,2,4652,2025-07-04 18:36:46,貨到付款
T0007873,C01224,P00493,1,130,2025-07-07 10:18:02,信用卡
T0007874,C00882,P00673,4,13348,2025-07-27 07:48:40,貨到付款
T0007875,C01244,P01488,2,6134,2025-07-29 14:50:43,貨到付款
T0007876,C01426,P01828,1,1719,2025-07-31 19:06:05,信用卡
T0007877,C02241,P00222,4,3088,2025-07-30 17:13:23,貨到付款
T0007878,C03178,P01092,4,11256,2025-07-07 16:40:00,轉帳
T0007879,C01359,P00152,3,9252,2025-07-08 15:49:37,行動支付
T0007880,C03906,P00898,1,2025,2025-07-03 18:52:49,信用卡
T0007881,C00400,P00985,2,4006,2025-07-13 11:43:01,貨到付款
T0007882,C04862,P01614,2,6286,2025-07-20 20:23:09,行動支付
T0007883,C01991,P00267,2,2980,2025-07-03 22:58:53,信用卡
T0007884,C00838,P01184,1,-90,2025-07-11 18:54:24,貨到付款
T0007885,C02206,P01530,2,3040,2025-07-17 21:02:16,信用卡
T0007886,C02526,P00995,2,7386,2025-07-23 23:38:16,行動支付
T0007887,C03674,P00196,2,5704,2025-07-05 14:02:50,行動支付
T0007888,C03801,P00724,3,8859,2025-07-17 18:33:37,信用卡
T0007889,C04098,P00309,3,9249,2025-07-05 07:58:50,貨到付款
T0007890,C03967,P01708,1,1122,2025-07-18 20:20:30,行動支付
T0007891,C00099,P01278,1,1957,2025-07-17 20:38:45,貨到付款
T0007892,C01907,P01524,2,4056,2025-07-27 23:02:12,貨到付款
T0007893,C04270,P01624,3,-135,2025-07-16 01:28:30,行動支付
T0007894,C03794,P00923,4,9128,2025-07-07 19:09:03,貨到付款
T0007895,C04607,P00454,4,14432,2025-07-12 23:50:35,信用卡
T0007896,C02975,P00766,2,5986,2025-07-14 16:44:19,行動支付
T0007897,C00763,P00307,2,6944,2025-07-17 13:44:03,信用卡
T0007898,C03633,P01573,3,-48,2025-07-15 11:29:35,信用卡
T0007899,C01286,P00870,3,5667,2025-07-03 20:16:01,轉帳
T0007900,C02318,P01476,3,3672,2025-07-24 17:44:41,行動支付
T0007901,C02268,P01981,1,2988,2025-07-04 22:00:20,轉帳
T0007902,C01875,P01543,1,505,2025-07-02 19:35:06,貨到付款
T0007903,C03030,P00845,2,8140,2025-07-08 18:45:24,信用卡
T0007904,C00359,P00925,1,623,2025-07-03 15:02:00,貨到付款
T0007905,C00683,P00282,3,6255,2025-07-02 22:32:52,信用卡
T0007906,C02346,P00716,3,-282,2025-07-12 07:42:06,信用卡
T0007907,C00773,P00883,1,2606,2025-07-24 20:47:08,行動支付
T0007908,C00948,P00054,4,3680,2025-07-22 10:16:32,行動支付
T0007909,C00064,P00407,2,4524,2025-07-30 07:55:46,貨到付款
T0007910,C02503,P01653,4,10960,2025-07-19 06:20:10,行動支付
T0007911,C03626,P00927,2,3314,2025-07-11 12:15:44,行動支付
T0007912,C02457,P00723,4,5540,2025-07-19 09:20:53,行動支付
T0007913,C04628,P01611,1,609,2025-07-12 10:17:17,行動支付
T0007914,C04701,P01509,2,6662,2025-07-04 22:42:45,貨到付款
T0007915,C04852,P00961,2,1688,2025-07-25 18:46:36,信用卡
T0007916,C01865,P01989,2,7032,2025-07-18 14:04:58,行動支付
T0007917,C02447,P01505,3,717,2025-07-27 01:12:42,轉帳
T0007918,C03205,P00962,3,11031,2025-07-05 02:09:37,轉帳
T0007919,C02941,P01445,4,11728,2025-07-09 08:51:27,轉帳
T0007920,C02043,P00433,1,3601,2025-07-04 08:56:54,轉帳
T0007921,C00194,P00973,3,2220,2025-07-10 15:14:10,貨到付款
T0007922,C04608,P00613,2,1648,2025-07-09 19:02:38,行動支付
T0007923,C01924,P00456,3,5469,2025-07-13 17:59:48,轉帳
T0007924,C02828,P00031,1,1282,2025-07-05 22:26:52,貨到付款
T0007925,C00971,P00371,3,5178,2025-07-03 10:24:52,貨到付款
T0007926,C02181,P00884,2,4608,2025-07-26 09:45:36,行動支付
T0007927,C01276,P01642,4,9692,2025-07-10 15:58:44,信用卡
T0007928,C04565,P01681,2,7602,2025-07-28 17:00:04,信用卡
T0007929,C03611,P01006,1,2937,2025-07-03 10:13:14,轉帳
T0007930,C02548,P00648,4,8352,2025-07-23 01:26:29,轉帳
T0007931,C02443,P00918,3,9060,2025-07-19 19:21:23,轉帳
T0007932,C03442,P00362,3,2784,2025-07-21 23:41:29,貨到付款
T0007933,C03482,P00099,3,9330,2025-07-29 11:14:35,貨到付款
T0007934,C03254,P01125,4,1284,2025-07-24 17:12:24,轉帳
T0007935,C04632,P00664,2,3600,2025-07-17 12:18:15,貨到付款
T0007936,C03678,P01541,4,6804,2025-07-10 12:57:10,貨到付款
T0007937,C01211,P00788,4,10892,2025-07-06 19:01:47,行動支付
T0007938,C00172,P01056,1,3239,2025-07-16 12:38:41,轉帳
T0007939,C04065,P01962,4,1696,2025-07-02 12:12:32,行動支付
T0007940,C03154,P01787,3,4371,2025-07-22 23:46:36,貨到付款
T0007941,C03382,P00371,2,3452,2025-07-25 17:21:46,行動支付
T0007942,C03487,P01032,2,5082,2025-07-20 08:39:48,貨到付款
T0007943,C03226,P00600,2,6902,2025-07-29 21:17:10,貨到付款
T0007944,C01306,P00091,3,-225,2025-07-17 17:27:34,轉帳
T0007945,C02277,P00833,3,3717,2025-07-08 14:21:28,貨到付款
T0007946,C03405,P00501,3,10539,2025-07-16 10:01:44,信用卡
T0007947,C01271,P00020,3,5346,2025-07-17 15:29:18,貨到付款
T0007948,C03010,P01305,3,4023,2025-07-31 22:03:53,行動支付
T0007949,C04758,P00754,4,7736,2025-07-31 13:05:58,轉帳
T0007950,C04207,P00413,3,4059,2025-07-31 21:47:29,轉帳
T0007951,C00061,P00956,3,7491,2025-07-29 21:32:47,貨到付款
T0007952,C03854,P00135,3,6213,2025-07-27 17:05:23,轉帳
T0007953,C03221,P01669,3,10617,2025-07-11 13:35:19,轉帳
T0007954,C04584,P00413,2,2706,2025-07-19 08:50:23,貨到付款
T0007955,C01988,P00676,3,1341,2025-07-06 14:16:15,轉帳
T0007956,C02930,P01453,4,8612,2025-07-21 12:08:06,轉帳
T0007957,C04504,P01933,4,12984,2025-07-16 11:35:19,轉帳
T0007958,C02592,P00801,4,3356,2025-07-05 06:33:30,信用卡
T0007959,C00944,P00835,1,1624,2025-07-30 17:10:36,信用卡
T0007960,C02114,P00276,2,6684,2025-07-18 04:10:01,信用卡
T0007961,C04148,P01207,3,10548,2025-07-29 10:04:41,信用卡
T0007962,C01264,P00435,1,4058,2025-07-30 14:11:24,轉帳
T0007963,C01511,P01058,3,3531,2025-07-11 19:41:41,轉帳
T0007964,C04838,P01444,1,1922,2025-07-08 18:09:02,行動支付
T0007965,C03292,P01671,1,1736,2025-07-10 17:53:31,行動支付
T0007966,C01913,P01214,4,5968,2025-07-17 19:15:06,轉帳
T0007967,C01539,P00812,4,12876,2025-07-10 13:48:55,貨到付款
T0007968,C02058,P01343,1,2263,2025-07-13 03:23:14,轉帳
T0007969,C04382,P00060,4,6608,2025-07-02 11:56:08,轉帳
T0007970,C03638,P00526,1,3268,2025-07-09 20:14:01,信用卡
T0007971,C00444,P01837,2,3166,2025-07-01 08:13:04,行動支付
T0007972,C03180,P01046,4,10572,2025-07-10 14:53:19,貨到付款
T0007973,C03883,P00786,4,3680,2025-07-06 02:15:29,信用卡
T0007974,C01721,P01358,4,11384,2025-07-21 15:43:55,轉帳
T0007975,C00713,P00352,2,7098,2025-07-22 02:54:23,信用卡
T0007976,C03743,P01387,1,1473,2025-07-11 18:39:08,信用卡
T0007977,C04650,P01560,3,7131,2025-07-24 10:30:30,轉帳
T0007978,C01989,P01554,4,-312,2025-07-01 22:08:27,信用卡
T0007979,C01540,P00519,1,4336,2025-07-02 19:36:29,行動支付
T0007980,C04935,P00693,2,2910,2025-07-13 14:41:30,轉帳
T0007981,C04081,P00050,3,5913,2025-07-20 14:33:59,轉帳
T0007982,C00007,P01049,4,1776,2025-07-15 18:22:25,轉帳
T0007983,C00349,P01668,2,4308,2025-07-22 16:41:49,信用卡
T0007984,C03481,P01544,2,5090,2025-07-10 05:13:22,行動支付
T0007985,C02624,P00948,3,2364,2025-07-01 20:44:27,行動支付
T0007986,C03272,P01155,1,1992,2025-07-26 06:39:24,轉帳
T0007987,C03665,P01484,4,5284,2025-07-15 10:28:45,行動支付
T0007988,C00853,P01913,4,1160,2025-07-13 04:36:26,貨到付款
T0007989,C01873,P00654,1,2367,2025-07-17 01:02:28,轉帳
T0007990,C03520,P01707,1,2900,2025-07-04 21:39:55,貨到付款
T0007991,C00990,P00858,1,1199,2025-07-10 15:03:42,轉帳
T0007992,C00909,P00514,3,9207,2025-07-31 19:40:11,行動支付
T0007993,C04742,P00017,3,5694,2025-07-05 01:04:09,信用卡
T0007994,C02253,P00383,4,-212,2025-07-29 20:53:30,貨到付款
T0007995,C04071,P01312,3,6981,2025-07-27 19:00:46,轉帳
T0007996,C00928,P00643,2,2752,2025-07-10 10:44:23,轉帳
T0007997,C00294,P00900,4,13304,2025-07-30 16:14:15,貨到付款
T0007998,C00913,P01473,3,1713,2025-07-21 18:08:13,貨到付款
T0007999,C03795,P01000,1,2902,2025-07-25 16:51:19,信用卡
T0008000,C01296,P01763,2,2858,2025-07-08 11:26:57,貨到付款
T0008001,C04511,P00999,1,2524,2025-07-31 05:25:47,貨到付款
T0008002,C02043,P00678,4,4532,2025-07-28 17:42:30,信用卡
T0008003,C03134,P00509,1,1640,2025-07-10 18:58:56,信用卡
T0008004,C03122,P00872,3,2982,2025-07-14 16:02:31,貨到付款
T0008005,C04341,P00153,3,10587,2025-07-04 08:33:51,信用卡
T0008006,C00830,P01408,4,10272,2025-07-23 16:57:04,貨到付款
T0008007,C01465,P00055,1,3461,2025-07-26 02:23:31,行動支付
T0008008,C01888,P01662,4,11456,2025-07-18 21:08:15,貨到付款
T0008009,C01383,P01053,1,-24,2025-07-19 01:12:31,行動支付
T0008010,C01710,P00294,2,2316,2025-07-04 12:23:59,信用卡
T0008011,C02928,P00361,3,12381,2025-07-30 15:00:11,貨到付款
T0008012,C02389,P00420,4,5264,2025-07-13 07:13:25,行動支付
T0008013,C03364,P00804,2,6422,2025-07-28 10:53:19,轉帳
T0008014,C00504,P01674,2,746,2025-07-11 20:34:46,行動支付
T0008015,C00305,P00910,4,11648,2025-07-10 18:47:37,信用卡
T0008016,C03758,P00412,4,7720,2025-07-28 11:04:51,行動支付
T0008017,C00036,P00119,2,7520,2025-07-09 15:35:31,轉帳
T0008018,C02912,P00352,1,3549,2025-07-12 20:33:42,信用卡
T0008019,C04938,P01887,2,8228,2025-07-01 13:44:29,信用卡
T0008020,C00484,P00294,4,4632,2025-07-21 04:56:52,貨到付款
T0008021,C02611,P00206,2,1384,2025-07-28 15:16:40,行動支付
T0008022,C00036,P01523,1,3026,2025-07-10 12:03:09,行動支付
T0008023,C03014,P01671,3,5208,2025-07-24 15:16:49,信用卡
T0008024,C04934,P01660,3,13383,2025-07-17 17:10:17,行動支付
T0008025,C03806,P01302,2,6376,2025-07-10 22:28:38,行動支付
T0008026,C04660,P00980,1,2150,2025-07-27 04:24:27,行動支付
T0008027,C02366,P01213,3,10545,2025-07-31 03:19:34,信用卡
T0008028,C01685,P01937,2,6918,2025-07-25 14:47:29,行動支付
T0008029,C02147,P00213,2,322,2025-07-04 09:33:04,信用卡
T0008030,C01853,P00328,1,2195,2025-07-14 05:10:47,轉帳
T0008031,C04450,P01558,4,15172,2025-07-16 18:41:14,轉帳
T0008032,C04997,P00315,2,7552,2025-07-10 20:29:18,行動支付
T0008033,C04084,P01766,4,12828,2025-07-19 10:33:47,行動支付
T0008034,C04704,P00743,4,5700,2025-07-10 13:08:29,貨到付款
T0008035,C03325,P00577,3,4170,2025-07-29 11:15:41,行動支付
T0008036,C01892,P01674,4,1492,2025-07-21 17:40:33,貨到付款
T0008037,C00286,P00808,1,2458,2025-07-27 19:33:06,信用卡
T0008038,C01780,P01106,3,8976,2025-07-11 14:20:54,轉帳
T0008039,C01651,P00064,3,1947,2025-07-10 09:13:50,轉帳
T0008040,C00500,P00351,3,4611,2025-07-11 12:49:55,信用卡
T0008041,C02284,P00207,2,6794,2025-07-21 13:42:28,信用卡
T0008042,C03491,P00849,2,3768,2025-07-20 10:51:01,行動支付
T0008043,C03626,P01157,4,14492,2025-07-24 14:50:46,貨到付款
T0008044,C04439,P00414,3,12759,2025-07-02 15:28:41,貨到付款
T0008045,C00694,P01712,3,1797,2025-07-02 20:40:40,轉帳
T0008046,C03009,P00358,1,2066,2025-07-12 08:13:01,行動支付
T0008047,C04345,P00059,4,14840,2025-07-01 05:12:06,信用卡
T0008048,C01397,P00360,1,2848,2025-07-25 22:06:09,轉帳
T0008049,C03496,P00826,4,6516,2025-07-16 10:22:37,信用卡
T0008050,C04075,P01922,4,2404,2025-07-06 02:11:36,貨到付款
T0008051,C01842,P01137,2,6972,2025-07-21 16:24:28,行動支付
T0008052,C03091,P01099,2,1228,2025-07-23 09:03:23,行動支付
T0008053,C03294,P00191,1,3712,2025-07-12 08:41:58,貨到付款
T0008054,C02375,P01958,4,14552,2025-07-21 10:54:53,行動支付
T0008055,C02065,P00532,3,1122,2025-07-04 15:18:40,行動支付
T0008056,C00939,P01357,2,7312,2025-07-18 13:20:09,貨到付款
T0008057,C04930,P00537,3,3180,2025-07-30 17:19:58,轉帳
T0008058,C04787,P01657,1,3082,2025-07-05 18:47:17,信用卡
T0008059,C04063,P00121,2,2306,2025-07-07 14:09:32,貨到付款
T0008060,C00083,P01092,2,5628,2025-07-24 10:09:01,轉帳
T0008061,C01801,P01736,4,5912,2025-07-06 03:17:04,貨到付款
T0008062,C00228,P00901,1,3468,2025-07-01 14:57:36,轉帳
T0008063,C04037,P01767,4,14684,2025-07-13 01:10:24,信用卡
T0008064,C01627,P01518,2,4704,2025-07-11 10:03:53,信用卡
T0008065,C02221,P01843,1,4157,2025-07-29 18:46:17,貨到付款
T0008066,C03033,P01612,2,700,2025-07-17 15:03:39,信用卡
T0008067,C02000,P00160,1,2652,2025-07-14 14:14:28,貨到付款
T0008068,C03062,P01847,2,3660,2025-07-06 08:03:36,行動支付
T0008069,C00406,P00891,3,1269,2025-07-08 23:07:47,轉帳
T0008070,C02139,P01557,3,372,2025-07-19 08:46:53,行動支付
T0008071,C04657,P01776,4,4556,2025-07-20 04:11:03,信用卡
T0008072,C04654,P01370,3,4833,2025-07-12 17:27:46,行動支付
T0008073,C04934,P01882,2,1658,2025-07-12 01:57:36,行動支付
T0008074,C04285,P00582,2,4090,2025-07-13 21:07:43,信用卡
T0008075,C04526,P00396,3,6846,2025-07-24 19:21:58,行動支付
T0008076,C03671,P00369,4,14976,2025-07-18 15:17:42,信用卡
T0008077,C01469,P01670,3,591,2025-07-12 03:25:16,貨到付款
T0008078,C00975,P00367,1,1248,2025-07-19 21:04:06,轉帳
T0008079,C00715,P01833,1,3364,2025-07-29 19:51:02,行動支付
T0008080,C02600,P00753,1,1453,2025-07-26 21:10:02,轉帳
T0008081,C02859,P00447,3,4920,2025-07-18 16:31:25,貨到付款
T0008082,C04284,P00226,3,12729,2025-07-24 02:03:50,轉帳
T0008083,C02523,P01616,3,10140,2025-07-14 10:11:06,行動支付
T0008084,C00639,P00319,1,2515,2025-07-27 08:44:53,貨到付款
T0008085,C03984,P00557,4,4200,2025-07-15 12:38:24,轉帳
T0008086,C01506,P00887,2,4862,2025-07-16 16:11:56,行動支付
T0008087,C03365,P01957,3,6552,2025-07-19 09:21:33,貨到付款
T0008088,C02743,P01831,4,852,2025-07-14 13:05:17,信用卡
T0008089,C04373,P00010,2,3830,2025-07-22 20:17:57,貨到付款
T0008090,C00840,P00444,2,1856,2025-07-06 04:31:52,行動支付
T0008091,C02231,P01125,2,642,2025-07-02 21:13:05,行動支付
T0008092,C00578,P01482,4,10640,2025-07-26 16:59:29,信用卡
T0008093,C03313,P01512,4,11816,2025-07-15 10:09:35,信用卡
T0008094,C01204,P00650,1,3205,2025-07-15 11:59:38,貨到付款
T0008095,C01058,P00121,4,4612,2025-07-28 13:32:36,轉帳
T0008096,C03766,P01761,4,2108,2025-07-07 19:31:59,行動支付
T0008097,C03298,P01231,4,16024,2025-07-10 10:46:25,信用卡
T0008098,C00447,P01225,2,694,2025-07-02 06:49:25,行動支付
T0008099,C02174,P01973,3,2781,2025-07-29 18:30:42,轉帳
T0008100,C03578,P00650,1,3205,2025-07-28 16:13:57,轉帳
T0008101,C00801,P01397,3,2760,2025-07-17 19:33:03,貨到付款
T0008102,C04644,P00437,3,1743,2025-07-04 07:51:13,貨到付款
T0008103,C04513,P01209,4,12680,2025-07-02 17:11:43,轉帳
T0008104,C03831,P00254,1,3887,2025-07-30 16:13:33,信用卡
T0008105,C01101,P01401,3,1020,2025-07-08 13:10:09,信用卡
T0008106,C01288,P01982,3,11202,2025-07-07 15:21:02,貨到付款
T0008107,C02381,P00986,1,249,2025-07-09 12:33:51,信用卡
T0008108,C04487,P01081,4,2288,2025-07-01 14:15:40,行動支付
T0008109,C00615,P00174,3,9270,2025-07-06 06:35:43,貨到付款
T0008110,C00678,P01789,2,980,2025-07-20 09:16:26,信用卡
T0008111,C02672,P00235,3,8763,2025-07-02 12:07:59,轉帳
T0008112,C03627,P00775,2,1300,2025-07-30 18:26:06,信用卡
T0008113,C00452,P00696,4,15076,2025-07-13 17:23:20,貨到付款
T0008114,C03458,P00095,3,-231,2025-07-21 12:29:37,貨到付款
T0008115,C04359,P01949,1,3805,2025-07-08 10:37:36,行動支付
T0008116,C04658,P01126,1,-48,2025-07-16 04:07:56,行動支付
T0008117,C03831,P00858,3,3597,2025-07-29 12:24:04,信用卡
T0008118,C03003,P00250,4,3016,2025-07-24 13:53:47,轉帳
T0008119,C03219,P00860,4,3880,2025-07-25 02:30:42,轉帳
T0008120,C01885,P00839,1,1056,2025-07-13 01:09:39,貨到付款
T0008121,C03587,P00790,3,10995,2025-07-28 14:48:41,貨到付款
T0008122,C03680,P00662,4,6112,2025-07-21 23:16:18,轉帳
T0008123,C01908,P00343,1,1195,2025-07-03 16:02:48,貨到付款
T0008124,C03210,P01726,2,2548,2025-07-26 06:31:29,轉帳
T0008125,C02809,P01105,3,8736,2025-07-28 02:39:42,轉帳
T0008126,C04280,P00607,2,6492,2025-07-14 14:56:02,轉帳
T0008127,C04042,P01954,2,984,2025-07-11 00:20:26,轉帳
T0008128,C01117,P01176,4,9584,2025-07-25 20:10:15,貨到付款
T0008129,C00578,P00529,4,6640,2025-07-31 14:11:48,貨到付款
T0008130,C00438,P01497,4,6504,2025-07-09 14:17:49,貨到付款
T0008131,C00445,P01172,3,3027,2025-07-11 22:51:25,貨到付款
T0008132,C03702,P00046,2,7166,2025-07-01 12:48:57,信用卡
T0008133,C04686,P01445,3,8796,2025-07-29 13:05:05,轉帳
T0008134,C03723,P01011,4,8984,2025-07-19 14:58:25,行動支付
T0008135,C00580,P01092,2,5628,2025-07-11 19:46:15,轉帳
T0008136,C01838,P00602,3,5820,2025-07-06 20:43:25,貨到付款
T0008137,C04266,P00005,3,8307,2025-07-16 17:48:07,轉帳
T0008138,C04770,P01496,1,3405,2025-07-03 20:32:21,行動支付
T0008139,C02884,P01987,3,3366,2025-07-04 10:38:45,信用卡
T0008140,C00008,P01507,4,3792,2025-07-06 16:11:50,貨到付款
T0008141,C00309,P01692,3,255,2025-07-31 16:25:38,行動支付
T0008142,C02678,P00043,2,1984,2025-07-10 22:48:09,轉帳
T0008143,C04235,P00089,3,3402,2025-07-05 21:38:09,行動支付
T0008144,C04899,P00020,1,1782,2025-07-30 13:34:16,信用卡
T0008145,C01598,P01429,2,2746,2025-07-03 16:21:50,轉帳
T0008146,C01825,P00206,2,1384,2025-07-28 15:59:24,信用卡
T0008147,C03396,P01919,1,219,2025-07-03 15:23:43,轉帳
T0008148,C03982,P01688,4,13960,2025-07-16 10:42:16,貨到付款
T0008149,C02598,P01190,2,238,2025-07-28 21:23:53,轉帳
T0008150,C03008,P00331,4,5692,2025-07-17 21:33:55,行動支付
T0008151,C01110,P01543,2,1010,2025-07-29 11:27:00,轉帳
T0008152,C01976,P01808,2,1154,2025-07-16 16:13:15,行動支付
T0008153,C02691,P01553,4,14336,2025-07-22 12:32:12,信用卡
T0008154,C02303,P01888,2,7062,2025-07-24 20:12:30,貨到付款
T0008155,C00723,P01764,4,2236,2025-07-17 11:54:40,信用卡
T0008156,C04714,P00476,1,3983,2025-07-04 13:40:36,貨到付款
T0008157,C04186,P00065,4,3320,2025-07-06 20:26:33,信用卡
T0008158,C02499,P00518,1,3393,2025-07-13 09:33:01,信用卡
T0008159,C02278,P01144,2,2132,2025-07-18 22:30:37,信用卡
T0008160,C03007,P00069,4,16868,2025-07-12 10:15:03,貨到付款
T0008161,C00729,P00450,2,5522,2025-07-01 03:51:09,轉帳
T0008162,C03326,P01797,4,10628,2025-07-16 23:00:39,信用卡
T0008163,C04006,P00696,1,3769,2025-07-07 18:42:52,信用卡
T0008164,C03514,P00384,1,1639,2025-07-01 12:55:00,信用卡
T0008165,C02994,P00412,4,7720,2025-07-20 03:02:15,轉帳
T0008166,C01544,P00013,1,1774,2025-07-29 11:51:05,行動支付
T0008167,C04951,P00335,2,468,2025-07-09 10:07:13,貨到付款
T0008168,C00617,P00715,2,4208,2025-07-26 11:28:52,行動支付
T0008169,C04984,P00081,3,1689,2025-07-06 11:36:14,行動支付
T0008170,C03532,P01619,1,-76,2025-07-19 04:09:43,貨到付款
T0008171,C02391,P01811,2,6640,2025-07-14 23:45:32,貨到付款
T0008172,C04143,P01610,4,1400,2025-07-20 06:36:20,轉帳
T0008173,C02475,P00688,1,3796,2025-07-09 10:52:26,行動支付
T0008174,C03520,P01946,2,6158,2025-07-24 21:39:15,貨到付款
T0008175,C01883,P00227,1,457,2025-07-24 19:15:25,貨到付款
T0008176,C04905,P01769,4,676,2025-07-24 16:32:13,貨到付款
T0008177,C01665,P00452,2,3454,2025-07-05 18:01:43,信用卡
T0008178,C04139,P00675,3,5835,2025-07-16 10:58:32,轉帳
T0008179,C01053,P00657,3,4683,2025-07-03 19:39:53,貨到付款
T0008180,C03663,P01435,1,2292,2025-07-12 14:06:40,轉帳
T0008181,C04052,P01794,4,2556,2025-07-30 18:58:04,貨到付款
T0008182,C03502,P00452,2,3454,2025-07-22 15:37:51,貨到付款
T0008183,C00262,P00809,4,1284,2025-07-17 20:01:38,行動支付
T0008184,C04327,P01008,2,2074,2025-07-18 16:03:16,轉帳
T0008185,C00895,P01108,1,1822,2025-07-01 17:14:25,信用卡
T0008186,C02437,P01120,2,6818,2025-07-24 10:09:17,轉帳
T0008187,C01959,P01390,4,5444,2025-07-25 12:53:08,貨到付款
T0008188,C04921,P00416,4,10728,2025-07-06 11:38:16,轉帳
T0008189,C03296,P00387,1,3651,2025-07-05 09:14:51,貨到付款
T0008190,C04242,P01551,4,12344,2025-07-05 16:45:45,轉帳
T0008191,C04955,P00385,2,1350,2025-07-16 10:57:09,信用卡
T0008192,C02739,P00324,1,1934,2025-07-04 20:22:15,信用卡
T0008193,C01687,P01699,2,834,2025-07-05 07:49:06,轉帳
T0008194,C03389,P00788,4,10892,2025-07-13 14:37:12,信用卡
T0008195,C04951,P00326,1,1500,2025-07-25 21:36:59,轉帳
T0008196,C03788,P00853,2,3260,2025-07-30 14:23:06,轉帳
T0008197,C01955,P00014,4,15328,2025-07-03 18:25:21,行動支付
T0008198,C02639,P01074,4,8232,2025-07-27 16:49:50,轉帳
T0008199,C01415,P00693,3,4365,2025-07-03 14:34:25,行動支付
T0008200,C03481,P01493,4,9296,2025-07-06 18:18:53,行動支付
T0008201,C00975,P01076,2,6876,2025-07-19 18:56:06,信用卡
T0008202,C04281,P01290,1,1009,2025-07-08 11:27:27,轉帳
T0008203,C01968,P00244,3,2838,2025-07-27 17:47:21,貨到付款
T0008204,C00654,P01663,4,6628,2025-07-27 11:54:09,貨到付款
T0008205,C03761,P01577,4,14012,2025-07-21 16:25:47,貨到付款
T0008206,C02901,P01505,4,956,2025-07-10 21:30:04,貨到付款
T0008207,C04025,P00180,2,7366,2025-07-22 07:05:13,信用卡
T0008208,C04249,P01759,3,3891,2025-07-30 21:42:00,信用卡
T0008209,C03547,P00115,2,386,2025-07-15 10:47:36,行動支付
T0008210,C02287,P01560,3,7131,2025-07-04 16:05:34,信用卡
T0008211,C00818,P01502,1,2357,2025-07-09 22:21:59,貨到付款
T0008212,C00687,P00785,2,6320,2025-07-12 20:49:26,信用卡
T0008213,C03479,P01815,2,3550,2025-07-30 11:37:44,行動支付
T0008214,C01455,P01223,1,-81,2025-07-22 21:21:57,轉帳
T0008215,C00724,P01229,3,4263,2025-07-26 01:24:29,行動支付
T0008216,C01090,P01902,4,12700,2025-07-29 19:26:41,信用卡
T0008217,C03741,P00235,1,2921,2025-07-28 13:39:39,貨到付款
T0008218,C03676,P00485,4,14092,2025-07-31 19:04:38,貨到付款
T0008219,C00045,P00992,4,9396,2025-07-13 23:26:37,轉帳
T0008220,C03629,P00396,1,2282,2025-07-15 14:47:11,信用卡
T0008221,C02878,P00962,3,11031,2025-07-05 04:17:19,轉帳
T0008222,C03391,P00617,4,5020,2025-07-19 17:50:51,信用卡
T0008223,C04942,P00743,1,1425,2025-07-12 16:54:18,轉帳
T0008224,C00738,P00320,2,756,2025-07-08 14:00:47,行動支付
T0008225,C04751,P01812,2,5672,2025-07-09 10:43:16,信用卡
T0008226,C02135,P00767,2,3904,2025-07-05 07:06:54,貨到付款
T0008227,C04208,P01190,1,119,2025-07-14 10:12:07,信用卡
T0008228,C04629,P01733,2,2722,2025-07-16 15:48:17,轉帳
T0008229,C00480,P01281,4,9976,2025-07-23 21:09:11,轉帳
T0008230,C04870,P01132,2,2766,2025-07-05 02:11:43,信用卡
T0008231,C00898,P01803,2,4172,2025-07-10 09:41:06,轉帳
T0008232,C00262,P00683,4,7000,2025-07-26 17:37:53,貨到付款
T0008233,C04901,P01971,2,4052,2025-07-16 10:32:05,信用卡
T0008234,C03250,P00195,4,14168,2025-07-22 19:51:43,轉帳
T0008235,C02966,P00264,2,2802,2025-07-19 00:14:16,轉帳
T0008236,C04848,P00791,4,1720,2025-07-15 11:29:20,貨到付款
T0008237,C03134,P00152,2,6168,2025-07-04 02:11:37,信用卡
T0008238,C02019,P00458,4,3524,2025-07-30 13:15:46,信用卡
T0008239,C00169,P00963,1,3120,2025-07-18 12:32:47,信用卡
T0008240,C01204,P00464,4,1520,2025-07-07 11:30:06,行動支付
T0008241,C02443,P00801,2,1678,2025-07-01 12:13:47,行動支付
T0008242,C03439,P01888,2,7062,2025-07-31 12:13:20,轉帳
T0008243,C04772,P01709,3,9366,2025-07-21 14:12:43,信用卡
T0008244,C03263,P00548,4,3432,2025-07-23 12:14:04,信用卡
T0008245,C01876,P00637,1,1176,2025-07-23 14:04:38,轉帳
T0008246,C03458,P01335,4,1480,2025-07-22 22:04:57,行動支付
T0008247,C03976,P01017,4,3968,2025-07-13 05:51:12,貨到付款
T0008248,C03292,P01835,1,1996,2025-07-25 13:28:40,貨到付款
T0008249,C03888,P00503,4,4900,2025-07-03 18:55:16,轉帳
T0008250,C04324,P00205,1,2665,2025-07-28 23:15:59,信用卡
T0008251,C03251,P01811,1,3320,2025-07-21 17:57:10,行動支付
T0008252,C01376,P01402,4,2300,2025-07-11 12:31:51,轉帳
T0008253,C03265,P01780,4,6312,2025-07-14 16:09:44,行動支付
T0008254,C01836,P00851,2,8196,2025-07-22 10:25:59,貨到付款
T0008255,C00600,P00897,2,7120,2025-07-18 10:41:37,行動支付
T0008256,C00413,P01532,3,1773,2025-07-29 19:21:49,信用卡
T0008257,C02446,P00052,3,4470,2025-07-18 18:11:59,貨到付款
T0008258,C03343,P01142,4,11428,2025-07-17 22:22:29,貨到付款
T0008259,C02548,P00316,1,2118,2025-07-04 18:26:36,轉帳
T0008260,C00115,P01483,3,9558,2025-07-31 18:06:48,貨到付款
T0008261,C02864,P01066,4,700,2025-07-19 15:32:05,貨到付款
T0008262,C02863,P00537,3,3180,2025-07-14 19:23:18,信用卡
T0008263,C01368,P01749,1,2079,2025-07-20 14:06:58,轉帳
T0008264,C03726,P00540,4,13572,2025-07-10 12:46:26,行動支付
T0008265,C03971,P00382,1,292,2025-07-11 07:13:58,信用卡
T0008266,C00905,P01410,4,8864,2025-07-17 22:07:50,貨到付款
T0008267,C02420,P00125,3,5922,2025-07-08 14:44:18,行動支付
T0008268,C03222,P01382,2,3404,2025-07-28 13:27:06,信用卡
T0008269,C02168,P01720,3,8682,2025-07-14 20:20:17,轉帳
T0008270,C02857,P00709,3,4566,2025-07-08 11:43:01,行動支付
T0008271,C00497,P00635,2,6732,2025-07-16 19:50:44,行動支付
T0008272,C00317,P00541,2,8414,2025-07-27 05:30:05,轉帳
T0008273,C04544,P01439,4,-392,2025-07-05 11:16:30,轉帳
T0008274,C03976,P00279,4,804,2025-07-01 14:48:58,貨到付款
T0008275,C00924,P01163,1,534,2025-07-28 13:15:51,信用卡
T0008276,C04064,P00210,1,2207,2025-07-03 10:29:50,轉帳
T0008277,C00098,P00475,3,2841,2025-07-17 20:38:19,信用卡
T0008278,C02780,P01682,2,222,2025-07-28 00:43:24,行動支付
T0008279,C02682,P01034,1,2035,2025-07-20 18:08:38,行動支付
T0008280,C04060,P00883,3,7818,2025-07-14 14:09:54,轉帳
T0008281,C02442,P01834,2,4630,2025-07-02 12:35:27,貨到付款
T0008282,C02594,P00921,4,6832,2025-07-06 14:04:39,行動支付
T0008283,C02923,P00279,3,603,2025-07-25 22:41:24,信用卡
T0008284,C03568,P00932,4,1220,2025-07-29 14:59:56,信用卡
T0008285,C03950,P01947,1,1795,2025-07-21 14:47:44,行動支付
T0008286,C00620,P00748,1,3081,2025-07-30 16:44:16,轉帳
T0008287,C03764,P01482,2,5320,2025-07-16 22:00:56,轉帳
T0008288,C04828,P01719,3,2691,2025-07-25 21:38:52,行動支付
T0008289,C04488,P00306,4,5204,2025-07-05 15:22:15,轉帳
T0008290,C00903,P00186,2,1098,2025-07-29 09:21:20,行動支付
T0008291,C02995,P01090,1,1130,2025-07-26 00:25:53,貨到付款
T0008292,C00899,P01416,1,2447,2025-07-04 14:18:45,行動支付
T0008293,C02773,P00508,3,1932,2025-07-08 16:46:57,貨到付款
T0008294,C04002,P01595,4,944,2025-07-30 12:14:38,轉帳
T0008295,C00615,P00642,3,9678,2025-07-28 15:54:24,行動支付
T0008296,C00644,P01863,4,13552,2025-07-16 13:22:28,轉帳
T0008297,C01031,P01582,4,2776,2025-07-14 20:40:03,貨到付款
T0008298,C00806,P01181,3,3303,2025-07-19 07:16:08,信用卡
T0008299,C02812,P01471,2,8294,2025-07-12 22:48:03,貨到付款
T0008300,C04257,P01938,3,10368,2025-07-20 08:12:26,貨到付款
T0008301,C00175,P00605,3,5145,2025-07-22 19:13:32,貨到付款
T0008302,C04899,P01085,1,2315,2025-07-11 17:10:32,信用卡
T0008303,C02530,P00985,1,2003,2025-07-25 15:12:07,行動支付
T0008304,C01817,P00862,3,765,2025-07-31 11:39:39,貨到付款
T0008305,C02722,P01268,3,8823,2025-07-14 15:13:57,轉帳
T0008306,C02115,P01659,1,1316,2025-07-27 20:12:59,信用卡
T0008307,C04726,P00396,4,9128,2025-07-12 12:43:42,轉帳
T0008308,C00000,P00417,3,4983,2025-07-12 14:06:55,信用卡
T0008309,C01502,P00468,2,7966,2025-07-20 11:49:29,信用卡
T0008310,C04731,P00340,2,5044,2025-07-14 11:23:32,行動支付
T0008311,C02597,P01179,2,6690,2025-07-30 13:51:42,轉帳
T0008312,C03914,P01116,3,7389,2025-07-19 03:21:45,行動支付
T0008313,C03295,P00708,4,14516,2025-07-21 18:17:14,轉帳
T0008314,C02224,P00715,4,8416,2025-07-16 18:12:26,轉帳
T0008315,C02885,P01235,1,3440,2025-07-13 04:31:06,貨到付款
T0008316,C03475,P00114,3,2745,2025-07-03 15:07:51,轉帳
T0008317,C02613,P00680,4,12092,2025-07-14 13:13:40,行動支付
T0008318,C04930,P01432,3,12066,2025-07-11 17:21:22,貨到付款
T0008319,C01760,P01331,1,2396,2025-07-07 17:59:23,轉帳
T0008320,C02691,P01920,1,3732,2025-07-26 01:42:36,貨到付款
T0008321,C01049,P00549,1,3448,2025-07-17 17:32:49,轉帳
T0008322,C00495,P01766,2,6414,2025-07-22 09:16:34,轉帳
T0008323,C04098,P00667,3,6864,2025-07-14 11:51:03,轉帳
T0008324,C01185,P01006,1,2937,2025-07-20 13:29:45,行動支付
T0008325,C00940,P01568,3,3942,2025-07-05 12:20:44,行動支付
T0008326,C01498,P01470,2,7026,2025-07-21 12:28:37,行動支付
T0008327,C04163,P01060,2,244,2025-07-07 18:49:39,信用卡
T0008328,C04787,P01659,1,1316,2025-07-10 21:05:19,轉帳
T0008329,C03010,P01082,1,2348,2025-07-29 16:07:16,轉帳
T0008330,C01080,P01945,4,13204,2025-07-06 21:22:16,貨到付款
T0008331,C01795,P00641,3,3363,2025-07-10 18:55:02,信用卡
T0008332,C00642,P00874,1,1103,2025-07-19 09:53:24,行動支付
T0008333,C03111,P01587,4,8292,2025-07-05 07:09:35,轉帳
T0008334,C00371,P00269,3,10083,2025-07-31 22:31:16,轉帳
T0008335,C01274,P01577,1,3503,2025-07-02 12:49:23,貨到付款
T0008336,C01908,P00035,4,832,2025-07-06 17:44:31,行動支付
T0008337,C04518,P01015,4,2576,2025-07-21 18:59:50,行動支付
T0008338,C02000,P00795,3,-198,2025-07-01 11:16:58,貨到付款
T0008339,C00416,P00250,4,3016,2025-07-15 14:59:52,信用卡
T0008340,C01270,P01169,3,10134,2025-07-26 19:03:28,轉帳
T0008341,C02126,P00336,3,8316,2025-07-26 23:56:28,信用卡
T0008342,C03472,P00610,3,1203,2025-07-19 19:31:20,貨到付款
T0008343,C02679,P00433,2,7202,2025-07-03 18:00:37,轉帳
T0008344,C00352,P01560,4,9508,2025-07-01 14:41:22,轉帳
T0008345,C03663,P01749,3,6237,2025-07-25 20:58:06,行動支付
T0008346,C04976,P01474,1,2642,2025-07-20 20:01:31,信用卡
T0008347,C03484,P00160,2,5304,2025-07-06 19:14:17,行動支付
T0008348,C00963,P01171,2,1752,2025-07-31 20:06:23,貨到付款
T0008349,C01860,P00337,4,12576,2025-07-24 03:07:45,信用卡
T0008350,C03286,P00318,3,10119,2025-07-24 04:03:32,行動支付
T0008351,C04102,P00367,4,4992,2025-07-05 13:08:03,信用卡
T0008352,C03024,P00700,2,1594,2025-07-19 03:20:05,轉帳
T0008353,C02098,P01509,3,9993,2025-07-25 18:39:01,轉帳
T0008354,C00767,P01066,1,175,2025-07-01 10:44:22,行動支付
T0008355,C04962,P00705,3,12327,2025-07-02 04:47:05,行動支付
T0008356,C02168,P01591,2,5340,2025-07-10 14:57:43,行動支付
T0008357,C00129,P01867,1,2801,2025-07-27 20:11:39,貨到付款
T0008358,C03018,P00811,3,11439,2025-07-19 01:22:23,行動支付
T0008359,C00387,P01513,1,2043,2025-07-11 09:30:32,貨到付款
T0008360,C00623,P01977,1,2377,2025-07-07 18:01:16,行動支付
T0008361,C00549,P00894,2,8086,2025-07-20 23:31:22,信用卡
T0008362,C02741,P01104,1,4130,2025-07-16 18:18:20,信用卡
T0008363,C00329,P00377,4,15456,2025-07-13 22:18:18,信用卡
T0008364,C03200,P01520,2,6728,2025-07-05 19:14:12,轉帳
T0008365,C01814,P01761,4,2108,2025-07-07 20:15:49,轉帳
T0008366,C01667,P01292,1,3822,2025-07-29 20:35:34,行動支付
T0008367,C01366,P00181,4,10668,2025-07-29 12:46:55,行動支付
T0008368,C04344,P01891,3,8424,2025-07-14 13:36:58,信用卡
T0008369,C01128,P01585,1,2573,2025-07-02 11:18:35,貨到付款
T0008370,C00049,P00491,3,9549,2025-07-07 20:35:08,行動支付
T0008371,C01885,P00547,4,1216,2025-07-10 06:02:07,信用卡
T0008372,C04843,P00574,3,1362,2025-07-14 20:25:42,信用卡
T0008373,C01893,P01146,1,2650,2025-07-25 20:42:54,行動支付
T0008374,C00525,P01188,3,11325,2025-07-24 11:37:02,貨到付款
T0008375,C04628,P01576,4,5828,2025-07-07 13:47:36,貨到付款
T0008376,C00878,P01210,4,12168,2025-07-08 21:18:59,貨到付款
T0008377,C03641,P01310,4,4992,2025-07-30 09:31:43,轉帳
T0008378,C01532,P00788,1,2723,2025-07-16 19:40:12,信用卡
T0008379,C04106,P01662,4,11456,2025-07-07 12:43:41,貨到付款
T0008380,C02448,P00886,1,1760,2025-07-08 22:45:40,行動支付
T0008381,C02644,P00268,3,6462,2025-07-02 22:45:53,貨到付款
T0008382,C03502,P00797,4,10604,2025-07-30 21:07:35,貨到付款
T0008383,C04326,P00524,3,2115,2025-07-24 20:53:06,行動支付
T0008384,C02757,P01662,2,5728,2025-07-21 20:10:05,貨到付款
T0008385,C03037,P00685,3,1425,2025-07-26 09:01:56,行動支付
T0008386,C04482,P01678,2,3248,2025-07-14 18:36:10,行動支付
T0008387,C00853,P01925,3,636,2025-07-31 11:33:59,貨到付款
T0008388,C04732,P00722,1,751,2025-07-13 11:40:42,信用卡
T0008389,C01947,P00388,3,3297,2025-07-17 08:05:42,信用卡
T0008390,C01725,P00133,1,3252,2025-07-26 19:34:51,貨到付款
T0008391,C03706,P01671,1,1736,2025-07-31 22:09:59,轉帳
T0008392,C04840,P01294,4,5820,2025-07-28 11:34:35,貨到付款
T0008393,C02658,P00037,1,2341,2025-07-08 21:36:43,信用卡
T0008394,C02973,P00463,2,280,2025-07-16 21:49:43,轉帳
T0008395,C04248,P00149,4,2576,2025-07-05 19:42:50,轉帳
T0008396,C02384,P01474,4,10568,2025-07-12 10:56:20,行動支付
T0008397,C00637,P00168,3,4824,2025-07-08 19:27:19,轉帳
T0008398,C00047,P00439,1,678,2025-07-09 18:57:04,貨到付款
T0008399,C02567,P00741,1,2251,2025-07-20 15:12:22,信用卡
T0008400,C00777,P00401,2,306,2025-07-10 21:28:44,行動支付
T0008401,C00631,P01238,3,8082,2025-07-06 12:15:37,轉帳
T0008402,C01894,P00268,3,6462,2025-07-19 16:10:19,轉帳
T0008403,C03677,P00595,4,6340,2025-07-26 00:10:14,信用卡
T0008404,C00264,P00927,4,6628,2025-07-17 18:39:09,行動支付
T0008405,C03627,P00173,4,6108,2025-07-02 11:30:40,行動支付
T0008406,C04872,P01183,2,2424,2025-07-12 14:16:20,轉帳
T0008407,C03537,P00764,2,3876,2025-07-01 17:38:41,轉帳
T0008408,C01245,P00011,4,14152,2025-07-01 17:39:43,信用卡
T0008409,C03043,P00093,3,1143,2025-07-12 18:08:33,貨到付款
T0008410,C03533,P01930,2,7044,2025-07-29 13:15:39,行動支付
T0008411,C00915,P01863,3,10164,2025-07-11 11:40:50,貨到付款
T0008412,C04931,P00287,3,5841,2025-07-31 21:05:01,轉帳
T0008413,C03992,P00971,1,3206,2025-07-13 20:30:14,貨到付款
T0008414,C02511,P00074,4,4560,2025-07-08 11:33:11,轉帳
T0008415,C01379,P00799,1,3450,2025-07-15 13:20:52,轉帳
T0008416,C02138,P00800,4,15460,2025-07-07 22:18:34,轉帳
T0008417,C04708,P01846,4,4168,2025-07-22 03:11:44,轉帳
T0008418,C04406,P01496,3,10215,2025-07-10 16:25:33,轉帳
T0008419,C04070,P01661,4,11392,2025-07-20 13:10:15,信用卡
T0008420,C01525,P00109,3,10842,2025-07-31 16:35:22,貨到付款
T0008421,C04289,P01951,3,2859,2025-07-24 13:11:01,信用卡
T0008422,C04737,P01740,4,7380,2025-07-03 00:59:07,轉帳
T0008423,C02032,P00781,3,-168,2025-07-21 18:57:44,貨到付款
T0008424,C01563,P00436,3,5700,2025-07-30 20:23:43,行動支付
T0008425,C00450,P01051,3,9957,2025-07-10 12:19:35,轉帳
T0008426,C00397,P01878,2,930,2025-07-28 12:38:09,貨到付款
T0008427,C03649,P00020,3,5346,2025-07-01 14:03:23,行動支付
T0008428,C04724,P01144,2,2132,2025-07-04 20:52:44,信用卡
T0008429,C00825,P00456,2,3646,2025-07-18 21:29:00,轉帳
T0008430,C00287,P00346,3,8016,2025-07-07 18:10:06,信用卡
T0008431,C03717,P00542,3,10293,2025-07-24 17:29:21,轉帳
T0008432,C02770,P00180,2,7366,2025-07-20 14:08:22,行動支付
T0008433,C02464,P01652,2,2168,2025-07-25 11:57:40,信用卡
T0008434,C04371,P01318,3,2922,2025-07-20 22:33:15,貨到付款
T0008435,C04810,P01714,3,2973,2025-07-19 01:13:11,行動支付
T0008436,C02119,P01346,4,2096,2025-07-01 18:06:46,貨到付款
T0008437,C02543,P00411,2,7266,2025-07-02 11:31:08,信用卡
T0008438,C03653,P01734,2,3122,2025-07-17 19:03:09,行動支付
T0008439,C02398,P00396,4,9128,2025-07-30 19:38:29,行動支付
T0008440,C02575,P00820,2,748,2025-07-06 14:52:53,信用卡
T0008441,C04989,P00024,1,1194,2025-07-15 12:22:56,行動支付
T0008442,C04440,P01873,2,582,2025-07-04 10:13:29,貨到付款
T0008443,C03489,P01234,4,7772,2025-07-02 17:31:48,貨到付款
T0008444,C02027,P00566,1,639,2025-07-20 10:59:59,轉帳
T0008445,C03081,P00186,3,1647,2025-07-21 19:13:44,貨到付款
T0008446,C04554,P00870,4,7556,2025-07-01 20:10:22,行動支付
T0008447,C03729,P00274,4,4664,2025-07-04 15:27:27,轉帳
T0008448,C03570,P00400,3,3264,2025-07-27 12:39:11,信用卡
T0008449,C03512,P00198,4,14908,2025-07-04 21:31:18,信用卡
T0008450,C03748,P00697,2,172,2025-07-14 10:54:13,轉帳
T0008451,C01221,P01799,3,11805,2025-07-07 12:36:56,行動支付
T0008452,C03694,P00575,4,13764,2025-07-23 13:11:40,行動支付
T0008453,C04754,P01830,3,9750,2025-07-20 22:25:59,貨到付款
T0008454,C04116,P00393,3,7209,2025-07-12 09:04:37,貨到付款
T0008455,C04401,P00357,3,4179,2025-07-31 10:59:46,貨到付款
T0008456,C02640,P00939,1,227,2025-07-11 20:02:37,信用卡
T0008457,C03045,P01789,4,1960,2025-07-29 19:19:55,轉帳
T0008458,C03036,P01046,1,2643,2025-07-10 05:19:31,行動支付
T0008459,C04823,P00953,4,1668,2025-07-12 22:48:28,信用卡
T0008460,C03372,P00840,2,6532,2025-07-14 20:48:28,行動支付
T0008461,C04409,P01837,2,3166,2025-07-25 16:45:52,貨到付款
T0008462,C02617,P00063,2,6462,2025-07-06 08:26:59,轉帳
T0008463,C01125,P01717,4,16760,2025-07-10 19:22:34,行動支付
T0008464,C00375,P00416,3,8046,2025-07-14 21:31:27,貨到付款
T0008465,C04197,P00502,3,13083,2025-07-14 16:57:42,轉帳
T0008466,C02568,P00584,1,2898,2025-07-11 18:31:46,轉帳
T0008467,C04762,P01247,1,1348,2025-07-01 12:35:26,行動支付
T0008468,C02113,P00090,2,3476,2025-07-28 13:53:03,行動支付
T0008469,C01895,P00554,1,3337,2025-07-13 11:46:49,貨到付款
T0008470,C01866,P00857,4,400,2025-07-19 09:17:55,貨到付款
T0008471,C00566,P00138,4,3036,2025-07-11 05:23:37,行動支付
T0008472,C04570,P00655,1,3176,2025-07-21 00:39:08,貨到付款
T0008473,C01248,P00680,1,3023,2025-07-28 23:21:26,信用卡
T0008474,C02695,P01023,1,3125,2025-07-17 14:19:55,行動支付
T0008475,C03832,P00882,1,965,2025-07-06 10:24:39,行動支付
T0008476,C00589,P01996,2,2640,2025-07-16 17:02:54,貨到付款
T0008477,C01495,P01671,2,3472,2025-07-24 16:50:49,轉帳
T0008478,C01467,P00988,1,1879,2025-07-10 18:26:53,貨到付款
T0008479,C01065,P01230,4,5196,2025-07-01 18:40:24,信用卡
T0008480,C03690,P00377,2,7728,2025-07-08 15:50:52,信用卡
T0008481,C02844,P00599,4,7844,2025-07-27 04:23:02,行動支付
T0008482,C01087,P00365,3,10053,2025-07-23 12:26:09,轉帳
T0008483,C01524,P01764,4,2236,2025-07-25 15:00:54,信用卡
T0008484,C04665,P00574,1,454,2025-07-26 15:10:01,轉帳
T0008485,C03214,P00438,3,6963,2025-07-21 17:11:21,轉帳
T0008486,C04128,P00615,2,3490,2025-07-06 02:49:49,轉帳
T0008487,C00177,P01542,2,156,2025-07-27 05:00:11,信用卡
T0008488,C02315,P00155,3,2019,2025-07-19 19:46:18,轉帳
T0008489,C03088,P00992,4,9396,2025-07-09 18:24:56,轉帳
T0008490,C02441,P00438,2,4642,2025-07-27 03:31:24,信用卡
T0008491,C01778,P00690,1,1750,2025-07-08 12:46:06,貨到付款
T0008492,C03077,P01561,3,2589,2025-07-29 21:32:29,信用卡
T0008493,C01642,P01592,1,1232,2025-07-09 16:30:40,信用卡
T0008494,C01769,P01001,3,4755,2025-07-03 12:06:08,信用卡
T0008495,C00025,P00777,2,7372,2025-07-22 17:21:17,貨到付款
T0008496,C04450,P00511,4,7680,2025-07-12 18:35:38,信用卡
T0008497,C00930,P01140,3,3015,2025-07-08 19:34:20,行動支付
T0008498,C01772,P01994,3,10359,2025-07-08 21:55:14,貨到付款
T0008499,C00506,P00331,1,1423,2025-07-11 15:42:18,行動支付
T0008500,C02460,P01748,2,362,2025-07-19 14:53:38,轉帳
T0008501,C00423,P01545,1,3071,2025-07-22 17:48:04,行動支付
T0008502,C02571,P00739,2,578,2025-07-14 16:14:22,行動支付
T0008503,C00768,P00450,1,2761,2025-07-30 19:41:38,信用卡
T0008504,C00619,P01684,3,9972,2025-07-23 13:08:35,信用卡
T0008505,C02437,P00273,1,1209,2025-07-23 15:43:20,信用卡
T0008506,C00778,P01118,4,5676,2025-07-03 09:00:36,信用卡
T0008507,C03283,P00082,2,174,2025-07-23 03:35:05,信用卡
T0008508,C01130,P01376,2,2708,2025-07-16 18:48:36,信用卡
T0008509,C01976,P00345,3,7848,2025-07-15 11:04:07,信用卡
T0008510,C01496,P01031,2,3940,2025-07-03 12:38:27,行動支付
T0008511,C02141,P01467,4,5804,2025-07-08 11:54:01,信用卡
T0008512,C00910,P00532,1,374,2025-07-19 13:45:06,貨到付款
T0008513,C04057,P01305,3,4023,2025-07-30 21:20:42,行動支付
T0008514,C00543,P01958,4,14552,2025-07-01 12:48:20,轉帳
T0008515,C02192,P00006,2,1084,2025-07-20 18:40:54,貨到付款
T0008516,C04196,P00677,2,3920,2025-07-04 17:28:57,信用卡
T0008517,C00809,P01001,4,6340,2025-07-21 22:03:01,信用卡
T0008518,C01768,P00674,1,3965,2025-07-28 18:39:31,貨到付款
T0008519,C02169,P01771,1,342,2025-07-12 18:13:16,信用卡
T0008520,C01796,P00963,3,9360,2025-07-30 18:18:22,貨到付款
T0008521,C04352,P01887,2,8228,2025-07-20 17:10:05,轉帳
T0008522,C00992,P00348,4,4992,2025-07-01 18:10:01,行動支付
T0008523,C00947,P00781,1,-56,2025-07-22 15:18:52,貨到付款
T0008524,C00201,P00557,3,3150,2025-07-03 21:11:34,信用卡
T0008525,C01972,P00642,2,6452,2025-07-21 22:26:20,行動支付
T0008526,C03719,P01179,2,6690,2025-07-09 16:53:29,轉帳
T0008527,C04504,P00032,3,2457,2025-07-18 14:20:21,轉帳
T0008528,C00801,P01596,3,4764,2025-07-02 18:19:07,貨到付款
T0008529,C00994,P01163,1,534,2025-07-11 23:07:38,貨到付款
T0008530,C02396,P00440,4,8420,2025-07-02 16:29:23,貨到付款
T0008531,C03326,P01067,2,2346,2025-07-27 10:29:00,貨到付款
T0008532,C01328,P00523,4,10776,2025-07-27 20:53:50,信用卡
T0008533,C02105,P00854,2,3526,2025-07-19 23:42:57,信用卡
T0008534,C02750,P00609,2,6494,2025-07-01 23:43:25,行動支付
T0008535,C03999,P01692,4,340,2025-07-03 21:27:37,貨到付款
T0008536,C03571,P01270,3,11121,2025-07-09 08:48:23,信用卡
T0008537,C01624,P01474,1,2642,2025-07-27 02:52:34,貨到付款
T0008538,C03821,P00587,2,6400,2025-07-09 19:35:13,行動支付
T0008539,C04408,P00911,3,6582,2025-07-13 20:20:49,行動支付
T0008540,C02509,P01912,2,4868,2025-07-26 08:53:23,信用卡
T0008541,C04617,P01045,1,140,2025-07-18 22:31:29,轉帳
T0008542,C04215,P00551,2,2216,2025-07-24 04:26:37,信用卡
T0008543,C01944,P00914,1,3229,2025-07-20 20:56:08,轉帳
T0008544,C00548,P00792,1,2294,2025-07-14 17:42:07,信用卡
T0008545,C00539,P00750,2,7662,2025-07-27 08:36:43,貨到付款
T0008546,C00105,P01084,2,3368,2025-07-22 21:38:01,轉帳
T0008547,C00777,P00902,1,3112,2025-07-14 21:54:33,貨到付款
T0008548,C02500,P01303,3,6672,2025-07-21 10:27:07,行動支付
T0008549,C03836,P01712,4,2396,2025-07-01 00:45:14,轉帳
T0008550,C01182,P01756,1,4369,2025-07-12 19:42:08,貨到付款
T0008551,C03391,P00512,2,5120,2025-07-01 22:48:55,轉帳
T0008552,C01710,P00828,2,5058,2025-07-09 13:37:45,貨到付款
T0008553,C04882,P00934,3,6729,2025-07-25 13:07:21,行動支付
T0008554,C03687,P01358,4,11384,2025-07-31 19:13:45,信用卡
T0008555,C02171,P00775,1,650,2025-07-09 17:56:12,信用卡
T0008556,C01447,P00467,1,3892,2025-07-18 13:40:42,貨到付款
T0008557,C02429,P01106,4,11968,2025-07-14 11:30:22,信用卡
T0008558,C03804,P01618,1,2097,2025-07-19 20:44:46,行動支付
T0008559,C01238,P01929,4,13172,2025-07-09 17:05:15,轉帳
T0008560,C00762,P00134,2,-136,2025-07-24 16:30:56,轉帳
T0008561,C02556,P01318,4,3896,2025-07-23 16:55:00,轉帳
T0008562,C01247,P01764,1,559,2025-07-04 16:05:40,貨到付款
T0008563,C03833,P00174,4,12360,2025-07-26 15:54:45,信用卡
T0008564,C04320,P00745,3,10764,2025-07-22 06:46:14,貨到付款
T0008565,C04971,P01035,2,1762,2025-07-08 20:39:20,行動支付
T0008566,C01236,P01217,2,468,2025-07-29 18:10:13,行動支付
T0008567,C04103,P00067,4,1652,2025-07-07 07:15:10,轉帳
T0008568,C00992,P00119,1,3760,2025-07-09 06:57:28,行動支付
T0008569,C03532,P00905,3,10554,2025-07-01 18:56:48,轉帳
T0008570,C04049,P01849,2,3190,2025-07-25 07:31:32,轉帳
T0008571,C03505,P00333,2,8096,2025-07-16 19:26:15,轉帳
T0008572,C02511,P01686,1,517,2025-07-08 19:31:48,貨到付款
T0008573,C00905,P00022,1,2353,2025-07-27 14:02:53,貨到付款
T0008574,C04962,P01034,3,6105,2025-07-17 19:12:43,行動支付
T0008575,C02955,P00669,4,15948,2025-07-31 10:47:03,貨到付款
T0008576,C03172,P01395,1,3479,2025-07-27 12:09:11,貨到付款
T0008577,C01146,P01299,4,8852,2025-07-29 04:18:33,行動支付
T0008578,C00661,P01675,3,11814,2025-07-10 18:45:15,轉帳
T0008579,C00191,P00770,4,11688,2025-07-28 12:38:31,貨到付款
T0008580,C04951,P00580,2,1242,2025-07-17 19:49:35,貨到付款
T0008581,C04645,P00472,4,14904,2025-07-04 14:16:37,轉帳
T0008582,C02131,P00823,3,1233,2025-07-12 11:51:48,貨到付款
T0008583,C03082,P01764,3,1677,2025-07-02 20:09:42,行動支付
T0008584,C00454,P00066,3,5658,2025-07-28 13:39:37,信用卡
T0008585,C00254,P01798,4,6980,2025-07-01 01:50:55,信用卡
T0008586,C02036,P00455,2,1398,2025-07-21 10:18:10,信用卡
T0008587,C01532,P00495,1,1036,2025-07-05 06:06:31,轉帳
T0008588,C03166,P00534,2,882,2025-07-02 18:34:51,行動支付
T0008589,C01157,P00849,4,7536,2025-07-25 17:14:54,貨到付款
T0008590,C01680,P01018,4,13616,2025-07-21 19:15:31,轉帳
T0008591,C02395,P00422,1,3645,2025-07-16 18:13:16,行動支付
T0008592,C02549,P00792,4,9176,2025-07-02 11:56:58,信用卡
T0008593,C03219,P01289,3,7878,2025-07-02 20:47:42,轉帳
T0008594,C01521,P01331,3,7188,2025-07-16 16:21:45,轉帳
T0008595,C01346,P00044,3,3378,2025-07-26 15:31:14,行動支付
T0008596,C01402,P00809,3,963,2025-07-08 11:22:33,貨到付款
T0008597,C01755,P01401,3,1020,2025-07-04 11:32:10,貨到付款
T0008598,C02090,P01775,4,9192,2025-07-25 10:05:40,行動支付
T0008599,C01599,P00240,1,3254,2025-07-29 13:09:39,行動支付
T0008600,C00237,P01866,1,673,2025-07-31 22:31:39,貨到付款
T0008601,C00204,P00366,3,3600,2025-07-14 16:18:25,貨到付款
T0008602,C00260,P00366,4,4800,2025-07-06 01:24:28,轉帳
T0008603,C03723,P00820,2,748,2025-07-01 17:26:10,貨到付款
T0008604,C01059,P01715,2,-106,2025-07-02 15:06:52,貨到付款
T0008605,C02360,P01822,4,540,2025-07-05 06:29:53,貨到付款
T0008606,C04542,P01284,3,969,2025-07-25 17:27:18,轉帳
T0008607,C00503,P01552,1,3231,2025-07-24 17:21:42,貨到付款
T0008608,C00924,P01228,4,7292,2025-07-27 05:09:53,轉帳
T0008609,C04741,P01542,2,156,2025-07-19 03:48:44,貨到付款
T0008610,C01817,P00904,2,-162,2025-07-08 21:21:02,轉帳
T0008611,C01521,P01294,2,2910,2025-07-21 20:06:15,信用卡
T0008612,C00484,P00861,3,3000,2025-07-09 11:38:24,行動支付
T0008613,C00068,P00436,2,3800,2025-07-18 21:56:52,轉帳
T0008614,C02758,P01519,4,13792,2025-07-19 07:37:08,貨到付款
T0008615,C04309,P01352,4,12356,2025-07-27 13:53:52,貨到付款
T0008616,C01656,P01616,2,6760,2025-07-17 12:37:59,貨到付款
T0008617,C03706,P00093,4,1524,2025-07-19 06:17:42,行動支付
T0008618,C01806,P00941,2,4706,2025-07-30 18:17:47,信用卡
T0008619,C03894,P00410,2,7332,2025-07-20 10:22:18,貨到付款
T0008620,C02644,P00829,1,3776,2025-07-15 20:42:57,行動支付
T0008621,C01857,P00609,3,9741,2025-07-25 04:31:16,行動支付
T0008622,C03251,P01626,3,6939,2025-07-26 20:08:43,轉帳
T0008623,C01050,P01392,1,917,2025-07-04 14:23:26,行動支付
T0008624,C01920,P01387,1,1473,2025-07-08 16:37:00,行動支付
T0008625,C04435,P01736,3,4434,2025-07-31 11:24:20,轉帳
T0008626,C00652,P01007,2,336,2025-07-04 21:19:16,行動支付
T0008627,C03712,P00963,2,6240,2025-07-10 14:51:23,信用卡
T0008628,C00601,P00799,3,10350,2025-07-16 12:04:51,行動支付
T0008629,C02932,P01483,2,6372,2025-07-10 19:10:20,行動支付
T0008630,C04560,P00629,1,667,2025-07-05 16:32:48,貨到付款
T0008631,C03271,P01988,2,-94,2025-07-17 16:51:25,行動支付
T0008632,C00952,P00645,2,304,2025-07-10 13:55:01,信用卡
T0008633,C03523,P00043,4,3968,2025-07-29 16:14:57,轉帳
T0008634,C04627,P01341,4,2964,2025-07-01 11:05:30,轉帳
T0008635,C00374,P00605,4,6860,2025-07-30 16:09:04,信用卡
T0008636,C02732,P00276,2,6684,2025-07-08 22:06:14,貨到付款
T0008637,C01714,P01656,3,4845,2025-07-25 14:38:39,信用卡
T0008638,C03626,P01388,1,2709,2025-07-31 15:16:33,轉帳
T0008639,C04948,P00117,2,5804,2025-07-08 17:31:31,行動支付
T0008640,C01009,P01295,3,2817,2025-07-16 21:08:47,貨到付款
T0008641,C03603,P01122,2,-90,2025-07-25 23:47:07,行動支付
T0008642,C00219,P01529,1,258,2025-07-12 06:09:10,信用卡
T0008643,C00958,P01529,2,516,2025-07-09 08:20:48,信用卡
T0008644,C02752,P01090,1,1130,2025-07-26 00:13:54,信用卡
T0008645,C01262,P00802,2,1056,2025-07-17 18:17:48,轉帳
T0008646,C04385,P01446,1,1517,2025-07-04 10:30:08,行動支付
T0008647,C04267,P00059,2,7420,2025-07-06 05:55:54,行動支付
T0008648,C04534,P00781,1,-56,2025-07-15 21:02:28,轉帳
T0008649,C04875,P00373,4,6636,2025-07-10 21:38:30,信用卡
T0008650,C04474,P00122,2,2126,2025-07-12 05:30:03,行動支付
T0008651,C02242,P00139,2,2406,2025-07-31 18:54:27,轉帳
T0008652,C03586,P01526,3,11820,2025-07-08 10:38:58,行動支付
T0008653,C04554,P01155,3,5976,2025-07-30 17:42:40,轉帳
T0008654,C00338,P01924,1,2495,2025-07-18 21:29:13,信用卡
T0008655,C02095,P01792,2,1644,2025-07-08 22:10:06,轉帳
T0008656,C04656,P00029,1,1070,2025-07-01 16:58:33,貨到付款
T0008657,C02519,P00383,4,-212,2025-07-07 22:29:23,轉帳
T0008658,C00109,P01619,3,-228,2025-07-12 16:34:57,貨到付款
T0008659,C02995,P01162,1,2244,2025-07-26 18:26:14,信用卡
T0008660,C03483,P01533,1,2678,2025-07-06 22:33:38,行動支付
T0008661,C00644,P01017,3,2976,2025-07-09 20:49:49,轉帳
T0008662,C00227,P01231,2,8012,2025-07-12 21:46:03,轉帳
T0008663,C02830,P01345,1,1558,2025-07-18 15:48:32,轉帳
T0008664,C03971,P01133,3,8139,2025-07-19 16:37:33,貨到付款
T0008665,C03469,P01073,2,1692,2025-07-23 18:33:07,行動支付
T0008666,C03703,P00319,4,10060,2025-07-30 07:38:39,行動支付
T0008667,C01987,P00239,3,2238,2025-07-09 10:07:31,貨到付款
T0008668,C03423,P00307,1,3472,2025-07-27 21:35:15,轉帳
T0008669,C04351,P01404,4,5780,2025-07-10 10:41:00,貨到付款
T0008670,C04857,P01931,2,6082,2025-07-14 11:12:42,行動支付
T0008671,C00827,P01538,2,6544,2025-07-30 16:41:57,行動支付
T0008672,C03753,P01545,3,9213,2025-07-11 13:51:19,貨到付款
T0008673,C01920,P00466,3,8151,2025-07-07 10:36:43,行動支付
T0008674,C03896,P00180,3,11049,2025-07-15 18:49:38,行動支付
T0008675,C02004,P01475,2,6158,2025-07-15 09:00:17,信用卡
T0008676,C01357,P01844,4,1748,2025-07-02 20:55:36,行動支付
T0008677,C00920,P01067,2,2346,2025-07-22 22:11:18,貨到付款
T0008678,C00800,P01644,1,469,2025-07-05 06:12:52,信用卡
T0008679,C01089,P00615,2,3490,2025-07-21 22:53:54,轉帳
T0008680,C03483,P00524,1,705,2025-07-02 21:39:41,行動支付
T0008681,C04395,P00810,4,4504,2025-07-03 18:48:29,貨到付款
T0008682,C03953,P00583,3,7524,2025-07-08 08:12:14,轉帳
T0008683,C02277,P00060,3,4956,2025-07-05 07:14:00,信用卡
T0008684,C03538,P01435,2,4584,2025-07-22 15:50:42,信用卡
T0008685,C02625,P01182,3,1860,2025-07-16 19:10:19,信用卡
T0008686,C01517,P01373,4,12060,2025-07-09 15:15:53,貨到付款
T0008687,C01101,P01329,3,11448,2025-07-19 17:59:31,貨到付款
T0008688,C03541,P01944,2,4128,2025-07-04 21:05:58,貨到付款
T0008689,C02760,P00174,4,12360,2025-07-29 10:31:39,信用卡
T0008690,C00855,P01542,1,78,2025-07-26 12:37:27,行動支付
T0008691,C00228,P01915,2,4246,2025-07-30 17:04:03,行動支付
T0008692,C01191,P00604,1,1177,2025-07-05 07:07:36,信用卡
T0008693,C00195,P01979,4,13712,2025-07-17 20:42:11,信用卡
T0008694,C00740,P01203,2,4742,2025-07-16 19:17:18,貨到付款
T0008695,C04418,P00038,2,4444,2025-07-21 17:11:02,信用卡
T0008696,C04636,P00564,4,8664,2025-07-15 13:37:40,轉帳
T0008697,C01352,P01550,3,2583,2025-07-27 01:09:52,信用卡
T0008698,C03953,P01220,2,2206,2025-07-29 16:05:05,信用卡
T0008699,C03212,P00837,2,1624,2025-07-30 19:29:31,貨到付款
T0008700,C01245,P00053,1,2702,2025-07-17 16:06:27,信用卡
T0008701,C04117,P00760,3,1014,2025-07-13 08:58:03,轉帳
T0008702,C02672,P00359,1,4038,2025-07-30 08:34:03,貨到付款
T0008703,C00006,P01233,1,171,2025-07-02 13:18:01,轉帳
T0008704,C01737,P01639,3,849,2025-07-25 10:28:24,行動支付
T0008705,C03025,P00878,3,7578,2025-07-02 08:55:08,轉帳
T0008706,C01845,P00003,4,3112,2025-07-08 07:08:21,行動支付
T0008707,C00416,P00516,3,4074,2025-07-27 11:05:01,貨到付款
T0008708,C03527,P01214,2,2984,2025-07-02 01:24:55,轉帳
T0008709,C02746,P00324,3,5802,2025-07-14 19:22:30,信用卡
T0008710,C03610,P01998,4,6044,2025-07-28 12:37:49,貨到付款
T0008711,C02041,P00464,4,1520,2025-07-30 22:41:15,信用卡
T0008712,C03057,P01824,4,5764,2025-07-18 12:51:28,行動支付
T0008713,C01623,P01484,3,3963,2025-07-21 20:05:47,貨到付款
T0008714,C00286,P00555,3,3597,2025-07-23 16:51:58,行動支付
T0008715,C04079,P01572,1,4184,2025-07-12 12:55:24,貨到付款
T0008716,C04119,P01623,1,1811,2025-07-08 21:59:11,信用卡
T0008717,C01096,P01394,2,330,2025-07-04 10:51:04,行動支付
T0008718,C04826,P01565,1,3024,2025-07-18 10:26:12,貨到付款
T0008719,C00883,P01387,2,2946,2025-07-28 15:08:21,行動支付
T0008720,C04858,P01644,4,1876,2025-07-27 02:08:38,轉帳
T0008721,C02686,P00150,1,3230,2025-07-22 15:02:47,信用卡
T0008722,C04893,P01449,3,9624,2025-07-28 11:48:46,轉帳
T0008723,C03890,P00223,1,3440,2025-07-03 04:24:09,貨到付款
T0008724,C03902,P00942,2,8044,2025-07-08 14:23:02,轉帳
T0008725,C00532,P01720,1,2894,2025-07-13 18:43:18,信用卡
T0008726,C03728,P00011,4,14152,2025-07-18 18:11:43,貨到付款
T0008727,C01909,P01268,3,8823,2025-07-12 03:09:36,轉帳
T0008728,C03269,P01907,2,5636,2025-07-06 07:54:56,貨到付款
T0008729,C04350,P00542,3,10293,2025-07-26 09:52:48,轉帳
T0008730,C03171,P00443,3,417,2025-07-23 18:31:24,貨到付款
T0008731,C02754,P00227,2,914,2025-07-08 20:27:38,貨到付款
T0008732,C04084,P01766,3,9621,2025-07-03 12:22:57,信用卡
T0008733,C01103,P01055,3,8271,2025-07-20 22:03:13,貨到付款
T0008734,C01343,P01727,1,1738,2025-07-13 08:22:47,信用卡
T0008735,C02908,P01517,3,6417,2025-07-30 20:18:10,信用卡
T0008736,C04038,P01842,3,6630,2025-07-27 22:28:10,信用卡
T0008737,C03764,P00205,3,7995,2025-07-09 14:28:55,行動支付
T0008738,C00778,P01300,3,12312,2025-07-13 17:08:10,轉帳
T0008739,C01158,P00505,2,864,2025-07-14 21:30:24,轉帳
T0008740,C03631,P01544,4,10180,2025-07-03 15:41:28,行動支付
T0008741,C01843,P01842,1,2210,2025-07-19 00:51:22,轉帳
T0008742,C04510,P01316,3,13431,2025-07-25 13:10:48,行動支付
T0008743,C00468,P01802,3,996,2025-07-05 07:48:10,行動支付
T0008744,C00907,P01308,2,6148,2025-07-23 03:38:50,貨到付款
T0008745,C00925,P00186,4,2196,2025-07-14 11:09:23,行動支付
T0008746,C04311,P00002,3,4677,2025-07-10 17:34:03,轉帳
T0008747,C00944,P01878,2,930,2025-07-13 06:30:05,行動支付
T0008748,C02452,P01549,1,416,2025-07-20 20:41:59,轉帳
T0008749,C03647,P00228,1,1352,2025-07-13 00:41:12,行動支付
T0008750,C03237,P00108,3,7404,2025-07-10 20:51:32,轉帳
T0008751,C00105,P01198,3,8265,2025-07-20 11:14:04,轉帳
T0008752,C00814,P00312,4,1036,2025-07-04 14:07:22,轉帳
T0008753,C00888,P01261,4,7276,2025-07-13 20:15:56,轉帳
T0008754,C01970,P00085,3,8307,2025-07-29 16:23:11,行動支付
T0008755,C03039,P01759,2,2594,2025-07-30 06:49:47,轉帳
T0008756,C00347,P00407,4,9048,2025-07-21 19:43:20,行動支付
T0008757,C00360,P01026,3,615,2025-07-09 20:16:00,貨到付款
T0008758,C01226,P01078,4,13060,2025-07-03 13:43:47,行動支付
T0008759,C04545,P01035,3,2643,2025-07-09 11:40:29,信用卡
T0008760,C04851,P01796,1,2830,2025-07-20 23:03:45,轉帳
T0008761,C00501,P01921,3,4155,2025-07-17 14:35:01,信用卡
T0008762,C02633,P00131,1,2852,2025-07-17 20:15:21,貨到付款
T0008763,C03633,P00318,4,13492,2025-07-17 18:23:57,行動支付
T0008764,C04039,P00300,3,3564,2025-07-12 23:41:14,貨到付款
T0008765,C03016,P00331,4,5692,2025-07-14 11:16:40,信用卡
T0008766,C01889,P01891,1,2808,2025-07-18 14:48:39,貨到付款
T0008767,C00103,P01100,3,11379,2025-07-15 16:49:48,信用卡
T0008768,C04132,P01302,4,12752,2025-07-23 15:08:22,信用卡
T0008769,C03817,P01540,1,2607,2025-07-24 12:10:40,轉帳
T0008770,C03222,P01665,4,748,2025-07-19 15:03:46,轉帳
T0008771,C00218,P01684,2,6648,2025-07-25 20:13:24,轉帳
T0008772,C01241,P00652,1,2618,2025-07-17 10:30:20,信用卡
T0008773,C00417,P01893,1,1228,2025-07-13 12:37:31,轉帳
T0008774,C00713,P01321,1,2109,2025-07-29 18:20:03,貨到付款
T0008775,C03136,P00038,3,6666,2025-07-26 16:58:28,轉帳
T0008776,C00067,P00294,3,3474,2025-07-17 21:55:27,貨到付款
T0008777,C04831,P01015,3,1932,2025-07-30 20:59:11,信用卡
T0008778,C04788,P01158,2,8120,2025-07-25 12:03:48,信用卡
T0008779,C00531,P00677,2,3920,2025-07-17 08:33:00,貨到付款
T0008780,C03680,P01129,1,991,2025-07-18 21:28:33,轉帳
T0008781,C01691,P01283,2,5722,2025-07-22 19:56:38,信用卡
T0008782,C03537,P00933,4,6120,2025-07-09 13:06:54,行動支付
T0008783,C01011,P00551,1,1108,2025-07-31 21:57:14,行動支付
T0008784,C02402,P00150,1,3230,2025-07-22 21:10:51,轉帳
T0008785,C02814,P01079,4,10628,2025-07-10 14:04:41,轉帳
T0008786,C02221,P00845,1,4070,2025-07-23 17:39:37,信用卡
T0008787,C00815,P01184,2,-180,2025-07-05 11:10:13,貨到付款
T0008788,C01658,P00224,3,11469,2025-07-15 21:01:56,行動支付
T0008789,C00772,P01199,4,7772,2025-07-01 19:46:50,轉帳
T0008790,C00279,P01788,2,5084,2025-07-20 23:23:55,轉帳
T0008791,C03460,P01717,4,16760,2025-07-20 15:12:20,貨到付款
T0008792,C03137,P00342,4,820,2025-07-03 20:35:54,貨到付款
T0008793,C00615,P00944,1,2972,2025-07-16 13:03:23,信用卡
T0008794,C04124,P00783,1,3470,2025-07-07 20:02:36,行動支付
T0008795,C00514,P00031,2,2564,2025-07-23 11:04:14,信用卡
T0008796,C01483,P00066,4,7544,2025-07-22 17:04:18,行動支付
T0008797,C02557,P00266,1,1447,2025-07-10 20:17:50,行動支付
T0008798,C04182,P00033,1,2054,2025-07-31 08:30:10,貨到付款
T0008799,C00709,P01249,4,12776,2025-07-23 16:42:18,信用卡
T0008800,C04560,P00912,2,3210,2025-07-03 17:13:27,貨到付款
T0008801,C00120,P01271,2,4222,2025-07-16 12:00:24,信用卡
T0008802,C02135,P01608,4,5648,2025-07-19 18:14:09,轉帳
T0008803,C00736,P01988,2,-94,2025-07-23 19:49:46,信用卡
T0008804,C03276,P00842,1,1188,2025-07-17 21:17:02,轉帳
T0008805,C01129,P01345,4,6232,2025-07-03 22:29:04,信用卡
T0008806,C04394,P01764,1,559,2025-07-27 04:02:48,貨到付款
T0008807,C01923,P00561,3,7965,2025-07-08 22:31:01,信用卡
T0008808,C04421,P00436,3,5700,2025-07-20 11:33:16,行動支付
T0008809,C04113,P01606,2,4696,2025-07-14 20:37:03,貨到付款
T0008810,C00562,P00762,3,2892,2025-07-18 15:51:44,貨到付款
T0008811,C00847,P01301,1,1706,2025-07-08 15:40:06,貨到付款
T0008812,C00550,P01283,3,8583,2025-07-14 20:50:09,信用卡
T0008813,C00508,P00668,1,2395,2025-07-15 13:10:31,信用卡
T0008814,C04779,P01043,2,4394,2025-07-10 14:03:05,貨到付款
T0008815,C01786,P01642,2,4846,2025-07-02 01:25:40,貨到付款
T0008816,C03078,P00969,1,947,2025-07-20 21:52:28,行動支付
T0008817,C00591,P00011,3,10614,2025-07-16 12:00:38,行動支付
T0008818,C04616,P00357,2,2786,2025-07-23 15:04:32,貨到付款
T0008819,C04599,P01471,4,16588,2025-07-07 10:40:43,行動支付
T0008820,C04477,P00590,2,3680,2025-07-23 19:24:47,貨到付款
T0008821,C03022,P01323,3,9573,2025-07-28 05:00:24,轉帳
T0008822,C00890,P01315,4,13728,2025-07-04 00:58:21,行動支付
T0008823,C02652,P00596,3,12270,2025-07-26 05:29:02,轉帳
T0008824,C02998,P01315,1,3432,2025-07-01 15:53:01,轉帳
T0008825,C03397,P00747,4,14288,2025-07-04 00:09:48,貨到付款
T0008826,C00751,P00815,3,3735,2025-07-05 03:07:10,行動支付
T0008827,C03336,P00037,4,9364,2025-07-23 14:53:13,轉帳
T0008828,C01507,P00180,3,11049,2025-07-28 22:39:02,信用卡
T0008829,C04087,P01852,4,14548,2025-07-11 07:47:02,信用卡
T0008830,C01741,P01913,3,870,2025-07-04 22:53:04,信用卡
T0008831,C00519,P00917,1,3121,2025-07-25 21:34:58,貨到付款
T0008832,C04581,P00497,4,16420,2025-07-03 19:36:12,行動支付
T0008833,C03308,P00365,4,13404,2025-07-26 06:37:07,貨到付款
T0008834,C04664,P01818,4,2408,2025-07-01 19:58:29,行動支付
T0008835,C04053,P01139,4,7176,2025-07-14 17:57:30,貨到付款
T0008836,C03556,P00810,1,1126,2025-07-27 01:53:07,信用卡
T0008837,C00381,P01632,4,14108,2025-07-10 17:05:05,行動支付
T0008838,C00010,P01408,2,5136,2025-07-26 19:49:27,信用卡
T0008839,C04665,P00499,1,2827,2025-07-08 20:35:09,信用卡
T0008840,C00743,P00753,2,2906,2025-07-24 10:07:36,行動支付
T0008841,C03279,P01522,4,2288,2025-07-13 06:08:58,轉帳
T0008842,C01601,P00001,3,1662,2025-07-30 16:21:32,轉帳
T0008843,C01952,P01836,2,4720,2025-07-21 13:27:28,貨到付款
T0008844,C03606,P00587,4,12800,2025-07-05 02:57:55,轉帳
T0008845,C03927,P00750,2,7662,2025-07-16 01:50:09,信用卡
T0008846,C02392,P00265,4,6816,2025-07-27 07:54:19,貨到付款
T0008847,C00336,P01529,4,1032,2025-07-26 19:24:20,轉帳
T0008848,C02889,P01379,4,11940,2025-07-11 02:10:45,行動支付
T0008849,C04797,P00084,3,9321,2025-07-09 22:10:57,轉帳
T0008850,C01392,P00709,2,3044,2025-07-23 06:33:42,信用卡
T0008851,C00452,P01396,1,998,2025-07-31 20:58:20,轉帳
T0008852,C04973,P00849,1,1884,2025-07-27 19:40:33,信用卡
T0008853,C00909,P01002,1,3083,2025-07-02 13:29:22,貨到付款
T0008854,C01925,P00158,1,950,2025-07-20 20:21:00,信用卡
T0008855,C01596,P01065,4,1324,2025-07-29 10:09:16,信用卡
T0008856,C02119,P00879,2,-196,2025-07-21 19:26:13,信用卡
T0008857,C03467,P00734,2,4134,2025-07-08 22:11:14,信用卡
T0008858,C02069,P01883,3,1254,2025-07-04 18:40:20,貨到付款
T0008859,C03967,P01359,2,1870,2025-07-10 15:31:07,貨到付款
T0008860,C01667,P01941,2,1930,2025-07-28 18:12:09,轉帳
T0008861,C04010,P01747,2,6968,2025-07-01 10:25:05,信用卡
T0008862,C03269,P01654,3,11343,2025-07-23 11:51:40,信用卡
T0008863,C01229,P00543,1,-90,2025-07-05 00:06:49,貨到付款
T0008864,C02093,P01754,2,6070,2025-07-17 14:27:53,轉帳
T0008865,C02485,P01020,3,13185,2025-07-24 19:29:17,貨到付款
T0008866,C02668,P00293,3,6285,2025-07-10 15:10:11,信用卡
T0008867,C02662,P00704,4,8084,2025-07-17 19:35:00,信用卡
T0008868,C04107,P01433,3,5892,2025-07-16 21:39:03,行動支付
T0008869,C01923,P00903,1,308,2025-07-02 22:57:19,信用卡
T0008870,C02904,P00996,2,2032,2025-07-20 10:02:44,轉帳
T0008871,C02109,P01035,3,2643,2025-07-19 21:26:25,轉帳
T0008872,C02889,P00552,1,1587,2025-07-28 14:53:27,信用卡
T0008873,C03467,P01424,3,5229,2025-07-06 13:02:40,轉帳
T0008874,C03741,P00822,3,13161,2025-07-06 22:45:38,信用卡
T0008875,C03515,P01998,3,4533,2025-07-28 14:41:19,信用卡
T0008876,C01175,P01921,3,4155,2025-07-28 17:04:58,信用卡
T0008877,C00014,P00461,3,1149,2025-07-21 03:50:45,行動支付
T0008878,C04969,P00076,1,2938,2025-07-16 09:26:19,貨到付款
T0008879,C00085,P00806,2,3994,2025-07-27 23:20:55,信用卡
T0008880,C02791,P00927,2,3314,2025-07-09 23:20:40,轉帳
T0008881,C04788,P01550,2,1722,2025-07-17 20:46:19,信用卡
T0008882,C04604,P01940,2,1706,2025-07-30 14:29:29,信用卡
T0008883,C00297,P00815,1,1245,2025-07-23 22:15:44,行動支付
T0008884,C01746,P01170,4,8664,2025-07-27 21:28:07,轉帳
T0008885,C04243,P00258,4,10324,2025-07-12 04:10:29,行動支付
T0008886,C04333,P01162,1,2244,2025-07-17 19:13:40,行動支付
T0008887,C04095,P01133,1,2713,2025-07-27 04:58:54,轉帳
T0008888,C01473,P00969,3,2841,2025-07-15 19:09:59,貨到付款
T0008889,C00720,P01822,3,405,2025-07-26 18:51:29,貨到付款
T0008890,C04266,P01774,3,3456,2025-07-25 13:20:16,行動支付
T0008891,C04859,P01810,2,2732,2025-07-25 19:40:18,貨到付款
T0008892,C04564,P00269,3,10083,2025-07-05 11:19:49,轉帳
T0008893,C01212,P00100,4,6964,2025-07-20 18:18:27,行動支付
T0008894,C04139,P00513,2,228,2025-07-23 12:40:17,貨到付款
T0008895,C00279,P01209,3,9510,2025-07-21 04:57:46,貨到付款
T0008896,C00689,P00773,2,6290,2025-07-01 18:09:41,行動支付
T0008897,C04810,P00331,4,5692,2025-07-04 20:14:24,貨到付款
T0008898,C03519,P00821,3,12354,2025-07-14 12:54:57,轉帳
T0008899,C01887,P01239,4,8840,2025-07-31 16:22:57,貨到付款
T0008900,C00131,P00022,4,9412,2025-07-30 11:35:11,貨到付款
T0008901,C04824,P00833,4,4956,2025-07-07 10:15:19,行動支付
T0008902,C01858,P00145,3,8922,2025-07-26 22:46:15,貨到付款
T0008903,C03507,P00907,1,1138,2025-07-07 13:26:32,貨到付款
T0008904,C03313,P01862,3,3138,2025-07-26 03:08:49,貨到付款
T0008905,C00368,P01166,4,4420,2025-07-25 15:46:48,信用卡
T0008906,C04187,P00353,3,9222,2025-07-14 20:49:30,行動支付
T0008907,C04352,P01785,4,15436,2025-07-22 13:38:57,行動支付
T0008908,C00150,P00753,1,1453,2025-07-21 10:00:50,信用卡
T0008909,C01826,P01970,2,7764,2025-07-08 20:39:35,轉帳
T0008910,C00394,P01817,1,1036,2025-07-01 08:14:51,行動支付
T0008911,C00385,P01895,1,507,2025-07-21 15:25:04,信用卡
T0008912,C02845,P01314,2,1332,2025-07-26 14:57:23,轉帳
T0008913,C04068,P00308,3,7407,2025-07-22 14:00:06,信用卡
T0008914,C00748,P01829,2,210,2025-07-30 12:05:07,轉帳
T0008915,C00912,P01206,3,8328,2025-07-30 06:47:49,信用卡
T0008916,C03717,P01902,3,9525,2025-07-17 08:24:53,貨到付款
T0008917,C03740,P01096,4,15048,2025-07-05 05:22:15,行動支付
T0008918,C03492,P00430,4,10040,2025-07-20 06:35:04,貨到付款
T0008919,C01497,P01502,2,4714,2025-07-04 13:29:56,貨到付款
T0008920,C02057,P01469,1,3448,2025-07-24 21:21:02,貨到付款
T0008921,C01686,P01730,2,4580,2025-07-19 18:24:12,轉帳
T0008922,C03906,P00799,3,10350,2025-07-29 17:56:40,貨到付款
T0008923,C03476,P01029,4,2920,2025-07-12 00:56:28,信用卡
T0008924,C01433,P01420,2,4266,2025-07-27 17:48:50,轉帳
T0008925,C00779,P00901,2,6936,2025-07-25 10:55:51,行動支付
T0008926,C04405,P00374,4,3156,2025-07-12 01:41:38,信用卡
T0008927,C00160,P01832,4,14420,2025-07-18 20:03:01,信用卡
T0008928,C03755,P00867,4,13816,2025-07-21 16:16:18,貨到付款
T0008929,C02516,P00602,3,5820,2025-07-08 01:08:29,信用卡
T0008930,C00054,P00494,4,1568,2025-07-16 11:48:00,信用卡
T0008931,C04163,P01050,1,441,2025-07-22 13:25:36,貨到付款
T0008932,C03399,P00097,2,8794,2025-07-10 10:41:26,轉帳
T0008933,C04379,P01895,4,2028,2025-07-21 10:00:53,貨到付款
T0008934,C02770,P01614,4,12572,2025-07-21 15:24:55,信用卡
T0008935,C04147,P01790,3,2604,2025-07-07 22:55:25,轉帳
T0008936,C04595,P01626,3,6939,2025-07-26 10:47:14,轉帳
T0008937,C02509,P00191,2,7424,2025-07-23 17:05:19,轉帳
T0008938,C03546,P00400,1,1088,2025-07-08 06:03:29,行動支付
T0008939,C02118,P01055,2,5514,2025-07-11 11:38:32,行動支付
T0008940,C00784,P00379,4,7596,2025-07-28 20:55:30,貨到付款
T0008941,C04865,P01528,1,3396,2025-07-03 12:17:54,貨到付款
T0008942,C02607,P00169,1,260,2025-07-31 10:46:57,信用卡
T0008943,C04889,P01982,1,3734,2025-07-10 10:14:01,行動支付
T0008944,C00625,P00804,1,3211,2025-07-26 09:51:16,信用卡
T0008945,C01059,P00058,2,1736,2025-07-24 13:07:18,轉帳
T0008946,C03095,P01793,3,-186,2025-07-31 11:46:12,行動支付
T0008947,C01094,P00579,3,8118,2025-07-27 21:32:55,貨到付款
T0008948,C00918,P00099,4,12440,2025-07-24 04:31:19,行動支付
T0008949,C03729,P01957,3,6552,2025-07-23 19:44:34,信用卡
T0008950,C02796,P01396,3,2994,2025-07-24 17:20:58,貨到付款
T0008951,C04208,P01859,3,9453,2025-07-10 21:22:34,信用卡
T0008952,C04082,P00293,3,6285,2025-07-10 17:16:15,轉帳
T0008953,C02342,P01233,4,684,2025-07-18 20:18:31,行動支付
T0008954,C01565,P01493,2,4648,2025-07-29 13:50:32,轉帳
T0008955,C03209,P00134,1,-68,2025-07-31 16:51:52,轉帳
T0008956,C04136,P01584,3,6252,2025-07-06 15:21:52,信用卡
T0008957,C00824,P01482,2,5320,2025-07-20 10:36:35,行動支付
T0008958,C04016,P01322,3,6636,2025-07-31 16:11:11,貨到付款
T0008959,C03233,P01705,3,7944,2025-07-30 20:21:22,信用卡
T0008960,C00973,P01741,1,200,2025-07-23 12:46:41,轉帳
T0008961,C00542,P01462,1,598,2025-07-31 12:07:01,轉帳
T0008962,C00389,P01128,1,1064,2025-07-01 08:40:37,貨到付款
T0008963,C03015,P00435,3,12174,2025-07-20 09:07:48,信用卡
T0008964,C04233,P00236,3,3357,2025-07-27 20:28:33,轉帳
T0008965,C00140,P00408,3,900,2025-07-11 20:23:13,轉帳
T0008966,C01411,P01623,1,1811,2025-07-19 17:41:02,行動支付
T0008967,C02707,P00991,4,5240,2025-07-24 13:45:39,信用卡
T0008968,C00326,P00304,2,4044,2025-07-18 13:59:08,信用卡
T0008969,C02985,P01271,4,8444,2025-07-24 14:11:54,轉帳
T0008970,C03782,P01087,3,3732,2025-07-26 05:36:21,行動支付
T0008971,C01545,P00264,3,4203,2025-07-26 05:59:46,轉帳
T0008972,C02758,P01182,4,2480,2025-07-27 00:47:42,轉帳
T0008973,C03191,P01080,3,12579,2025-07-21 21:41:22,行動支付
T0008974,C00161,P01288,2,1610,2025-07-24 13:12:38,轉帳
T0008975,C01345,P01665,3,561,2025-07-11 21:11:55,行動支付
T0008976,C04883,P00767,2,3904,2025-07-21 13:44:13,信用卡
T0008977,C02823,P00319,4,10060,2025-07-15 20:31:42,貨到付款
T0008978,C02818,P01571,4,2976,2025-07-24 11:11:52,行動支付
T0008979,C03951,P01879,3,5127,2025-07-12 03:23:33,行動支付
T0008980,C00228,P00270,2,3068,2025-07-24 20:51:02,貨到付款
T0008981,C01572,P01817,3,3108,2025-07-04 11:06:47,信用卡
T0008982,C04717,P00659,1,1302,2025-07-27 02:28:22,轉帳
T0008983,C00042,P01939,1,3069,2025-07-04 15:42:13,轉帳
T0008984,C01783,P01297,1,1336,2025-07-12 13:26:09,貨到付款
T0008985,C01412,P00111,1,2489,2025-07-29 12:36:40,轉帳
T0008986,C01990,P00365,3,10053,2025-07-06 02:05:21,行動支付
T0008987,C00974,P00673,1,3337,2025-07-14 16:19:14,轉帳
T0008988,C03759,P00464,2,760,2025-07-18 15:35:30,貨到付款
T0008989,C03628,P01140,4,4020,2025-07-03 14:04:14,行動支付
T0008990,C04869,P00968,4,4228,2025-07-11 22:56:38,信用卡
T0008991,C03513,P00853,1,1630,2025-07-07 13:44:42,行動支付
T0008992,C00486,P01217,1,234,2025-07-17 18:05:58,貨到付款
T0008993,C02036,P01600,1,1892,2025-07-02 21:50:52,信用卡
T0008994,C03707,P01244,3,3057,2025-07-09 16:49:49,貨到付款
T0008995,C00505,P00522,4,3460,2025-07-06 07:10:46,貨到付款
T0008996,C04037,P01811,1,3320,2025-07-30 15:39:27,信用卡
T0008997,C00750,P00801,2,1678,2025-07-26 06:43:49,貨到付款
T0008998,C02935,P01830,1,3250,2025-07-07 21:27:05,貨到付款
T0008999,C01910,P01136,4,15036,2025-07-25 10:41:38,貨到付款
T0009000,C02931,P01953,1,1486,2025-07-20 03:35:26,信用卡
T0009001,C04260,P01553,4,14336,2025-07-22 16:46:45,貨到付款
T0009002,C01450,P01842,1,2210,2025-07-16 16:09:42,信用卡
T0009003,C00757,P01957,2,4368,2025-07-23 15:21:06,信用卡
T0009004,C02315,P00067,1,413,2025-07-11 11:42:28,貨到付款
T0009005,C04426,P01975,2,5464,2025-07-26 03:44:37,貨到付款
T0009006,C00466,P00740,2,2708,2025-07-15 21:47:22,信用卡
T0009007,C03592,P01067,1,1173,2025-07-02 20:24:39,貨到付款
T0009008,C04422,P01758,2,2000,2025-07-19 02:59:41,貨到付款
T0009009,C04037,P00170,3,5649,2025-07-05 23:34:20,貨到付款
T0009010,C03271,P01317,1,3507,2025-07-31 20:25:33,貨到付款
T0009011,C03844,P00492,1,3893,2025-07-11 16:17:18,轉帳
T0009012,C00805,P01870,2,6906,2025-07-03 14:52:36,轉帳
T0009013,C04818,P00897,2,7120,2025-07-08 11:49:57,信用卡
T0009014,C02581,P00816,1,2394,2025-07-03 06:24:48,貨到付款
T0009015,C03643,P00201,3,1473,2025-07-21 18:20:19,轉帳
T0009016,C03256,P01052,2,5716,2025-07-31 02:24:47,貨到付款
T0009017,C04651,P01143,2,6742,2025-07-27 03:33:02,信用卡
T0009018,C01707,P01956,4,4164,2025-07-13 17:42:50,信用卡
T0009019,C03926,P00305,3,1221,2025-07-01 18:48:26,貨到付款
T0009020,C01695,P01528,3,10188,2025-07-08 10:43:23,行動支付
T0009021,C01801,P01830,1,3250,2025-07-24 09:20:55,行動支付
T0009022,C04279,P01283,3,8583,2025-07-06 03:42:05,貨到付款
T0009023,C02154,P01542,1,78,2025-07-14 20:25:05,信用卡
T0009024,C04453,P01699,4,1668,2025-07-07 18:03:53,信用卡
T0009025,C03870,P00013,3,5322,2025-07-15 19:15:51,轉帳
T0009026,C01938,P00495,2,2072,2025-07-20 12:28:05,貨到付款
T0009027,C01044,P01878,4,1860,2025-07-21 18:32:18,信用卡
T0009028,C03051,P00981,1,3765,2025-07-22 12:17:19,行動支付
T0009029,C00374,P00241,4,10788,2025-07-30 21:01:00,信用卡
T0009030,C00762,P00326,1,1500,2025-07-15 17:50:21,信用卡
T0009031,C03138,P00451,4,4592,2025-07-27 16:57:28,轉帳
T0009032,C02487,P00145,1,2974,2025-07-24 15:58:18,貨到付款
T0009033,C04023,P00388,3,3297,2025-07-04 17:18:57,貨到付款
T0009034,C00713,P01320,2,5896,2025-07-14 20:47:52,行動支付
T0009035,C04352,P00631,1,2978,2025-07-26 08:06:32,行動支付
T0009036,C02735,P00809,4,1284,2025-07-07 07:15:12,行動支付
T0009037,C04844,P00025,1,2808,2025-07-25 10:23:14,轉帳
T0009038,C03907,P00992,1,2349,2025-07-28 19:56:15,貨到付款
T0009039,C00435,P00991,1,1310,2025-07-23 14:02:21,轉帳
T0009040,C00470,P01284,4,1292,2025-07-15 19:29:44,行動支付
T0009041,C01568,P00146,2,6024,2025-07-17 20:25:55,信用卡
T0009042,C04670,P01981,3,8964,2025-07-02 14:03:11,貨到付款
T0009043,C00807,P00699,2,7966,2025-07-27 21:21:01,貨到付款
T0009044,C01400,P00451,1,1148,2025-07-15 18:24:27,貨到付款
T0009045,C01816,P00172,4,5816,2025-07-14 03:24:36,貨到付款
T0009046,C00446,P01151,2,3496,2025-07-21 18:01:32,信用卡
T0009047,C00895,P01326,1,2096,2025-07-30 13:09:27,貨到付款
T0009048,C03859,P01931,3,9123,2025-07-03 22:26:32,轉帳
T0009049,C01289,P00293,3,6285,2025-07-20 09:22:55,轉帳
T0009050,C02366,P00667,3,6864,2025-07-28 19:08:24,貨到付款
T0009051,C01280,P01244,1,1019,2025-07-25 22:31:17,信用卡
T0009052,C04383,P01671,4,6944,2025-07-28 08:45:16,貨到付款
T0009053,C03251,P01195,2,3832,2025-07-03 10:17:00,行動支付
T0009054,C00702,P00141,3,2502,2025-07-22 19:16:12,貨到付款
T0009055,C00619,P00396,1,2282,2025-07-19 10:18:32,轉帳
T0009056,C02843,P00968,1,1057,2025-07-28 11:37:50,信用卡
T0009057,C00197,P00419,2,2820,2025-07-25 13:00:00,貨到付款
T0009058,C04295,P00080,3,822,2025-07-29 05:42:43,貨到付款
T0009059,C02004,P00596,1,4090,2025-07-05 00:32:31,貨到付款
T0009060,C04285,P00367,2,2496,2025-07-04 13:13:33,貨到付款
T0009061,C04585,P00587,4,12800,2025-07-29 16:37:13,轉帳
T0009062,C00644,P01992,4,4796,2025-07-23 18:40:41,貨到付款
T0009063,C01833,P00550,4,8476,2025-07-05 11:36:06,行動支付
T0009064,C04224,P00897,3,10680,2025-07-17 17:51:14,轉帳
T0009065,C04760,P01099,2,1228,2025-07-18 20:06:39,行動支付
T0009066,C01868,P00000,2,5686,2025-07-18 15:38:08,轉帳
T0009067,C03411,P00541,1,4207,2025-07-04 14:00:06,轉帳
T0009068,C02529,P00862,1,255,2025-07-28 15:04:29,貨到付款
T0009069,C01314,P00887,1,2431,2025-07-24 13:26:47,行動支付
T0009070,C04377,P01917,2,7424,2025-07-01 07:02:33,貨到付款
T0009071,C03412,P00831,1,371,2025-07-14 18:43:53,信用卡
T0009072,C03103,P00257,2,874,2025-07-11 19:08:26,轉帳
T0009073,C03219,P00450,2,5522,2025-07-05 07:50:05,行動支付
T0009074,C03705,P01972,4,12004,2025-07-11 09:33:39,轉帳
T0009075,C01224,P01846,1,1042,2025-07-08 10:06:58,轉帳
T0009076,C04106,P01769,4,676,2025-07-26 23:25:55,信用卡
T0009077,C00039,P01383,3,5133,2025-07-14 13:47:05,轉帳
T0009078,C04265,P00940,3,2802,2025-07-16 22:12:04,行動支付
T0009079,C01453,P00642,3,9678,2025-07-07 06:39:49,轉帳
T0009080,C00791,P01554,2,-156,2025-07-26 11:18:36,行動支付
T0009081,C01996,P01216,2,528,2025-07-08 08:20:08,行動支付
T0009082,C00364,P01572,2,8368,2025-07-23 22:47:31,信用卡
T0009083,C01941,P01259,1,2343,2025-07-22 22:51:11,轉帳
T0009084,C02311,P01954,4,1968,2025-07-26 19:21:39,轉帳
T0009085,C00467,P01376,2,2708,2025-07-08 22:27:42,轉帳
T0009086,C02329,P01706,4,3376,2025-07-12 01:55:33,信用卡
T0009087,C03212,P01949,4,15220,2025-07-29 09:27:48,信用卡
T0009088,C04500,P00179,4,2976,2025-07-29 14:49:21,貨到付款
T0009089,C02324,P01390,1,1361,2025-07-04 13:38:07,信用卡
T0009090,C00429,P01922,1,601,2025-07-15 10:06:49,行動支付
T0009091,C03658,P00332,3,11232,2025-07-11 11:44:12,轉帳
T0009092,C04587,P01076,3,10314,2025-07-14 10:05:55,信用卡
T0009093,C04612,P00694,4,2832,2025-07-24 23:12:18,貨到付款
T0009094,C03841,P00535,3,7671,2025-07-04 11:21:01,貨到付款
T0009095,C00997,P00767,4,7808,2025-07-07 11:25:00,轉帳
T0009096,C01643,P01943,1,1091,2025-07-23 15:37:26,信用卡
T0009097,C01586,P00074,1,1140,2025-07-28 17:32:28,信用卡
T0009098,C04982,P01627,1,2638,2025-07-11 14:41:47,信用卡
T0009099,C02431,P01116,2,4926,2025-07-10 14:20:19,信用卡
T0009100,C03511,P00708,4,14516,2025-07-23 11:09:07,貨到付款
T0009101,C02381,P00002,1,1559,2025-07-17 20:54:31,轉帳
T0009102,C01391,P00692,4,14264,2025-07-07 17:35:42,轉帳
T0009103,C00191,P01483,3,9558,2025-07-06 02:08:57,貨到付款
T0009104,C00778,P01457,3,10329,2025-07-11 21:32:34,行動支付
T0009105,C02349,P01615,1,3187,2025-07-31 15:30:17,信用卡
T0009106,C03201,P00641,4,4484,2025-07-27 00:49:22,信用卡
T0009107,C01600,P01670,1,197,2025-07-02 11:04:21,信用卡
T0009108,C00156,P00521,3,4674,2025-07-03 11:48:42,轉帳
T0009109,C03005,P01436,1,3184,2025-07-13 08:34:45,轉帳
T0009110,C01901,P01238,4,10776,2025-07-22 14:44:26,行動支付
T0009111,C04682,P01338,3,8232,2025-07-20 13:27:44,貨到付款
T0009112,C01807,P00497,2,8210,2025-07-24 11:31:50,轉帳
T0009113,C02150,P01332,3,1257,2025-07-09 12:56:31,貨到付款
T0009114,C02367,P01843,2,8314,2025-07-03 11:05:10,行動支付
T0009115,C00270,P00093,1,381,2025-07-11 19:41:51,行動支付
T0009116,C04340,P00983,1,3093,2025-07-17 20:59:57,行動支付
T0009117,C04763,P00945,4,5544,2025-07-25 17:16:55,轉帳
T0009118,C03418,P00101,2,3280,2025-07-27 02:27:23,轉帳
T0009119,C01349,P00022,1,2353,2025-07-25 14:57:08,貨到付款
T0009120,C03178,P00491,2,6366,2025-07-20 17:39:28,信用卡
T0009121,C00417,P01657,1,3082,2025-07-14 20:23:26,轉帳
T0009122,C00346,P00025,3,8424,2025-07-25 10:45:49,轉帳
T0009123,C02025,P00622,1,1275,2025-07-02 21:52:31,行動支付
T0009124,C01491,P01785,4,15436,2025-07-21 03:15:57,轉帳
T0009125,C03561,P00234,3,7461,2025-07-20 05:24:28,貨到付款
T0009126,C04356,P00552,4,6348,2025-07-28 18:29:16,行動支付
T0009127,C02623,P00036,3,4305,2025-07-10 20:02:55,貨到付款
T0009128,C03348,P01522,2,1144,2025-07-24 21:43:35,貨到付款
T0009129,C01297,P01208,4,2696,2025-07-09 11:30:57,貨到付款
T0009130,C04152,P01576,1,1457,2025-07-04 19:48:07,轉帳
T0009131,C00462,P01091,2,4182,2025-07-17 10:45:03,貨到付款
T0009132,C04508,P00356,1,2153,2025-07-29 00:42:58,貨到付款
T0009133,C01710,P01608,3,4236,2025-07-30 12:39:47,貨到付款
T0009134,C03765,P00048,3,7647,2025-07-08 13:48:32,行動支付
T0009135,C00822,P00418,1,283,2025-07-06 11:43:07,信用卡
T0009136,C01746,P00765,1,3658,2025-07-30 21:12:43,轉帳
T0009137,C02095,P01537,2,6378,2025-07-24 21:52:58,貨到付款
T0009138,C02377,P01534,1,112,2025-07-02 11:42:00,行動支付
T0009139,C03444,P01476,4,4896,2025-07-14 14:18:57,行動支付
T0009140,C00803,P00079,4,11300,2025-07-14 18:06:53,行動支付
T0009141,C03483,P01027,1,2097,2025-07-31 15:17:30,轉帳
T0009142,C01773,P01830,4,13000,2025-07-17 20:31:45,轉帳
T0009143,C03464,P01087,1,1244,2025-07-29 17:29:33,轉帳
T0009144,C01945,P00798,2,1638,2025-07-18 15:19:22,信用卡
T0009145,C00049,P01897,4,10320,2025-07-28 15:45:46,信用卡
T0009146,C03915,P01256,4,3224,2025-07-16 17:56:22,貨到付款
T0009147,C02985,P01386,1,457,2025-07-15 18:30:05,轉帳
T0009148,C00389,P00042,4,5872,2025-07-04 12:38:05,信用卡
T0009149,C03339,P00889,3,9147,2025-07-15 21:38:53,信用卡
T0009150,C03082,P01080,2,8386,2025-07-10 14:41:55,行動支付
T0009151,C01618,P00303,2,6764,2025-07-20 01:24:37,轉帳
T0009152,C04931,P00643,4,5504,2025-07-23 21:11:51,貨到付款
T0009153,C04694,P01216,4,1056,2025-07-08 17:36:51,行動支付
T0009154,C03714,P00675,3,5835,2025-07-12 02:34:55,貨到付款
T0009155,C03683,P01941,3,2895,2025-07-21 22:46:49,貨到付款
T0009156,C01582,P00764,4,7752,2025-07-24 21:08:48,信用卡
T0009157,C00752,P01384,4,8992,2025-07-16 18:25:25,信用卡
T0009158,C02293,P01418,3,3126,2025-07-17 21:34:42,信用卡
T0009159,C00737,P00413,1,1353,2025-07-20 13:19:09,信用卡
T0009160,C04321,P00407,3,6786,2025-07-01 01:11:24,轉帳
T0009161,C00568,P00473,1,3502,2025-07-31 20:03:41,信用卡
T0009162,C04849,P01441,2,1202,2025-07-08 23:56:20,轉帳
T0009163,C02031,P00264,2,2802,2025-07-30 10:06:06,信用卡
T0009164,C02603,P00110,3,7353,2025-07-09 19:02:46,行動支付
T0009165,C00018,P00379,1,1899,2025-07-15 23:23:54,轉帳
T0009166,C02252,P01970,3,11646,2025-07-04 23:14:13,轉帳
T0009167,C04162,P00599,3,5883,2025-07-11 10:36:18,貨到付款
T0009168,C00628,P01700,1,2148,2025-07-20 08:27:03,轉帳
T0009169,C02246,P01006,3,8811,2025-07-08 18:40:48,行動支付
T0009170,C04847,P01014,2,4224,2025-07-19 10:44:04,行動支付
T0009171,C00487,P00106,4,8100,2025-07-01 16:50:40,信用卡
T0009172,C01093,P01537,4,12756,2025-07-22 16:48:45,行動支付
T0009173,C04895,P00864,3,3543,2025-07-19 11:19:49,轉帳
T0009174,C02100,P00085,1,2769,2025-07-11 11:27:34,貨到付款
T0009175,C02730,P01439,1,-98,2025-07-15 14:09:44,信用卡
T0009176,C00830,P01210,2,6084,2025-07-25 16:26:31,行動支付
T0009177,C01887,P00965,1,1528,2025-07-13 03:40:54,行動支付
T0009178,C01740,P01937,1,3459,2025-07-07 13:40:20,貨到付款
T0009179,C04761,P01193,2,4498,2025-07-13 18:17:46,貨到付款
T0009180,C04858,P00082,3,261,2025-07-08 23:07:22,行動支付
T0009181,C02884,P01358,4,11384,2025-07-24 11:42:58,行動支付
T0009182,C00071,P00234,2,4974,2025-07-17 17:43:56,信用卡
T0009183,C04068,P01398,3,3087,2025-07-10 16:53:41,信用卡
T0009184,C00080,P00185,2,5326,2025-07-19 20:45:55,行動支付
T0009185,C04483,P01678,3,4872,2025-07-12 05:59:04,轉帳
T0009186,C02510,P01644,2,938,2025-07-06 20:58:03,行動支付
T0009187,C04338,P01258,3,-93,2025-07-02 15:21:36,貨到付款
T0009188,C03496,P01958,2,7276,2025-07-30 03:03:49,信用卡
T0009189,C03244,P01731,3,8412,2025-07-01 21:17:06,貨到付款
T0009190,C02279,P00157,2,6530,2025-07-22 14:13:25,貨到付款
T0009191,C02051,P00399,4,8660,2025-07-23 11:56:15,轉帳
T0009192,C01761,P01712,4,2396,2025-07-26 11:15:13,信用卡
T0009193,C02712,P00290,1,252,2025-07-03 11:52:40,轉帳
T0009194,C02615,P00779,3,8433,2025-07-05 07:18:56,行動支付
T0009195,C03825,P00200,2,8086,2025-07-21 14:51:32,行動支付
T0009196,C00566,P00670,3,1575,2025-07-19 21:55:52,信用卡
T0009197,C00879,P00551,4,4432,2025-07-13 03:04:48,信用卡
T0009198,C02141,P00677,3,5880,2025-07-16 19:30:38,貨到付款
T0009199,C00884,P00094,2,328,2025-07-28 22:52:46,轉帳
T0009200,C02974,P00326,3,4500,2025-07-24 22:46:09,信用卡
T0009201,C02713,P00798,2,1638,2025-07-31 22:39:11,轉帳
T0009202,C01907,P00372,4,13536,2025-07-04 02:06:31,貨到付款
T0009203,C04225,P00238,4,13540,2025-07-05 11:17:34,貨到付款
T0009204,C03442,P01187,4,2360,2025-07-25 10:45:21,信用卡
T0009205,C02187,P00806,1,1997,2025-07-29 06:30:49,行動支付
T0009206,C01416,P00590,4,7360,2025-07-11 22:46:59,行動支付
T0009207,C03101,P00909,3,504,2025-07-16 18:26:15,轉帳
T0009208,C04625,P01367,1,4049,2025-07-03 11:17:43,信用卡
T0009209,C04284,P01975,4,10928,2025-07-02 18:46:59,行動支付
T0009210,C04976,P00293,3,6285,2025-07-09 16:52:05,貨到付款
T0009211,C04029,P00627,3,8370,2025-07-20 21:44:41,信用卡
T0009212,C00519,P01201,3,11895,2025-07-21 12:39:25,信用卡
T0009213,C03248,P00940,2,1868,2025-07-13 04:05:17,貨到付款
T0009214,C03081,P00014,1,3832,2025-07-12 11:27:20,轉帳
T0009215,C02056,P00954,3,10797,2025-07-30 18:57:44,貨到付款
T0009216,C02482,P00545,2,3452,2025-07-14 19:27:10,貨到付款
T0009217,C03758,P01422,4,16184,2025-07-27 18:54:13,信用卡
T0009218,C04636,P00592,3,7149,2025-07-15 15:44:48,貨到付款
T0009219,C00498,P01452,2,-54,2025-07-15 15:43:56,信用卡
T0009220,C02220,P01917,3,11136,2025-07-15 09:04:36,行動支付
T0009221,C02906,P00113,1,382,2025-07-19 13:12:54,貨到付款
T0009222,C00163,P01063,1,2730,2025-07-23 17:38:50,行動支付
T0009223,C01449,P01783,4,10988,2025-07-03 15:46:47,信用卡
T0009224,C02103,P01545,3,9213,2025-07-16 00:55:48,轉帳
T0009225,C01114,P01837,2,3166,2025-07-16 17:00:08,信用卡
T0009226,C02273,P01790,4,3472,2025-07-06 15:36:55,行動支付
T0009227,C01905,P00159,3,978,2025-07-14 19:47:17,行動支付
T0009228,C00977,P01501,4,1260,2025-07-10 13:28:32,行動支付
T0009229,C02347,P00578,2,3600,2025-07-28 12:12:00,轉帳
T0009230,C00622,P01491,4,2556,2025-07-23 22:14:38,行動支付
T0009231,C04838,P01645,4,12560,2025-07-18 15:40:48,轉帳
T0009232,C04570,P01144,4,4264,2025-07-02 14:50:18,貨到付款
T0009233,C02064,P01458,3,3219,2025-07-14 21:21:53,信用卡
T0009234,C04102,P01153,2,1740,2025-07-19 07:38:05,行動支付
T0009235,C03519,P00842,1,1188,2025-07-22 19:34:26,信用卡
T0009236,C03705,P01585,3,7719,2025-07-18 17:52:53,行動支付
T0009237,C00038,P01607,1,900,2025-07-10 17:32:31,行動支付
T0009238,C01873,P01995,1,460,2025-07-23 12:45:12,行動支付
T0009239,C01119,P00264,3,4203,2025-07-23 10:13:46,信用卡
T0009240,C01418,P00814,3,480,2025-07-19 03:24:35,信用卡
T0009241,C04398,P00496,2,4962,2025-07-28 22:32:30,行動支付
T0009242,C01322,P01406,2,5338,2025-07-01 17:13:30,行動支付
T0009243,C04192,P01152,4,9612,2025-07-12 08:47:50,貨到付款
T0009244,C03975,P01845,1,3587,2025-07-16 16:50:54,轉帳
T0009245,C02073,P00726,2,8760,2025-07-10 12:45:44,貨到付款
T0009246,C01207,P01952,4,4720,2025-07-29 13:20:13,信用卡
T0009247,C04500,P00275,2,7242,2025-07-01 16:16:47,貨到付款
T0009248,C02072,P00768,3,3696,2025-07-31 14:13:01,信用卡
T0009249,C00077,P01479,2,602,2025-07-30 15:14:08,行動支付
T0009250,C00766,P00602,1,1940,2025-07-05 04:29:23,行動支付
T0009251,C01872,P00259,2,2950,2025-07-01 11:08:10,轉帳
T0009252,C04083,P00972,1,1060,2025-07-14 13:48:15,貨到付款
T0009253,C04100,P01111,3,1506,2025-07-23 20:46:48,行動支付
T0009254,C02999,P00896,1,1195,2025-07-01 16:53:57,行動支付
T0009255,C01675,P00432,2,5308,2025-07-11 13:47:41,信用卡
T0009256,C04795,P00776,4,4248,2025-07-21 14:06:18,行動支付
T0009257,C04964,P00802,3,1584,2025-07-25 16:42:27,行動支付
T0009258,C01209,P00661,2,6808,2025-07-14 10:51:42,行動支付
T0009259,C04867,P01625,3,-297,2025-07-09 15:27:00,轉帳
T0009260,C00963,P00786,3,2760,2025-07-07 22:09:51,貨到付款
T0009261,C03222,P00083,2,8632,2025-07-22 22:03:30,信用卡
T0009262,C04142,P00791,2,860,2025-07-31 05:03:09,行動支付
T0009263,C04006,P00867,4,13816,2025-07-09 12:49:54,貨到付款
T0009264,C02889,P00016,3,5673,2025-07-23 16:48:27,轉帳
T0009265,C00644,P00088,3,2313,2025-07-09 08:29:41,行動支付
T0009266,C03181,P01461,2,7392,2025-07-19 05:38:53,轉帳
T0009267,C04886,P01774,1,1152,2025-07-13 14:38:15,信用卡
T0009268,C00868,P00175,2,6672,2025-07-22 21:50:50,信用卡
T0009269,C04520,P01266,3,9573,2025-07-21 11:50:39,轉帳
T0009270,C02586,P00531,2,206,2025-07-25 11:32:12,貨到付款
T0009271,C02187,P00016,4,7564,2025-07-24 10:28:52,行動支付
T0009272,C00497,P01090,1,1130,2025-07-14 16:13:35,轉帳
T0009273,C04005,P00241,2,5394,2025-07-24 20:33:37,信用卡
T0009274,C02521,P01719,4,3588,2025-07-26 12:22:32,貨到付款
T0009275,C03157,P01173,3,6231,2025-07-04 22:13:35,轉帳
T0009276,C03921,P01184,2,-180,2025-07-28 18:34:06,貨到付款
T0009277,C04215,P01976,3,5091,2025-07-30 23:22:11,信用卡
T0009278,C03136,P00117,4,11608,2025-07-24 10:21:02,貨到付款
T0009279,C01301,P01481,3,6594,2025-07-16 20:40:38,轉帳
T0009280,C02764,P01278,4,7828,2025-07-27 17:39:15,行動支付
T0009281,C04743,P00286,4,13924,2025-07-16 16:31:14,信用卡
T0009282,C01018,P00270,4,6136,2025-07-24 17:08:07,轉帳
T0009283,C00466,P01216,2,528,2025-07-19 14:01:24,貨到付款
T0009284,C02187,P00677,3,5880,2025-07-31 15:59:58,轉帳
T0009285,C03144,P01377,3,2277,2025-07-20 09:42:12,信用卡
T0009286,C02966,P01534,1,112,2025-07-30 11:18:11,轉帳
T0009287,C00139,P00920,1,2071,2025-07-20 21:49:39,貨到付款
T0009288,C03537,P00742,1,1994,2025-07-24 13:34:25,轉帳
T0009289,C04602,P00934,1,2243,2025-07-15 10:46:09,行動支付
T0009290,C00393,P01194,3,4662,2025-07-14 18:27:11,行動支付
T0009291,C01912,P00462,4,7472,2025-07-18 06:03:28,行動支付
T0009292,C03711,P00224,4,15292,2025-07-13 10:47:28,信用卡
T0009293,C00652,P01298,2,5142,2025-07-26 18:54:26,行動支付
T0009294,C02268,P00373,4,6636,2025-07-31 14:45:14,轉帳
T0009295,C03157,P00784,3,3186,2025-07-23 17:04:34,信用卡
T0009296,C01790,P00099,3,9330,2025-07-03 22:02:22,信用卡
T0009297,C01198,P01433,3,5892,2025-07-21 16:16:58,行動支付
T0009298,C04489,P00860,2,1940,2025-07-14 15:50:36,轉帳
T0009299,C01484,P00266,1,1447,2025-07-29 16:13:02,行動支付
T0009300,C02677,P01934,4,8528,2025-07-12 05:31:17,行動支付
T0009301,C01226,P00697,3,258,2025-07-02 18:10:16,貨到付款
T0009302,C03900,P01629,3,4776,2025-07-05 09:03:45,轉帳
T0009303,C03930,P00985,1,2003,2025-07-08 11:17:35,貨到付款
T0009304,C03851,P00590,3,5520,2025-07-23 15:12:24,信用卡
T0009305,C03296,P00643,4,5504,2025-07-12 02:34:17,貨到付款
T0009306,C01374,P01622,2,5990,2025-07-25 17:39:34,行動支付
T0009307,C04674,P01962,3,1272,2025-07-27 09:25:05,貨到付款
T0009308,C03137,P01181,4,4404,2025-07-07 10:19:01,信用卡
T0009309,C03191,P00274,3,3498,2025-07-13 05:23:30,轉帳
T0009310,C02896,P00638,1,2351,2025-07-06 06:25:54,信用卡
T0009311,C00517,P01494,3,10182,2025-07-07 17:22:30,信用卡
T0009312,C02295,P01925,3,636,2025-07-25 10:25:42,信用卡
T0009313,C02979,P00563,2,5990,2025-07-23 15:02:00,信用卡
T0009314,C00535,P00570,1,3508,2025-07-15 10:59:43,貨到付款
T0009315,C01412,P00658,1,3323,2025-07-23 12:14:32,轉帳
T0009316,C04473,P01027,2,4194,2025-07-21 18:22:33,轉帳
T0009317,C00463,P00248,3,10425,2025-07-25 21:00:01,信用卡
T0009318,C02471,P00032,4,3276,2025-07-19 14:37:58,行動支付
T0009319,C01806,P01122,1,-45,2025-07-17 14:57:43,行動支付
T0009320,C04191,P01436,1,3184,2025-07-30 18:10:50,信用卡
T0009321,C01954,P01190,3,357,2025-07-23 22:41:51,行動支付
T0009322,C02455,P00695,3,8112,2025-07-29 23:44:01,轉帳
T0009323,C00109,P00700,1,797,2025-07-30 12:55:17,信用卡
T0009324,C00367,P00422,3,10935,2025-07-20 00:32:48,信用卡
T0009325,C04796,P01772,4,1852,2025-07-15 19:22:46,轉帳
T0009326,C00381,P01690,1,1972,2025-07-20 11:17:14,轉帳
T0009327,C03436,P01524,4,8112,2025-07-27 06:50:20,貨到付款
T0009328,C01876,P00796,4,6264,2025-07-08 23:53:18,信用卡
T0009329,C01567,P00812,3,9657,2025-07-20 13:06:45,信用卡
T0009330,C04541,P01733,4,5444,2025-07-02 15:46:58,轉帳
T0009331,C04042,P01194,3,4662,2025-07-19 14:28:29,貨到付款
T0009332,C00899,P01371,2,3972,2025-07-05 03:09:44,行動支付
T0009333,C00050,P00298,3,5769,2025-07-14 12:58:24,貨到付款
T0009334,C00893,P00986,4,996,2025-07-24 18:48:20,貨到付款
T0009335,C02836,P00990,2,5300,2025-07-30 11:02:00,行動支付
T0009336,C03033,P00629,3,2001,2025-07-05 11:08:29,貨到付款
T0009337,C00157,P00814,4,640,2025-07-25 13:03:54,貨到付款
T0009338,C04879,P00024,1,1194,2025-07-28 15:26:51,信用卡
T0009339,C04968,P01939,1,3069,2025-07-28 22:39:30,行動支付
T0009340,C02419,P00816,3,7182,2025-07-25 21:27:44,貨到付款
T0009341,C03070,P01621,3,7206,2025-07-19 05:34:44,信用卡
T0009342,C02732,P01680,1,2512,2025-07-02 21:06:16,信用卡
T0009343,C00791,P00619,4,5708,2025-07-12 05:35:24,行動支付
T0009344,C03708,P00846,4,3924,2025-07-21 17:00:07,貨到付款
T0009345,C04632,P00895,4,8364,2025-07-30 14:57:55,信用卡
T0009346,C00964,P00592,3,7149,2025-07-03 10:56:02,轉帳
T0009347,C00147,P01727,2,3476,2025-07-16 13:00:03,貨到付款
T0009348,C00115,P00308,2,4938,2025-07-01 14:54:49,信用卡
T0009349,C02558,P00843,2,3714,2025-07-29 17:05:22,轉帳
T0009350,C00761,P01843,2,8314,2025-07-12 12:59:22,貨到付款
T0009351,C04334,P00032,2,1638,2025-07-30 16:55:37,轉帳
T0009352,C00573,P00393,3,7209,2025-07-29 18:55:09,轉帳
T0009353,C01084,P01599,3,459,2025-07-28 11:20:22,行動支付
T0009354,C01637,P00125,2,3948,2025-07-31 14:11:13,轉帳
T0009355,C01098,P01007,3,504,2025-07-06 03:19:47,行動支付
T0009356,C03638,P00054,3,2760,2025-07-18 22:19:17,信用卡
T0009357,C04699,P00748,2,6162,2025-07-25 06:39:51,行動支付
T0009358,C01337,P00398,4,2472,2025-07-25 16:23:41,轉帳
T0009359,C02407,P00008,3,11262,2025-07-03 21:25:36,貨到付款
T0009360,C04766,P00882,4,3860,2025-07-20 04:03:15,行動支付
T0009361,C01742,P01358,3,8538,2025-07-18 06:27:37,行動支付
T0009362,C02757,P01269,3,597,2025-07-11 16:02:30,行動支付
T0009363,C01471,P00180,2,7366,2025-07-01 13:42:43,貨到付款
T0009364,C03725,P00994,3,5574,2025-07-25 14:23:45,信用卡
T0009365,C02479,P00187,1,3607,2025-07-03 00:27:52,信用卡
T0009366,C02563,P00846,1,981,2025-07-27 05:57:07,貨到付款
T0009367,C01999,P00693,2,2910,2025-07-21 19:51:08,行動支付
T0009368,C00965,P00880,4,15568,2025-07-17 20:18:02,貨到付款
T0009369,C00864,P00123,4,6312,2025-07-23 20:41:07,貨到付款
T0009370,C03435,P00257,4,1748,2025-07-03 14:12:01,信用卡
T0009371,C04436,P00511,1,1920,2025-07-22 13:50:38,行動支付
T0009372,C01405,P00150,4,12920,2025-07-08 20:09:04,行動支付
T0009373,C01964,P00490,4,10452,2025-07-09 12:34:28,行動支付
T0009374,C02918,P00652,2,5236,2025-07-29 23:33:37,行動支付
T0009375,C03832,P00884,4,9216,2025-07-20 18:56:36,轉帳
T0009376,C01557,P00530,1,2279,2025-07-13 03:36:15,貨到付款
T0009377,C03970,P01419,1,1068,2025-07-01 19:11:35,信用卡
T0009378,C04768,P01937,1,3459,2025-07-10 04:09:04,信用卡
T0009379,C02439,P01463,2,1372,2025-07-17 13:20:24,貨到付款
T0009380,C04414,P00730,2,998,2025-07-28 03:59:12,貨到付款
T0009381,C02118,P00194,3,4248,2025-07-24 08:06:09,行動支付
T0009382,C03735,P01623,4,7244,2025-07-21 14:16:44,轉帳
T0009383,C04079,P01388,2,5418,2025-07-24 16:47:33,貨到付款
T0009384,C03114,P01975,1,2732,2025-07-19 10:16:39,貨到付款
T0009385,C03036,P00935,1,1876,2025-07-30 16:35:17,貨到付款
T0009386,C02146,P00108,2,4936,2025-07-09 22:38:55,貨到付款
T0009387,C02835,P01445,2,5864,2025-07-08 16:53:27,信用卡
T0009388,C01869,P00246,2,7052,2025-07-12 23:29:04,轉帳
T0009389,C03163,P01867,3,8403,2025-07-20 18:57:31,轉帳
T0009390,C00321,P00159,1,326,2025-07-21 20:03:43,轉帳
T0009391,C00836,P01285,3,2946,2025-07-31 13:32:29,轉帳
T0009392,C00168,P01049,3,1332,2025-07-10 16:02:21,貨到付款
T0009393,C02556,P01151,4,6992,2025-07-13 09:14:01,信用卡
T0009394,C02934,P00795,1,-66,2025-07-28 19:46:03,行動支付
T0009395,C01467,P01928,1,1916,2025-07-27 08:00:37,行動支付
T0009396,C04133,P01873,2,582,2025-07-21 23:17:40,信用卡
T0009397,C03225,P01695,2,5458,2025-07-13 20:23:00,信用卡
T0009398,C04825,P00809,4,1284,2025-07-28 07:53:56,轉帳
T0009399,C01761,P00429,3,8139,2025-07-30 19:49:46,轉帳
T0009400,C00149,P00660,2,5404,2025-07-08 21:03:26,信用卡
T0009401,C00899,P01770,2,1738,2025-07-13 15:55:24,信用卡
T0009402,C01613,P01107,1,941,2025-07-14 20:54:53,行動支付
T0009403,C03954,P00389,1,2194,2025-07-12 00:22:39,行動支付
T0009404,C01788,P00644,2,5492,2025-07-01 20:54:23,信用卡
T0009405,C00363,P01214,1,1492,2025-07-21 13:29:27,轉帳
T0009406,C03284,P00527,4,10524,2025-07-11 15:57:36,轉帳
T0009407,C01859,P01341,2,1482,2025-07-07 20:30:36,信用卡
T0009408,C03897,P00920,1,2071,2025-07-23 22:37:06,轉帳
T0009409,C00611,P01093,4,2744,2025-07-30 17:31:17,貨到付款
T0009410,C01592,P00013,1,1774,2025-07-08 15:56:36,行動支付
T0009411,C00054,P01373,1,3015,2025-07-27 14:45:12,貨到付款
T0009412,C01644,P00098,1,2691,2025-07-11 21:05:44,轉帳
T0009413,C02326,P00371,2,3452,2025-07-26 18:36:46,轉帳
T0009414,C03976,P00485,3,10569,2025-07-30 22:51:54,轉帳
T0009415,C04493,P01492,1,949,2025-07-01 17:01:08,轉帳
T0009416,C02808,P00956,4,9988,2025-07-15 14:50:17,信用卡
T0009417,C01927,P00948,2,1576,2025-07-16 05:48:49,轉帳
T0009418,C03009,P01462,2,1196,2025-07-28 12:16:43,信用卡
T0009419,C02636,P01084,4,6736,2025-07-21 11:05:06,轉帳
T0009420,C00514,P00488,1,1645,2025-07-03 20:37:03,信用卡
T0009421,C01390,P00011,3,10614,2025-07-05 10:26:48,信用卡
T0009422,C03039,P01284,1,323,2025-07-22 10:31:28,轉帳
T0009423,C04416,P01127,4,6972,2025-07-07 23:59:35,行動支付
T0009424,C04299,P00327,2,1624,2025-07-04 19:54:50,信用卡
T0009425,C00374,P01206,3,8328,2025-07-08 00:57:34,信用卡
T0009426,C04463,P00864,2,2362,2025-07-08 07:16:23,貨到付款
T0009427,C02108,P00483,4,3276,2025-07-06 05:34:58,轉帳
T0009428,C03781,P00379,1,1899,2025-07-25 20:13:19,信用卡
T0009429,C01588,P01634,3,6324,2025-07-13 05:12:47,貨到付款
T0009430,C01600,P01380,2,1976,2025-07-29 10:28:16,貨到付款
T0009431,C00985,P01207,2,7032,2025-07-21 10:23:26,貨到付款
T0009432,C04013,P00958,2,2608,2025-07-11 14:57:58,行動支付
T0009433,C02493,P01572,1,4184,2025-07-18 13:48:34,轉帳
T0009434,C04951,P00266,3,4341,2025-07-02 19:21:58,轉帳
T0009435,C02106,P01131,1,4062,2025-07-18 03:03:45,轉帳
T0009436,C00620,P01721,1,390,2025-07-12 21:36:42,行動支付
T0009437,C00855,P00578,1,1800,2025-07-12 22:44:48,信用卡
T0009438,C01634,P00079,4,11300,2025-07-07 16:20:30,行動支付
T0009439,C01914,P01737,4,15320,2025-07-27 08:57:03,轉帳
T0009440,C02882,P01843,4,16628,2025-07-30 07:20:17,信用卡
T0009441,C01425,P00644,3,8238,2025-07-08 18:44:47,信用卡
T0009442,C03218,P01526,1,3940,2025-07-26 23:29:34,轉帳
T0009443,C04280,P01630,1,3151,2025-07-04 16:03:30,轉帳
T0009444,C04939,P01869,4,7108,2025-07-15 17:58:45,轉帳
T0009445,C04558,P01791,1,1964,2025-07-26 06:59:46,貨到付款
T0009446,C01421,P00920,1,2071,2025-07-30 08:18:56,轉帳
T0009447,C04208,P01234,2,3886,2025-07-17 22:55:51,轉帳
T0009448,C02014,P01187,1,590,2025-07-04 13:48:53,信用卡
T0009449,C04479,P00373,2,3318,2025-07-21 22:53:07,轉帳
T0009450,C04590,P00330,1,2479,2025-07-31 12:27:26,行動支付
T0009451,C00195,P00946,3,5250,2025-07-03 21:42:38,信用卡
T0009452,C03223,P00473,4,14008,2025-07-11 11:29:05,行動支付
T0009453,C00347,P01866,2,1346,2025-07-02 00:53:26,轉帳
T0009454,C00475,P00318,4,13492,2025-07-30 13:53:09,貨到付款
T0009455,C04012,P01441,2,1202,2025-07-30 14:27:34,貨到付款
T0009456,C03616,P01734,2,3122,2025-07-18 13:54:50,貨到付款
T0009457,C01373,P01303,2,4448,2025-07-11 18:15:49,信用卡
T0009458,C03768,P00093,3,1143,2025-07-28 17:25:14,信用卡
T0009459,C02001,P00476,1,3983,2025-07-16 22:31:27,貨到付款
T0009460,C02782,P00364,2,640,2025-07-14 13:39:56,貨到付款
T0009461,C01565,P01150,3,7899,2025-07-12 14:02:10,行動支付
T0009462,C03061,P00502,2,8722,2025-07-22 11:18:59,貨到付款
T0009463,C01966,P01983,1,1482,2025-07-25 20:14:57,轉帳
T0009464,C03482,P00130,2,648,2025-07-26 13:53:27,信用卡
T0009465,C02272,P01233,3,513,2025-07-06 04:27:17,行動支付
T0009466,C04243,P00455,1,699,2025-07-17 20:39:41,貨到付款
T0009467,C04835,P01596,3,4764,2025-07-04 16:25:06,信用卡
T0009468,C00607,P01032,1,2541,2025-07-10 13:10:35,轉帳
T0009469,C01869,P00586,1,3122,2025-07-17 11:13:45,信用卡
T0009470,C03089,P00424,4,15472,2025-07-11 16:03:42,行動支付
T0009471,C00146,P00593,4,8572,2025-07-12 18:12:05,信用卡
T0009472,C00239,P01319,4,15304,2025-07-22 13:40:12,信用卡
T0009473,C00051,P01209,1,3170,2025-07-03 18:12:22,信用卡
T0009474,C00525,P01050,2,882,2025-07-14 08:06:28,行動支付
T0009475,C01614,P01778,3,10773,2025-07-29 00:31:32,行動支付
T0009476,C03437,P00018,3,10455,2025-07-10 15:19:19,貨到付款
T0009477,C02178,P01345,3,4674,2025-07-15 22:36:50,行動支付
T0009478,C00850,P00662,4,6112,2025-07-07 14:47:11,信用卡
T0009479,C00955,P00642,1,3226,2025-07-08 19:56:51,轉帳
T0009480,C04511,P00168,4,6432,2025-07-24 08:48:24,貨到付款
T0009481,C01844,P01685,2,1478,2025-07-03 17:55:26,轉帳
T0009482,C04514,P01380,1,988,2025-07-18 10:10:22,信用卡
T0009483,C04947,P00253,3,3738,2025-07-17 16:42:33,行動支付
T0009484,C04670,P00778,4,14560,2025-07-31 22:17:42,行動支付
T0009485,C04340,P01829,4,420,2025-07-07 09:40:45,貨到付款
T0009486,C01298,P00885,2,498,2025-07-25 12:43:43,貨到付款
T0009487,C03924,P00872,2,1988,2025-07-16 12:33:28,行動支付
T0009488,C00554,P01379,4,11940,2025-07-10 14:01:55,信用卡
T0009489,C04735,P01244,2,2038,2025-07-15 10:30:09,信用卡
T0009490,C00375,P00403,3,624,2025-07-19 15:06:47,信用卡
T0009491,C01646,P01918,2,1450,2025-07-16 13:21:28,信用卡
T0009492,C03063,P00248,2,6950,2025-07-16 16:51:54,行動支付
T0009493,C04062,P00007,4,7304,2025-07-02 13:32:57,貨到付款
T0009494,C01349,P01664,4,1072,2025-07-08 19:16:09,轉帳
T0009495,C00851,P01577,1,3503,2025-07-11 09:32:02,貨到付款
T0009496,C00688,P01969,1,262,2025-07-20 07:21:20,貨到付款
T0009497,C02303,P00426,4,8860,2025-07-03 16:42:08,信用卡
T0009498,C00631,P00309,2,6166,2025-07-10 07:59:08,貨到付款
T0009499,C04309,P01546,2,3198,2025-07-17 22:15:19,貨到付款
T0009500,C03765,P00864,1,1181,2025-07-18 11:04:27,信用卡
T0009501,C04438,P01250,1,3014,2025-07-28 19:42:28,信用卡
T0009502,C04829,P01558,1,3793,2025-07-02 21:41:42,信用卡
T0009503,C02066,P01827,3,4035,2025-07-13 06:58:07,行動支付
T0009504,C02233,P00985,3,6009,2025-07-10 12:13:15,行動支付
T0009505,C00611,P00934,1,2243,2025-07-16 18:22:53,信用卡
T0009506,C02637,P00436,2,3800,2025-07-06 00:52:23,行動支付
T0009507,C02889,P01878,1,465,2025-07-13 14:17:27,信用卡
T0009508,C03306,P00828,3,7587,2025-07-31 18:24:43,貨到付款
T0009509,C04881,P01451,2,2910,2025-07-31 12:04:22,行動支付
T0009510,C01609,P01399,3,1911,2025-07-29 15:12:30,貨到付款
T0009511,C03654,P00067,2,826,2025-07-14 21:33:17,轉帳
T0009512,C01129,P00796,3,4698,2025-07-01 19:05:12,轉帳
T0009513,C01319,P01857,2,4356,2025-07-09 05:31:32,轉帳
T0009514,C01481,P01460,2,4578,2025-07-03 01:00:31,行動支付
T0009515,C00413,P00056,2,514,2025-07-04 16:30:41,轉帳
T0009516,C02792,P01605,2,6036,2025-07-04 17:19:57,行動支付
T0009517,C04364,P00006,4,2168,2025-07-12 02:37:22,信用卡
T0009518,C03297,P01117,3,6033,2025-07-04 12:54:44,行動支付
T0009519,C03676,P00104,3,11076,2025-07-21 13:34:49,信用卡
T0009520,C01029,P00756,4,14132,2025-07-07 16:54:13,轉帳
T0009521,C00390,P00069,2,8434,2025-07-13 13:55:29,信用卡
T0009522,C04858,P01228,2,3646,2025-07-06 14:27:46,行動支付
T0009523,C00301,P00338,3,12258,2025-07-03 20:33:03,信用卡
T0009524,C00065,P01006,4,11748,2025-07-18 11:57:33,貨到付款
T0009525,C01080,P00608,2,6088,2025-07-17 21:24:52,行動支付
T0009526,C04092,P01260,2,1122,2025-07-18 12:08:54,轉帳
T0009527,C00939,P00169,2,520,2025-07-15 18:12:41,轉帳
T0009528,C00522,P01648,1,1274,2025-07-29 01:38:38,行動支付
T0009529,C01043,P01280,4,3928,2025-07-02 14:01:50,行動支付
T0009530,C02952,P01582,2,1388,2025-07-10 18:24:17,轉帳
T0009531,C02638,P00595,1,1585,2025-07-09 13:15:01,貨到付款
T0009532,C04292,P00107,4,9260,2025-07-22 00:42:00,轉帳
T0009533,C03802,P01795,2,3284,2025-07-09 13:46:07,轉帳
T0009534,C01559,P00540,3,10179,2025-07-22 17:03:32,信用卡
T0009535,C02270,P01350,1,3078,2025-07-03 20:30:14,轉帳
T0009536,C00769,P01737,1,3830,2025-07-07 04:11:31,轉帳
T0009537,C02522,P00946,2,3500,2025-07-21 20:15:45,行動支付
T0009538,C04570,P01517,2,4278,2025-07-05 19:29:11,轉帳
T0009539,C01093,P01012,1,3307,2025-07-06 04:31:14,信用卡
T0009540,C01818,P00856,3,9489,2025-07-27 10:54:20,信用卡
T0009541,C04875,P00840,3,9798,2025-07-02 11:13:09,轉帳
T0009542,C04339,P00742,4,7976,2025-07-30 17:56:02,轉帳
T0009543,C02567,P01852,2,7274,2025-07-11 16:16:29,轉帳
T0009544,C03900,P01683,3,9987,2025-07-08 13:20:53,信用卡
T0009545,C00939,P00859,4,8112,2025-07-05 03:48:52,行動支付
T0009546,C01389,P00319,3,7545,2025-07-22 21:16:37,行動支付
T0009547,C00820,P01685,2,1478,2025-07-07 03:50:52,轉帳
T0009548,C01535,P00490,4,10452,2025-07-25 13:13:36,行動支付
T0009549,C04349,P00809,4,1284,2025-07-15 21:49:19,行動支付
T0009550,C03241,P01609,4,9000,2025-07-27 08:12:43,信用卡
T0009551,C00736,P01324,3,5676,2025-07-22 13:39:37,行動支付
T0009552,C04380,P00713,2,778,2025-07-14 12:26:03,行動支付
T0009553,C03725,P01693,4,14580,2025-07-21 13:03:45,行動支付
T0009554,C01202,P01619,1,-76,2025-07-01 17:39:45,信用卡
T0009555,C04470,P00807,2,3974,2025-07-15 10:16:56,信用卡
T0009556,C00935,P01910,1,3938,2025-07-01 18:05:16,信用卡
T0009557,C00142,P00524,1,705,2025-07-21 18:07:58,行動支付
T0009558,C03309,P00823,4,1644,2025-07-28 13:05:50,轉帳
T0009559,C02263,P00141,4,3336,2025-07-03 17:54:05,信用卡
T0009560,C01327,P01147,3,4119,2025-07-23 11:23:26,轉帳
T0009561,C04634,P00534,3,1323,2025-07-10 18:41:48,信用卡
T0009562,C00420,P01190,3,357,2025-07-06 16:59:18,信用卡
T0009563,C02157,P01291,2,7706,2025-07-29 20:27:02,貨到付款
T0009564,C00753,P00417,3,4983,2025-07-02 14:34:48,轉帳
T0009565,C02510,P01045,1,140,2025-07-21 16:11:10,信用卡
T0009566,C02539,P00435,3,12174,2025-07-07 15:13:23,貨到付款
T0009567,C00265,P01174,4,2324,2025-07-28 15:58:39,行動支付
T0009568,C01362,P01540,3,7821,2025-07-07 16:38:20,信用卡
T0009569,C00489,P01358,2,5692,2025-07-30 16:23:56,行動支付
T0009570,C03243,P01497,2,3252,2025-07-29 16:10:09,貨到付款
T0009571,C03660,P01677,1,3547,2025-07-11 04:30:17,貨到付款
T0009572,C02112,P01416,2,4894,2025-07-28 15:11:38,信用卡
T0009573,C01470,P01684,3,9972,2025-07-09 17:29:22,信用卡
T0009574,C02013,P01196,4,8752,2025-07-13 08:06:10,行動支付
T0009575,C02970,P00154,2,5546,2025-07-17 20:51:32,轉帳
T0009576,C02647,P01197,1,3160,2025-07-22 21:42:21,轉帳
T0009577,C02468,P01412,3,3120,2025-07-14 11:12:27,轉帳
T0009578,C02167,P00854,1,1763,2025-07-16 14:22:49,信用卡
T0009579,C03405,P01178,2,8560,2025-07-15 04:05:47,行動支付
T0009580,C03231,P01240,2,-10,2025-07-01 05:08:40,貨到付款
T0009581,C04794,P00629,1,667,2025-07-03 11:41:48,貨到付款
T0009582,C01097,P00627,3,8370,2025-07-30 18:33:31,行動支付
T0009583,C00265,P01733,2,2722,2025-07-12 18:41:49,貨到付款
T0009584,C00178,P01194,4,6216,2025-07-22 19:11:04,行動支付
T0009585,C01330,P01600,2,3784,2025-07-10 12:32:13,轉帳
T0009586,C00329,P00415,3,2289,2025-07-27 19:18:43,轉帳
T0009587,C00505,P01647,2,2520,2025-07-25 19:48:50,貨到付款
T0009588,C01132,P01550,1,861,2025-07-15 12:32:33,行動支付
T0009589,C03101,P00873,2,1742,2025-07-23 17:39:27,信用卡
T0009590,C03579,P00432,2,5308,2025-07-29 15:12:35,貨到付款
T0009591,C01959,P00263,3,8844,2025-07-23 09:09:23,行動支付
T0009592,C00506,P00444,1,928,2025-07-28 12:02:39,貨到付款
T0009593,C03669,P01180,3,10275,2025-07-28 10:21:44,貨到付款
T0009594,C04397,P01786,2,7740,2025-07-08 22:21:11,信用卡
T0009595,C01341,P00202,4,7812,2025-07-31 04:04:31,行動支付
T0009596,C01028,P00201,2,982,2025-07-07 18:18:50,貨到付款
T0009597,C03928,P01437,3,450,2025-07-13 10:54:01,轉帳
T0009598,C01738,P01171,4,3504,2025-07-31 19:34:46,貨到付款
T0009599,C01439,P01869,3,5331,2025-07-19 15:51:45,轉帳
T0009600,C02981,P01067,3,3519,2025-07-24 22:47:16,轉帳
T0009601,C03669,P01301,1,1706,2025-07-16 07:22:30,貨到付款
T0009602,C00471,P01321,4,8436,2025-07-25 12:57:06,轉帳
T0009603,C02516,P01820,2,678,2025-07-01 16:42:58,信用卡
T0009604,C03502,P00659,3,3906,2025-07-03 02:13:52,信用卡
T0009605,C02383,P00576,2,2026,2025-07-01 10:56:06,貨到付款
T0009606,C01526,P01865,1,3958,2025-07-23 10:37:21,行動支付
T0009607,C04533,P00455,1,699,2025-07-31 13:11:06,轉帳
T0009608,C01193,P00032,4,3276,2025-07-28 20:38:32,轉帳
T0009609,C01575,P01399,1,637,2025-07-08 10:09:35,信用卡
T0009610,C00347,P00364,1,320,2025-07-12 21:06:16,轉帳
T0009611,C00936,P00900,2,6652,2025-07-05 22:26:52,貨到付款
T0009612,C04499,P01482,1,2660,2025-07-08 17:26:47,貨到付款
T0009613,C00709,P01975,1,2732,2025-07-24 09:18:16,貨到付款
T0009614,C00063,P01751,3,2922,2025-07-11 11:30:06,貨到付款
T0009615,C02373,P00274,1,1166,2025-07-11 17:17:20,轉帳
T0009616,C01670,P00386,3,10377,2025-07-04 20:25:31,轉帳
T0009617,C00887,P01183,1,1212,2025-07-18 21:31:35,行動支付
T0009618,C01319,P01062,1,3749,2025-07-17 20:49:53,貨到付款
T0009619,C00384,P01830,4,13000,2025-07-31 05:07:40,轉帳
T0009620,C03396,P01878,4,1860,2025-07-12 18:06:13,信用卡
T0009621,C04265,P00600,3,10353,2025-07-06 10:19:11,轉帳
T0009622,C02970,P01653,1,2740,2025-07-07 21:45:43,行動支付
T0009623,C04847,P01858,2,2474,2025-07-13 04:22:50,轉帳
T0009624,C02915,P00323,4,7816,2025-07-09 14:43:02,信用卡
T0009625,C02441,P00795,2,-132,2025-07-07 10:24:52,行動支付
T0009626,C01237,P00922,4,15516,2025-07-24 16:12:05,貨到付款
T0009627,C00546,P01008,4,4148,2025-07-02 21:54:21,行動支付
T0009628,C04094,P00983,1,3093,2025-07-15 06:29:15,信用卡
T0009629,C02836,P01694,4,1876,2025-07-06 04:35:06,貨到付款
T0009630,C04952,P01548,2,4192,2025-07-12 07:21:08,行動支付
T0009631,C04176,P01052,4,11432,2025-07-15 22:35:46,轉帳
T0009632,C02626,P01817,3,3108,2025-07-16 14:49:10,轉帳
T0009633,C00836,P00257,1,437,2025-07-21 13:56:11,貨到付款
T0009634,C00732,P00900,1,3326,2025-07-29 11:27:18,貨到付款
T0009635,C00469,P01285,3,2946,2025-07-01 23:37:14,信用卡
T0009636,C01523,P01297,3,4008,2025-07-01 17:48:39,貨到付款
T0009637,C03680,P00115,3,579,2025-07-18 14:38:05,貨到付款
T0009638,C02263,P01314,4,2664,2025-07-20 17:00:30,行動支付
T0009639,C03674,P01945,1,3301,2025-07-23 16:31:36,行動支付
T0009640,C04948,P00580,3,1863,2025-07-13 13:38:36,轉帳
T0009641,C01286,P00775,4,2600,2025-07-07 18:06:36,行動支付
T0009642,C02432,P00098,3,8073,2025-07-21 09:57:40,行動支付
T0009643,C01821,P01395,2,6958,2025-07-19 06:52:58,貨到付款
T0009644,C00067,P01974,2,5644,2025-07-22 14:24:07,信用卡
T0009645,C01763,P00399,1,2165,2025-07-06 05:42:05,行動支付
T0009646,C03550,P01446,4,6068,2025-07-20 16:00:02,轉帳
T0009647,C04456,P01151,2,3496,2025-07-05 06:23:21,轉帳
T0009648,C03872,P00740,2,2708,2025-07-04 15:58:20,行動支付
T0009649,C04284,P00611,4,13940,2025-07-17 19:57:13,貨到付款
T0009650,C04510,P01495,3,8595,2025-07-29 22:28:13,貨到付款
T0009651,C02978,P01149,4,11076,2025-07-11 11:10:56,信用卡
T0009652,C00563,P01072,3,5259,2025-07-16 02:32:49,信用卡
T0009653,C03428,P01739,2,4508,2025-07-27 14:25:26,轉帳
T0009654,C03641,P00542,2,6862,2025-07-31 14:27:51,轉帳
T0009655,C00103,P00049,2,376,2025-07-29 22:23:52,行動支付
T0009656,C04893,P01358,1,2846,2025-07-18 20:17:13,信用卡
T0009657,C04281,P01030,1,1741,2025-07-03 06:10:58,貨到付款
T0009658,C03296,P01373,1,3015,2025-07-03 04:42:44,轉帳
T0009659,C00708,P01247,4,5392,2025-07-13 08:54:48,行動支付
T0009660,C02489,P01134,2,882,2025-07-03 12:39:16,轉帳
T0009661,C01221,P01593,2,8522,2025-07-27 11:50:39,信用卡
T0009662,C03705,P00385,4,2700,2025-07-30 14:23:43,信用卡
T0009663,C04866,P01356,1,629,2025-07-26 06:12:05,信用卡
T0009664,C01797,P00482,4,11780,2025-07-01 13:28:31,信用卡
T0009665,C03721,P00007,1,1826,2025-07-03 18:59:13,行動支付
T0009666,C00969,P01241,2,678,2025-07-22 04:42:49,信用卡
T0009667,C04774,P01836,3,7080,2025-07-05 11:36:26,轉帳
T0009668,C03193,P00308,1,2469,2025-07-02 16:40:34,信用卡
T0009669,C04827,P00789,2,3192,2025-07-19 18:35:24,轉帳
T0009670,C04385,P00238,2,6770,2025-07-20 10:12:21,貨到付款
T0009671,C03394,P01678,3,4872,2025-07-28 15:13:16,轉帳
T0009672,C04496,P00118,2,1228,2025-07-29 10:06:16,信用卡
T0009673,C02246,P01760,2,512,2025-07-19 06:21:10,貨到付款
T0009674,C04791,P00834,1,3998,2025-07-24 07:22:45,行動支付
T0009675,C02634,P00768,1,1232,2025-07-28 22:35:27,貨到付款
T0009676,C01326,P00264,3,4203,2025-07-02 14:41:48,信用卡
T0009677,C03395,P00197,3,8862,2025-07-01 19:57:32,信用卡
T0009678,C04439,P00645,2,304,2025-07-04 16:43:17,貨到付款
T0009679,C01955,P01801,1,2136,2025-07-02 17:55:55,轉帳
T0009680,C02086,P01464,3,6741,2025-07-24 19:53:39,貨到付款
T0009681,C04969,P01368,3,2160,2025-07-19 02:07:51,貨到付款
T0009682,C01546,P00812,4,12876,2025-07-31 12:06:18,行動支付
T0009683,C00205,P00555,3,3597,2025-07-01 13:03:35,貨到付款
T0009684,C02600,P00998,2,4834,2025-07-12 00:05:45,轉帳
T0009685,C01716,P01853,1,1991,2025-07-08 18:30:40,轉帳
T0009686,C03061,P01894,3,3228,2025-07-09 18:38:44,信用卡
T0009687,C02167,P00644,4,10984,2025-07-13 21:50:26,信用卡
T0009688,C02275,P01503,1,4043,2025-07-09 05:11:10,信用卡
T0009689,C04840,P00716,3,-282,2025-07-26 09:28:08,行動支付
T0009690,C03961,P00987,4,14348,2025-07-11 18:44:14,貨到付款
T0009691,C01442,P00199,3,9921,2025-07-23 16:55:11,轉帳
T0009692,C04847,P01932,1,838,2025-07-10 13:38:59,轉帳
T0009693,C02494,P00509,1,1640,2025-07-24 14:54:18,轉帳
T0009694,C03427,P00861,1,1000,2025-07-05 06:34:05,貨到付款
T0009695,C02331,P00011,2,7076,2025-07-15 12:40:17,轉帳
T0009696,C00751,P00104,3,11076,2025-07-05 08:15:59,行動支付
T0009697,C04833,P01047,2,5918,2025-07-19 16:52:46,貨到付款
T0009698,C03118,P00675,1,1945,2025-07-26 20:33:41,貨到付款
T0009699,C03321,P01573,4,-64,2025-07-11 19:11:28,轉帳
T0009700,C01518,P00829,3,11328,2025-07-26 19:27:32,行動支付
T0009701,C01441,P01061,2,1952,2025-07-28 10:36:06,信用卡
T0009702,C03998,P00265,3,5112,2025-07-18 17:06:10,信用卡
T0009703,C00077,P01366,4,10252,2025-07-05 07:49:24,貨到付款
T0009704,C00204,P00714,2,202,2025-07-13 02:16:56,信用卡
T0009705,C01415,P00829,1,3776,2025-07-06 18:34:02,貨到付款
T0009706,C02965,P00705,2,8218,2025-07-20 19:00:10,轉帳
T0009707,C00265,P00650,3,9615,2025-07-01 17:53:29,轉帳
T0009708,C01529,P00307,3,10416,2025-07-19 16:38:27,轉帳
T0009709,C02151,P01783,3,8241,2025-07-22 11:55:58,貨到付款
T0009710,C03301,P01723,3,10104,2025-07-04 20:43:20,信用卡
T0009711,C00003,P00520,1,948,2025-07-20 01:30:21,行動支付
T0009712,C01257,P01539,2,5372,2025-07-21 11:07:28,信用卡
T0009713,C01751,P01177,1,3342,2025-07-02 10:54:22,貨到付款
T0009714,C01416,P00944,1,2972,2025-07-29 11:31:38,轉帳
T0009715,C04295,P00592,1,2383,2025-07-16 00:24:03,行動支付
T0009716,C03326,P00287,3,5841,2025-07-10 21:15:29,行動支付
T0009717,C03844,P01696,3,11979,2025-07-25 15:22:35,行動支付
T0009718,C00775,P00403,3,624,2025-07-15 10:23:12,信用卡
T0009719,C00430,P01058,2,2354,2025-07-15 06:08:02,行動支付
T0009720,C01353,P01824,4,5764,2025-07-22 08:14:15,貨到付款
T0009721,C04979,P01996,3,3960,2025-07-08 01:12:59,轉帳
T0009722,C00983,P00033,2,4108,2025-07-28 10:24:36,貨到付款
T0009723,C02926,P01551,3,9258,2025-07-30 20:17:28,行動支付
T0009724,C00403,P01672,3,2892,2025-07-25 11:57:04,信用卡
T0009725,C01094,P01641,1,1904,2025-07-07 22:15:04,轉帳
T0009726,C02365,P01734,1,1561,2025-07-30 07:05:38,行動支付
T0009727,C01773,P01460,1,2289,2025-07-14 15:39:18,信用卡
T0009728,C04058,P00905,2,7036,2025-07-18 19:44:19,信用卡
T0009729,C03185,P01916,4,11972,2025-07-06 03:41:27,行動支付
T0009730,C02112,P00816,4,9576,2025-07-07 06:19:56,轉帳
T0009731,C04834,P00091,2,-150,2025-07-07 01:56:53,貨到付款
T0009732,C00490,P01244,3,3057,2025-07-20 00:13:41,信用卡
T0009733,C01306,P01619,2,-152,2025-07-31 17:19:44,行動支付
T0009734,C01510,P00535,3,7671,2025-07-19 02:04:22,行動支付
T0009735,C01553,P01832,2,7210,2025-07-27 09:21:12,信用卡
T0009736,C02819,P01025,2,4970,2025-07-28 20:24:27,行動支付
T0009737,C03394,P00822,2,8774,2025-07-16 06:25:19,信用卡
T0009738,C01612,P00346,4,10688,2025-07-14 21:45:12,轉帳
T0009739,C02890,P01594,1,2600,2025-07-11 06:59:19,轉帳
T0009740,C03416,P00665,2,6788,2025-07-11 10:32:48,貨到付款
T0009741,C00997,P00097,4,17588,2025-07-21 10:08:56,行動支付
T0009742,C00678,P01222,1,2949,2025-07-11 18:53:19,貨到付款
T0009743,C02771,P01069,1,1880,2025-07-17 18:46:11,行動支付
T0009744,C01505,P00060,2,3304,2025-07-27 17:28:48,行動支付
T0009745,C00427,P01217,3,702,2025-07-20 13:45:16,行動支付
T0009746,C02833,P01745,3,6684,2025-07-20 20:22:28,信用卡
T0009747,C03141,P01493,3,6972,2025-07-15 12:15:41,信用卡
T0009748,C02729,P00425,2,566,2025-07-08 13:07:42,行動支付
T0009749,C01879,P01335,3,1110,2025-07-20 11:43:24,貨到付款
T0009750,C04379,P00024,4,4776,2025-07-10 00:27:18,行動支付
T0009751,C02184,P01540,4,10428,2025-07-03 10:59:44,貨到付款
T0009752,C00693,P01275,4,14348,2025-07-31 19:41:04,信用卡
T0009753,C02209,P01647,4,5040,2025-07-11 12:09:19,行動支付
T0009754,C01566,P00951,1,961,2025-07-09 22:32:13,貨到付款
T0009755,C04674,P00969,4,3788,2025-07-01 21:28:56,轉帳
T0009756,C03562,P01689,3,6051,2025-07-11 01:25:12,行動支付
T0009757,C02341,P01642,2,4846,2025-07-05 11:01:12,信用卡
T0009758,C02138,P01151,3,5244,2025-07-21 12:07:16,行動支付
T0009759,C02102,P00973,4,2960,2025-07-04 21:43:22,信用卡
T0009760,C02051,P01681,1,3801,2025-07-05 09:38:40,信用卡
T0009761,C00138,P00673,4,13348,2025-07-13 04:59:26,行動支付
T0009762,C02794,P00305,2,814,2025-07-30 12:29:59,貨到付款
T0009763,C04787,P00537,3,3180,2025-07-05 17:11:58,貨到付款
T0009764,C02104,P00419,2,2820,2025-07-28 14:16:43,行動支付
T0009765,C03779,P00778,2,7280,2025-07-11 22:12:24,行動支付
T0009766,C03076,P00540,2,6786,2025-07-16 14:41:49,貨到付款
T0009767,C01511,P00026,3,6111,2025-07-16 17:27:30,轉帳
T0009768,C01213,P00635,4,13464,2025-07-22 12:30:40,行動支付
T0009769,C02561,P00084,2,6214,2025-07-28 22:24:38,貨到付款
T0009770,C00636,P00409,3,7539,2025-07-17 14:12:00,信用卡
T0009771,C02716,P01507,1,948,2025-07-29 19:44:14,信用卡
T0009772,C02827,P00755,3,3603,2025-07-07 11:31:39,信用卡
T0009773,C01466,P01382,1,1702,2025-07-25 16:51:46,行動支付
T0009774,C03776,P00598,3,1326,2025-07-18 22:51:06,信用卡
T0009775,C01963,P01018,4,13616,2025-07-27 10:10:41,信用卡
T0009776,C02014,P01967,2,2344,2025-07-31 14:55:30,信用卡
T0009777,C00029,P01146,4,10600,2025-07-04 17:24:04,信用卡
T0009778,C04037,P00996,3,3048,2025-07-10 21:18:39,貨到付款
T0009779,C04374,P01278,2,3914,2025-07-04 21:22:07,信用卡
T0009780,C02301,P00445,1,2235,2025-07-10 19:22:27,轉帳
T0009781,C00271,P00502,3,13083,2025-07-31 09:26:47,信用卡
T0009782,C00273,P00037,2,4682,2025-07-02 20:34:18,貨到付款
T0009783,C04149,P00673,1,3337,2025-07-19 22:44:09,轉帳
T0009784,C03249,P01656,1,1615,2025-07-13 00:26:32,信用卡
T0009785,C01667,P01522,4,2288,2025-07-29 10:10:32,轉帳
T0009786,C00486,P00090,3,5214,2025-07-15 16:45:25,貨到付款
T0009787,C01452,P01315,1,3432,2025-07-03 12:05:48,行動支付
T0009788,C02407,P00864,2,2362,2025-07-01 16:24:24,貨到付款
T0009789,C01656,P00337,1,3144,2025-07-03 18:23:39,行動支付
T0009790,C00304,P01233,1,171,2025-07-06 14:12:10,行動支付
T0009791,C03702,P00540,4,13572,2025-07-24 13:28:33,貨到付款
T0009792,C03372,P01301,4,6824,2025-07-20 01:35:32,行動支付
T0009793,C03696,P01617,2,5062,2025-07-11 20:02:27,行動支付
T0009794,C00265,P00088,4,3084,2025-07-19 00:03:52,信用卡
T0009795,C01025,P00466,1,2717,2025-07-23 21:14:18,貨到付款
T0009796,C00720,P00180,1,3683,2025-07-24 19:30:47,信用卡
T0009797,C03702,P01822,4,540,2025-07-27 19:48:47,行動支付
T0009798,C02476,P01200,1,3225,2025-07-03 05:03:08,轉帳
T0009799,C01117,P01525,1,3518,2025-07-16 11:53:53,行動支付
T0009800,C03378,P00664,2,3600,2025-07-21 10:14:55,信用卡
T0009801,C04261,P00560,4,8736,2025-07-17 17:23:40,行動支付
T0009802,C01504,P01683,1,3329,2025-07-19 19:44:55,信用卡
T0009803,C01554,P00035,4,832,2025-07-27 02:43:08,貨到付款
T0009804,C04945,P00382,2,584,2025-07-19 15:02:29,行動支付
T0009805,C00032,P00624,4,15020,2025-07-05 03:02:50,行動支付
T0009806,C02424,P00081,1,563,2025-07-07 11:47:35,貨到付款
T0009807,C03438,P00192,4,10124,2025-07-05 05:36:34,行動支付
T0009808,C00573,P01488,1,3067,2025-07-20 16:04:06,行動支付
T0009809,C00000,P01329,1,3816,2025-07-23 09:15:40,行動支付
T0009810,C03018,P00942,1,4022,2025-07-25 23:37:31,行動支付
T0009811,C00605,P01065,2,662,2025-07-25 19:58:50,行動支付
T0009812,C00484,P00920,4,8284,2025-07-08 16:42:29,轉帳
T0009813,C01021,P01219,2,3336,2025-07-20 03:35:29,行動支付
T0009814,C02368,P01911,4,1424,2025-07-13 23:34:52,信用卡
T0009815,C04163,P00227,2,914,2025-07-06 05:00:40,貨到付款
T0009816,C02219,P00617,3,3765,2025-07-18 18:11:08,轉帳
T0009817,C00278,P01026,1,205,2025-07-19 18:51:55,轉帳
T0009818,C00609,P00850,1,1810,2025-07-25 20:26:21,轉帳
T0009819,C02022,P00534,2,882,2025-07-04 12:43:16,轉帳
T0009820,C04913,P01818,3,1806,2025-07-26 12:21:29,轉帳
T0009821,C04101,P01045,1,140,2025-07-09 11:57:25,貨到付款
T0009822,C04208,P00317,4,7812,2025-07-05 19:24:33,貨到付款
T0009823,C02733,P00007,2,3652,2025-07-03 12:43:54,轉帳
T0009824,C04108,P01043,1,2197,2025-07-18 17:51:36,信用卡
T0009825,C03406,P01447,1,3592,2025-07-20 15:37:32,轉帳
T0009826,C04296,P01678,2,3248,2025-07-23 14:03:11,轉帳
T0009827,C03085,P00640,2,4652,2025-07-27 14:05:04,轉帳
T0009828,C02161,P01282,4,8416,2025-07-07 00:00:33,轉帳
T0009829,C03180,P01747,4,13936,2025-07-09 11:41:13,行動支付
T0009830,C00924,P01392,1,917,2025-07-19 02:18:57,信用卡
T0009831,C04092,P01611,1,609,2025-07-03 16:35:07,貨到付款
T0009832,C03287,P00552,2,3174,2025-07-25 23:44:40,行動支付
T0009833,C00853,P01141,1,1690,2025-07-15 16:15:57,行動支付
T0009834,C03708,P00318,1,3373,2025-07-07 01:21:00,貨到付款
T0009835,C02733,P01293,2,4642,2025-07-15 19:17:36,貨到付款
T0009836,C02380,P00439,1,678,2025-07-31 13:55:18,行動支付
T0009837,C01450,P01942,1,2702,2025-07-10 11:55:10,貨到付款
T0009838,C03337,P00858,3,3597,2025-07-15 07:53:37,信用卡
T0009839,C04795,P01473,4,2284,2025-07-06 13:56:41,信用卡
T0009840,C02464,P00721,2,1532,2025-07-31 00:45:33,轉帳
T0009841,C03338,P01097,3,7422,2025-07-09 22:41:16,行動支付
T0009842,C01955,P01432,4,16088,2025-07-25 22:50:50,轉帳
T0009843,C03488,P01513,4,8172,2025-07-14 06:24:37,信用卡
T0009844,C00536,P00331,4,5692,2025-07-07 22:26:51,行動支付
T0009845,C02084,P00839,3,3168,2025-07-06 06:03:33,轉帳
T0009846,C02124,P00961,3,2532,2025-07-24 15:21:55,貨到付款
T0009847,C00139,P01856,4,12524,2025-07-04 22:41:41,行動支付
T0009848,C02285,P00419,1,1410,2025-07-14 11:15:32,信用卡
T0009849,C02821,P01698,1,2614,2025-07-04 10:00:57,信用卡
T0009850,C00055,P00886,3,5280,2025-07-24 12:45:42,轉帳
T0009851,C01513,P01399,3,1911,2025-07-10 05:15:30,轉帳
T0009852,C03225,P00767,3,5856,2025-07-14 22:11:26,信用卡
T0009853,C04466,P00363,4,14620,2025-07-28 19:38:17,信用卡
T0009854,C03099,P01180,1,3425,2025-07-04 18:08:23,信用卡
T0009855,C00213,P01314,3,1998,2025-07-30 21:34:13,貨到付款
T0009856,C04535,P01284,3,969,2025-07-17 13:51:27,轉帳
T0009857,C04813,P01362,2,4880,2025-07-08 12:33:04,信用卡
T0009858,C02339,P00743,4,5700,2025-07-26 02:18:50,轉帳
T0009859,C03615,P01963,2,7872,2025-07-25 12:27:26,信用卡
T0009860,C01384,P01059,1,3544,2025-07-27 12:51:30,貨到付款
T0009861,C04908,P01787,2,2914,2025-07-04 20:10:43,行動支付
T0009862,C01788,P01528,2,6792,2025-07-30 17:50:57,行動支付
T0009863,C04279,P00937,2,7316,2025-07-04 19:56:11,轉帳
T0009864,C02516,P01001,4,6340,2025-07-27 14:06:21,貨到付款
T0009865,C01744,P00589,1,3075,2025-07-17 19:59:54,轉帳
T0009866,C03531,P00293,2,4190,2025-07-22 21:43:07,貨到付款
T0009867,C01953,P00762,4,3856,2025-07-27 02:23:33,行動支付
T0009868,C00313,P00723,1,1385,2025-07-03 21:52:03,信用卡
T0009869,C03279,P00679,3,3774,2025-07-04 12:02:08,信用卡
T0009870,C01759,P00624,2,7510,2025-07-07 19:23:15,信用卡
T0009871,C03596,P01245,1,2269,2025-07-29 13:50:37,信用卡
T0009872,C01696,P01187,2,1180,2025-07-13 12:32:37,行動支付
T0009873,C03575,P00046,3,10749,2025-07-01 07:17:03,貨到付款
T0009874,C03933,P00840,1,3266,2025-07-18 08:08:44,貨到付款
T0009875,C01391,P00305,4,1628,2025-07-08 13:14:51,信用卡
T0009876,C03813,P00267,1,1490,2025-07-03 14:52:24,貨到付款
T0009877,C01514,P01449,4,12832,2025-07-13 01:28:06,貨到付款
T0009878,C01969,P00440,1,2105,2025-07-13 13:11:29,轉帳
T0009879,C04580,P00947,4,9008,2025-07-17 21:35:35,行動支付
T0009880,C03225,P00900,3,9978,2025-07-09 21:32:49,信用卡
T0009881,C01882,P01005,3,4197,2025-07-22 20:05:34,行動支付
T0009882,C02358,P01158,3,12180,2025-07-03 20:12:54,信用卡
T0009883,C03294,P01961,1,2716,2025-07-31 16:19:31,信用卡
T0009884,C02880,P01767,3,11013,2025-07-22 21:47:02,信用卡
T0009885,C04637,P00455,2,1398,2025-07-12 23:00:41,信用卡
T0009886,C03876,P01358,3,8538,2025-07-27 18:45:16,行動支付
T0009887,C02627,P01146,4,10600,2025-07-16 11:00:40,行動支付
T0009888,C00647,P00071,4,6036,2025-07-18 02:33:10,行動支付
T0009889,C01620,P01625,4,-396,2025-07-31 07:07:45,貨到付款
T0009890,C04775,P01525,1,3518,2025-07-03 18:53:32,信用卡
T0009891,C01740,P00856,2,6326,2025-07-06 07:56:54,轉帳
T0009892,C03087,P01647,3,3780,2025-07-03 20:19:47,貨到付款
T0009893,C02018,P01745,2,4456,2025-07-08 01:48:18,貨到付款
T0009894,C00224,P01428,2,5150,2025-07-10 13:29:34,信用卡
T0009895,C04260,P01255,4,18116,2025-07-21 16:09:50,貨到付款
T0009896,C00795,P00896,4,4780,2025-07-11 16:14:19,信用卡
T0009897,C00482,P01342,4,16676,2025-07-19 22:48:01,貨到付款
T0009898,C00531,P01104,1,4130,2025-07-25 01:05:37,轉帳
T0009899,C04671,P01619,2,-152,2025-07-15 14:46:46,貨到付款
T0009900,C02382,P01968,2,6232,2025-07-20 05:17:23,信用卡
T0009901,C03799,P01161,1,619,2025-07-01 04:06:39,轉帳
T0009902,C04906,P01406,1,2669,2025-07-12 02:05:12,貨到付款
T0009903,C04042,P00141,1,834,2025-07-21 03:01:28,行動支付
T0009904,C03663,P01582,2,1388,2025-07-25 13:24:04,行動支付
T0009905,C01183,P00841,2,1798,2025-07-16 00:44:59,貨到付款
T0009906,C04498,P00627,4,11160,2025-07-04 13:46:25,行動支付
T0009907,C00869,P00405,4,9568,2025-07-18 19:54:26,轉帳
T0009908,C04462,P01049,2,888,2025-07-10 20:34:43,貨到付款
T0009909,C03779,P01977,4,9508,2025-07-30 10:41:01,行動支付
T0009910,C02100,P01757,1,781,2025-07-30 17:31:08,行動支付
T0009911,C00321,P01089,3,13308,2025-07-17 12:33:58,行動支付
T0009912,C03059,P01248,4,15212,2025-07-27 21:32:06,行動支付
T0009913,C00572,P00079,2,5650,2025-07-18 13:25:38,行動支付
T0009914,C04234,P00904,4,-324,2025-07-05 05:17:16,貨到付款
T0009915,C00364,P00420,4,5264,2025-07-29 11:20:23,轉帳
T0009916,C03816,P01028,4,2432,2025-07-15 10:59:19,行動支付
T0009917,C03032,P00705,3,12327,2025-07-16 19:10:05,轉帳
T0009918,C04203,P00129,1,596,2025-07-26 05:36:26,轉帳
T0009919,C04617,P00988,2,3758,2025-07-28 10:25:09,轉帳
T0009920,C01605,P00116,3,9858,2025-07-01 18:37:04,貨到付款
T0009921,C03493,P01162,2,4488,2025-07-14 00:42:17,行動支付
T0009922,C01888,P00739,2,578,2025-07-19 16:18:07,貨到付款
T0009923,C04944,P01975,2,5464,2025-07-16 19:10:55,行動支付
T0009924,C02868,P01524,3,6084,2025-07-07 05:39:01,貨到付款
T0009925,C00998,P01254,1,832,2025-07-03 14:44:51,信用卡
T0009926,C01262,P00335,2,468,2025-07-13 10:52:33,行動支付
T0009927,C02187,P01653,1,2740,2025-07-30 13:52:28,信用卡
T0009928,C01430,P00420,1,1316,2025-07-05 02:34:50,信用卡
T0009929,C01005,P00527,4,10524,2025-07-12 18:36:13,行動支付
T0009930,C00810,P01023,3,9375,2025-07-27 08:16:46,行動支付
T0009931,C04069,P00822,3,13161,2025-07-24 22:41:03,貨到付款
T0009932,C04043,P01050,4,1764,2025-07-26 19:30:02,信用卡
T0009933,C00961,P01722,4,7612,2025-07-25 21:23:44,轉帳
T0009934,C02910,P01918,1,725,2025-07-15 06:57:51,轉帳
T0009935,C03145,P01370,2,3222,2025-07-06 19:20:24,貨到付款
T0009936,C03343,P00797,3,7953,2025-07-31 13:54:58,行動支付
T0009937,C01017,P00301,2,5470,2025-07-23 12:43:27,信用卡
T0009938,C04050,P01187,2,1180,2025-07-11 14:26:29,轉帳
T0009939,C04466,P01362,4,9760,2025-07-04 13:49:50,行動支付
T0009940,C01797,P00360,2,5696,2025-07-31 08:05:52,轉帳
T0009941,C02040,P01871,1,1968,2025-07-04 10:59:31,貨到付款
T0009942,C02732,P01572,4,16736,2025-07-01 07:44:42,貨到付款
T0009943,C00359,P01205,2,614,2025-07-01 18:40:33,貨到付款
T0009944,C00926,P01264,4,1060,2025-07-25 16:48:23,貨到付款
T0009945,C03649,P00667,1,2288,2025-07-19 10:40:37,行動支付
T0009946,C04554,P00176,1,716,2025-07-26 04:56:26,行動支付
T0009947,C03211,P01756,2,8738,2025-07-06 08:55:21,信用卡
T0009948,C02480,P01093,4,2744,2025-07-05 08:26:05,行動支付
T0009949,C04162,P00309,2,6166,2025-07-12 00:45:58,行動支付
T0009950,C02851,P01134,2,882,2025-07-28 23:15:12,信用卡
T0009951,C02368,P01578,4,17116,2025-07-12 20:38:51,貨到付款
T0009952,C01760,P01045,2,280,2025-07-21 15:16:34,貨到付款
T0009953,C03092,P00773,1,3145,2025-07-02 20:26:04,行動支付
T0009954,C02793,P01311,4,964,2025-07-17 14:48:42,貨到付款
T0009955,C00689,P01524,4,8112,2025-07-23 17:47:12,轉帳
T0009956,C00335,P01021,4,9676,2025-07-25 00:16:13,轉帳
T0009957,C02137,P00267,4,5960,2025-07-09 22:10:37,貨到付款
T0009958,C01880,P01616,2,6760,2025-07-20 20:53:31,轉帳
T0009959,C00354,P01297,2,2672,2025-07-18 13:08:52,轉帳
T0009960,C00390,P00976,1,931,2025-07-28 09:44:00,貨到付款
T0009961,C03911,P01830,3,9750,2025-07-03 18:14:57,信用卡
T0009962,C01491,P00776,3,3186,2025-07-19 13:52:13,信用卡
T0009963,C00589,P01520,1,3364,2025-07-01 16:17:00,轉帳
T0009964,C01152,P01931,3,9123,2025-07-02 11:59:52,貨到付款
T0009965,C03007,P00073,1,2398,2025-07-28 14:35:19,貨到付款
T0009966,C01654,P00236,2,2238,2025-07-27 17:57:42,貨到付款
T0009967,C01120,P00909,4,672,2025-07-19 15:01:06,信用卡
T0009968,C04703,P00263,4,11792,2025-07-29 12:56:21,貨到付款
T0009969,C04611,P00962,2,7354,2025-07-14 13:00:09,信用卡
T0009970,C01256,P00293,4,8380,2025-07-27 08:35:31,行動支付
T0009971,C03516,P01109,4,10460,2025-07-02 18:52:51,信用卡
T0009972,C00339,P00775,3,1950,2025-07-20 01:20:39,貨到付款
T0009973,C04357,P01213,2,7030,2025-07-02 10:58:29,貨到付款
T0009974,C04840,P00461,3,1149,2025-07-24 17:00:17,轉帳
T0009975,C00373,P00549,3,10344,2025-07-13 04:38:54,信用卡
T0009976,C02876,P01412,4,4160,2025-07-03 19:48:36,轉帳
T0009977,C04265,P01325,4,6376,2025-07-30 08:48:12,信用卡
T0009978,C04659,P01699,2,834,2025-07-25 15:56:17,貨到付款
T0009979,C02500,P01322,4,8848,2025-07-17 19:12:24,信用卡
T0009980,C01996,P01214,4,5968,2025-07-05 09:58:26,行動支付
T0009981,C00283,P00908,2,6738,2025-07-03 14:12:24,轉帳
T0009982,C03487,P00092,4,10348,2025-07-31 14:30:56,信用卡
T0009983,C00554,P01427,3,9150,2025-07-03 14:45:29,轉帳
T0009984,C02354,P00088,2,1542,2025-07-11 10:26:45,行動支付
T0009985,C04586,P00981,4,15060,2025-07-30 18:45:19,信用卡
T0009986,C01315,P00920,1,2071,2025-07-30 18:11:44,轉帳
T0009987,C00149,P01228,2,3646,2025-07-13 14:22:54,信用卡
T0009988,C01690,P01724,2,6136,2025-07-09 18:40:39,信用卡
T0009989,C01304,P01565,1,3024,2025-07-15 22:34:46,行動支付
T0009990,C01672,P01730,4,9160,2025-07-03 18:16:06,信用卡
T0009991,C03823,P01993,4,2348,2025-07-23 10:20:53,貨到付款
T0009992,C00696,P00382,2,584,2025-07-06 19:48:52,貨到付款
T0009993,C02735,P00708,2,7258,2025-07-16 02:02:50,轉帳
T0009994,C03669,P00892,4,6516,2025-07-18 20:30:21,行動支付
T0009995,C04620,P01600,4,7568,2025-07-30 13:20:27,轉帳
T0009996,C03316,P00884,3,6912,2025-07-06 06:53:52,轉帳
T0009997,C04391,P01479,2,602,2025-07-18 06:47:51,轉帳
T0009998,C01178,P01531,2,4002,2025-07-28 19:46:34,信用卡
T0009999,C00364,P01679,1,4336,2025-07-18 18:58:24,轉帳
T0010000,C04739,P01316,3,13431,2025-07-15 15:37:45,行動支付
T0010001,C04521,P01759,4,5188,2025-07-12 20:06:14,轉帳
T0010002,C03515,P00200,3,12129,2025-07-29 16:58:36,行動支付
T0010003,C03827,P00658,4,13292,2025-07-07 15:03:28,信用卡
T0010004,C00176,P01264,4,1060,2025-07-30 12:45:05,貨到付款
T0010005,C04905,P01362,3,7320,2025-07-10 21:01:06,信用卡
T0010006,C04749,P01535,2,1452,2025-07-08 12:39:52,轉帳
T0010007,C02990,P00879,4,-392,2025-07-22 20:54:19,貨到付款
T0010008,C03062,P01810,3,4098,2025-07-07 16:56:47,信用卡
T0010009,C00402,P00714,1,101,2025-07-06 13:48:59,信用卡
T0010010,C02757,P01287,3,8385,2025-07-03 22:19:01,轉帳
T0010011,C04733,P01049,1,444,2025-07-10 13:19:30,轉帳
T0010012,C01352,P01235,4,13760,2025-07-18 14:46:12,轉帳
T0010013,C00208,P01351,3,630,2025-07-26 08:28:59,信用卡
T0010014,C00178,P01478,3,9879,2025-07-25 10:26:42,轉帳
T0010015,C02538,P01033,1,385,2025-07-06 11:14:14,貨到付款
T0010016,C03251,P01421,3,4017,2025-07-02 15:36:00,信用卡
T0010017,C02157,P00560,3,6552,2025-07-08 12:49:18,行動支付
T0010018,C01517,P00089,4,4536,2025-07-10 14:32:18,貨到付款
T0010019,C04249,P00735,3,3309,2025-07-26 21:48:11,信用卡
T0010020,C04857,P01018,2,6808,2025-07-27 01:47:02,行動支付
T0010021,C00107,P00418,1,283,2025-07-28 21:20:18,轉帳
T0010022,C00276,P01943,3,3273,2025-07-31 17:35:26,轉帳
T0010023,C03868,P00622,1,1275,2025-07-04 15:51:45,信用卡
T0010024,C04056,P00617,1,1255,2025-07-22 10:50:57,信用卡
T0010025,C02670,P00966,1,2104,2025-07-16 16:00:36,轉帳
T0010026,C04301,P00102,3,1632,2025-07-20 01:55:46,貨到付款
T0010027,C03409,P01839,3,804,2025-07-19 14:59:40,行動支付
T0010028,C03689,P00204,1,2983,2025-07-21 20:52:32,信用卡
T0010029,C02762,P00304,2,4044,2025-07-28 20:59:57,貨到付款
T0010030,C00260,P00453,1,1090,2025-07-09 14:26:04,轉帳
T0010031,C03828,P01296,2,590,2025-07-15 01:36:23,貨到付款
T0010032,C03477,P00645,1,152,2025-07-04 07:02:13,轉帳
T0010033,C02148,P00098,4,10764,2025-07-23 20:25:46,行動支付
T0010034,C02134,P00801,1,839,2025-07-06 07:44:25,貨到付款
T0010035,C00688,P01980,1,1890,2025-07-05 01:46:40,轉帳
T0010036,C02189,P00227,3,1371,2025-07-20 00:33:01,貨到付款
T0010037,C04485,P01255,2,9058,2025-07-12 10:58:55,信用卡
T0010038,C04912,P00787,4,3588,2025-07-19 23:21:23,信用卡
T0010039,C01838,P01868,2,3020,2025-07-01 01:03:48,轉帳
T0010040,C00968,P01067,4,4692,2025-07-09 12:04:22,信用卡
T0010041,C02182,P00149,1,644,2025-07-14 20:53:49,轉帳
T0010042,C00289,P00074,3,3420,2025-07-13 16:02:58,行動支付
T0010043,C01160,P01277,3,-177,2025-07-12 17:57:10,信用卡
T0010044,C02943,P01756,2,8738,2025-07-16 13:09:51,行動支付
T0010045,C01135,P00900,3,9978,2025-07-29 21:11:01,貨到付款
T0010046,C03737,P00892,2,3258,2025-07-06 02:20:34,行動支付
T0010047,C04441,P00106,2,4050,2025-07-19 04:58:35,貨到付款
T0010048,C03965,P01764,4,2236,2025-07-07 16:01:20,行動支付
T0010049,C02840,P00464,2,760,2025-07-07 14:07:47,行動支付
T0010050,C04954,P01947,4,7180,2025-07-08 17:45:25,貨到付款
T0010051,C00074,P01608,3,4236,2025-07-23 19:42:29,轉帳
T0010052,C03599,P01255,2,9058,2025-07-06 00:53:13,信用卡
T0010053,C04063,P00714,2,202,2025-07-05 21:17:33,行動支付
T0010054,C00383,P01024,1,613,2025-07-20 04:49:09,信用卡
T0010055,C00633,P00526,2,6536,2025-07-08 17:57:59,行動支付
T0010056,C00902,P01952,2,2360,2025-07-16 21:26:31,轉帳
T0010057,C00218,P01149,1,2769,2025-07-16 17:17:59,轉帳
T0010058,C01748,P00586,1,3122,2025-07-13 09:34:20,信用卡
T0010059,C03276,P01829,3,315,2025-07-07 20:17:07,信用卡
T0010060,C01221,P01979,2,6856,2025-07-31 19:32:18,行動支付
T0010061,C01462,P01638,3,1143,2025-07-05 10:35:38,行動支付
T0010062,C03030,P00846,3,2943,2025-07-17 22:46:02,貨到付款
T0010063,C02393,P01712,1,599,2025-07-29 15:22:30,信用卡
T0010064,C00611,P01907,4,11272,2025-07-28 17:18:27,轉帳
T0010065,C00384,P01628,3,11487,2025-07-26 08:21:43,行動支付
T0010066,C01250,P00132,4,1208,2025-07-24 14:23:25,貨到付款
T0010067,C02718,P00435,2,8116,2025-07-27 07:05:49,信用卡
T0010068,C02474,P00269,1,3361,2025-07-23 16:17:08,轉帳
T0010069,C03676,P00638,2,4702,2025-07-15 16:16:24,信用卡
T0010070,C01784,P00437,2,1162,2025-07-18 18:54:41,行動支付
T0010071,C04575,P00997,1,2095,2025-07-20 16:23:05,貨到付款
T0010072,C01101,P01323,2,6382,2025-07-13 08:11:42,轉帳
T0010073,C03565,P01737,1,3830,2025-07-17 15:56:13,行動支付
T0010074,C04707,P00710,4,5144,2025-07-11 08:35:29,轉帳
T0010075,C03901,P01889,2,1712,2025-07-16 16:15:16,信用卡
T0010076,C01463,P00732,1,2699,2025-07-21 05:18:35,行動支付
T0010077,C03268,P01412,3,3120,2025-07-29 15:31:28,信用卡
T0010078,C02634,P00320,2,756,2025-07-10 14:26:49,行動支付
T0010079,C01337,P01820,4,1356,2025-07-07 16:42:46,轉帳
T0010080,C03488,P01338,1,2744,2025-07-03 22:01:12,信用卡
T0010081,C02517,P01325,2,3188,2025-07-03 15:28:54,行動支付
T0010082,C00269,P00467,2,7784,2025-07-25 23:52:11,信用卡
T0010083,C04502,P01018,2,6808,2025-07-16 15:36:26,轉帳
T0010084,C03527,P01923,4,8024,2025-07-31 04:26:42,信用卡
T0010085,C03109,P01548,1,2096,2025-07-18 15:33:42,轉帳
T0010086,C01398,P00416,3,8046,2025-07-13 10:45:50,轉帳
T0010087,C01017,P00075,3,8184,2025-07-10 19:11:00,行動支付
T0010088,C00685,P01129,3,2973,2025-07-11 18:01:42,信用卡
T0010089,C04879,P00177,1,1476,2025-07-27 20:30:34,轉帳
T0010090,C01152,P01118,3,4257,2025-07-31 12:11:09,信用卡
T0010091,C03709,P01843,4,16628,2025-07-27 01:13:16,轉帳
T0010092,C01053,P01323,1,3191,2025-07-25 14:05:34,轉帳
T0010093,C01861,P01285,2,1964,2025-07-24 14:20:49,貨到付款
T0010094,C04081,P01991,4,12288,2025-07-04 13:05:08,信用卡
T0010095,C00709,P00453,2,2180,2025-07-03 12:04:43,行動支付
T0010096,C04889,P00350,3,1359,2025-07-28 11:33:08,貨到付款
T0010097,C03491,P00180,4,14732,2025-07-21 17:41:53,貨到付款
T0010098,C03249,P01709,1,3122,2025-07-16 17:34:47,貨到付款
T0010099,C02268,P01472,4,604,2025-07-27 17:42:32,貨到付款
T0010100,C00571,P00137,2,1654,2025-07-14 12:06:58,行動支付
T0010101,C02494,P00693,1,1455,2025-07-21 11:53:26,轉帳
T0010102,C00168,P01477,4,-92,2025-07-26 01:50:06,信用卡
T0010103,C01389,P01075,4,14904,2025-07-16 01:49:47,轉帳
T0010104,C01920,P01166,4,4420,2025-07-12 13:39:26,行動支付
T0010105,C04135,P01594,4,10400,2025-07-15 02:57:52,行動支付
T0010106,C00422,P00047,1,979,2025-07-23 13:44:55,行動支付
T0010107,C01395,P00933,2,3060,2025-07-06 04:19:04,轉帳
T0010108,C03048,P00414,4,17012,2025-07-24 10:24:57,信用卡
T0010109,C02476,P00583,1,2508,2025-07-12 08:44:42,信用卡
T0010110,C04313,P00768,2,2464,2025-07-30 19:23:45,信用卡
T0010111,C01923,P00941,4,9412,2025-07-16 16:50:59,行動支付
T0010112,C00222,P00509,2,3280,2025-07-07 21:07:24,貨到付款
T0010113,C01028,P00353,2,6148,2025-07-18 11:00:52,行動支付
T0010114,C00922,P00244,1,946,2025-07-06 03:56:29,貨到付款
T0010115,C02155,P01486,2,5478,2025-07-23 09:13:41,行動支付
T0010116,C00261,P01144,1,1066,2025-07-03 15:03:09,轉帳
T0010117,C01525,P01089,4,17744,2025-07-03 19:38:33,信用卡
T0010118,C02707,P01300,2,8208,2025-07-02 02:48:34,轉帳
T0010119,C01739,P01843,2,8314,2025-07-09 14:43:20,轉帳
T0010120,C00129,P00974,3,5889,2025-07-27 20:23:28,貨到付款
T0010121,C03043,P01481,4,8792,2025-07-22 15:18:43,轉帳
T0010122,C04465,P01846,4,4168,2025-07-21 11:35:11,貨到付款
T0010123,C04613,P01219,3,5004,2025-07-08 21:04:12,轉帳
T0010124,C04537,P00849,3,5652,2025-07-05 23:45:04,信用卡
T0010125,C04051,P00883,1,2606,2025-07-18 20:40:15,行動支付
T0010126,C02954,P00673,1,3337,2025-07-14 13:51:46,行動支付
T0010127,C03786,P01896,2,4252,2025-07-09 17:15:22,貨到付款
T0010128,C01704,P01795,2,3284,2025-07-19 12:00:33,信用卡
T0010129,C04146,P00153,2,7058,2025-07-09 13:33:52,轉帳
T0010130,C02170,P01328,2,1844,2025-07-25 15:08:36,信用卡
T0010131,C02137,P00808,1,2458,2025-07-26 10:20:32,貨到付款
T0010132,C03646,P01103,4,4628,2025-07-09 19:27:09,信用卡
T0010133,C03677,P01291,2,7706,2025-07-16 08:41:12,轉帳
T0010134,C00285,P01885,4,3984,2025-07-15 04:09:16,信用卡
T0010135,C00546,P01782,2,3684,2025-07-30 12:54:39,貨到付款
T0010136,C01940,P00197,3,8862,2025-07-17 12:36:34,行動支付
T0010137,C03606,P01575,2,4204,2025-07-20 17:38:03,轉帳
T0010138,C03389,P00599,2,3922,2025-07-13 09:52:01,信用卡
T0010139,C04292,P00546,2,4420,2025-07-19 07:33:12,貨到付款
T0010140,C04689,P00959,1,2935,2025-07-02 20:09:59,信用卡
T0010141,C02317,P01398,3,3087,2025-07-28 14:25:46,行動支付
T0010142,C02863,P00117,2,5804,2025-07-11 15:34:59,轉帳
T0010143,C02841,P01181,2,2202,2025-07-19 14:31:11,信用卡
T0010144,C02594,P01634,4,8432,2025-07-09 12:19:24,貨到付款
T0010145,C00812,P00406,3,12234,2025-07-30 22:15:05,轉帳
T0010146,C01906,P00973,2,1480,2025-07-05 17:43:17,貨到付款
T0010147,C03728,P00899,4,5040,2025-07-26 03:59:02,轉帳
T0010148,C04623,P00051,4,12656,2025-07-19 22:29:19,信用卡
T0010149,C00659,P01992,1,1199,2025-07-19 05:36:52,信用卡
T0010150,C00075,P01182,4,2480,2025-07-02 16:05:43,貨到付款
T0010151,C03997,P01437,2,300,2025-07-03 10:02:11,信用卡
T0010152,C04754,P00250,1,754,2025-07-31 19:21:41,貨到付款
T0010153,C00427,P00810,1,1126,2025-07-04 23:41:43,貨到付款
T0010154,C01249,P01328,2,1844,2025-07-17 13:13:24,貨到付款
T0010155,C02714,P01993,3,1761,2025-07-17 12:20:18,貨到付款
T0010156,C01687,P01942,4,10808,2025-07-27 02:24:42,轉帳
T0010157,C01973,P01541,1,1701,2025-07-11 10:14:31,貨到付款
T0010158,C03077,P00057,3,9597,2025-07-01 00:34:55,信用卡
T0010159,C01808,P00303,2,6764,2025-07-29 14:30:23,轉帳
T0010160,C03296,P01923,4,8024,2025-07-03 17:48:02,貨到付款
T0010161,C03912,P01268,4,11764,2025-07-07 10:46:27,行動支付
T0010162,C04051,P01938,1,3456,2025-07-01 15:18:48,轉帳
T0010163,C03039,P01498,4,5904,2025-07-28 15:47:18,轉帳
T0010164,C00621,P01150,4,10532,2025-07-08 10:29:16,轉帳
T0010165,C02842,P01291,4,15412,2025-07-29 16:27:17,信用卡
T0010166,C01604,P00768,4,4928,2025-07-21 11:49:03,信用卡
T0010167,C01322,P01638,2,762,2025-07-27 19:13:08,行動支付
T0010168,C00893,P00233,3,7098,2025-07-07 22:34:59,行動支付
T0010169,C02313,P01781,2,3494,2025-07-22 20:51:16,貨到付款
T0010170,C02199,P00831,2,742,2025-07-08 14:27:56,貨到付款
T0010171,C02332,P00904,1,-81,2025-07-16 11:47:22,轉帳
T0010172,C04829,P00246,4,14104,2025-07-18 13:11:04,信用卡
T0010173,C02401,P01492,2,1898,2025-07-20 10:47:17,貨到付款
T0010174,C04221,P01979,4,13712,2025-07-25 13:39:26,信用卡
T0010175,C01089,P00827,2,1650,2025-07-18 10:17:13,信用卡
T0010176,C00292,P01905,2,1206,2025-07-03 21:43:42,貨到付款
T0010177,C04694,P00002,1,1559,2025-07-29 06:22:23,行動支付
T0010178,C01382,P01994,3,10359,2025-07-31 15:39:33,轉帳
T0010179,C03051,P01493,3,6972,2025-07-07 19:10:44,信用卡
T0010180,C01570,P01830,2,6500,2025-07-07 01:34:07,行動支付
T0010181,C00320,P00555,1,1199,2025-07-09 08:59:49,信用卡
T0010182,C00899,P01622,4,11980,2025-07-25 13:01:42,貨到付款
T0010183,C03829,P01843,4,16628,2025-07-14 14:03:29,行動支付
T0010184,C01380,P00268,2,4308,2025-07-16 20:45:43,轉帳
T0010185,C04345,P01698,3,7842,2025-07-24 22:41:52,轉帳
T0010186,C00636,P00256,1,1552,2025-07-21 10:53:19,信用卡
T0010187,C03151,P01360,3,1101,2025-07-09 21:52:21,轉帳
T0010188,C00734,P01957,4,8736,2025-07-10 19:30:20,信用卡
T0010189,C03089,P00537,3,3180,2025-07-21 17:28:04,貨到付款
T0010190,C00247,P01176,4,9584,2025-07-04 11:07:23,信用卡
T0010191,C00572,P00079,1,2825,2025-07-26 18:26:51,貨到付款
T0010192,C00192,P01799,1,3935,2025-07-17 20:13:07,信用卡
T0010193,C03422,P00417,2,3322,2025-07-22 03:19:10,信用卡
T0010194,C04302,P00875,2,1554,2025-07-13 19:20:38,貨到付款
T0010195,C02899,P00846,3,2943,2025-07-24 20:56:14,信用卡
T0010196,C00209,P00441,1,1878,2025-07-19 22:27:33,行動支付
T0010197,C03586,P00841,1,899,2025-07-10 13:13:45,貨到付款
T0010198,C00304,P00716,2,-188,2025-07-04 20:51:36,信用卡
T0010199,C03572,P01480,4,5964,2025-07-01 10:22:35,信用卡
T0010200,C01295,P00187,3,10821,2025-07-22 13:45:30,行動支付
T0010201,C01287,P01728,3,1716,2025-07-05 09:43:11,行動支付
T0010202,C03391,P01228,2,3646,2025-07-23 20:22:02,信用卡
T0010203,C04287,P00654,1,2367,2025-07-27 04:40:04,行動支付
T0010204,C01766,P01271,2,4222,2025-07-20 03:19:11,行動支付
T0010205,C03591,P00552,2,3174,2025-07-04 19:11:15,行動支付
T0010206,C03002,P00807,2,3974,2025-07-18 19:52:10,貨到付款
T0010207,C01748,P00548,2,1716,2025-07-30 20:53:35,行動支付
T0010208,C00387,P00053,4,10808,2025-07-01 15:27:26,貨到付款
T0010209,C02219,P00328,4,8780,2025-07-30 19:49:45,行動支付
T0010210,C02555,P00490,1,2613,2025-07-21 12:31:02,信用卡
T0010211,C01184,P01716,2,2106,2025-07-13 15:52:20,行動支付
T0010212,C01628,P00125,4,7896,2025-07-19 17:00:46,信用卡
T0010213,C01856,P00608,1,3044,2025-07-24 18:07:36,轉帳
T0010214,C04113,P00790,2,7330,2025-07-27 09:40:52,貨到付款
T0010215,C02079,P00720,3,3117,2025-07-09 11:42:45,信用卡
T0010216,C03209,P01763,4,5716,2025-07-08 13:09:12,貨到付款
T0010217,C04379,P00280,1,2292,2025-07-19 07:01:11,轉帳
T0010218,C00715,P01618,3,6291,2025-07-03 21:55:07,貨到付款
T0010219,C01632,P01627,2,5276,2025-07-29 22:32:30,貨到付款
T0010220,C03940,P00220,2,996,2025-07-01 18:00:02,轉帳
T0010221,C01674,P00767,2,3904,2025-07-18 21:11:08,行動支付
T0010222,C02040,P00979,4,13016,2025-07-02 13:08:47,行動支付
T0010223,C03259,P00256,1,1552,2025-07-06 01:37:15,轉帳
T0010224,C02353,P00436,3,5700,2025-07-19 17:24:49,行動支付
T0010225,C04867,P01135,1,1824,2025-07-02 16:33:01,轉帳
T0010226,C03109,P01564,4,5764,2025-07-10 14:04:54,信用卡
T0010227,C00801,P00713,1,389,2025-07-15 08:54:00,信用卡
T0010228,C00223,P01809,4,552,2025-07-28 07:30:55,行動支付
T0010229,C04651,P00762,2,1928,2025-07-18 10:51:29,信用卡
T0010230,C04559,P01224,3,10965,2025-07-27 08:36:39,行動支付
T0010231,C00127,P00669,2,7974,2025-07-24 07:07:57,轉帳
T0010232,C03045,P01165,1,719,2025-07-16 10:02:50,貨到付款
T0010233,C04040,P00315,2,7552,2025-07-13 10:03:47,行動支付
T0010234,C02553,P00365,3,10053,2025-07-13 12:40:46,信用卡
T0010235,C03904,P01370,2,3222,2025-07-17 13:45:27,轉帳
T0010236,C02540,P00751,3,3402,2025-07-25 02:29:58,轉帳
T0010237,C02907,P01761,3,1581,2025-07-07 09:01:15,貨到付款
T0010238,C01720,P01623,2,3622,2025-07-27 23:03:09,貨到付款
T0010239,C01074,P00597,4,9700,2025-07-23 12:55:21,轉帳
T0010240,C04153,P00089,1,1134,2025-07-01 13:12:08,貨到付款
T0010241,C00162,P00432,4,10616,2025-07-24 15:53:03,行動支付
T0010242,C03631,P01716,4,4212,2025-07-30 18:43:22,行動支付
T0010243,C01905,P01585,2,5146,2025-07-05 20:17:58,信用卡
T0010244,C04989,P01628,1,3829,2025-07-03 18:27:38,行動支付
T0010245,C00392,P00646,1,1500,2025-07-27 06:49:40,行動支付
T0010246,C00386,P01945,4,13204,2025-07-24 12:57:19,信用卡
T0010247,C04677,P01485,2,5058,2025-07-13 12:24:29,行動支付
T0010248,C01122,P00669,1,3987,2025-07-13 18:59:42,轉帳
T0010249,C02517,P00127,4,17200,2025-07-24 18:26:39,行動支付
T0010250,C02872,P01444,1,1922,2025-07-28 22:17:10,貨到付款
T0010251,C02741,P00416,2,5364,2025-07-23 15:00:01,信用卡
T0010252,C02090,P01873,2,582,2025-07-01 22:53:00,信用卡
T0010253,C03665,P01937,2,6918,2025-07-27 16:13:48,貨到付款
T0010254,C04237,P01558,1,3793,2025-07-31 22:16:12,貨到付款
T0010255,C02638,P01850,3,2208,2025-07-15 15:31:46,行動支付
T0010256,C00257,P00511,1,1920,2025-07-04 01:30:15,轉帳
T0010257,C02361,P01098,3,8313,2025-07-17 20:12:11,貨到付款
T0010258,C02622,P00962,2,7354,2025-07-05 07:46:42,行動支付
T0010259,C02205,P00361,4,16508,2025-07-22 16:14:14,信用卡
T0010260,C01345,P01821,3,2667,2025-07-16 14:49:57,信用卡
T0010261,C04180,P00457,2,380,2025-07-06 15:09:55,貨到付款
T0010262,C01465,P00001,2,1108,2025-07-07 18:17:21,信用卡
T0010263,C01220,P00937,3,10974,2025-07-02 08:17:07,轉帳
T0010264,C01215,P00482,4,11780,2025-07-16 15:23:29,轉帳
T0010265,C03838,P00466,2,5434,2025-07-18 23:52:27,行動支付
T0010266,C01809,P00505,3,1296,2025-07-03 03:41:03,行動支付
T0010267,C02279,P00722,4,3004,2025-07-02 01:22:38,貨到付款
T0010268,C03740,P00755,4,4804,2025-07-03 20:07:33,行動支付
T0010269,C00577,P01477,2,-46,2025-07-29 13:41:46,轉帳
T0010270,C01205,P00167,1,1252,2025-07-09 15:48:15,信用卡
T0010271,C03663,P01373,1,3015,2025-07-20 05:13:19,信用卡
T0010272,C04401,P00584,2,5796,2025-07-17 18:05:18,貨到付款
T0010273,C01809,P01658,4,-4,2025-07-02 09:37:41,貨到付款
T0010274,C01759,P00297,2,1694,2025-07-22 13:58:57,信用卡
T0010275,C02528,P00185,3,7989,2025-07-08 06:20:44,信用卡
T0010276,C04573,P00521,1,1558,2025-07-12 15:43:33,貨到付款
T0010277,C03266,P01563,3,9663,2025-07-02 17:32:30,貨到付款
T0010278,C03026,P00915,2,2908,2025-07-12 11:21:29,行動支付
T0010279,C02244,P01034,2,4070,2025-07-11 07:44:13,轉帳
T0010280,C02094,P01179,4,13380,2025-07-04 15:48:14,信用卡
T0010281,C02846,P00633,4,1236,2025-07-24 19:08:12,轉帳
T0010282,C04133,P00127,4,17200,2025-07-16 04:47:34,行動支付
T0010283,C00626,P01749,3,6237,2025-07-09 12:24:34,轉帳
T0010284,C02688,P00016,4,7564,2025-07-30 17:01:06,行動支付
T0010285,C03882,P00027,2,2722,2025-07-22 11:34:05,信用卡
T0010286,C02038,P00644,4,10984,2025-07-08 15:45:57,行動支付
T0010287,C02923,P00487,1,3754,2025-07-22 12:06:35,信用卡
T0010288,C00690,P00991,4,5240,2025-07-31 12:39:14,行動支付
T0010289,C01301,P00870,3,5667,2025-07-06 22:47:17,行動支付
T0010290,C01434,P00189,1,1673,2025-07-11 14:04:30,貨到付款
T0010291,C01569,P00388,1,1099,2025-07-28 20:28:15,行動支付
T0010292,C00407,P01396,1,998,2025-07-08 20:31:42,貨到付款
T0010293,C02105,P01608,3,4236,2025-07-02 05:27:23,行動支付
T0010294,C04916,P01004,2,7604,2025-07-07 14:22:18,行動支付
T0010295,C02880,P00119,4,15040,2025-07-26 17:36:31,貨到付款
T0010296,C03163,P01446,1,1517,2025-07-03 10:36:14,轉帳
T0010297,C03863,P01071,1,3827,2025-07-03 17:34:09,轉帳
T0010298,C04499,P01930,1,3522,2025-07-29 13:41:41,信用卡
T0010299,C04382,P00171,2,1254,2025-07-16 15:26:54,行動支付
T0010300,C00077,P00412,2,3860,2025-07-25 22:38:38,行動支付
T0010301,C00603,P00168,3,4824,2025-07-23 17:00:27,信用卡
T0010302,C01316,P00184,2,974,2025-07-23 01:07:32,行動支付
T0010303,C02772,P00129,4,2384,2025-07-14 17:24:00,信用卡
T0010304,C04650,P00457,3,570,2025-07-20 23:24:25,信用卡
T0010305,C03714,P00962,3,11031,2025-07-28 20:05:52,信用卡
T0010306,C00631,P00825,4,5544,2025-07-24 21:11:35,信用卡
T0010307,C00170,P01262,4,5272,2025-07-19 03:05:45,轉帳
T0010308,C02157,P01890,4,14952,2025-07-01 23:20:32,轉帳
T0010309,C03450,P00029,3,3210,2025-07-14 12:23:35,信用卡
T0010310,C04949,P01596,3,4764,2025-07-26 05:37:31,貨到付款
T0010311,C00661,P00155,3,2019,2025-07-11 11:12:44,貨到付款
T0010312,C04334,P00912,4,6420,2025-07-13 04:16:37,轉帳
T0010313,C04593,P00090,4,6952,2025-07-28 22:08:32,轉帳
T0010314,C04521,P01342,1,4169,2025-07-21 16:37:06,信用卡
T0010315,C01771,P01261,2,3638,2025-07-17 18:07:42,信用卡
T0010316,C02011,P00640,1,2326,2025-07-16 12:25:34,行動支付
T0010317,C02784,P00602,4,7760,2025-07-14 11:57:20,行動支付
T0010318,C03559,P00661,3,10212,2025-07-22 12:37:24,轉帳
T0010319,C00595,P00908,4,13476,2025-07-30 12:43:10,轉帳
T0010320,C04487,P00105,2,1304,2025-07-06 00:51:52,轉帳
T0010321,C04491,P01284,1,323,2025-07-25 16:48:36,轉帳
T0010322,C02957,P01303,1,2224,2025-07-22 10:49:21,貨到付款
T0010323,C03083,P00004,3,8610,2025-07-17 19:03:00,信用卡
T0010324,C04970,P01727,1,1738,2025-07-07 20:22:34,貨到付款
T0010325,C00226,P01643,1,-28,2025-07-02 18:45:35,轉帳
T0010326,C03693,P01313,4,8308,2025-07-25 14:25:40,信用卡
T0010327,C01774,P00488,1,1645,2025-07-31 11:47:18,信用卡
T0010328,C02244,P01617,1,2531,2025-07-20 02:54:55,轉帳
T0010329,C02044,P00144,1,160,2025-07-02 15:22:53,信用卡
T0010330,C02248,P01884,3,11766,2025-07-08 12:35:58,轉帳
T0010331,C04174,P00358,3,6198,2025-07-18 11:05:57,轉帳
T0010332,C01446,P01486,4,10956,2025-07-20 20:57:11,信用卡
T0010333,C02385,P00024,1,1194,2025-07-15 19:10:59,行動支付
T0010334,C00673,P00066,3,5658,2025-07-15 20:51:58,貨到付款
T0010335,C00917,P00369,3,11232,2025-07-15 15:13:18,轉帳
T0010336,C03829,P00108,4,9872,2025-07-02 15:53:43,貨到付款
T0010337,C04581,P01917,2,7424,2025-07-21 20:08:32,貨到付款
T0010338,C04683,P00863,1,2891,2025-07-03 22:05:24,信用卡
T0010339,C00418,P00670,3,1575,2025-07-22 15:57:31,貨到付款
T0010340,C04477,P01294,4,5820,2025-07-15 18:07:00,信用卡
T0010341,C02967,P01884,4,15688,2025-07-08 12:11:03,貨到付款
T0010342,C01849,P01819,4,3144,2025-07-31 21:55:14,貨到付款
T0010343,C03247,P00037,3,7023,2025-07-14 05:19:20,行動支付
T0010344,C01896,P00652,1,2618,2025-07-15 19:16:06,信用卡
T0010345,C02192,P01661,2,5696,2025-07-16 17:04:32,行動支付
T0010346,C02543,P00336,1,2772,2025-07-09 17:00:01,轉帳
T0010347,C02940,P01481,4,8792,2025-07-26 01:48:00,行動支付
T0010348,C04723,P00191,4,14848,2025-07-29 20:14:15,轉帳
T0010349,C00484,P01576,2,2914,2025-07-02 20:43:40,貨到付款
T0010350,C01486,P00054,1,920,2025-07-06 17:17:52,行動支付
T0010351,C01705,P00817,4,4148,2025-07-18 16:16:58,貨到付款
T0010352,C02820,P00073,4,9592,2025-07-01 06:46:52,轉帳
T0010353,C04486,P00630,1,1680,2025-07-29 11:50:49,轉帳
T0010354,C02899,P00512,4,10240,2025-07-21 16:06:22,行動支付
T0010355,C04220,P01477,1,-23,2025-07-22 17:55:46,貨到付款
T0010356,C02133,P01132,4,5532,2025-07-29 05:09:29,信用卡
T0010357,C01614,P00038,1,2222,2025-07-25 15:09:17,轉帳
T0010358,C01592,P01966,2,5390,2025-07-10 11:28:45,行動支付
T0010359,C00892,P00803,4,1908,2025-07-14 22:20:24,轉帳
T0010360,C00715,P01785,2,7718,2025-07-03 15:58:47,信用卡
T0010361,C04069,P00411,4,14532,2025-07-29 21:27:35,轉帳
T0010362,C03673,P01480,4,5964,2025-07-19 21:23:57,行動支付
T0010363,C04946,P00281,3,6810,2025-07-23 17:47:53,行動支付
T0010364,C01053,P00271,1,2049,2025-07-07 11:25:21,行動支付
T0010365,C02595,P00273,2,2418,2025-07-20 18:19:31,貨到付款
T0010366,C02875,P00074,2,2280,2025-07-29 03:40:37,信用卡
T0010367,C03077,P01982,2,7468,2025-07-04 12:29:47,轉帳
T0010368,C00497,P00464,1,380,2025-07-23 09:11:44,轉帳
T0010369,C01423,P01954,3,1476,2025-07-22 17:00:55,貨到付款
T0010370,C00592,P00260,2,7062,2025-07-17 19:14:33,貨到付款
T0010371,C01369,P01329,1,3816,2025-07-29 09:47:24,轉帳
T0010372,C02194,P00094,4,656,2025-07-12 10:36:30,貨到付款
T0010373,C04426,P00755,2,2402,2025-07-18 17:49:37,轉帳
T0010374,C01442,P01310,2,2496,2025-07-13 13:04:08,轉帳
T0010375,C04588,P00191,3,11136,2025-07-13 09:43:39,信用卡
T0010376,C04944,P01326,2,4192,2025-07-19 02:46:54,轉帳
T0010377,C03767,P01227,2,3068,2025-07-19 20:55:10,貨到付款
T0010378,C04622,P00092,4,10348,2025-07-24 18:29:55,貨到付款
T0010379,C03332,P00151,1,2596,2025-07-15 18:43:53,貨到付款
T0010380,C00705,P01516,1,744,2025-07-17 20:27:44,轉帳
T0010381,C01034,P00512,3,7680,2025-07-26 09:29:58,貨到付款
T0010382,C04193,P00613,4,3296,2025-07-29 20:59:34,貨到付款
T0010383,C03774,P00447,1,1640,2025-07-24 14:53:38,行動支付
T0010384,C00136,P00202,4,7812,2025-07-15 14:20:38,信用卡
T0010385,C04512,P00455,1,699,2025-07-30 21:31:27,行動支付
T0010386,C04799,P00348,4,4992,2025-07-16 11:42:50,行動支付
T0010387,C02699,P00363,3,10965,2025-07-26 15:01:02,轉帳
T0010388,C03994,P00757,2,2700,2025-07-29 15:02:46,貨到付款
T0010389,C00033,P01945,3,9903,2025-07-27 09:08:12,行動支付
T0010390,C04162,P01593,1,4261,2025-07-21 19:49:30,貨到付款
T0010391,C00128,P00316,3,6354,2025-07-08 20:14:36,轉帳
T0010392,C01015,P01465,2,7730,2025-07-08 12:49:18,貨到付款
T0010393,C04709,P00508,3,1932,2025-07-23 07:42:46,轉帳
T0010394,C02855,P01664,1,268,2025-07-06 10:35:32,行動支付
T0010395,C03660,P00823,1,411,2025-07-13 19:28:03,信用卡
T0010396,C02604,P00566,3,1917,2025-07-15 11:52:34,轉帳
T0010397,C04155,P00252,2,6838,2025-07-29 22:16:53,轉帳
T0010398,C01474,P00608,3,9132,2025-07-13 00:47:48,行動支付
T0010399,C00548,P01001,2,3170,2025-07-12 03:29:56,行動支付
T0010400,C03531,P00596,4,16360,2025-07-31 11:04:15,轉帳
T0010401,C04223,P01608,2,2824,2025-07-07 00:21:32,信用卡
T0010402,C02222,P01218,4,12976,2025-07-26 10:35:37,轉帳
T0010403,C02161,P00856,3,9489,2025-07-06 19:32:33,轉帳
T0010404,C01315,P00009,2,6888,2025-07-29 01:10:45,信用卡
T0010405,C04322,P00527,4,10524,2025-07-25 18:10:37,貨到付款
T0010406,C04965,P01023,4,12500,2025-07-22 20:21:49,轉帳
T0010407,C03658,P00858,4,4796,2025-07-25 21:31:25,信用卡
T0010408,C00582,P00535,1,2557,2025-07-20 18:03:32,轉帳
T0010409,C01768,P01490,3,1110,2025-07-17 16:31:52,轉帳
T0010410,C00395,P01459,4,10180,2025-07-22 02:38:46,信用卡
T0010411,C03966,P01166,2,2210,2025-07-19 17:53:44,信用卡
T0010412,C03636,P00713,4,1556,2025-07-22 17:46:00,貨到付款
T0010413,C01635,P00874,1,1103,2025-07-14 09:43:42,行動支付
T0010414,C02535,P00907,3,3414,2025-07-21 06:47:18,貨到付款
T0010415,C01380,P01340,1,-7,2025-07-08 19:18:39,信用卡
T0010416,C03153,P01250,1,3014,2025-07-03 16:31:19,信用卡
T0010417,C02564,P01733,1,1361,2025-07-29 20:00:40,轉帳
T0010418,C03885,P00485,2,7046,2025-07-18 22:18:34,轉帳
T0010419,C03534,P01323,3,9573,2025-07-24 14:07:07,轉帳
T0010420,C01574,P01100,3,11379,2025-07-23 14:49:10,轉帳
T0010421,C04623,P01250,2,6028,2025-07-10 17:40:20,轉帳
T0010422,C02166,P00354,3,13332,2025-07-27 14:15:16,轉帳
T0010423,C04661,P00943,1,3514,2025-07-07 14:53:50,行動支付
T0010424,C03970,P00464,3,1140,2025-07-24 21:39:16,行動支付
T0010425,C01587,P00809,2,642,2025-07-04 14:09:40,轉帳
T0010426,C04207,P01548,1,2096,2025-07-23 19:49:25,貨到付款
T0010427,C03305,P00669,2,7974,2025-07-31 14:17:00,行動支付
T0010428,C04387,P00355,4,5120,2025-07-17 17:10:35,轉帳
T0010429,C00178,P00767,1,1952,2025-07-22 15:05:56,貨到付款
T0010430,C03172,P01919,1,219,2025-07-23 11:54:06,貨到付款
T0010431,C00039,P00741,3,6753,2025-07-12 20:25:27,轉帳
T0010432,C00684,P00665,1,3394,2025-07-15 04:43:55,信用卡
T0010433,C01881,P01694,2,938,2025-07-20 01:29:07,轉帳
T0010434,C04715,P00535,3,7671,2025-07-15 08:17:50,行動支付
T0010435,C03366,P01528,4,13584,2025-07-11 18:36:51,轉帳
T0010436,C01326,P00780,2,3552,2025-07-20 03:56:02,行動支付
T0010437,C00757,P00315,4,15104,2025-07-16 20:58:33,轉帳
T0010438,C04069,P01575,4,8408,2025-07-28 17:59:42,貨到付款
T0010439,C03667,P01744,4,15808,2025-07-01 10:05:15,轉帳
T0010440,C01412,P01021,1,2419,2025-07-04 23:37:41,信用卡
T0010441,C00992,P01239,2,4420,2025-07-13 00:02:12,貨到付款
T0010442,C04379,P00833,2,2478,2025-07-30 12:06:55,貨到付款
T0010443,C04754,P00600,1,3451,2025-07-30 17:30:15,貨到付款
T0010444,C04285,P00533,3,10167,2025-07-10 06:30:57,貨到付款
T0010445,C03747,P01565,4,12096,2025-07-23 11:05:17,轉帳
T0010446,C00015,P00738,2,8838,2025-07-14 20:22:23,貨到付款
T0010447,C00336,P00498,1,1925,2025-07-10 12:51:11,轉帳
T0010448,C02788,P01697,4,3164,2025-07-31 11:13:59,行動支付
T0010449,C01042,P01395,3,10437,2025-07-11 13:04:26,貨到付款
T0010450,C00890,P00318,3,10119,2025-07-26 23:19:47,轉帳
T0010451,C02090,P01756,4,17476,2025-07-20 02:41:26,轉帳
T0010452,C01315,P01554,3,-234,2025-07-13 04:44:12,轉帳
T0010453,C01901,P01897,2,5160,2025-07-13 04:32:26,貨到付款
T0010454,C02919,P01847,2,3660,2025-07-23 12:25:21,轉帳
T0010455,C03188,P00787,2,1794,2025-07-01 04:59:18,貨到付款
T0010456,C02421,P01439,3,-294,2025-07-09 11:11:57,行動支付
T0010457,C03284,P01333,2,5622,2025-07-26 07:41:00,信用卡
T0010458,C00900,P00676,1,447,2025-07-03 22:05:26,貨到付款
T0010459,C01500,P01122,2,-90,2025-07-12 05:16:29,行動支付
T0010460,C01159,P01397,2,1840,2025-07-01 20:41:27,行動支付
T0010461,C01460,P01399,3,1911,2025-07-20 10:51:40,行動支付
T0010462,C02425,P00815,2,2490,2025-07-25 18:31:32,信用卡
T0010463,C03983,P01523,4,12104,2025-07-21 07:54:13,轉帳
T0010464,C01961,P01761,1,527,2025-07-09 04:50:21,轉帳
T0010465,C01785,P01153,3,2610,2025-07-05 06:54:17,轉帳
T0010466,C02404,P01776,1,1139,2025-07-18 22:17:49,貨到付款
T0010467,C00482,P01495,4,11460,2025-07-19 01:52:20,貨到付款
T0010468,C00561,P00308,3,7407,2025-07-07 13:01:36,行動支付
T0010469,C04404,P00405,3,7176,2025-07-01 18:12:22,信用卡
T0010470,C03774,P01821,2,1778,2025-07-24 19:53:33,行動支付
T0010471,C01436,P01509,1,3331,2025-07-09 02:56:24,信用卡
T0010472,C04846,P00776,4,4248,2025-07-31 11:09:38,信用卡
T0010473,C01626,P01847,4,7320,2025-07-23 11:46:25,信用卡
T0010474,C03312,P00301,3,8205,2025-07-12 02:57:13,行動支付
T0010475,C00579,P00206,2,1384,2025-07-05 22:05:03,信用卡
T0010476,C02323,P00949,3,642,2025-07-02 12:41:37,行動支付
T0010477,C01594,P00313,3,7257,2025-07-04 21:27:49,轉帳
T0010478,C00567,P00915,3,4362,2025-07-31 23:49:17,轉帳
T0010479,C03484,P01289,3,7878,2025-07-25 11:33:16,行動支付
T0010480,C03524,P01868,4,6040,2025-07-25 15:01:46,貨到付款
T0010481,C03868,P01901,4,9248,2025-07-20 13:36:51,行動支付
T0010482,C02418,P01489,3,3855,2025-07-06 15:23:03,行動支付
T0010483,C04023,P01094,3,6663,2025-07-30 17:24:54,貨到付款
T0010484,C02445,P00449,2,5370,2025-07-07 11:43:47,信用卡
T0010485,C02060,P00542,3,10293,2025-07-31 10:15:52,行動支付
T0010486,C01174,P01880,4,10080,2025-07-31 20:08:20,轉帳
T0010487,C01454,P00573,1,202,2025-07-19 23:08:55,轉帳
T0010488,C02537,P01097,4,9896,2025-07-18 14:31:47,行動支付
T0010489,C04449,P01000,2,5804,2025-07-26 02:44:55,信用卡
T0010490,C03914,P00858,4,4796,2025-07-30 17:45:18,貨到付款
T0010491,C00304,P01337,1,1664,2025-07-19 17:08:32,信用卡
T0010492,C03858,P00052,3,4470,2025-07-25 19:49:13,行動支付
T0010493,C01308,P01569,1,1004,2025-07-01 21:27:11,信用卡
T0010494,C01588,P00786,3,2760,2025-07-28 11:34:07,貨到付款
T0010495,C01956,P01076,3,10314,2025-07-17 11:59:41,信用卡
T0010496,C02209,P00592,4,9532,2025-07-20 04:23:07,行動支付
T0010497,C01993,P00940,4,3736,2025-07-14 15:05:31,信用卡
T0010498,C04561,P01277,4,-236,2025-07-15 14:43:45,行動支付
T0010499,C01341,P01231,2,8012,2025-07-19 10:31:39,行動支付
T0010500,C03640,P01504,4,2876,2025-07-26 02:30:09,行動支付
T0010501,C01699,P01517,2,4278,2025-07-20 22:55:09,貨到付款
T0010502,C04092,P01574,4,4924,2025-07-08 11:45:20,信用卡
T0010503,C01542,P00154,3,8319,2025-07-19 02:46:13,貨到付款
T0010504,C02049,P00192,2,5062,2025-07-12 04:57:23,信用卡
T0010505,C02862,P01720,1,2894,2025-07-08 13:10:45,貨到付款
T0010506,C00832,P01347,2,7484,2025-07-25 16:29:46,信用卡
T0010507,C01031,P01000,2,5804,2025-07-05 17:22:44,貨到付款
T0010508,C03126,P00203,1,2994,2025-07-27 15:49:17,信用卡
T0010509,C04739,P01793,2,-124,2025-07-23 22:58:44,轉帳
T0010510,C03066,P01030,3,5223,2025-07-01 16:06:17,轉帳
T0010511,C01648,P00393,4,9612,2025-07-26 10:31:05,貨到付款
T0010512,C03024,P00923,1,2282,2025-07-25 20:35:10,行動支付
T0010513,C00099,P00058,4,3472,2025-07-18 18:34:11,信用卡
T0010514,C03611,P00046,3,10749,2025-07-03 16:08:18,信用卡
T0010515,C04012,P01612,1,350,2025-07-10 13:10:52,貨到付款
T0010516,C00451,P00947,4,9008,2025-07-30 07:12:24,行動支付
T0010517,C03523,P00759,4,8784,2025-07-05 14:00:13,轉帳
T0010518,C04561,P00943,3,10542,2025-07-17 14:41:18,貨到付款
T0010519,C03834,P00332,4,14976,2025-07-21 21:57:42,轉帳
T0010520,C02764,P01660,3,13383,2025-07-21 17:56:14,信用卡
T0010521,C03274,P00008,2,7508,2025-07-05 23:10:13,轉帳
T0010522,C02593,P00190,3,6609,2025-07-29 10:08:16,行動支付
T0010523,C01810,P01072,2,3506,2025-07-06 20:12:28,行動支付
T0010524,C00992,P00847,1,1622,2025-07-28 16:13:25,行動支付
T0010525,C00784,P00963,4,12480,2025-07-17 19:10:21,轉帳
T0010526,C02678,P01107,3,2823,2025-07-09 07:21:08,信用卡
T0010527,C04298,P01423,3,4695,2025-07-30 15:31:52,貨到付款
T0010528,C01146,P01111,4,2008,2025-07-18 12:22:39,信用卡
T0010529,C04006,P00279,4,804,2025-07-01 12:29:18,行動支付
T0010530,C04553,P01463,1,686,2025-07-23 06:27:19,信用卡
T0010531,C01657,P01147,1,1373,2025-07-07 12:04:00,信用卡
T0010532,C01078,P00235,3,8763,2025-07-12 10:19:42,貨到付款
T0010533,C03666,P01958,1,3638,2025-07-24 02:44:20,信用卡
T0010534,C04700,P01958,2,7276,2025-07-06 18:13:11,轉帳
T0010535,C00180,P00796,1,1566,2025-07-19 05:08:17,行動支付
T0010536,C00100,P00392,1,3165,2025-07-10 20:42:34,轉帳
T0010537,C04701,P01536,3,7773,2025-07-25 11:46:23,行動支付
T0010538,C00512,P01565,2,6048,2025-07-04 16:37:23,轉帳
T0010539,C01989,P00884,1,2304,2025-07-11 21:48:35,轉帳
T0010540,C02424,P00367,2,2496,2025-07-21 18:28:30,貨到付款
T0010541,C00784,P01284,2,646,2025-07-11 22:16:31,行動支付
T0010542,C01507,P01676,2,1800,2025-07-05 17:50:07,轉帳
T0010543,C01150,P01497,4,6504,2025-07-24 12:28:01,貨到付款
T0010544,C03862,P01982,4,14936,2025-07-30 14:11:22,轉帳
T0010545,C01236,P01265,4,13452,2025-07-26 17:06:45,信用卡
T0010546,C01362,P00777,4,14744,2025-07-14 22:11:01,行動支付
T0010547,C00618,P01405,3,7614,2025-07-10 10:53:28,轉帳
T0010548,C03920,P00688,1,3796,2025-07-15 23:16:39,信用卡
T0010549,C03276,P00810,4,4504,2025-07-28 12:59:30,信用卡
T0010550,C00655,P01834,3,6945,2025-07-06 06:16:37,轉帳
T0010551,C03702,P00382,1,292,2025-07-31 09:07:22,行動支付
T0010552,C01349,P00217,4,12672,2025-07-06 22:55:48,轉帳
T0010553,C00424,P00277,1,2596,2025-07-22 22:15:00,轉帳
T0010554,C00369,P01861,4,3756,2025-07-11 19:35:08,貨到付款
T0010555,C03610,P01721,3,1170,2025-07-24 03:35:54,信用卡
T0010556,C03811,P01177,2,6684,2025-07-02 15:01:46,轉帳
T0010557,C02076,P01798,2,3490,2025-07-16 17:54:00,轉帳
T0010558,C00073,P00022,1,2353,2025-07-20 12:57:11,行動支付
T0010559,C04151,P00790,3,10995,2025-07-06 23:37:52,信用卡
T0010560,C03024,P01145,2,8132,2025-07-05 08:40:07,行動支付
T0010561,C00759,P01011,4,8984,2025-07-01 17:51:37,轉帳
T0010562,C03679,P01329,2,7632,2025-07-09 19:12:40,轉帳
T0010563,C03963,P01986,1,3850,2025-07-12 16:31:36,轉帳
T0010564,C00971,P00219,1,1038,2025-07-03 11:46:10,信用卡
T0010565,C03028,P01284,3,969,2025-07-16 21:37:08,貨到付款
T0010566,C01560,P01405,1,2538,2025-07-19 20:37:00,轉帳
T0010567,C01618,P00766,2,5986,2025-07-06 07:01:00,貨到付款
T0010568,C02561,P00584,2,5796,2025-07-26 16:10:10,行動支付
T0010569,C00117,P00920,2,4142,2025-07-16 17:59:51,行動支付
T0010570,C01370,P01240,2,-10,2025-07-05 20:53:29,信用卡
T0010571,C01013,P00902,3,9336,2025-07-19 23:36:53,貨到付款
T0010572,C01321,P01344,4,11568,2025-07-17 21:15:21,信用卡
T0010573,C03280,P00823,4,1644,2025-07-26 14:51:47,行動支付
T0010574,C02357,P01778,3,10773,2025-07-22 11:13:10,行動支付
T0010575,C01456,P00448,1,1652,2025-07-14 20:14:11,轉帳
T0010576,C00465,P00657,4,6244,2025-07-27 04:03:35,貨到付款
T0010577,C04834,P01200,1,3225,2025-07-01 21:29:30,信用卡
T0010578,C02804,P00065,4,3320,2025-07-21 02:14:30,信用卡
T0010579,C02416,P01911,1,356,2025-07-25 16:31:06,行動支付
T0010580,C04538,P00214,3,4968,2025-07-26 08:57:24,轉帳
T0010581,C02666,P00699,2,7966,2025-07-18 12:18:24,貨到付款
T0010582,C01223,P01546,1,1599,2025-07-01 15:57:35,轉帳
T0010583,C00086,P00055,2,6922,2025-07-26 14:52:36,貨到付款
T0010584,C02485,P00802,1,528,2025-07-06 22:03:34,轉帳
T0010585,C01968,P01436,1,3184,2025-07-11 08:22:05,貨到付款
T0010586,C01863,P01135,1,1824,2025-07-25 10:41:55,信用卡
T0010587,C02732,P00544,1,2757,2025-07-17 14:24:02,轉帳
T0010588,C00541,P01170,1,2166,2025-07-01 22:37:39,轉帳
T0010589,C01120,P01522,2,1144,2025-07-23 14:44:18,行動支付
T0010590,C04875,P00162,1,4305,2025-07-19 06:07:06,信用卡
T0010591,C01986,P00452,2,3454,2025-07-25 14:23:37,貨到付款
T0010592,C01160,P00544,3,8271,2025-07-29 04:25:18,貨到付款
T0010593,C01849,P00543,4,-360,2025-07-27 22:46:31,貨到付款
T0010594,C02815,P00952,1,1002,2025-07-08 15:44:22,行動支付
T0010595,C03214,P01331,4,9584,2025-07-20 16:42:49,貨到付款
T0010596,C01662,P01666,2,3946,2025-07-01 19:09:20,轉帳
T0010597,C04048,P01313,3,6231,2025-07-20 13:32:17,信用卡
T0010598,C04879,P00410,3,10998,2025-07-17 18:17:48,信用卡
T0010599,C00476,P01371,3,5958,2025-07-08 18:36:59,貨到付款
T0010600,C00846,P01066,4,700,2025-07-22 18:34:58,信用卡
T0010601,C04324,P00200,2,8086,2025-07-22 14:31:04,信用卡
T0010602,C02449,P00091,1,-75,2025-07-11 12:42:55,轉帳
T0010603,C01249,P01126,1,-48,2025-07-06 19:46:52,信用卡
T0010604,C00706,P01594,2,5200,2025-07-19 16:57:21,信用卡
T0010605,C03082,P00530,4,9116,2025-07-22 17:56:38,信用卡
T0010606,C02367,P01456,1,375,2025-07-25 21:51:31,信用卡
T0010607,C03615,P01910,2,7876,2025-07-03 19:19:28,信用卡
T0010608,C02833,P01729,1,2700,2025-07-22 21:31:03,貨到付款
T0010609,C01162,P00987,3,10761,2025-07-02 15:05:38,行動支付
T0010610,C03837,P00433,1,3601,2025-07-26 02:41:45,信用卡
T0010611,C01260,P00147,4,5816,2025-07-24 22:14:23,貨到付款
T0010612,C01557,P00502,2,8722,2025-07-07 11:52:14,貨到付款
T0010613,C01689,P01088,4,5932,2025-07-29 13:09:07,信用卡
T0010614,C00753,P00207,2,6794,2025-07-21 22:11:12,貨到付款
T0010615,C01607,P00020,3,5346,2025-07-09 00:21:48,轉帳
T0010616,C02826,P00565,2,1078,2025-07-21 06:20:34,貨到付款
T0010617,C02032,P01308,1,3074,2025-07-31 18:34:41,行動支付
T0010618,C00027,P01180,1,3425,2025-07-14 14:52:59,轉帳
T0010619,C03451,P01315,3,10296,2025-07-04 22:41:17,貨到付款
T0010620,C03775,P01543,2,1010,2025-07-22 11:29:03,貨到付款
T0010621,C03973,P00095,3,-231,2025-07-13 02:21:19,貨到付款
T0010622,C02727,P00623,1,3098,2025-07-05 20:07:07,信用卡
T0010623,C01565,P01797,4,10628,2025-07-28 21:33:48,貨到付款
T0010624,C03260,P00323,3,5862,2025-07-17 17:21:39,信用卡
T0010625,C01609,P01823,4,11444,2025-07-09 17:57:07,行動支付
T0010626,C03544,P00301,4,10940,2025-07-20 03:45:24,貨到付款
T0010627,C02572,P01123,2,5588,2025-07-11 18:21:07,貨到付款
T0010628,C04293,P01763,3,4287,2025-07-16 11:25:41,轉帳
T0010629,C04963,P01706,4,3376,2025-07-13 10:35:07,轉帳
T0010630,C00407,P01851,4,7404,2025-07-09 11:13:50,轉帳
T0010631,C00525,P00808,2,4916,2025-07-15 21:01:48,信用卡
T0010632,C03496,P01088,2,2966,2025-07-24 00:05:36,轉帳
T0010633,C01878,P00065,1,830,2025-07-18 04:07:52,行動支付
T0010634,C03784,P01929,4,13172,2025-07-04 00:26:15,信用卡
T0010635,C00810,P01752,1,1549,2025-07-18 10:17:53,行動支付
T0010636,C03740,P01204,4,4920,2025-07-09 11:24:22,信用卡
T0010637,C00830,P00492,1,3893,2025-07-25 12:58:36,行動支付
T0010638,C02188,P00288,2,4372,2025-07-27 17:05:42,行動支付
T0010639,C04859,P01909,3,3564,2025-07-17 17:42:32,轉帳
T0010640,C00195,P01539,2,5372,2025-07-04 17:31:32,行動支付
T0010641,C02120,P00515,1,3126,2025-07-21 18:54:20,貨到付款
T0010642,C00853,P01790,1,868,2025-07-03 23:38:07,轉帳
T0010643,C04015,P01869,3,5331,2025-07-12 06:15:25,行動支付
T0010644,C02435,P00604,4,4708,2025-07-19 13:50:02,信用卡
T0010645,C03744,P00522,1,865,2025-07-29 17:13:17,轉帳
T0010646,C02735,P00311,1,1880,2025-07-12 14:16:34,信用卡
T0010647,C01997,P00119,1,3760,2025-07-31 17:01:18,轉帳
T0010648,C01483,P00638,3,7053,2025-07-20 06:33:02,行動支付
T0010649,C02177,P00149,2,1288,2025-07-20 21:02:00,信用卡
T0010650,C01471,P00122,1,1063,2025-07-14 16:25:39,貨到付款
T0010651,C04609,P00956,3,7491,2025-07-18 07:34:44,行動支付
T0010652,C03383,P01968,1,3116,2025-07-07 10:57:12,信用卡
T0010653,C02612,P00192,4,10124,2025-07-03 14:37:48,行動支付
T0010654,C03075,P01674,3,1119,2025-07-06 09:24:18,行動支付
T0010655,C01858,P01856,1,3131,2025-07-01 19:53:44,信用卡
T0010656,C03251,P00199,3,9921,2025-07-08 18:28:22,行動支付
T0010657,C00707,P01841,1,1969,2025-07-01 13:52:36,行動支付
T0010658,C02616,P00764,2,3876,2025-07-19 00:27:17,行動支付
T0010659,C01022,P00159,1,326,2025-07-01 15:03:24,轉帳
T0010660,C03069,P01574,3,3693,2025-07-15 08:36:06,行動支付
T0010661,C03572,P00197,4,11816,2025-07-15 17:23:06,行動支付
T0010662,C02596,P01403,4,10364,2025-07-01 20:20:38,行動支付
T0010663,C01256,P00172,4,5816,2025-07-06 19:01:34,貨到付款
T0010664,C02314,P00991,1,1310,2025-07-13 07:46:31,轉帳
T0010665,C04681,P00406,2,8156,2025-07-10 16:22:44,信用卡
T0010666,C04635,P00270,1,1534,2025-07-12 17:12:38,行動支付
T0010667,C03600,P01410,4,8864,2025-07-07 06:23:55,行動支付
T0010668,C04261,P01165,3,2157,2025-07-27 17:24:46,行動支付
T0010669,C00676,P00618,4,2252,2025-07-23 13:56:36,轉帳
T0010670,C02621,P01695,3,8187,2025-07-31 11:58:29,行動支付
T0010671,C04147,P00032,2,1638,2025-07-31 15:50:09,信用卡
T0010672,C00049,P00270,3,4602,2025-07-25 23:33:35,貨到付款
T0010673,C02081,P01812,1,2836,2025-07-17 19:00:30,轉帳
T0010674,C00751,P01338,1,2744,2025-07-21 22:40:47,行動支付
T0010675,C00335,P00008,1,3754,2025-07-18 21:45:40,行動支付
T0010676,C04884,P01941,3,2895,2025-07-22 11:03:05,轉帳
T0010677,C01559,P01041,1,3146,2025-07-20 11:40:52,轉帳
T0010678,C00938,P01606,1,2348,2025-07-07 01:40:49,信用卡
T0010679,C03470,P00176,1,716,2025-07-17 09:47:27,轉帳
T0010680,C02688,P00184,2,974,2025-07-05 05:45:11,貨到付款
T0010681,C01655,P00265,3,5112,2025-07-11 13:33:34,貨到付款
T0010682,C00305,P01067,3,3519,2025-07-04 06:47:45,行動支付
T0010683,C02343,P01702,4,13536,2025-07-27 14:07:10,轉帳
T0010684,C00782,P00598,3,1326,2025-07-24 14:26:06,轉帳
T0010685,C01752,P00273,2,2418,2025-07-29 13:06:34,貨到付款
T0010686,C02795,P00969,3,2841,2025-07-01 14:32:55,轉帳
T0010687,C01130,P01394,2,330,2025-07-09 12:16:24,轉帳
T0010688,C03144,P01545,2,6142,2025-07-15 14:44:50,貨到付款
T0010689,C04639,P01215,3,6582,2025-07-01 04:55:42,貨到付款
T0010690,C01372,P01939,4,12276,2025-07-31 10:22:38,信用卡
T0010691,C04103,P00952,1,1002,2025-07-15 21:20:31,信用卡
T0010692,C04340,P01020,1,4395,2025-07-03 10:16:19,貨到付款
T0010693,C02922,P00981,3,11295,2025-07-28 13:19:51,行動支付
T0010694,C01528,P00589,3,9225,2025-07-15 16:51:22,行動支付
T0010695,C03122,P00857,2,200,2025-07-03 17:04:16,貨到付款
T0010696,C02016,P01210,3,9126,2025-07-19 20:39:01,信用卡
T0010697,C01273,P00477,2,6820,2025-07-28 05:53:42,行動支付
T0010698,C02705,P01577,4,14012,2025-07-23 12:44:56,轉帳
T0010699,C03296,P00159,3,978,2025-07-19 22:21:19,轉帳
T0010700,C00387,P01835,1,1996,2025-07-30 17:19:54,行動支付
T0010701,C00762,P00998,1,2417,2025-07-19 10:41:47,信用卡
T0010702,C03653,P01229,3,4263,2025-07-30 13:53:07,貨到付款
T0010703,C01399,P00222,2,1544,2025-07-14 13:35:57,信用卡
T0010704,C01314,P01971,1,2026,2025-07-27 14:52:49,行動支付
T0010705,C00511,P00244,2,1892,2025-07-31 20:13:50,轉帳
T0010706,C03984,P01155,3,5976,2025-07-19 23:50:58,貨到付款
T0010707,C02936,P00572,3,3738,2025-07-22 03:57:25,轉帳
T0010708,C03830,P00499,1,2827,2025-07-13 17:31:22,轉帳
T0010709,C01650,P00303,3,10146,2025-07-23 10:16:41,行動支付
T0010710,C03859,P00696,4,15076,2025-07-10 10:53:15,信用卡
T0010711,C02960,P01753,4,10100,2025-07-04 20:49:20,行動支付
T0010712,C01386,P00152,1,3084,2025-07-16 16:31:00,轉帳
T0010713,C04036,P00474,4,8084,2025-07-13 22:22:50,轉帳
T0010714,C04356,P01840,2,588,2025-07-18 04:08:17,信用卡
T0010715,C03342,P00435,1,4058,2025-07-12 18:50:30,貨到付款
T0010716,C02367,P00102,1,544,2025-07-15 16:27:14,信用卡
T0010717,C00840,P01193,2,4498,2025-07-11 03:51:39,貨到付款
T0010718,C03916,P00866,4,4236,2025-07-14 19:03:55,貨到付款
T0010719,C04945,P01323,4,12764,2025-07-04 16:09:29,信用卡
T0010720,C00456,P00777,4,14744,2025-07-04 19:26:26,轉帳
T0010721,C04016,P00813,1,3427,2025-07-06 04:58:38,貨到付款
T0010722,C00732,P00506,1,2558,2025-07-21 11:11:57,轉帳
T0010723,C00824,P00688,4,15184,2025-07-14 00:29:40,行動支付
T0010724,C04373,P00334,3,2856,2025-07-31 14:54:26,信用卡
T0010725,C01616,P00646,4,6000,2025-07-11 13:04:53,信用卡
T0010726,C04479,P01515,2,4176,2025-07-29 11:50:27,貨到付款
T0010727,C00260,P00993,1,2702,2025-07-04 10:41:50,貨到付款
T0010728,C02558,P00623,2,6196,2025-07-09 22:52:28,信用卡
T0010729,C02198,P00150,2,6460,2025-07-30 20:00:05,行動支付
T0010730,C03324,P00277,1,2596,2025-07-22 23:53:35,行動支付
T0010731,C01635,P00726,3,13140,2025-07-05 05:41:49,行動支付
T0010732,C02501,P00973,4,2960,2025-07-28 10:40:58,貨到付款
T0010733,C00586,P01617,2,5062,2025-07-02 03:20:55,貨到付款
T0010734,C02800,P01868,1,1510,2025-07-30 18:02:17,信用卡
T0010735,C01886,P00933,2,3060,2025-07-27 23:46:25,貨到付款
T0010736,C01927,P01085,4,9260,2025-07-16 19:01:49,行動支付
T0010737,C02372,P01409,3,1566,2025-07-15 07:59:49,貨到付款
T0010738,C01558,P00551,3,3324,2025-07-23 20:14:14,行動支付
T0010739,C02609,P01051,3,9957,2025-07-04 19:21:25,轉帳
T0010740,C02653,P01819,1,786,2025-07-10 18:14:20,轉帳
T0010741,C04416,P00851,1,4098,2025-07-28 14:53:47,信用卡
T0010742,C04210,P01209,3,9510,2025-07-18 21:21:12,轉帳
T0010743,C04776,P01013,4,7696,2025-07-22 08:32:16,行動支付
T0010744,C04727,P01963,4,15744,2025-07-18 22:54:15,信用卡
T0010745,C04168,P01195,1,1916,2025-07-08 13:36:09,信用卡
T0010746,C03556,P01962,3,1272,2025-07-04 13:52:45,信用卡
T0010747,C04199,P00061,4,13792,2025-07-28 22:26:16,信用卡
T0010748,C02802,P00211,4,3600,2025-07-12 22:29:48,轉帳
T0010749,C02450,P01980,4,7560,2025-07-03 13:12:41,貨到付款
T0010750,C03944,P01401,1,340,2025-07-20 05:03:13,轉帳
T0010751,C03426,P00681,3,1254,2025-07-05 03:27:48,轉帳
T0010752,C02789,P00902,2,6224,2025-07-18 18:32:02,轉帳
T0010753,C02177,P01878,3,1395,2025-07-15 00:32:09,貨到付款
T0010754,C01740,P01834,3,6945,2025-07-28 23:53:44,信用卡
T0010755,C00126,P00416,1,2682,2025-07-27 21:53:21,貨到付款
T0010756,C01828,P00728,4,14132,2025-07-11 15:51:52,貨到付款
T0010757,C02330,P01009,4,8248,2025-07-22 06:08:51,轉帳
T0010758,C03350,P01773,1,1980,2025-07-25 13:11:06,信用卡
T0010759,C03642,P01703,1,1373,2025-07-18 16:56:44,信用卡
T0010760,C01068,P00368,1,2159,2025-07-07 12:54:41,信用卡
T0010761,C02798,P01276,1,264,2025-07-03 15:45:04,貨到付款
T0010762,C04989,P00172,1,1454,2025-07-19 21:17:44,信用卡
T0010763,C04697,P00312,2,518,2025-07-23 13:23:56,轉帳
T0010764,C01912,P00808,3,7374,2025-07-16 21:47:24,信用卡
T0010765,C00895,P01520,3,10092,2025-07-30 16:45:24,轉帳
T0010766,C03738,P00723,3,4155,2025-07-05 08:26:28,貨到付款
T0010767,C00053,P00733,4,2912,2025-07-27 02:31:07,轉帳
T0010768,C02210,P00517,2,610,2025-07-24 10:14:19,行動支付
T0010769,C02630,P01747,3,10452,2025-07-12 16:30:44,行動支付
T0010770,C00028,P00952,4,4008,2025-07-09 09:28:21,行動支付
T0010771,C01551,P01326,2,4192,2025-07-13 08:55:51,貨到付款
T0010772,C00470,P00166,2,2000,2025-07-20 17:11:13,貨到付款
T0010773,C01844,P01718,4,13400,2025-07-01 03:08:11,行動支付
T0010774,C01268,P01307,2,4410,2025-07-10 22:08:14,行動支付
T0010775,C04607,P00548,4,3432,2025-07-31 22:05:25,信用卡
T0010776,C03033,P01677,3,10641,2025-07-13 07:13:42,貨到付款
T0010777,C00167,P00010,4,7660,2025-07-24 10:51:54,貨到付款
T0010778,C01374,P01636,2,7068,2025-07-31 18:58:05,信用卡
T0010779,C02393,P01018,3,10212,2025-07-26 14:39:28,行動支付
T0010780,C00219,P01911,3,1068,2025-07-21 19:58:04,行動支付
T0010781,C03477,P00841,1,899,2025-07-03 05:08:39,信用卡
T0010782,C01265,P00360,1,2848,2025-07-06 10:54:00,轉帳
T0010783,C03126,P00081,2,1126,2025-07-27 19:39:59,行動支付
T0010784,C04855,P01400,4,9604,2025-07-22 16:46:03,信用卡
T0010785,C04116,P00890,4,5336,2025-07-14 20:27:40,信用卡
T0010786,C04315,P01616,2,6760,2025-07-09 09:40:45,貨到付款
T0010787,C04637,P01753,3,7575,2025-07-23 19:46:49,貨到付款
T0010788,C04986,P00006,2,1084,2025-07-03 15:48:53,信用卡
T0010789,C03161,P01276,2,528,2025-07-23 21:15:04,信用卡
T0010790,C02451,P01625,3,-297,2025-07-02 05:39:55,行動支付
T0010791,C02367,P00818,4,15376,2025-07-04 02:43:49,貨到付款
T0010792,C04374,P01199,2,3886,2025-07-09 13:03:52,行動支付
T0010793,C03752,P01344,4,11568,2025-07-11 10:59:02,貨到付款
T0010794,C04037,P01976,2,3394,2025-07-10 16:52:24,貨到付款
T0010795,C00190,P01608,3,4236,2025-07-29 14:51:25,貨到付款
T0010796,C00144,P00200,3,12129,2025-07-23 13:01:12,行動支付
T0010797,C04471,P00271,1,2049,2025-07-18 20:22:13,貨到付款
T0010798,C00765,P00281,3,6810,2025-07-16 18:11:08,轉帳
T0010799,C03680,P00943,1,3514,2025-07-15 19:49:33,信用卡
T0010800,C04354,P00337,2,6288,2025-07-08 20:57:11,轉帳
T0010801,C00658,P01003,4,2560,2025-07-24 17:10:21,信用卡
T0010802,C02097,P00222,3,2316,2025-07-26 05:19:17,行動支付
T0010803,C04229,P00702,3,7014,2025-07-17 16:55:59,行動支付
T0010804,C00280,P01585,3,7719,2025-07-01 15:26:38,信用卡
T0010805,C03187,P00322,2,1938,2025-07-27 17:27:22,信用卡
T0010806,C00311,P00458,1,881,2025-07-15 15:25:20,貨到付款
T0010807,C00487,P01104,2,8260,2025-07-10 11:22:38,信用卡
T0010808,C02720,P00361,4,16508,2025-07-31 10:36:06,信用卡
T0010809,C04917,P01112,2,7066,2025-07-09 14:48:04,信用卡
T0010810,C00970,P00567,4,8328,2025-07-06 20:49:18,轉帳
T0010811,C03070,P01072,3,5259,2025-07-11 18:16:29,行動支付
T0010812,C00083,P00942,4,16088,2025-07-09 16:43:55,貨到付款
T0010813,C04186,P01732,4,3928,2025-07-28 05:04:25,行動支付
T0010814,C04241,P01052,1,2858,2025-07-02 19:16:43,貨到付款
T0010815,C01582,P00715,4,8416,2025-07-26 11:43:07,信用卡
T0010816,C03546,P01211,4,15728,2025-07-18 10:10:13,貨到付款
T0010817,C04528,P01190,2,238,2025-07-21 18:43:17,貨到付款
T0010818,C02934,P00063,3,9693,2025-07-21 16:18:17,貨到付款
T0010819,C04721,P00545,2,3452,2025-07-15 19:42:50,信用卡
T0010820,C02581,P00078,2,2078,2025-07-10 16:33:22,轉帳
T0010821,C04702,P01502,3,7071,2025-07-26 15:49:39,轉帳
T0010822,C02015,P00535,3,7671,2025-07-26 20:19:19,信用卡
T0010823,C04188,P01210,4,12168,2025-07-11 06:16:11,貨到付款
T0010824,C03348,P00231,4,13520,2025-07-04 17:29:08,轉帳
T0010825,C00324,P00746,1,3872,2025-07-20 17:05:16,信用卡
T0010826,C04125,P01563,2,6442,2025-07-05 09:03:30,行動支付
T0010827,C02507,P01409,3,1566,2025-07-03 11:50:37,信用卡
T0010828,C03644,P01872,4,-368,2025-07-03 12:57:34,信用卡
T0010829,C00419,P00694,3,2124,2025-07-05 10:50:18,行動支付
T0010830,C02216,P00059,4,14840,2025-07-22 14:49:08,轉帳
T0010831,C01377,P01705,1,2648,2025-07-07 19:22:20,行動支付
T0010832,C00993,P01548,1,2096,2025-07-09 13:59:40,行動支付
T0010833,C02527,P00388,3,3297,2025-07-30 10:21:46,貨到付款
T0010834,C00864,P01934,1,2132,2025-07-19 18:53:13,貨到付款
T0010835,C03734,P01887,3,12342,2025-07-15 10:00:52,轉帳
T0010836,C04189,P01855,4,12352,2025-07-14 20:28:40,信用卡
T0010837,C00016,P00329,2,6070,2025-07-28 18:03:39,貨到付款
T0010838,C01368,P01286,1,1023,2025-07-31 18:35:01,貨到付款
T0010839,C01753,P01184,4,-360,2025-07-08 20:39:46,信用卡
T0010840,C01707,P01847,2,3660,2025-07-07 11:35:25,貨到付款
T0010841,C02840,P00015,2,4022,2025-07-06 01:30:21,行動支付
T0010842,C03481,P01858,2,2474,2025-07-31 22:13:36,行動支付
T0010843,C02830,P00578,4,7200,2025-07-04 20:05:48,轉帳
T0010844,C02315,P01279,4,16744,2025-07-22 19:37:12,轉帳
T0010845,C00581,P01872,3,-276,2025-07-18 22:33:59,貨到付款
T0010846,C00452,P00718,2,7518,2025-07-22 16:05:32,貨到付款
T0010847,C03647,P00978,2,2620,2025-07-27 17:56:58,轉帳
T0010848,C00928,P01961,2,5432,2025-07-24 12:28:15,行動支付
T0010849,C02955,P01197,3,9480,2025-07-20 12:34:40,信用卡
T0010850,C04828,P00928,2,5624,2025-07-31 12:00:23,信用卡
T0010851,C03833,P00480,4,3920,2025-07-02 13:07:22,行動支付
T0010852,C03943,P00255,2,8044,2025-07-04 18:16:26,信用卡
T0010853,C01087,P01080,1,4193,2025-07-05 11:32:21,貨到付款
T0010854,C01872,P01702,4,13536,2025-07-13 18:40:26,行動支付
T0010855,C00406,P00047,3,2937,2025-07-06 01:59:45,貨到付款
T0010856,C03621,P00600,2,6902,2025-07-25 13:10:43,行動支付
T0010857,C01233,P01244,1,1019,2025-07-15 21:11:19,貨到付款
T0010858,C04186,P01820,3,1017,2025-07-08 20:53:07,信用卡
T0010859,C03211,P01424,3,5229,2025-07-31 21:17:55,轉帳
T0010860,C04507,P00658,4,13292,2025-07-12 09:52:22,轉帳
T0010861,C00955,P00602,3,5820,2025-07-03 18:54:17,轉帳
T0010862,C03779,P01226,3,2412,2025-07-19 14:21:13,信用卡
T0010863,C00663,P01743,3,459,2025-07-21 02:18:16,信用卡
T0010864,C00266,P00252,3,10257,2025-07-13 17:15:34,信用卡
T0010865,C03529,P01524,2,4056,2025-07-09 12:18:21,行動支付
T0010866,C00890,P01521,2,4814,2025-07-26 00:08:41,信用卡
T0010867,C00702,P00191,2,7424,2025-07-05 03:58:39,行動支付
T0010868,C01577,P01311,2,482,2025-07-22 20:41:32,轉帳
T0010869,C01129,P00575,1,3441,2025-07-10 16:13:05,信用卡
T0010870,C00941,P01111,2,1004,2025-07-05 23:22:56,貨到付款
T0010871,C04417,P01599,3,459,2025-07-20 05:35:36,信用卡
T0010872,C00885,P00575,2,6882,2025-07-17 17:14:01,信用卡
T0010873,C01474,P01767,2,7342,2025-07-19 16:41:59,行動支付
T0010874,C03487,P00257,4,1748,2025-07-06 03:02:10,轉帳
T0010875,C01322,P00072,3,13089,2025-07-23 22:19:56,貨到付款
T0010876,C02449,P00170,2,3766,2025-07-03 20:27:26,信用卡
T0010877,C02893,P01019,2,6848,2025-07-30 19:28:02,信用卡
T0010878,C01744,P01110,2,6474,2025-07-27 19:52:43,行動支付
T0010879,C03209,P01220,1,1103,2025-07-13 20:12:44,行動支付
T0010880,C02248,P00045,2,4054,2025-07-18 10:10:24,行動支付
T0010881,C03155,P00444,4,3712,2025-07-23 14:18:03,行動支付
T0010882,C04158,P00688,3,11388,2025-07-22 22:42:00,信用卡
T0010883,C00183,P01962,3,1272,2025-07-20 22:42:30,轉帳
T0010884,C04173,P01118,2,2838,2025-07-16 11:44:54,轉帳
T0010885,C01928,P01420,2,4266,2025-07-10 16:26:11,貨到付款
T0010886,C02689,P00049,2,376,2025-07-12 15:38:22,信用卡
T0010887,C01053,P01990,3,3855,2025-07-19 00:07:09,貨到付款
T0010888,C03510,P00929,3,5175,2025-07-03 11:21:58,行動支付
T0010889,C01734,P01170,1,2166,2025-07-07 03:10:21,貨到付款
T0010890,C04054,P00230,4,5704,2025-07-08 11:12:27,轉帳
T0010891,C03981,P00291,1,3090,2025-07-24 11:27:37,貨到付款
T0010892,C01037,P00443,4,556,2025-07-08 15:27:30,貨到付款
T0010893,C03498,P01321,1,2109,2025-07-21 12:27:19,行動支付
T0010894,C02518,P01450,3,1575,2025-07-10 01:40:05,信用卡
T0010895,C04149,P01437,1,150,2025-07-09 15:11:07,貨到付款
T0010896,C03971,P00501,4,14052,2025-07-03 17:16:58,信用卡
T0010897,C00453,P01835,2,3992,2025-07-26 07:48:44,轉帳
T0010898,C03867,P00479,4,3148,2025-07-16 10:56:55,行動支付
T0010899,C01291,P01440,2,2592,2025-07-12 08:14:10,轉帳
T0010900,C02338,P01192,3,912,2025-07-04 14:59:47,貨到付款
T0010901,C00157,P00027,4,5444,2025-07-24 17:49:49,轉帳
T0010902,C00576,P01628,1,3829,2025-07-29 16:20:56,轉帳
T0010903,C03291,P01105,4,11648,2025-07-27 08:00:09,信用卡
T0010904,C00932,P01915,2,4246,2025-07-13 19:38:18,行動支付
T0010905,C00699,P01829,3,315,2025-07-26 08:22:33,轉帳
T0010906,C02934,P01568,1,1314,2025-07-27 05:25:03,轉帳
T0010907,C01861,P01184,4,-360,2025-07-15 10:35:32,信用卡
T0010908,C01889,P00612,2,2530,2025-07-10 19:36:12,轉帳
T0010909,C02941,P01536,1,2591,2025-07-31 22:09:50,信用卡
T0010910,C00169,P01089,3,13308,2025-07-24 20:40:35,轉帳
T0010911,C03506,P00556,1,563,2025-07-24 18:26:56,信用卡
T0010912,C03147,P01151,3,5244,2025-07-13 12:33:00,轉帳
T0010913,C04346,P01473,1,571,2025-07-04 02:40:43,行動支付
T0010914,C00039,P01668,4,8616,2025-07-11 22:56:56,行動支付
T0010915,C02107,P01205,2,614,2025-07-24 10:22:18,轉帳
T0010916,C01673,P00859,4,8112,2025-07-31 12:12:02,轉帳
T0010917,C03239,P01275,4,14348,2025-07-11 10:13:47,貨到付款
T0010918,C00501,P01378,3,1299,2025-07-14 07:16:55,貨到付款
T0010919,C04565,P00718,3,11277,2025-07-31 19:27:53,行動支付
T0010920,C01531,P00306,3,3903,2025-07-26 22:14:41,行動支付
T0010921,C02334,P01215,4,8776,2025-07-15 01:40:10,轉帳
T0010922,C00930,P01086,1,358,2025-07-16 21:45:08,行動支付
T0010923,C00108,P00029,1,1070,2025-07-29 02:55:42,轉帳
T0010924,C04046,P00133,4,13008,2025-07-29 20:54:22,信用卡
T0010925,C02282,P00096,4,6748,2025-07-02 10:39:18,轉帳
T0010926,C02879,P00663,2,2404,2025-07-26 18:56:28,貨到付款
T0010927,C02174,P00919,3,13107,2025-07-19 14:14:38,轉帳
T0010928,C01996,P00467,3,11676,2025-07-30 14:46:35,貨到付款
T0010929,C04170,P01512,4,11816,2025-07-17 20:03:59,信用卡
T0010930,C01262,P00742,4,7976,2025-07-09 15:37:06,貨到付款
T0010931,C01866,P01787,1,1457,2025-07-31 13:38:01,信用卡
T0010932,C01689,P00165,4,14496,2025-07-24 13:16:10,貨到付款
T0010933,C03392,P00636,1,2359,2025-07-29 20:35:48,行動支付
T0010934,C01500,P00888,4,10292,2025-07-15 15:40:02,貨到付款
T0010935,C04853,P00186,2,1098,2025-07-10 07:19:31,信用卡
T0010936,C04387,P00445,2,4470,2025-07-31 07:00:43,貨到付款
T0010937,C03815,P01327,1,2648,2025-07-17 21:58:50,行動支付
T0010938,C04504,P00138,3,2277,2025-07-17 15:52:36,信用卡
T0010939,C02534,P01175,2,4846,2025-07-25 13:50:04,貨到付款
T0010940,C02104,P01103,1,1157,2025-07-11 18:25:39,貨到付款
T0010941,C03870,P00280,4,9168,2025-07-19 19:08:37,行動支付
T0010942,C04769,P00439,4,2712,2025-07-04 22:12:29,行動支付
T0010943,C02003,P00040,1,1784,2025-07-21 19:02:40,貨到付款
T0010944,C00142,P00560,3,6552,2025-07-03 14:33:18,行動支付
T0010945,C02561,P00957,1,4313,2025-07-22 01:44:30,信用卡
T0010946,C04611,P00796,1,1566,2025-07-28 14:15:14,行動支付
T0010947,C04432,P01227,2,3068,2025-07-01 19:44:59,信用卡
T0010948,C04826,P01280,1,982,2025-07-19 07:49:41,行動支付
T0010949,C04714,P01697,1,791,2025-07-20 02:06:57,信用卡
T0010950,C00992,P00591,4,-96,2025-07-11 17:51:36,轉帳
T0010951,C04862,P00602,2,3880,2025-07-06 18:56:32,行動支付
T0010952,C03759,P01547,4,11800,2025-07-10 10:56:24,貨到付款
T0010953,C00649,P00997,4,8380,2025-07-16 20:29:17,信用卡
T0010954,C01665,P01818,3,1806,2025-07-04 14:15:49,轉帳
T0010955,C04799,P00646,3,4500,2025-07-15 12:26:47,貨到付款
T0010956,C04851,P01752,2,3098,2025-07-13 18:28:35,轉帳
T0010957,C01546,P00018,2,6970,2025-07-11 20:13:43,轉帳
T0010958,C03829,P00563,3,8985,2025-07-15 07:18:15,轉帳
T0010959,C04007,P00368,3,6477,2025-07-13 01:45:07,貨到付款
T0010960,C02293,P01487,3,6042,2025-07-04 22:51:33,行動支付
T0010961,C00826,P01801,3,6408,2025-07-12 14:23:56,貨到付款
T0010962,C00004,P00348,3,3744,2025-07-05 07:57:31,貨到付款
T0010963,C00737,P00602,4,7760,2025-07-04 14:31:19,行動支付
T0010964,C04414,P00009,2,6888,2025-07-16 16:20:26,貨到付款
T0010965,C01506,P00063,4,12924,2025-07-21 11:46:47,轉帳
T0010966,C00401,P00160,4,10608,2025-07-07 10:05:00,行動支付
T0010967,C01180,P01418,1,1042,2025-07-04 20:01:10,貨到付款
T0010968,C01016,P00615,4,6980,2025-07-22 22:59:35,貨到付款
T0010969,C00450,P01440,3,3888,2025-07-17 11:07:50,轉帳
T0010970,C01223,P00684,3,8304,2025-07-09 16:49:04,信用卡
T0010971,C03423,P01884,1,3922,2025-07-09 05:05:05,信用卡
T0010972,C04228,P00796,1,1566,2025-07-24 09:51:05,轉帳
T0010973,C01871,P00216,1,2393,2025-07-21 14:19:29,轉帳
T0010974,C02386,P01069,1,1880,2025-07-09 18:05:20,行動支付
T0010975,C01723,P00630,1,1680,2025-07-22 15:27:06,信用卡
T0010976,C02354,P00563,4,11980,2025-07-19 20:17:56,行動支付
T0010977,C03433,P01913,1,290,2025-07-05 04:32:03,信用卡
T0010978,C03493,P01856,4,12524,2025-07-06 17:11:16,貨到付款
T0010979,C04564,P00768,2,2464,2025-07-11 20:34:09,信用卡
T0010980,C03342,P01668,1,2154,2025-07-09 21:30:47,行動支付
T0010981,C04156,P01126,1,-48,2025-07-01 15:01:47,行動支付
T0010982,C03531,P00757,4,5400,2025-07-16 03:11:29,信用卡
T0010983,C03815,P00324,2,3868,2025-07-17 17:23:28,行動支付
T0010984,C00479,P00329,4,12140,2025-07-09 19:26:44,貨到付款
T0010985,C00642,P00904,4,-324,2025-07-10 10:17:11,行動支付
T0010986,C03815,P00478,1,3995,2025-07-22 12:29:03,信用卡
T0010987,C00667,P01525,3,10554,2025-07-31 10:39:56,轉帳
T0010988,C03866,P00443,3,417,2025-07-04 17:52:50,轉帳
T0010989,C04490,P00288,4,8744,2025-07-22 12:25:27,轉帳
T0010990,C04098,P01589,1,3009,2025-07-20 15:58:55,轉帳
T0010991,C03651,P01351,2,420,2025-07-01 15:44:11,轉帳
T0010992,C02122,P00582,3,6135,2025-07-19 11:08:50,貨到付款
T0010993,C01969,P00362,2,1856,2025-07-25 19:44:07,貨到付款
T0010994,C00358,P00444,3,2784,2025-07-24 22:41:28,轉帳
T0010995,C02441,P00165,1,3624,2025-07-01 15:26:44,信用卡
T0010996,C03702,P01280,4,3928,2025-07-08 11:19:48,貨到付款
T0010997,C02932,P01843,2,8314,2025-07-24 12:14:37,行動支付
T0010998,C01108,P00278,2,5988,2025-07-15 22:55:56,貨到付款
T0010999,C03042,P00773,4,12580,2025-07-02 16:36:57,貨到付款
T0011000,C03839,P00092,2,5174,2025-07-21 01:12:32,信用卡
T0011001,C01845,P00040,3,5352,2025-07-24 23:24:44,貨到付款
T0011002,C01699,P01656,4,6460,2025-07-28 17:02:08,行動支付
T0011003,C04116,P01210,3,9126,2025-07-18 12:00:59,信用卡
T0011004,C03052,P00784,3,3186,2025-07-30 10:33:12,轉帳
T0011005,C03758,P01809,1,138,2025-07-14 18:42:24,信用卡
T0011006,C04572,P01380,3,2964,2025-07-18 22:45:58,貨到付款
T0011007,C03227,P01200,1,3225,2025-07-09 17:18:06,貨到付款
T0011008,C00690,P00885,2,498,2025-07-22 21:56:18,信用卡
T0011009,C00939,P00198,2,7454,2025-07-26 23:38:03,轉帳
T0011010,C01056,P00590,1,1840,2025-07-09 12:20:05,行動支付
T0011011,C02177,P00313,3,7257,2025-07-12 05:31:40,行動支付
T0011012,C01697,P00277,4,10384,2025-07-20 04:57:40,行動支付
T0011013,C03270,P00262,4,8692,2025-07-01 20:27:01,轉帳
T0011014,C02128,P00604,1,1177,2025-07-29 16:51:55,貨到付款
T0011015,C01424,P00814,2,320,2025-07-05 05:33:09,轉帳
T0011016,C01934,P01083,2,8146,2025-07-01 22:01:00,轉帳
T0011017,C04106,P01538,4,13088,2025-07-22 17:38:30,貨到付款
T0011018,C00174,P01810,1,1366,2025-07-18 00:40:30,信用卡
T0011019,C04792,P00718,4,15036,2025-07-24 20:08:40,行動支付
T0011020,C02108,P00481,3,2751,2025-07-09 14:40:20,轉帳
T0011021,C00817,P00352,3,10647,2025-07-07 00:09:09,貨到付款
T0011022,C03411,P00812,1,3219,2025-07-06 22:07:08,轉帳
T0011023,C04171,P01208,1,674,2025-07-17 16:25:39,貨到付款
T0011024,C02324,P00949,3,642,2025-07-01 11:20:52,信用卡
T0011025,C00413,P01981,2,5976,2025-07-18 20:49:57,轉帳
T0011026,C03430,P00009,1,3444,2025-07-06 17:09:14,貨到付款
T0011027,C00507,P00442,3,8808,2025-07-06 11:14:19,信用卡
T0011028,C04312,P00252,3,10257,2025-07-09 10:04:57,行動支付
T0011029,C04017,P00709,2,3044,2025-07-25 21:54:03,行動支付
T0011030,C00061,P00066,2,3772,2025-07-17 11:33:59,行動支付
T0011031,C01595,P00430,2,5020,2025-07-21 18:16:48,轉帳
T0011032,C02873,P01678,2,3248,2025-07-18 16:38:17,行動支付
T0011033,C01919,P01172,4,4036,2025-07-18 22:10:42,行動支付
T0011034,C02273,P01000,2,5804,2025-07-06 05:12:08,行動支付
T0011035,C02430,P00604,4,4708,2025-07-06 12:46:19,貨到付款
T0011036,C04799,P01560,1,2377,2025-07-14 19:25:07,轉帳
T0011037,C02008,P01642,3,7269,2025-07-20 14:28:05,行動支付
T0011038,C03856,P00015,4,8044,2025-07-02 15:06:49,貨到付款
T0011039,C01514,P00302,1,2451,2025-07-17 14:09:59,信用卡
T0011040,C01293,P00835,1,1624,2025-07-30 21:15:41,貨到付款
T0011041,C03170,P01342,4,16676,2025-07-08 14:48:44,行動支付
T0011042,C03018,P00097,1,4397,2025-07-11 18:43:54,轉帳
T0011043,C04012,P01152,1,2403,2025-07-06 01:16:22,行動支付
T0011044,C02251,P01285,4,3928,2025-07-22 13:19:16,信用卡
T0011045,C01864,P00423,1,1273,2025-07-15 09:30:01,貨到付款
T0011046,C02367,P01237,2,942,2025-07-23 03:16:33,信用卡
T0011047,C01675,P00978,2,2620,2025-07-30 17:43:40,行動支付
T0011048,C02675,P00974,3,5889,2025-07-20 23:51:16,信用卡
T0011049,C01824,P01207,1,3516,2025-07-25 11:58:11,信用卡
T0011050,C03927,P00004,3,8610,2025-07-22 13:43:55,轉帳
T0011051,C04903,P01292,2,7644,2025-07-15 11:13:31,貨到付款
T0011052,C02658,P00367,2,2496,2025-07-09 15:51:23,貨到付款
T0011053,C01917,P01163,2,1068,2025-07-21 03:13:50,信用卡
T0011054,C03373,P00683,1,1750,2025-07-15 20:54:14,貨到付款
T0011055,C00751,P00198,1,3727,2025-07-05 17:48:57,轉帳
T0011056,C01685,P00292,2,4930,2025-07-29 23:03:25,信用卡
T0011057,C04670,P01683,3,9987,2025-07-22 00:41:50,行動支付
T0011058,C02950,P00753,3,4359,2025-07-18 11:40:29,貨到付款
T0011059,C00988,P01435,4,9168,2025-07-16 11:27:47,行動支付
T0011060,C04064,P00561,2,5310,2025-07-22 13:48:23,行動支付
T0011061,C03638,P00984,3,7611,2025-07-31 15:37:33,行動支付
T0011062,C02274,P01028,2,1216,2025-07-15 21:05:46,信用卡
T0011063,C00242,P00736,3,10500,2025-07-24 21:20:29,信用卡
T0011064,C01408,P01939,4,12276,2025-07-27 05:14:21,轉帳
T0011065,C00607,P00618,4,2252,2025-07-08 15:31:49,行動支付
T0011066,C02448,P01454,2,7444,2025-07-19 23:11:15,信用卡
T0011067,C01835,P01158,3,12180,2025-07-18 18:47:37,轉帳
T0011068,C04445,P01243,1,2275,2025-07-30 22:50:43,信用卡
T0011069,C03431,P01797,4,10628,2025-07-02 12:38:46,轉帳
T0011070,C01261,P00453,2,2180,2025-07-10 18:29:24,轉帳
T0011071,C01687,P00571,2,7132,2025-07-25 07:39:10,轉帳
T0011072,C01480,P01559,3,3543,2025-07-15 22:56:33,信用卡
T0011073,C04095,P01453,2,4306,2025-07-04 10:43:57,行動支付
T0011074,C02713,P01954,4,1968,2025-07-02 15:40:25,轉帳
T0011075,C00893,P00273,2,2418,2025-07-05 06:02:56,行動支付
T0011076,C01784,P00468,2,7966,2025-07-19 19:22:10,行動支付
T0011077,C00087,P01924,1,2495,2025-07-06 06:08:48,行動支付
T0011078,C01623,P01301,1,1706,2025-07-15 12:07:55,貨到付款
T0011079,C03179,P00937,4,14632,2025-07-15 18:57:28,信用卡
T0011080,C02978,P01832,3,10815,2025-07-05 01:30:54,信用卡
T0011081,C01786,P01068,1,3339,2025-07-24 18:01:04,信用卡
T0011082,C00183,P00150,3,9690,2025-07-04 14:40:21,信用卡
T0011083,C03693,P00662,4,6112,2025-07-11 18:29:29,信用卡
T0011084,C01243,P00579,1,2706,2025-07-28 12:15:23,貨到付款
T0011085,C00420,P01467,3,4353,2025-07-04 03:26:29,行動支付
T0011086,C00472,P01675,1,3938,2025-07-23 12:19:16,行動支付
T0011087,C03633,P00887,4,9724,2025-07-23 17:38:50,行動支付
T0011088,C03164,P01564,4,5764,2025-07-17 16:02:50,行動支付
T0011089,C02155,P00236,1,1119,2025-07-23 15:07:44,行動支付
T0011090,C01373,P00591,3,-72,2025-07-13 11:31:33,信用卡
T0011091,C04859,P01513,2,4086,2025-07-29 20:45:32,行動支付
T0011092,C03444,P00391,2,7982,2025-07-02 11:51:10,轉帳
T0011093,C01220,P01228,1,1823,2025-07-10 22:36:54,貨到付款
T0011094,C04127,P01824,3,4323,2025-07-05 05:43:46,行動支付
T0011095,C04174,P01839,2,536,2025-07-01 22:00:35,轉帳
T0011096,C03663,P01340,4,-28,2025-07-07 11:07:57,貨到付款
T0011097,C02617,P01948,3,8460,2025-07-18 15:07:49,信用卡
T0011098,C02292,P00855,2,6602,2025-07-11 18:50:43,貨到付款
T0011099,C00382,P00841,3,2697,2025-07-01 23:12:39,貨到付款
T0011100,C01863,P00856,1,3163,2025-07-21 10:49:53,貨到付款
T0011101,C00733,P00116,3,9858,2025-07-08 15:54:59,貨到付款
T0011102,C04884,P00353,2,6148,2025-07-01 10:23:17,行動支付
T0011103,C03189,P00941,1,2353,2025-07-07 08:58:15,貨到付款
T0011104,C04410,P01792,3,2466,2025-07-15 19:06:09,轉帳
T0011105,C01909,P00836,4,3024,2025-07-30 18:23:50,貨到付款
T0011106,C04901,P00250,2,1508,2025-07-23 02:49:17,轉帳
T0011107,C00393,P01567,1,2603,2025-07-18 21:40:54,信用卡
T0011108,C04637,P00320,3,1134,2025-07-30 19:06:49,行動支付
T0011109,C03746,P00173,4,6108,2025-07-20 12:44:23,貨到付款
T0011110,C02112,P01400,2,4802,2025-07-19 20:36:29,轉帳
T0011111,C00111,P00642,4,12904,2025-07-08 10:11:41,行動支付
T0011112,C04751,P01094,3,6663,2025-07-19 03:53:30,轉帳
T0011113,C01284,P00813,3,10281,2025-07-17 02:37:09,行動支付
T0011114,C03264,P00148,1,635,2025-07-30 15:56:51,貨到付款
T0011115,C04414,P01442,4,-204,2025-07-23 18:54:34,行動支付
T0011116,C04184,P00119,1,3760,2025-07-13 05:36:06,貨到付款
T0011117,C02167,P00264,2,2802,2025-07-21 02:11:01,轉帳
T0011118,C00582,P00138,1,759,2025-07-09 22:53:29,信用卡
T0011119,C00958,P00227,2,914,2025-07-18 14:12:58,行動支付
T0011120,C01304,P00956,3,7491,2025-07-02 19:34:04,轉帳
T0011121,C01516,P01094,3,6663,2025-07-28 13:04:58,行動支付
T0011122,C02570,P01854,4,8840,2025-07-19 18:34:25,行動支付
T0011123,C04271,P00048,2,5098,2025-07-16 02:41:24,信用卡
T0011124,C01218,P01258,3,-93,2025-07-23 17:34:47,貨到付款
T0011125,C03994,P00955,4,9748,2025-07-14 20:52:16,轉帳
T0011126,C01871,P00855,4,13204,2025-07-09 20:37:04,信用卡
T0011127,C02364,P00670,1,525,2025-07-04 16:05:02,轉帳
T0011128,C03803,P00270,4,6136,2025-07-04 13:42:10,信用卡
T0011129,C02184,P00396,3,6846,2025-07-15 19:11:20,行動支付
T0011130,C03734,P00972,1,1060,2025-07-11 21:14:00,貨到付款
T0011131,C03891,P01078,2,6530,2025-07-24 07:32:47,貨到付款
T0011132,C01384,P01171,2,1752,2025-07-02 15:08:21,貨到付款
T0011133,C03357,P00143,3,13818,2025-07-17 12:54:14,信用卡
T0011134,C03023,P00276,3,10026,2025-07-01 09:41:46,貨到付款
T0011135,C04548,P01637,1,3462,2025-07-16 22:59:51,信用卡
T0011136,C03391,P01033,1,385,2025-07-06 11:58:53,信用卡
T0011137,C01363,P00568,3,12099,2025-07-12 03:43:22,行動支付
T0011138,C02035,P01025,3,7455,2025-07-27 22:31:49,信用卡
T0011139,C00093,P00828,2,5058,2025-07-31 19:59:57,轉帳
T0011140,C02071,P01823,2,5722,2025-07-22 10:04:55,轉帳
T0011141,C00648,P00167,2,2504,2025-07-04 18:14:18,信用卡
T0011142,C01335,P00572,3,3738,2025-07-03 19:24:55,貨到付款
T0011143,C02995,P00304,4,8088,2025-07-08 16:26:29,信用卡
T0011144,C04879,P00623,3,9294,2025-07-15 19:50:37,轉帳
T0011145,C01590,P00043,3,2976,2025-07-15 10:28:29,貨到付款
T0011146,C01106,P00057,2,6398,2025-07-04 17:32:44,信用卡
T0011147,C00090,P01492,3,2847,2025-07-09 14:22:12,信用卡
T0011148,C01623,P00907,1,1138,2025-07-23 22:25:58,轉帳
T0011149,C00318,P00673,3,10011,2025-07-24 13:58:28,轉帳
T0011150,C01439,P01816,3,4560,2025-07-10 21:48:03,轉帳
T0011151,C03560,P01139,3,5382,2025-07-20 09:34:14,轉帳
T0011152,C04134,P01075,3,11178,2025-07-09 18:34:27,行動支付
T0011153,C02939,P01815,4,7100,2025-07-26 15:32:31,轉帳
T0011154,C03173,P00297,3,2541,2025-07-04 14:18:48,轉帳
T0011155,C01643,P00486,1,180,2025-07-13 18:39:08,貨到付款
T0011156,C01945,P01394,1,165,2025-07-19 02:31:30,貨到付款
T0011157,C04649,P00414,3,12759,2025-07-25 10:49:01,貨到付款
T0011158,C00062,P00519,2,8672,2025-07-11 11:52:38,信用卡
T0011159,C01702,P00689,4,12508,2025-07-01 21:34:58,貨到付款
T0011160,C01731,P01317,3,10521,2025-07-03 06:00:01,轉帳
T0011161,C02221,P01004,3,11406,2025-07-02 15:44:30,貨到付款
T0011162,C02309,P00760,3,1014,2025-07-18 11:56:07,信用卡
T0011163,C03712,P01225,2,694,2025-07-27 12:10:46,行動支付
T0011164,C01053,P00253,2,2492,2025-07-14 11:40:16,貨到付款
T0011165,C03488,P00957,2,8626,2025-07-03 16:31:43,貨到付款
T0011166,C03364,P01928,4,7664,2025-07-24 03:58:11,轉帳
T0011167,C01278,P01427,1,3050,2025-07-06 07:46:32,轉帳
T0011168,C00161,P00206,4,2768,2025-07-03 17:14:39,信用卡
T0011169,C04261,P01318,2,1948,2025-07-22 10:30:55,貨到付款
T0011170,C04838,P00403,1,208,2025-07-09 17:55:23,行動支付
T0011171,C03156,P01366,1,2563,2025-07-09 18:22:46,信用卡
T0011172,C02806,P00825,2,2772,2025-07-31 12:18:58,轉帳
T0011173,C01726,P01140,2,2010,2025-07-16 22:28:33,貨到付款
T0011174,C01037,P01764,4,2236,2025-07-30 15:38:53,行動支付
T0011175,C04924,P00681,2,836,2025-07-06 06:51:28,貨到付款
T0011176,C01845,P00420,1,1316,2025-07-27 16:43:29,貨到付款
T0011177,C01459,P01047,3,8877,2025-07-30 20:29:19,行動支付
T0011178,C01576,P00082,2,174,2025-07-01 14:25:35,信用卡
T0011179,C03372,P00196,2,5704,2025-07-13 10:49:36,貨到付款
T0011180,C00147,P00549,4,13792,2025-07-24 11:55:00,貨到付款
T0011181,C03124,P01741,4,800,2025-07-22 19:07:13,轉帳
T0011182,C00833,P01629,2,3184,2025-07-16 14:34:55,貨到付款
T0011183,C01758,P01607,1,900,2025-07-06 04:24:05,貨到付款
T0011184,C02157,P00327,1,812,2025-07-27 13:20:46,行動支付
T0011185,C04979,P00855,3,9903,2025-07-20 20:53:13,信用卡
T0011186,C00117,P00585,2,1602,2025-07-30 02:31:33,轉帳
T0011187,C04866,P00862,4,1020,2025-07-28 19:36:01,行動支付
T0011188,C02782,P01731,1,2804,2025-07-20 01:32:04,貨到付款
T0011189,C02453,P01753,3,7575,2025-07-06 22:10:57,轉帳
T0011190,C01173,P01743,2,306,2025-07-13 05:51:58,行動支付
T0011191,C04605,P00737,1,1759,2025-07-31 18:35:07,轉帳
T0011192,C00658,P01610,2,700,2025-07-12 10:04:02,行動支付
T0011193,C03035,P00975,2,6240,2025-07-06 23:24:10,轉帳
T0011194,C04248,P01986,1,3850,2025-07-06 17:48:53,信用卡
T0011195,C00484,P00631,1,2978,2025-07-24 07:12:12,貨到付款
T0011196,C01091,P00690,1,1750,2025-07-11 14:51:49,信用卡
T0011197,C04960,P01924,2,4990,2025-07-17 21:18:14,貨到付款
T0011198,C02853,P01819,2,1572,2025-07-16 18:51:34,轉帳
T0011199,C00893,P00978,3,3930,2025-07-06 21:32:16,行動支付
T0011200,C00795,P01668,4,8616,2025-07-01 19:06:55,信用卡
T0011201,C03887,P01345,2,3116,2025-07-06 08:44:08,轉帳
T0011202,C03672,P00628,4,2580,2025-07-02 03:15:11,貨到付款
T0011203,C02005,P01502,1,2357,2025-07-02 16:04:34,信用卡
T0011204,C02042,P01227,2,3068,2025-07-06 12:41:07,貨到付款
T0011205,C03756,P01954,3,1476,2025-07-05 06:58:39,行動支付
T0011206,C02090,P00520,3,2844,2025-07-13 15:27:58,信用卡
T0011207,C02996,P00882,4,3860,2025-07-26 15:32:13,轉帳
T0011208,C01597,P00587,1,3200,2025-07-01 10:06:31,轉帳
T0011209,C01815,P00851,4,16392,2025-07-06 14:17:03,轉帳
T0011210,C00528,P00329,1,3035,2025-07-20 14:56:30,行動支付
T0011211,C04423,P01628,3,11487,2025-07-12 01:31:26,貨到付款
T0011212,C04801,P01155,4,7968,2025-07-29 21:34:51,轉帳
T0011213,C03808,P01416,3,7341,2025-07-09 16:19:47,貨到付款
T0011214,C01588,P01660,3,13383,2025-07-21 07:38:47,行動支付
T0011215,C02678,P00043,1,992,2025-07-13 11:39:54,貨到付款
T0011216,C01960,P00813,4,13708,2025-07-04 16:52:20,貨到付款
T0011217,C04295,P00276,4,13368,2025-07-03 17:00:32,行動支付
T0011218,C02474,P00011,3,10614,2025-07-24 22:39:47,信用卡
T0011219,C02319,P00826,3,4887,2025-07-14 13:50:32,行動支付
T0011220,C04130,P00259,1,1475,2025-07-11 06:36:16,轉帳
T0011221,C02247,P01134,2,882,2025-07-02 13:25:34,行動支付
T0011222,C04619,P00653,2,5674,2025-07-10 19:22:40,轉帳
T0011223,C00888,P01067,3,3519,2025-07-26 21:54:13,轉帳
T0011224,C01442,P00667,2,4576,2025-07-23 11:59:56,行動支付
T0011225,C02663,P00219,2,2076,2025-07-04 03:29:23,轉帳
T0011226,C01670,P01636,2,7068,2025-07-28 10:28:45,貨到付款
T0011227,C02320,P00108,2,4936,2025-07-27 23:39:30,信用卡
T0011228,C00861,P00843,3,5571,2025-07-06 03:56:21,信用卡
T0011229,C04536,P00252,2,6838,2025-07-16 19:42:45,行動支付
T0011230,C01916,P00894,2,8086,2025-07-11 03:58:11,轉帳
T0011231,C03265,P00835,1,1624,2025-07-11 17:57:45,轉帳
T0011232,C04871,P00984,3,7611,2025-07-26 02:10:56,行動支付
T0011233,C02051,P01194,4,6216,2025-07-25 10:30:10,貨到付款
T0011234,C03182,P00462,4,7472,2025-07-12 06:18:43,信用卡
T0011235,C03094,P00639,1,1976,2025-07-25 16:23:59,行動支付
T0011236,C00692,P00043,1,992,2025-07-11 17:15:43,貨到付款
T0011237,C03099,P00881,3,717,2025-07-01 14:20:34,轉帳
T0011238,C04994,P01555,4,15724,2025-07-05 07:50:27,行動支付
T0011239,C02997,P00514,2,6138,2025-07-16 22:09:15,貨到付款
T0011240,C03660,P01754,1,3035,2025-07-20 09:42:31,行動支付
T0011241,C04727,P01732,4,3928,2025-07-17 10:00:28,貨到付款
T0011242,C01625,P00145,3,8922,2025-07-11 21:26:12,轉帳
T0011243,C01249,P01151,2,3496,2025-07-18 00:27:11,貨到付款
T0011244,C02846,P00602,3,5820,2025-07-13 18:39:59,貨到付款
T0011245,C02359,P01737,1,3830,2025-07-10 00:44:37,信用卡
T0011246,C00454,P01313,4,8308,2025-07-27 20:02:29,轉帳
T0011247,C01851,P01802,4,1328,2025-07-07 15:08:10,行動支付
T0011248,C03714,P00372,4,13536,2025-07-20 23:07:31,轉帳
T0011249,C04417,P01574,4,4924,2025-07-13 06:00:13,行動支付
T0011250,C03270,P00585,2,1602,2025-07-13 01:40:42,行動支付
T0011251,C02760,P00986,2,498,2025-07-25 13:16:01,貨到付款
T0011252,C04317,P01100,3,11379,2025-07-22 18:38:05,轉帳
T0011253,C04251,P01714,2,1982,2025-07-30 22:23:24,信用卡
T0011254,C00806,P01869,1,1777,2025-07-11 01:53:20,轉帳
T0011255,C01845,P01398,1,1029,2025-07-24 15:35:19,行動支付
T0011256,C04373,P01459,4,10180,2025-07-03 22:17:36,信用卡
T0011257,C00876,P00012,1,2562,2025-07-06 19:34:14,信用卡
T0011258,C04685,P01821,3,2667,2025-07-27 07:25:02,信用卡
T0011259,C04606,P01944,2,4128,2025-07-23 10:53:37,貨到付款
T0011260,C01613,P01446,2,3034,2025-07-08 22:57:04,貨到付款
T0011261,C01464,P00927,2,3314,2025-07-03 18:49:19,行動支付
T0011262,C04472,P01754,1,3035,2025-07-29 22:32:40,貨到付款
T0011263,C01035,P00747,2,7144,2025-07-13 04:39:15,轉帳
T0011264,C02305,P01728,4,2288,2025-07-30 16:02:22,信用卡
T0011265,C01225,P00582,4,8180,2025-07-18 11:02:30,信用卡
T0011266,C03016,P01310,4,4992,2025-07-01 18:50:54,貨到付款
T0011267,C04948,P00917,1,3121,2025-07-09 11:42:44,轉帳
T0011268,C03983,P00407,2,4524,2025-07-04 15:38:12,轉帳
T0011269,C04864,P01299,1,2213,2025-07-03 14:27:59,行動支付
T0011270,C02501,P01059,2,7088,2025-07-28 04:02:34,行動支付
T0011271,C00555,P00187,3,10821,2025-07-22 20:20:25,行動支付
T0011272,C03020,P00905,3,10554,2025-07-07 22:04:48,轉帳
T0011273,C01656,P01361,1,2695,2025-07-29 11:43:37,貨到付款
T0011274,C04600,P01893,4,4912,2025-07-13 02:11:26,行動支付
T0011275,C00796,P01970,1,3882,2025-07-11 03:34:45,貨到付款
T0011276,C02311,P00288,4,8744,2025-07-20 14:23:21,轉帳
T0011277,C04812,P00486,2,360,2025-07-17 20:12:56,行動支付
T0011278,C00034,P00889,4,12196,2025-07-16 16:42:30,貨到付款
T0011279,C00161,P01462,4,2392,2025-07-18 22:53:05,行動支付
T0011280,C03384,P00312,2,518,2025-07-14 18:32:40,信用卡
T0011281,C04335,P00112,3,756,2025-07-02 17:21:04,信用卡
T0011282,C04977,P01134,2,882,2025-07-04 16:48:57,行動支付
T0011283,C04310,P01406,1,2669,2025-07-17 16:18:41,貨到付款
T0011284,C00351,P00633,1,309,2025-07-10 18:12:50,轉帳
T0011285,C02085,P01435,1,2292,2025-07-06 02:40:28,轉帳
T0011286,C01300,P00789,1,1596,2025-07-17 19:18:20,貨到付款
T0011287,C03579,P00800,1,3865,2025-07-15 12:30:59,轉帳
T0011288,C00604,P01459,3,7635,2025-07-22 15:25:02,貨到付款
T0011289,C03882,P00023,3,6474,2025-07-17 19:50:21,信用卡
T0011290,C03235,P00394,4,14656,2025-07-24 13:46:32,轉帳
T0011291,C02670,P01260,1,561,2025-07-22 10:34:50,貨到付款
T0011292,C00118,P01341,2,1482,2025-07-12 20:18:48,轉帳
T0011293,C02404,P01697,1,791,2025-07-31 18:59:10,貨到付款
T0011294,C03630,P01567,3,7809,2025-07-28 15:23:19,貨到付款
T0011295,C01464,P01616,1,3380,2025-07-03 22:04:46,信用卡
T0011296,C01991,P00852,3,13203,2025-07-27 07:23:09,行動支付
T0011297,C04111,P00008,4,15016,2025-07-16 14:58:05,貨到付款
T0011298,C03843,P00134,4,-272,2025-07-30 17:52:24,信用卡
T0011299,C01816,P00276,4,13368,2025-07-06 09:56:48,轉帳
T0011300,C03583,P01587,3,6219,2025-07-20 13:05:34,行動支付
T0011301,C02557,P00303,1,3382,2025-07-02 20:08:28,轉帳
T0011302,C03248,P01643,1,-28,2025-07-26 14:01:02,行動支付
T0011303,C02142,P01682,2,222,2025-07-18 12:25:15,信用卡
T0011304,C00620,P01782,3,5526,2025-07-27 02:46:48,貨到付款
T0011305,C00729,P01440,2,2592,2025-07-25 12:45:59,信用卡
T0011306,C01312,P01035,4,3524,2025-07-14 02:43:25,行動支付
T0011307,C04126,P01006,1,2937,2025-07-21 12:49:12,轉帳
T0011308,C03767,P00536,3,12018,2025-07-28 10:31:21,貨到付款
T0011309,C00558,P00775,2,1300,2025-07-11 18:34:13,貨到付款
T0011310,C00844,P00506,2,5116,2025-07-17 15:46:51,信用卡
T0011311,C02064,P01929,2,6586,2025-07-08 11:05:16,行動支付
T0011312,C01699,P01086,1,358,2025-07-19 05:09:22,信用卡
T0011313,C04564,P00409,1,2513,2025-07-28 12:20:59,轉帳
T0011314,C03977,P01505,1,239,2025-07-19 16:32:51,信用卡
T0011315,C01050,P00845,3,12210,2025-07-30 22:11:47,貨到付款
T0011316,C00485,P00902,1,3112,2025-07-01 22:51:25,轉帳
T0011317,C03210,P01152,3,7209,2025-07-14 14:13:16,行動支付
T0011318,C00370,P00045,2,4054,2025-07-16 17:58:44,行動支付
T0011319,C04495,P01579,2,3358,2025-07-25 06:36:01,行動支付
T0011320,C02457,P00332,4,14976,2025-07-01 10:34:59,轉帳
T0011321,C01223,P01954,1,492,2025-07-03 00:01:13,信用卡
T0011322,C01299,P01080,2,8386,2025-07-29 10:26:25,轉帳
T0011323,C01476,P00810,1,1126,2025-07-14 20:29:35,貨到付款
T0011324,C02223,P01447,3,10776,2025-07-01 15:32:52,貨到付款
T0011325,C03936,P01276,2,528,2025-07-13 19:19:44,行動支付
T0011326,C03497,P01394,1,165,2025-07-20 22:37:57,信用卡
T0011327,C02841,P00762,2,1928,2025-07-03 13:09:31,轉帳
T0011328,C02972,P01703,2,2746,2025-07-23 15:26:22,轉帳
T0011329,C03806,P01280,1,982,2025-07-01 10:46:38,轉帳
T0011330,C00740,P00506,2,5116,2025-07-25 12:48:10,信用卡
T0011331,C01442,P01834,2,4630,2025-07-12 01:05:09,貨到付款
T0011332,C01105,P01781,2,3494,2025-07-05 19:36:07,貨到付款
T0011333,C01854,P01753,2,5050,2025-07-12 22:23:12,貨到付款
T0011334,C01813,P01198,3,8265,2025-07-15 12:37:57,行動支付
T0011335,C01456,P00048,2,5098,2025-07-06 23:04:37,轉帳
T0011336,C04723,P01970,4,15528,2025-07-15 21:47:25,信用卡
T0011337,C00791,P01834,2,4630,2025-07-30 08:10:18,行動支付
T0011338,C03169,P00559,1,2548,2025-07-05 14:50:12,行動支付
T0011339,C02376,P01430,4,13412,2025-07-07 16:07:52,貨到付款
T0011340,C02199,P00103,3,10455,2025-07-22 03:48:30,轉帳
T0011341,C01474,P01734,4,6244,2025-07-29 18:07:28,信用卡
T0011342,C03718,P00291,4,12360,2025-07-15 19:58:18,貨到付款
T0011343,C03475,P01243,4,9100,2025-07-10 14:34:14,行動支付
T0011344,C00732,P01527,1,342,2025-07-10 23:58:24,行動支付
T0011345,C01461,P00187,1,3607,2025-07-09 16:31:47,信用卡
T0011346,C01921,P01127,1,1743,2025-07-11 00:35:48,轉帳
T0011347,C03183,P00430,3,7530,2025-07-28 21:06:59,轉帳
T0011348,C00140,P00099,1,3110,2025-07-05 23:14:07,貨到付款
T0011349,C01058,P01306,1,2069,2025-07-28 12:43:14,轉帳
T0011350,C01514,P01779,4,9072,2025-07-09 17:24:11,信用卡
T0011351,C02921,P00001,1,554,2025-07-04 20:18:04,行動支付
T0011352,C01297,P00216,2,4786,2025-07-21 02:48:40,信用卡
T0011353,C03605,P00663,1,1202,2025-07-08 14:06:19,信用卡
T0011354,C03727,P00783,3,10410,2025-07-04 13:35:46,行動支付
T0011355,C04980,P00950,3,10851,2025-07-24 14:24:33,行動支付
T0011356,C02029,P01574,2,2462,2025-07-22 16:11:58,行動支付
T0011357,C03092,P01061,3,2928,2025-07-31 10:45:29,信用卡
T0011358,C00852,P01381,3,8745,2025-07-22 21:12:41,貨到付款
T0011359,C01721,P01416,4,9788,2025-07-05 10:25:02,貨到付款
T0011360,C00779,P00120,2,1616,2025-07-06 19:18:44,信用卡
T0011361,C04263,P01755,4,348,2025-07-20 22:49:26,信用卡
T0011362,C01571,P00433,4,14404,2025-07-07 21:23:58,行動支付
T0011363,C01871,P01047,1,2959,2025-07-12 15:01:04,貨到付款
T0011364,C04327,P01019,2,6848,2025-07-05 01:38:42,轉帳
T0011365,C02426,P01277,1,-59,2025-07-26 13:05:16,信用卡
T0011366,C00845,P01456,1,375,2025-07-30 18:45:37,貨到付款
T0011367,C02626,P00071,4,6036,2025-07-12 03:12:56,轉帳
T0011368,C00876,P00510,3,4839,2025-07-29 13:23:15,轉帳
T0011369,C04485,P00136,2,4330,2025-07-31 00:49:36,貨到付款
T0011370,C00071,P00563,3,8985,2025-07-13 08:36:46,轉帳
T0011371,C04734,P00543,4,-360,2025-07-16 04:50:39,貨到付款
T0011372,C01711,P00127,4,17200,2025-07-28 12:16:23,貨到付款
T0011373,C01546,P00811,4,15252,2025-07-22 18:36:06,行動支付
T0011374,C01121,P01787,4,5828,2025-07-09 12:49:59,貨到付款
T0011375,C01391,P00679,4,5032,2025-07-03 00:02:40,貨到付款
T0011376,C03890,P01374,4,8096,2025-07-25 11:34:42,貨到付款
T0011377,C03946,P01667,3,9348,2025-07-16 00:28:04,轉帳
T0011378,C03249,P00381,1,1817,2025-07-08 20:40:27,行動支付
T0011379,C01782,P01268,3,8823,2025-07-01 20:08:04,貨到付款
T0011380,C02296,P00206,2,1384,2025-07-05 22:06:51,轉帳
T0011381,C04563,P01030,3,5223,2025-07-29 00:18:26,信用卡
T0011382,C04531,P00434,4,13216,2025-07-18 15:30:22,行動支付
T0011383,C04199,P00620,3,7044,2025-07-05 01:57:03,信用卡
T0011384,C04228,P00639,1,1976,2025-07-17 12:27:20,轉帳
T0011385,C03915,P01011,2,4492,2025-07-10 10:43:21,信用卡
T0011386,C02620,P00394,3,10992,2025-07-23 14:45:33,貨到付款
T0011387,C01141,P01248,1,3803,2025-07-13 19:11:10,貨到付款
T0011388,C01012,P00024,3,3582,2025-07-20 01:47:41,轉帳
T0011389,C03321,P01844,2,874,2025-07-11 20:18:51,貨到付款
T0011390,C01992,P01032,3,7623,2025-07-04 14:01:22,貨到付款
T0011391,C00494,P00635,4,13464,2025-07-31 21:31:13,信用卡
T0011392,C01647,P00563,3,8985,2025-07-20 17:39:13,轉帳
T0011393,C00335,P00219,1,1038,2025-07-23 21:41:26,行動支付
T0011394,C02766,P01681,3,11403,2025-07-25 16:02:29,行動支付
T0011395,C02673,P00901,1,3468,2025-07-01 20:16:43,轉帳
T0011396,C03706,P00524,2,1410,2025-07-17 17:09:45,轉帳
T0011397,C04363,P00182,3,2244,2025-07-08 13:33:49,行動支付
T0011398,C04852,P01854,2,4420,2025-07-25 19:12:35,轉帳
T0011399,C00279,P00074,2,2280,2025-07-21 21:42:56,轉帳
T0011400,C02833,P01777,3,11514,2025-07-22 21:05:29,轉帳
T0011401,C01239,P01580,1,3501,2025-07-29 13:08:03,行動支付
T0011402,C01280,P01314,2,1332,2025-07-10 15:01:02,信用卡
T0011403,C03697,P00809,2,642,2025-07-10 15:44:00,信用卡
T0011404,C03448,P01212,3,3201,2025-07-22 22:25:08,轉帳
T0011405,C03254,P01387,3,4419,2025-07-15 21:56:10,貨到付款
T0011406,C01225,P01291,3,11559,2025-07-12 08:34:10,行動支付
T0011407,C03448,P00408,3,900,2025-07-15 20:19:13,行動支付
T0011408,C02280,P01403,3,7773,2025-07-18 11:44:52,貨到付款
T0011409,C00201,P00871,4,17496,2025-07-13 18:10:55,貨到付款
T0011410,C03045,P00213,3,483,2025-07-05 08:27:55,行動支付
T0011411,C02759,P01031,1,1970,2025-07-26 04:33:13,信用卡
T0011412,C00456,P00778,2,7280,2025-07-15 11:47:43,轉帳
T0011413,C00950,P01961,1,2716,2025-07-24 10:14:54,轉帳
T0011414,C04153,P01034,1,2035,2025-07-01 05:57:26,信用卡
T0011415,C00318,P00844,4,17048,2025-07-09 14:23:59,行動支付
T0011416,C04515,P00170,3,5649,2025-07-25 22:15:33,行動支付
T0011417,C02612,P01142,2,5714,2025-07-02 20:20:47,行動支付
T0011418,C00304,P01653,1,2740,2025-07-10 21:05:34,行動支付
T0011419,C01137,P00770,3,8766,2025-07-11 18:03:13,貨到付款
T0011420,C02928,P00712,3,3642,2025-07-19 11:54:02,轉帳
T0011421,C02906,P01471,4,16588,2025-07-27 21:44:59,行動支付
T0011422,C02321,P01042,4,6952,2025-07-01 12:17:13,信用卡
T0011423,C02684,P01327,4,10592,2025-07-07 02:48:02,行動支付
T0011424,C03907,P00319,2,5030,2025-07-19 12:52:37,行動支付
T0011425,C01594,P00131,1,2852,2025-07-19 21:15:52,信用卡
T0011426,C03169,P01739,4,9016,2025-07-09 03:37:53,行動支付
T0011427,C00982,P01438,4,-168,2025-07-14 18:03:46,轉帳
T0011428,C00582,P01729,4,10800,2025-07-17 22:56:25,轉帳
T0011429,C00416,P00665,1,3394,2025-07-17 12:33:25,行動支付
T0011430,C00986,P01958,1,3638,2025-07-12 07:42:19,行動支付
T0011431,C02711,P00414,4,17012,2025-07-05 03:11:54,信用卡
T0011432,C01074,P00379,4,7596,2025-07-15 14:33:22,信用卡
T0011433,C02436,P00713,3,1167,2025-07-15 13:44:27,貨到付款
T0011434,C02846,P01078,4,13060,2025-07-27 18:18:19,信用卡
T0011435,C02908,P01176,2,4792,2025-07-05 13:31:31,貨到付款
T0011436,C04305,P00843,2,3714,2025-07-11 01:38:13,信用卡
T0011437,C00557,P00879,4,-392,2025-07-05 19:08:45,貨到付款
T0011438,C04432,P00299,1,1347,2025-07-14 20:19:39,信用卡
T0011439,C03886,P00739,3,867,2025-07-09 10:11:48,信用卡
T0011440,C00973,P00729,1,1269,2025-07-28 10:27:24,貨到付款
T0011441,C04028,P00478,4,15980,2025-07-02 17:57:22,貨到付款
T0011442,C03072,P00494,2,784,2025-07-06 04:50:06,信用卡
T0011443,C02281,P01312,3,6981,2025-07-09 17:28:04,轉帳
T0011444,C00002,P01540,1,2607,2025-07-23 12:47:01,信用卡
T0011445,C03772,P01018,1,3404,2025-07-24 21:14:42,轉帳
T0011446,C03006,P00564,4,8664,2025-07-11 14:31:28,行動支付
T0011447,C02463,P00775,3,1950,2025-07-20 05:11:16,轉帳
T0011448,C00882,P01318,2,1948,2025-07-02 12:15:33,貨到付款
T0011449,C02536,P00188,4,13304,2025-07-13 17:13:24,行動支付
T0011450,C02571,P01810,3,4098,2025-07-05 18:04:58,貨到付款
T0011451,C04757,P01400,1,2401,2025-07-16 13:22:13,信用卡
T0011452,C01498,P00670,4,2100,2025-07-07 19:12:40,轉帳
T0011453,C04336,P00086,1,1901,2025-07-10 21:29:41,貨到付款
T0011454,C01245,P01362,1,2440,2025-07-14 11:55:49,信用卡
T0011455,C01376,P01078,4,13060,2025-07-23 22:20:34,行動支付
T0011456,C02806,P00535,4,10228,2025-07-12 12:29:56,貨到付款
T0011457,C01544,P00850,4,7240,2025-07-26 10:22:19,轉帳
T0011458,C02200,P01096,4,15048,2025-07-30 20:50:24,行動支付
T0011459,C04886,P01209,4,12680,2025-07-28 22:39:37,行動支付
T0011460,C04728,P00416,1,2682,2025-07-03 13:40:56,轉帳
T0011461,C02437,P01629,2,3184,2025-07-18 16:14:40,行動支付
T0011462,C01596,P01552,2,6462,2025-07-01 17:45:31,行動支付
T0011463,C04871,P00012,4,10248,2025-07-25 15:20:33,信用卡
T0011464,C02352,P01577,1,3503,2025-07-30 07:17:42,行動支付
T0011465,C00815,P00681,2,836,2025-07-25 18:56:41,貨到付款
T0011466,C00327,P00315,2,7552,2025-07-10 17:08:36,貨到付款
T0011467,C02160,P01651,2,7154,2025-07-17 20:12:26,行動支付
T0011468,C01523,P00357,1,1393,2025-07-18 15:07:39,信用卡
T0011469,C04626,P01507,4,3792,2025-07-01 14:01:20,行動支付
T0011470,C02215,P00859,4,8112,2025-07-13 01:59:45,信用卡
T0011471,C03189,P01120,4,13636,2025-07-12 22:22:23,轉帳
T0011472,C02692,P01294,3,4365,2025-07-26 02:31:59,行動支付
T0011473,C00913,P00510,3,4839,2025-07-10 20:40:34,貨到付款
T0011474,C03893,P00139,3,3609,2025-07-04 16:25:50,轉帳
T0011475,C03814,P00741,1,2251,2025-07-25 17:24:56,轉帳
T0011476,C01066,P01477,2,-46,2025-07-04 06:35:33,轉帳
T0011477,C02508,P00122,2,2126,2025-07-20 00:31:04,行動支付
T0011478,C01600,P00639,1,1976,2025-07-24 15:53:08,貨到付款
T0011479,C02651,P01749,1,2079,2025-07-19 10:00:52,信用卡
T0011480,C00514,P00741,4,9004,2025-07-03 19:56:26,信用卡
T0011481,C01500,P00599,4,7844,2025-07-17 11:07:22,轉帳
T0011482,C03047,P00212,3,3696,2025-07-25 14:41:55,信用卡
T0011483,C02855,P00477,3,10230,2025-07-09 10:24:03,行動支付
T0011484,C00772,P01607,1,900,2025-07-12 15:04:49,貨到付款
T0011485,C00781,P00934,3,6729,2025-07-04 14:49:30,貨到付款
T0011486,C03831,P00380,2,8334,2025-07-14 17:21:17,貨到付款
T0011487,C03929,P01830,1,3250,2025-07-08 13:09:54,信用卡
T0011488,C04261,P01070,1,3397,2025-07-13 21:50:08,轉帳
T0011489,C03050,P01128,2,2128,2025-07-24 22:04:38,貨到付款
T0011490,C00785,P00943,4,14056,2025-07-27 21:45:28,貨到付款
T0011491,C04783,P01772,4,1852,2025-07-03 16:00:44,貨到付款
T0011492,C04905,P01684,2,6648,2025-07-05 15:11:31,行動支付
T0011493,C03267,P01277,2,-118,2025-07-23 08:52:44,轉帳
T0011494,C03943,P01531,3,6003,2025-07-16 19:08:21,轉帳
T0011495,C03898,P00447,1,1640,2025-07-31 14:39:53,信用卡
T0011496,C01346,P01730,3,6870,2025-07-05 02:11:15,行動支付
T0011497,C04664,P01689,2,4034,2025-07-26 00:12:55,轉帳
T0011498,C02359,P01900,3,5274,2025-07-10 15:36:48,信用卡
T0011499,C04281,P01586,2,7570,2025-07-27 15:20:26,貨到付款
T0011500,C01518,P00938,3,10020,2025-07-23 11:51:13,轉帳
T0011501,C00724,P01839,3,804,2025-07-29 06:08:49,信用卡
T0011502,C01668,P01900,4,7032,2025-07-31 05:03:41,貨到付款
T0011503,C01769,P00231,2,6760,2025-07-21 12:25:13,信用卡
T0011504,C03726,P01757,3,2343,2025-07-25 20:50:04,信用卡
T0011505,C02248,P01002,1,3083,2025-07-17 18:48:56,轉帳
T0011506,C02126,P00280,3,6876,2025-07-24 14:01:41,信用卡
T0011507,C01967,P00256,3,4656,2025-07-03 16:31:34,信用卡
T0011508,C02085,P01464,1,2247,2025-07-31 20:22:01,行動支付
T0011509,C03811,P01304,2,3732,2025-07-22 12:59:18,貨到付款
T0011510,C02020,P01843,4,16628,2025-07-12 14:06:35,貨到付款
T0011511,C04843,P00396,4,9128,2025-07-04 11:06:09,轉帳
T0011512,C01768,P01560,4,9508,2025-07-12 07:28:00,信用卡
T0011513,C04026,P00122,1,1063,2025-07-31 22:37:31,行動支付
T0011514,C04874,P00885,3,747,2025-07-07 11:06:15,信用卡
T0011515,C03835,P00165,2,7248,2025-07-12 15:51:01,貨到付款
T0011516,C00097,P00146,3,9036,2025-07-30 13:44:00,貨到付款
T0011517,C03521,P01654,4,15124,2025-07-15 21:26:16,轉帳
T0011518,C01043,P01432,3,12066,2025-07-25 21:07:41,信用卡
T0011519,C03583,P00557,1,1050,2025-07-18 20:24:44,轉帳
T0011520,C01473,P00386,1,3459,2025-07-05 15:17:12,行動支付
T0011521,C01867,P01350,2,6156,2025-07-14 16:07:12,貨到付款
T0011522,C01609,P00977,2,876,2025-07-03 12:21:57,信用卡
T0011523,C03954,P01776,4,4556,2025-07-30 22:48:39,信用卡
T0011524,C01628,P01928,2,3832,2025-07-10 16:00:49,信用卡
T0011525,C02799,P00697,3,258,2025-07-15 20:49:01,貨到付款
T0011526,C00997,P01317,1,3507,2025-07-27 19:48:34,行動支付
T0011527,C01074,P01697,1,791,2025-07-28 11:56:22,行動支付
T0011528,C02514,P01383,1,1711,2025-07-22 23:17:21,信用卡
T0011529,C04282,P00894,2,8086,2025-07-18 12:11:08,行動支付
T0011530,C00534,P00939,1,227,2025-07-06 10:30:24,轉帳
T0011531,C01215,P01514,1,2748,2025-07-22 00:06:35,信用卡
T0011532,C01627,P01668,1,2154,2025-07-02 14:27:55,行動支付
T0011533,C02398,P01567,4,10412,2025-07-16 09:11:28,行動支付
T0011534,C03606,P01806,4,15240,2025-07-19 04:46:46,轉帳
T0011535,C02349,P01869,2,3554,2025-07-27 06:57:17,行動支付
T0011536,C04855,P01355,1,282,2025-07-12 21:07:45,信用卡
T0011537,C00229,P01165,2,1438,2025-07-26 14:25:28,轉帳
T0011538,C03297,P00949,1,214,2025-07-16 12:09:04,行動支付
T0011539,C03439,P00752,1,1509,2025-07-24 20:54:48,轉帳
T0011540,C04544,P01419,1,1068,2025-07-31 16:00:26,信用卡
T0011541,C02435,P00869,2,4670,2025-07-07 19:18:12,行動支付
T0011542,C01400,P01543,2,1010,2025-07-27 17:06:01,行動支付
T0011543,C03033,P00805,1,926,2025-07-22 18:16:10,貨到付款
T0011544,C01875,P00910,3,8736,2025-07-11 14:46:22,信用卡
T0011545,C00507,P00591,2,-48,2025-07-09 10:14:29,信用卡
T0011546,C03198,P01214,4,5968,2025-07-08 13:44:16,信用卡
T0011547,C01380,P01446,2,3034,2025-07-19 20:08:19,信用卡
T0011548,C01847,P00755,1,1201,2025-07-17 14:39:32,轉帳
T0011549,C04618,P01709,3,9366,2025-07-27 23:41:47,貨到付款
T0011550,C00555,P00389,1,2194,2025-07-31 21:10:10,信用卡
T0011551,C00671,P01557,4,496,2025-07-29 13:54:55,行動支付
T0011552,C03749,P00032,2,1638,2025-07-25 11:01:11,行動支付
T0011553,C01622,P01229,2,2842,2025-07-31 22:28:59,行動支付
T0011554,C03876,P00733,1,728,2025-07-15 11:25:40,行動支付
T0011555,C02068,P00322,1,969,2025-07-19 00:14:33,轉帳
T0011556,C00758,P01648,4,5096,2025-07-09 15:07:14,信用卡
T0011557,C00752,P00563,3,8985,2025-07-30 15:00:21,貨到付款
T0011558,C01494,P00276,4,13368,2025-07-17 21:56:43,信用卡
T0011559,C00999,P01348,3,3675,2025-07-23 15:21:08,貨到付款
T0011560,C00440,P01364,2,2792,2025-07-06 04:05:54,行動支付
T0011561,C01226,P00729,3,3807,2025-07-22 21:42:10,貨到付款
T0011562,C02863,P01560,3,7131,2025-07-24 21:02:46,轉帳
T0011563,C03813,P01248,2,7606,2025-07-10 00:09:13,信用卡
T0011564,C01303,P01914,2,6644,2025-07-22 22:08:59,行動支付
T0011565,C02655,P00364,2,640,2025-07-02 10:43:52,行動支付
T0011566,C01457,P01675,4,15752,2025-07-18 15:13:35,貨到付款
T0011567,C00109,P01158,2,8120,2025-07-10 13:49:53,信用卡
T0011568,C03860,P01520,1,3364,2025-07-07 13:02:50,行動支付
T0011569,C00340,P00487,2,7508,2025-07-02 09:20:42,信用卡
T0011570,C03929,P01247,2,2696,2025-07-24 14:34:12,轉帳
T0011571,C03557,P00026,2,4074,2025-07-13 09:36:17,信用卡
T0011572,C01569,P00042,3,4404,2025-07-21 19:26:55,貨到付款
T0011573,C04267,P01386,4,1828,2025-07-11 15:46:39,行動支付
T0011574,C04525,P00956,2,4994,2025-07-30 12:04:38,信用卡
T0011575,C02229,P00486,4,720,2025-07-19 11:44:56,行動支付
T0011576,C04422,P00100,1,1741,2025-07-11 20:07:53,行動支付
T0011577,C00920,P00228,1,1352,2025-07-08 18:57:19,貨到付款
T0011578,C02341,P00985,2,4006,2025-07-10 20:46:20,轉帳
T0011579,C02304,P01281,1,2494,2025-07-08 18:38:24,信用卡
T0011580,C01665,P00228,4,5408,2025-07-16 15:31:54,轉帳
T0011581,C03388,P01815,3,5325,2025-07-11 16:55:56,轉帳
T0011582,C03520,P00657,2,3122,2025-07-05 12:05:32,行動支付
T0011583,C01276,P01490,1,370,2025-07-21 16:42:25,行動支付
T0011584,C03738,P00192,4,10124,2025-07-04 14:26:25,信用卡
T0011585,C00115,P00138,4,3036,2025-07-08 11:19:11,信用卡
T0011586,C00595,P01417,1,1912,2025-07-26 12:02:38,轉帳
T0011587,C02053,P01819,4,3144,2025-07-03 07:16:46,行動支付
T0011588,C01981,P00838,4,12272,2025-07-04 13:11:18,貨到付款
T0011589,C02431,P00061,2,6896,2025-07-20 19:29:00,轉帳
T0011590,C00240,P00065,4,3320,2025-07-25 13:16:42,信用卡
T0011591,C02641,P00802,1,528,2025-07-19 02:59:43,行動支付
T0011592,C04564,P01121,2,3634,2025-07-30 18:56:02,貨到付款
T0011593,C02561,P01435,1,2292,2025-07-31 21:23:41,轉帳
T0011594,C00081,P01338,3,8232,2025-07-09 23:25:22,信用卡
T0011595,C02186,P01689,1,2017,2025-07-04 22:59:27,轉帳
T0011596,C00160,P01819,1,786,2025-07-16 18:51:41,轉帳
T0011597,C02521,P01195,2,3832,2025-07-24 12:38:57,行動支付
T0011598,C03991,P01727,4,6952,2025-07-01 14:51:14,行動支付
T0011599,C03950,P01837,1,1583,2025-07-12 02:32:15,信用卡
T0011600,C02460,P00406,2,8156,2025-07-09 22:26:10,信用卡
T0011601,C02874,P00637,3,3528,2025-07-27 13:14:19,信用卡
T0011602,C03171,P01015,2,1288,2025-07-22 17:27:54,行動支付
T0011603,C03672,P01427,2,6100,2025-07-11 08:44:34,轉帳
T0011604,C02826,P00716,4,-376,2025-07-05 03:56:13,貨到付款
T0011605,C04871,P01788,1,2542,2025-07-28 04:52:19,轉帳
T0011606,C03902,P01200,3,9675,2025-07-16 14:21:36,行動支付
T0011607,C02658,P00215,2,5114,2025-07-14 14:47:52,轉帳
T0011608,C03992,P01140,1,1005,2025-07-12 16:27:05,信用卡
T0011609,C04231,P00943,1,3514,2025-07-06 06:58:35,轉帳
T0011610,C00438,P00182,2,1496,2025-07-22 11:49:58,信用卡
T0011611,C04612,P00504,1,2018,2025-07-10 11:19:24,轉帳
T0011612,C03050,P00484,2,712,2025-07-16 20:53:24,信用卡
T0011613,C04964,P01792,2,1644,2025-07-19 17:49:13,轉帳
T0011614,C03759,P01010,2,7968,2025-07-17 16:23:43,行動支付
T0011615,C03835,P00826,3,4887,2025-07-06 20:06:51,行動支付
T0011616,C02154,P01267,2,2752,2025-07-10 17:14:59,行動支付
T0011617,C01384,P01706,4,3376,2025-07-16 22:48:21,轉帳
T0011618,C02256,P01357,1,3656,2025-07-21 17:10:39,行動支付
T0011619,C04402,P00480,3,2940,2025-07-02 15:14:05,行動支付
T0011620,C03694,P00311,1,1880,2025-07-25 19:44:25,貨到付款
T0011621,C03252,P01753,3,7575,2025-07-23 18:26:28,信用卡
T0011622,C00365,P00183,4,7016,2025-07-23 12:52:16,行動支付
T0011623,C03239,P01989,3,10548,2025-07-25 20:33:27,貨到付款
T0011624,C01699,P00989,3,2046,2025-07-27 12:28:12,轉帳
T0011625,C02638,P00277,3,7788,2025-07-05 00:04:34,貨到付款
T0011626,C03462,P01314,1,666,2025-07-03 22:25:39,貨到付款
T0011627,C04101,P00846,2,1962,2025-07-09 11:07:42,轉帳
T0011628,C02161,P00292,1,2465,2025-07-18 22:25:48,轉帳
T0011629,C00107,P01036,2,5220,2025-07-20 11:42:05,行動支付
T0011630,C02873,P00620,1,2348,2025-07-17 18:29:43,行動支付
T0011631,C00031,P01077,4,1600,2025-07-02 18:21:14,信用卡
T0011632,C04141,P00527,4,10524,2025-07-24 16:43:29,行動支付
T0011633,C00094,P01777,3,11514,2025-07-09 22:01:22,信用卡
T0011634,C01126,P01803,4,8344,2025-07-25 12:36:04,貨到付款
T0011635,C02135,P01977,3,7131,2025-07-19 19:48:37,信用卡
T0011636,C01294,P00996,2,2032,2025-07-19 07:56:44,貨到付款
T0011637,C01114,P00257,4,1748,2025-07-20 12:20:42,貨到付款
T0011638,C03372,P00005,2,5538,2025-07-26 02:07:58,信用卡
T0011639,C01633,P01621,1,2402,2025-07-16 12:24:05,貨到付款
T0011640,C02288,P01378,2,866,2025-07-10 09:57:28,行動支付
T0011641,C03327,P01469,1,3448,2025-07-10 02:22:05,轉帳
T0011642,C03849,P01315,2,6864,2025-07-06 20:33:43,行動支付
T0011643,C02872,P00041,2,7106,2025-07-11 20:54:51,貨到付款
T0011644,C01773,P00782,4,14280,2025-07-17 16:49:58,貨到付款
T0011645,C04401,P00099,2,6220,2025-07-07 17:01:35,轉帳
T0011646,C04336,P00608,4,12176,2025-07-04 03:15:22,信用卡
T0011647,C00763,P01492,4,3796,2025-07-15 18:14:58,行動支付
T0011648,C03864,P01579,3,5037,2025-07-03 16:07:02,貨到付款
T0011649,C01030,P00639,3,5928,2025-07-01 12:55:37,信用卡
T0011650,C00907,P01178,1,4280,2025-07-30 10:25:02,信用卡
T0011651,C00131,P01118,2,2838,2025-07-27 18:56:55,貨到付款
T0011652,C03009,P00675,1,1945,2025-07-31 10:40:22,貨到付款
T0011653,C04223,P00416,2,5364,2025-07-09 18:36:36,行動支付
T0011654,C03897,P00286,3,10443,2025-07-24 20:40:29,貨到付款
T0011655,C02700,P01754,3,9105,2025-07-29 10:49:55,貨到付款
T0011656,C04773,P00801,2,1678,2025-07-08 07:21:03,貨到付款
T0011657,C01637,P01303,2,4448,2025-07-17 05:35:27,行動支付
T0011658,C01576,P01459,3,7635,2025-07-14 14:03:17,信用卡
T0011659,C01150,P01758,3,3000,2025-07-30 18:08:47,信用卡
T0011660,C01044,P01392,1,917,2025-07-19 08:43:28,貨到付款
T0011661,C01514,P00396,3,6846,2025-07-20 00:13:20,行動支付
T0011662,C02121,P00468,2,7966,2025-07-09 18:53:53,轉帳
T0011663,C01355,P01797,1,2657,2025-07-13 06:47:41,行動支付
T0011664,C04681,P01690,2,3944,2025-07-17 10:54:23,轉帳
T0011665,C01086,P01819,4,3144,2025-07-19 20:17:51,行動支付
T0011666,C01776,P00762,1,964,2025-07-18 15:31:25,行動支付
T0011667,C00686,P01425,2,3716,2025-07-31 17:05:34,貨到付款
T0011668,C04494,P01665,3,561,2025-07-23 20:18:48,信用卡
T0011669,C02198,P00401,4,612,2025-07-31 15:59:18,轉帳
T0011670,C04170,P00025,2,5616,2025-07-03 23:05:09,信用卡
T0011671,C01875,P01814,1,2316,2025-07-08 12:24:02,行動支付
T0011672,C02219,P00113,2,764,2025-07-12 14:41:13,行動支付
T0011673,C03719,P00075,4,10912,2025-07-25 15:45:25,轉帳
T0011674,C03699,P00104,1,3692,2025-07-05 11:14:21,貨到付款
T0011675,C01902,P01641,4,7616,2025-07-05 09:45:50,信用卡
T0011676,C02234,P01177,2,6684,2025-07-07 13:07:15,貨到付款
T0011677,C01995,P00131,3,8556,2025-07-28 22:33:50,轉帳
T0011678,C01028,P00886,3,5280,2025-07-29 16:03:45,信用卡
T0011679,C01902,P00227,2,914,2025-07-11 15:57:54,轉帳
T0011680,C04072,P00007,2,3652,2025-07-14 10:39:32,轉帳
T0011681,C00464,P01881,2,6586,2025-07-09 15:23:58,轉帳
T0011682,C00875,P01707,1,2900,2025-07-10 15:02:47,行動支付
T0011683,C04566,P01063,4,10920,2025-07-26 01:27:16,行動支付
T0011684,C03622,P00089,4,4536,2025-07-14 08:24:36,貨到付款
T0011685,C00608,P01053,4,-96,2025-07-20 06:15:51,信用卡
T0011686,C03783,P01964,2,4728,2025-07-26 12:57:40,行動支付
T0011687,C00601,P00461,4,1532,2025-07-12 09:02:07,轉帳
T0011688,C02445,P01398,2,2058,2025-07-14 20:32:21,行動支付
T0011689,C03024,P00557,1,1050,2025-07-18 21:26:29,貨到付款
T0011690,C03748,P00670,3,1575,2025-07-26 10:38:21,貨到付款
T0011691,C01584,P01761,2,1054,2025-07-08 19:19:39,轉帳
T0011692,C00954,P01200,2,6450,2025-07-15 19:51:13,貨到付款
T0011693,C04925,P00359,3,12114,2025-07-20 05:14:41,轉帳
T0011694,C03998,P01365,3,2796,2025-07-13 22:55:39,貨到付款
T0011695,C01799,P01243,1,2275,2025-07-19 13:08:24,貨到付款
T0011696,C01276,P00460,4,3500,2025-07-24 01:50:34,貨到付款
T0011697,C00559,P01846,2,2084,2025-07-30 22:47:25,貨到付款
T0011698,C02284,P01412,4,4160,2025-07-04 17:46:28,貨到付款
T0011699,C00036,P01266,2,6382,2025-07-29 17:18:08,轉帳
T0011700,C04017,P00834,1,3998,2025-07-28 22:47:12,行動支付
T0011701,C02001,P00177,3,4428,2025-07-28 13:12:28,行動支付
T0011702,C04287,P01540,1,2607,2025-07-24 15:43:13,貨到付款
T0011703,C01773,P00787,3,2691,2025-07-15 06:04:35,轉帳
T0011704,C04728,P01067,4,4692,2025-07-14 12:56:34,貨到付款
T0011705,C04182,P01285,4,3928,2025-07-01 14:25:50,貨到付款
T0011706,C02170,P01023,1,3125,2025-07-04 18:02:16,行動支付
T0011707,C04239,P01621,3,7206,2025-07-27 09:19:20,轉帳
T0011708,C01503,P00280,1,2292,2025-07-13 07:24:14,信用卡
T0011709,C04998,P00274,3,3498,2025-07-23 13:48:13,信用卡
T0011710,C00422,P01270,3,11121,2025-07-13 04:45:35,轉帳
T0011711,C03217,P01039,4,11168,2025-07-22 19:13:58,行動支付
T0011712,C01948,P00697,4,344,2025-07-20 03:42:51,行動支付
T0011713,C02356,P01968,3,9348,2025-07-05 21:13:55,行動支付
T0011714,C04756,P01522,3,1716,2025-07-02 21:48:11,貨到付款
T0011715,C01373,P00606,3,10944,2025-07-04 04:31:38,行動支付
T0011716,C03236,P00917,4,12484,2025-07-24 22:36:35,行動支付
T0011717,C01616,P01394,4,660,2025-07-27 04:01:19,貨到付款
T0011718,C00703,P00512,2,5120,2025-07-21 16:36:45,轉帳
T0011719,C01244,P00915,3,4362,2025-07-24 11:46:02,貨到付款
T0011720,C02822,P00007,2,3652,2025-07-30 19:11:14,行動支付
T0011721,C00639,P00694,3,2124,2025-07-07 13:28:53,行動支付
T0011722,C00778,P01435,4,9168,2025-07-23 16:59:47,信用卡
T0011723,C03475,P00147,2,2908,2025-07-07 19:40:30,貨到付款
T0011724,C03811,P01656,2,3230,2025-07-23 19:38:00,轉帳
T0011725,C00305,P01995,1,460,2025-07-03 10:08:37,貨到付款
T0011726,C04011,P00072,3,13089,2025-07-27 16:08:39,行動支付
T0011727,C04331,P00697,4,344,2025-07-05 21:04:14,轉帳
T0011728,C03304,P01096,1,3762,2025-07-07 14:47:18,行動支付
T0011729,C01858,P00424,1,3868,2025-07-11 21:56:17,轉帳
T0011730,C02074,P01559,3,3543,2025-07-23 00:35:56,轉帳
T0011731,C00787,P00489,1,3627,2025-07-11 03:46:59,貨到付款
T0011732,C00862,P01724,3,9204,2025-07-16 18:38:40,轉帳
T0011733,C04681,P00865,1,305,2025-07-03 22:05:14,貨到付款
T0011734,C04826,P01859,3,9453,2025-07-20 03:08:12,信用卡
T0011735,C03709,P01209,4,12680,2025-07-28 22:37:27,信用卡
T0011736,C04051,P01237,3,1413,2025-07-24 12:15:34,貨到付款
T0011737,C00908,P00580,3,1863,2025-07-27 03:27:35,信用卡
T0011738,C04395,P00279,2,402,2025-07-08 06:35:00,貨到付款
T0011739,C00546,P01115,4,12088,2025-07-23 01:43:13,行動支付
T0011740,C00811,P01974,4,11288,2025-07-31 11:12:53,行動支付
T0011741,C02487,P01493,4,9296,2025-07-08 21:47:29,信用卡
T0011742,C01530,P00279,1,201,2025-07-24 19:12:44,行動支付
T0011743,C03126,P00844,2,8524,2025-07-13 01:46:03,信用卡
T0011744,C04544,P00465,4,14336,2025-07-10 15:26:04,貨到付款
T0011745,C01325,P01997,1,3316,2025-07-20 06:23:56,貨到付款
T0011746,C01605,P01466,1,1541,2025-07-29 14:57:42,信用卡
T0011747,C03916,P00711,1,2123,2025-07-24 12:06:32,信用卡
T0011748,C01657,P00057,2,6398,2025-07-04 17:00:25,行動支付
T0011749,C04444,P01456,1,375,2025-07-23 22:38:18,信用卡
T0011750,C00171,P00811,2,7626,2025-07-22 21:51:57,轉帳
T0011751,C04360,P00971,3,9618,2025-07-26 13:10:59,貨到付款
T0011752,C04567,P00957,1,4313,2025-07-08 04:39:31,信用卡
T0011753,C00232,P01733,4,5444,2025-07-24 15:45:58,貨到付款
T0011754,C01885,P01018,1,3404,2025-07-28 13:43:33,信用卡
T0011755,C02992,P00957,3,12939,2025-07-19 05:41:09,貨到付款
T0011756,C02626,P01739,3,6762,2025-07-02 04:50:02,轉帳
T0011757,C00790,P00250,1,754,2025-07-22 16:50:33,行動支付
T0011758,C00074,P01061,3,2928,2025-07-23 05:00:30,信用卡
T0011759,C04485,P01620,2,484,2025-07-06 05:46:51,行動支付
T0011760,C00460,P00433,2,7202,2025-07-05 15:56:54,轉帳
T0011761,C04940,P01853,1,1991,2025-07-22 21:31:19,信用卡
T0011762,C00562,P00864,2,2362,2025-07-24 14:15:51,行動支付
T0011763,C02378,P01051,2,6638,2025-07-02 06:56:48,轉帳
T0011764,C04916,P01329,4,15264,2025-07-10 12:00:32,轉帳
T0011765,C04280,P00715,1,2104,2025-07-31 16:19:48,信用卡
T0011766,C02683,P00175,3,10008,2025-07-31 12:09:21,轉帳
T0011767,C00672,P01309,1,4304,2025-07-08 15:08:17,信用卡
T0011768,C03016,P01758,2,2000,2025-07-20 18:05:51,貨到付款
T0011769,C03184,P01564,4,5764,2025-07-16 15:35:16,貨到付款
T0011770,C01557,P00322,1,969,2025-07-16 19:02:09,貨到付款
T0011771,C02347,P01848,1,1232,2025-07-07 16:32:42,信用卡
T0011772,C04514,P00343,2,2390,2025-07-21 10:03:38,行動支付
T0011773,C00640,P00317,2,3906,2025-07-03 13:58:04,行動支付
T0011774,C03281,P00850,1,1810,2025-07-20 20:00:18,信用卡
T0011775,C01827,P00869,2,4670,2025-07-21 11:37:28,轉帳
T0011776,C03068,P01029,2,1460,2025-07-25 16:51:11,貨到付款
T0011777,C03581,P01382,2,3404,2025-07-30 22:19:57,信用卡
T0011778,C02388,P00022,2,4706,2025-07-03 02:47:55,信用卡
T0011779,C03743,P01398,2,2058,2025-07-05 23:19:09,行動支付
T0011780,C04259,P00389,4,8776,2025-07-12 01:38:43,行動支付
T0011781,C00981,P01287,2,5590,2025-07-13 04:03:58,轉帳
T0011782,C01096,P00171,3,1881,2025-07-13 18:27:53,轉帳
T0011783,C00649,P00790,1,3665,2025-07-18 12:57:04,信用卡
T0011784,C04711,P01634,4,8432,2025-07-31 16:50:50,貨到付款
T0011785,C01127,P00338,4,16344,2025-07-15 19:53:43,信用卡
T0011786,C00410,P01100,2,7586,2025-07-30 16:26:05,貨到付款
T0011787,C00473,P01281,1,2494,2025-07-23 15:27:40,信用卡
T0011788,C02019,P01351,3,630,2025-07-18 14:11:36,貨到付款
T0011789,C04434,P01428,2,5150,2025-07-31 14:46:55,貨到付款
T0011790,C00526,P01934,1,2132,2025-07-01 12:49:37,貨到付款
T0011791,C01131,P00001,2,1108,2025-07-16 13:45:34,信用卡
T0011792,C00923,P00582,2,4090,2025-07-21 06:05:44,信用卡
T0011793,C03296,P01167,2,3648,2025-07-31 21:04:03,轉帳
T0011794,C01643,P01616,2,6760,2025-07-24 02:46:09,貨到付款
T0011795,C04869,P01131,2,8124,2025-07-12 22:40:11,轉帳
T0011796,C03341,P00212,2,2464,2025-07-07 03:22:06,信用卡
T0011797,C02599,P00646,2,3000,2025-07-04 15:35:10,信用卡
T0011798,C02885,P01244,3,3057,2025-07-28 20:57:07,貨到付款
T0011799,C04417,P00960,4,1076,2025-07-11 21:57:50,行動支付
T0011800,C03799,P00304,3,6066,2025-07-27 12:01:02,行動支付
T0011801,C00658,P00645,2,304,2025-07-10 17:26:01,行動支付
T0011802,C02110,P01206,2,5552,2025-07-27 08:26:36,行動支付
T0011803,C03306,P00992,3,7047,2025-07-01 13:02:32,貨到付款
T0011804,C02896,P00592,3,7149,2025-07-10 17:37:47,信用卡
T0011805,C04673,P01098,4,11084,2025-07-11 18:05:30,信用卡
T0011806,C00171,P00375,3,4659,2025-07-24 21:58:16,貨到付款
T0011807,C04530,P01114,4,4232,2025-07-05 19:48:18,轉帳
T0011808,C01925,P01919,2,438,2025-07-16 11:01:56,行動支付
T0011809,C00240,P01064,1,1014,2025-07-17 20:35:34,信用卡
T0011810,C00989,P00634,1,533,2025-07-27 10:59:08,轉帳
T0011811,C00910,P01848,1,1232,2025-07-13 05:10:55,轉帳
T0011812,C00714,P01836,1,2360,2025-07-24 15:16:18,信用卡
T0011813,C00170,P01882,2,1658,2025-07-04 11:43:12,轉帳
T0011814,C03973,P00581,1,1558,2025-07-11 16:03:55,轉帳
T0011815,C00809,P01546,3,4797,2025-07-06 16:04:03,行動支付
T0011816,C01612,P00218,3,10749,2025-07-07 15:30:00,轉帳
T0011817,C02860,P01894,1,1076,2025-07-01 10:52:13,貨到付款
T0011818,C02419,P00775,3,1950,2025-07-11 16:12:21,行動支付
T0011819,C01719,P00965,4,6112,2025-07-26 20:01:27,行動支付
T0011820,C03143,P01165,2,1438,2025-07-06 11:42:05,轉帳
T0011821,C04084,P01143,1,3371,2025-07-24 20:50:23,行動支付
T0011822,C02886,P01906,1,2475,2025-07-16 21:57:32,行動支付
T0011823,C02260,P00278,2,5988,2025-07-31 21:52:33,信用卡
T0011824,C01074,P01914,3,9966,2025-07-07 10:25:54,轉帳
T0011825,C03106,P01725,2,4764,2025-07-02 12:24:06,行動支付
T0011826,C02729,P01734,2,3122,2025-07-10 11:53:17,貨到付款
T0011827,C00589,P00701,3,1581,2025-07-08 20:19:37,行動支付
T0011828,C01396,P00185,2,5326,2025-07-30 08:48:41,貨到付款
T0011829,C03842,P01065,3,993,2025-07-23 15:09:53,轉帳
T0011830,C04619,P00160,3,7956,2025-07-10 20:42:20,轉帳
T0011831,C01686,P00228,2,2704,2025-07-15 19:41:26,轉帳
T0011832,C04462,P01953,4,5944,2025-07-21 12:14:12,貨到付款
T0011833,C01276,P01051,3,9957,2025-07-08 04:52:01,行動支付
T0011834,C04034,P00078,2,2078,2025-07-07 21:02:42,貨到付款
T0011835,C02436,P01746,3,3846,2025-07-22 20:44:21,轉帳
T0011836,C02744,P00722,4,3004,2025-07-18 19:32:07,貨到付款
T0011837,C03316,P00087,4,5864,2025-07-12 15:22:15,信用卡
T0011838,C03340,P01436,1,3184,2025-07-11 00:55:27,貨到付款
T0011839,C01711,P00367,3,3744,2025-07-05 14:23:53,信用卡
T0011840,C02595,P00539,3,6198,2025-07-18 18:46:47,行動支付
T0011841,C00315,P01408,2,5136,2025-07-20 19:17:39,轉帳
T0011842,C01827,P00361,3,12381,2025-07-03 22:41:54,行動支付
T0011843,C03211,P01895,1,507,2025-07-25 11:15:28,轉帳
T0011844,C04823,P01122,4,-180,2025-07-30 10:13:04,行動支付
T0011845,C00631,P01777,4,15352,2025-07-06 19:53:39,轉帳
T0011846,C01135,P00699,1,3983,2025-07-28 11:33:24,信用卡
T0011847,C02287,P00926,3,10758,2025-07-24 21:22:21,信用卡
T0011848,C00555,P00099,3,9330,2025-07-13 18:21:55,貨到付款
T0011849,C02752,P00465,1,3584,2025-07-22 04:10:57,行動支付
T0011850,C01478,P00033,2,4108,2025-07-05 00:34:01,行動支付
T0011851,C04366,P00282,4,8340,2025-07-12 04:45:19,轉帳
T0011852,C01535,P00392,1,3165,2025-07-25 15:52:43,貨到付款
T0011853,C02180,P00246,1,3526,2025-07-22 16:44:09,信用卡
T0011854,C04921,P01462,3,1794,2025-07-15 17:04:13,行動支付
T0011855,C00414,P00299,4,5388,2025-07-28 10:49:47,貨到付款
T0011856,C04334,P01267,3,4128,2025-07-09 14:04:34,轉帳
T0011857,C02523,P00127,1,4300,2025-07-07 18:56:38,信用卡
T0011858,C01987,P01014,2,4224,2025-07-04 11:07:40,貨到付款
T0011859,C04706,P01671,4,6944,2025-07-06 01:46:16,信用卡
T0011860,C04992,P00072,1,4363,2025-07-02 19:37:57,信用卡
T0011861,C00974,P00550,1,2119,2025-07-17 22:17:01,貨到付款
T0011862,C04200,P01143,2,6742,2025-07-01 14:28:50,貨到付款
T0011863,C01109,P01938,1,3456,2025-07-03 20:41:26,轉帳
T0011864,C00083,P00803,1,477,2025-07-21 04:47:01,信用卡
T0011865,C03667,P01286,4,4092,2025-07-18 19:46:14,信用卡
T0011866,C01769,P00689,4,12508,2025-07-25 08:59:28,信用卡
T0011867,C03004,P01990,4,5140,2025-07-26 05:53:38,貨到付款
T0011868,C00758,P00324,3,5802,2025-07-24 16:12:11,轉帳
T0011869,C04299,P01701,2,1280,2025-07-04 13:14:41,貨到付款
T0011870,C02625,P00816,4,9576,2025-07-25 11:39:50,轉帳
T0011871,C04001,P00421,3,9612,2025-07-15 21:20:12,貨到付款
T0011872,C01813,P00238,3,10155,2025-07-04 15:20:08,行動支付
T0011873,C01152,P01121,2,3634,2025-07-27 23:52:34,轉帳
T0011874,C04735,P00768,2,2464,2025-07-13 02:11:59,轉帳
T0011875,C02654,P01772,1,463,2025-07-22 10:01:57,信用卡
T0011876,C01872,P00027,3,4083,2025-07-29 17:03:02,行動支付
T0011877,C00500,P01904,4,6084,2025-07-05 07:12:31,行動支付
T0011878,C00828,P01277,2,-118,2025-07-27 17:54:34,信用卡
T0011879,C03171,P00039,3,4551,2025-07-03 16:21:02,轉帳
T0011880,C03090,P00272,4,9580,2025-07-21 03:09:35,貨到付款
T0011881,C04216,P00523,3,8082,2025-07-16 22:17:00,轉帳
T0011882,C03755,P00345,2,5232,2025-07-22 16:31:23,信用卡
T0011883,C00760,P00769,1,1206,2025-07-21 15:45:33,行動支付
T0011884,C04710,P01421,3,4017,2025-07-24 11:08:58,行動支付
T0011885,C03048,P00277,4,10384,2025-07-08 13:40:35,轉帳
T0011886,C04291,P01403,2,5182,2025-07-30 18:45:53,行動支付
T0011887,C01392,P01148,1,2402,2025-07-06 19:19:11,行動支付
T0011888,C04795,P00726,4,17520,2025-07-04 17:37:08,信用卡
T0011889,C04744,P00939,4,908,2025-07-28 16:32:19,信用卡
T0011890,C01482,P01585,4,10292,2025-07-03 13:14:57,轉帳
T0011891,C04504,P01270,3,11121,2025-07-23 12:18:31,貨到付款
T0011892,C04860,P01988,2,-94,2025-07-15 17:59:11,信用卡
T0011893,C04468,P01394,4,660,2025-07-16 17:26:39,貨到付款
T0011894,C02340,P00653,3,8511,2025-07-26 20:47:54,信用卡
T0011895,C00680,P01768,2,2572,2025-07-07 17:54:52,貨到付款
T0011896,C04690,P01380,2,1976,2025-07-05 00:23:53,行動支付
T0011897,C00001,P01613,3,9258,2025-07-03 20:51:23,貨到付款
T0011898,C01256,P01525,3,10554,2025-07-24 17:00:50,信用卡
T0011899,C02778,P00610,4,1604,2025-07-09 20:55:45,行動支付
T0011900,C01558,P01892,2,4578,2025-07-07 19:14:00,行動支付
T0011901,C04615,P01922,1,601,2025-07-10 11:39:17,行動支付
T0011902,C03065,P00734,3,6201,2025-07-18 08:57:36,轉帳
T0011903,C04796,P00816,2,4788,2025-07-18 21:53:09,轉帳
T0011904,C00296,P01553,2,7168,2025-07-23 13:30:18,行動支付
T0011905,C02051,P00992,4,9396,2025-07-10 11:43:31,信用卡
T0011906,C00718,P00099,1,3110,2025-07-30 22:07:16,轉帳
T0011907,C04112,P00760,4,1352,2025-07-21 22:09:38,信用卡
T0011908,C03822,P01806,1,3810,2025-07-01 11:01:03,貨到付款
T0011909,C04034,P01577,1,3503,2025-07-18 08:43:50,轉帳
T0011910,C04754,P00723,3,4155,2025-07-01 11:05:04,轉帳
T0011911,C01212,P00607,2,6492,2025-07-04 17:00:31,貨到付款
T0011912,C03931,P01879,2,3418,2025-07-12 08:36:29,轉帳
T0011913,C03230,P00437,2,1162,2025-07-18 20:10:04,信用卡
T0011914,C01954,P00660,1,2702,2025-07-28 14:13:16,轉帳
T0011915,C00966,P00131,2,5704,2025-07-17 12:47:18,貨到付款
T0011916,C04171,P00761,3,1473,2025-07-08 22:21:13,信用卡
T0011917,C00352,P00858,1,1199,2025-07-10 22:59:48,轉帳
T0011918,C04816,P01097,1,2474,2025-07-21 21:21:57,行動支付
T0011919,C01381,P01072,1,1753,2025-07-12 00:32:09,貨到付款
T0011920,C04463,P01645,1,3140,2025-07-29 11:09:33,行動支付
T0011921,C00617,P00707,3,1008,2025-07-21 16:06:59,信用卡
T0011922,C03698,P01747,2,6968,2025-07-13 01:29:41,貨到付款
T0011923,C04721,P00397,3,1401,2025-07-03 16:20:43,行動支付
T0011924,C00759,P01495,2,5730,2025-07-17 16:49:01,信用卡
T0011925,C02216,P00535,3,7671,2025-07-16 11:53:52,轉帳
T0011926,C03361,P00396,4,9128,2025-07-05 21:07:19,信用卡
T0011927,C03802,P00593,4,8572,2025-07-13 05:21:18,轉帳
T0011928,C00053,P01482,4,10640,2025-07-05 12:27:52,行動支付
T0011929,C00586,P00457,4,760,2025-07-17 20:13:48,貨到付款
T0011930,C01555,P01879,1,1709,2025-07-30 17:58:49,轉帳
T0011931,C00513,P00706,1,2528,2025-07-27 13:11:03,貨到付款
T0011932,C03142,P01094,3,6663,2025-07-07 22:10:12,行動支付
T0011933,C02355,P00857,3,300,2025-07-17 11:09:48,信用卡
T0011934,C03302,P00320,4,1512,2025-07-05 11:19:39,轉帳
T0011935,C01494,P00832,2,5446,2025-07-09 11:56:08,信用卡
T0011936,C00624,P00989,4,2728,2025-07-16 22:18:01,貨到付款
T0011937,C03714,P00868,3,10746,2025-07-06 09:21:35,行動支付
T0011938,C02271,P00783,4,13880,2025-07-11 17:16:23,貨到付款
T0011939,C00352,P00599,3,5883,2025-07-18 22:10:15,行動支付
T0011940,C04894,P00626,4,6056,2025-07-24 19:07:01,貨到付款
T0011941,C04552,P00308,2,4938,2025-07-17 07:22:41,貨到付款
T0011942,C01706,P01721,4,1560,2025-07-09 18:46:01,轉帳
T0011943,C01360,P01622,2,5990,2025-07-27 07:43:50,信用卡
T0011944,C04939,P00945,2,2772,2025-07-03 11:42:33,行動支付
T0011945,C01907,P01049,3,1332,2025-07-17 18:30:14,貨到付款
T0011946,C04455,P00009,2,6888,2025-07-16 17:53:17,轉帳
T0011947,C00564,P01015,1,644,2025-07-29 16:37:36,信用卡
T0011948,C02332,P01217,1,234,2025-07-09 17:31:05,貨到付款
T0011949,C02924,P00487,1,3754,2025-07-18 21:58:41,信用卡
T0011950,C04381,P01546,3,4797,2025-07-25 21:55:04,行動支付
T0011951,C03457,P01300,1,4104,2025-07-24 11:55:09,貨到付款
T0011952,C03972,P01542,3,234,2025-07-10 19:26:09,信用卡
T0011953,C03792,P01220,3,3309,2025-07-29 05:18:26,行動支付
T0011954,C01123,P00436,1,1900,2025-07-04 11:22:16,行動支付
T0011955,C00515,P01658,2,-2,2025-07-15 10:46:15,轉帳
T0011956,C04988,P00503,4,4900,2025-07-16 04:55:49,行動支付
T0011957,C03016,P00487,3,11262,2025-07-11 12:48:52,信用卡
T0011958,C02995,P01950,1,2688,2025-07-25 18:12:18,貨到付款
T0011959,C01812,P00861,3,3000,2025-07-21 16:57:16,行動支付
T0011960,C04346,P01194,2,3108,2025-07-04 20:41:22,貨到付款
T0011961,C03324,P00674,2,7930,2025-07-15 22:42:07,信用卡
T0011962,C04183,P01071,1,3827,2025-07-18 04:28:58,信用卡
T0011963,C04816,P00712,3,3642,2025-07-09 16:09:48,行動支付
T0011964,C02108,P01526,4,15760,2025-07-22 17:56:12,行動支付
T0011965,C03190,P01580,4,14004,2025-07-20 20:26:23,信用卡
T0011966,C04325,P00638,3,7053,2025-07-05 12:23:44,轉帳
T0011967,C01401,P00119,3,11280,2025-07-04 17:06:37,轉帳
T0011968,C03620,P01989,3,10548,2025-07-01 15:53:58,信用卡
T0011969,C01379,P00063,1,3231,2025-07-06 18:28:17,轉帳
T0011970,C01258,P00349,2,-64,2025-07-11 17:17:23,轉帳
T0011971,C02539,P00538,4,6024,2025-07-14 13:56:37,信用卡
T0011972,C02098,P00926,1,3586,2025-07-21 19:09:23,信用卡
T0011973,C04181,P01465,3,11595,2025-07-01 15:55:12,轉帳
T0011974,C04915,P00016,3,5673,2025-07-08 15:44:51,行動支付
T0011975,C00415,P00915,2,2908,2025-07-08 14:54:49,信用卡
T0011976,C00505,P00560,3,6552,2025-07-07 13:14:31,信用卡
T0011977,C04029,P01835,1,1996,2025-07-04 10:18:25,行動支付
T0011978,C01213,P01516,1,744,2025-07-08 04:03:41,貨到付款
T0011979,C02474,P01516,2,1488,2025-07-28 04:21:33,轉帳
T0011980,C02955,P01134,1,441,2025-07-07 20:16:10,信用卡
T0011981,C03328,P01393,4,3496,2025-07-25 19:34:59,信用卡
T0011982,C00519,P00893,1,634,2025-07-29 13:09:15,信用卡
T0011983,C03904,P01829,1,105,2025-07-03 03:25:22,行動支付
T0011984,C03542,P00980,1,2150,2025-07-23 12:31:18,貨到付款
T0011985,C02803,P00283,4,6032,2025-07-16 12:18:38,貨到付款
T0011986,C04187,P01944,3,6192,2025-07-07 14:31:14,轉帳
T0011987,C01879,P00629,1,667,2025-07-11 22:06:25,行動支付
T0011988,C02594,P01269,2,398,2025-07-01 15:19:02,信用卡
T0011989,C04626,P01844,4,1748,2025-07-06 21:32:37,行動支付
T0011990,C01912,P01333,2,5622,2025-07-15 20:49:00,貨到付款
T0011991,C03008,P01938,1,3456,2025-07-20 05:53:43,行動支付
T0011992,C02951,P00009,2,6888,2025-07-19 04:58:39,貨到付款
T0011993,C03967,P01124,1,3369,2025-07-23 21:25:17,信用卡
T0011994,C04770,P00057,4,12796,2025-07-16 20:38:59,轉帳
T0011995,C02878,P00843,2,3714,2025-07-07 13:39:45,信用卡
T0011996,C00587,P00670,2,1050,2025-07-26 20:55:24,行動支付
T0011997,C03820,P01985,1,1542,2025-07-06 19:47:20,轉帳
T0011998,C01803,P00219,1,1038,2025-07-10 10:51:26,信用卡
T0011999,C03363,P00076,3,8814,2025-07-05 19:29:54,轉帳
