"customer_no","age_category","gender","hsien_desc","bs_tag_desc"
"ceecd89b","46-50歲","女","苗栗縣","網購社媒手機迷"
"567beac1","31-35歲","女","新竹縣","網購社媒手機迷"
"4a4fc614","26-30歲","女","台北市","獨立愛遊理財新手"
"f9b9c79a","26-30歲","女","高雄市","網購社媒手機迷"
"56555b2d","41-45歲","女","苗栗縣","品味養生理財貴族"
"35f07551","56-60歲","女","台中市","樂動廣告品牌控"
"b7affb66","36-40歲","女","台南市","健康愛家定存控"
"16d4ab18","31-35歲","女","新竹縣","健康愛家定存控"
"af9bd7e5","31-35歲","男","高雄市","樂動廣告品牌控"
"0b26fb1c","46-50歲","女","苗栗縣","網購社媒手機迷"
"a1ff759c","31-35歲","男","雲林縣","物質享樂衝購族"
"531f7b20","56-60歲","女","桃園市","樂動廣告品牌控"
"f1c1247a","31-35歲","女","新北市","物質享樂衝購族"
"41e70c6d","31-35歲","女","桃園市","網購社媒手機迷"
"de51c052","31-35歲","男","新北市","運動科技潮人"
"929927e8","31-35歲","男","新竹縣","樂動廣告品牌控"
"ca01a3c2","26-30歲","男","高雄市","運動科技潮人"
"aaa59850","36-40歲","女","新北市","獨立愛遊理財新手"
"b31c4f5c","56-60歲","女","台北市","愛搜愛比網購客"
"96a71dbd","51-55歲","女","新竹縣","品味養生理財貴族"
"05cd61af","31-35歲","女","台中市","物質享樂衝購族"
"9687f8dc","31-35歲","男","台北市","運動科技潮人"
"40eb3951","51-55歲","男","桃園市","愛搜愛比網購客"
"f073d367","31-35歲","女","苗栗縣","物質享樂衝購族"
"dc43acea","36-40歲","男","嘉義市","健康愛家定存控"
"8462dde5","41-45歲","女","台中市","品味養生理財貴族"
"57bb0616","31-35歲","男","台南市","運動科技潮人"
"51dd23f1","46-50歲","女","嘉義市","網購社媒手機迷"
"8938a51b","46-50歲","女","台北市","網購社媒手機迷"
"072a139c","36-40歲","女","桃園市","健康愛家定存控"
"4dadfb28","36-40歲","女","新北市","物質享樂衝購族"
"267f80c9","26-30歲","男","台中市","運動科技潮人"
"c1647913","36-40歲","男","新北市","運動科技潮人"
"ada1c7a6","36-40歲","男","新北市","樂動廣告品牌控"
"f906e40c","31-35歲","女","新北市","物質享樂衝購族"
"b94e4609","51-55歲","女","新北市","品味養生理財貴族"
"0cf6c4ea","46-50歲","女","新北市","物質享樂衝購族"
"989d10d0","31-35歲","男","新竹縣","運動科技潮人"
"c57281f3","56-60歲","女","苗栗縣","網購社媒手機迷"
"db7b0d8a","26-30歲","女","台北市","健康愛家定存控"
"fe5c30d7","31-35歲","女","台中市","物質享樂衝購族"
"b2e831d5","46-50歲","男","台北市","運動科技潮人"
"b0fa0eb0","31-35歲","女","新竹縣","樂動廣告品牌控"
"20b6877d","36-40歲","女","桃園市","網購社媒手機迷"
"8004d8f1","41-45歲","女","新竹縣","品味養生理財貴族"
"14bbf6b7","46-50歲","女","新北市","愛搜愛比網購客"
"89da0ff4","41-45歲","男","台中市","傳統保健理財族"
"ea4b39fa","31-35歲","女","新竹市","獨立愛遊理財新手"
"42b1ff99","51-55歲","女","新竹縣","獨立愛遊理財新手"
"dc0e6805","41-45歲","女","新北市","運動科技潮人"
"03f97b9b","31-35歲","女","彰化縣","物質享樂衝購族"
"d1fcac31","41-45歲","女","台北市","獨立愛遊理財新手"
"123a01f2","46-50歲","女","新北市","物質享樂衝購族"
"d65da79a","61-65歲","女","台北市","網購社媒手機迷"
"a3abff10","26-30歲","女","苗栗縣","物質享樂衝購族"
"13c395f5","46-50歲","女","桃園市","品味養生理財貴族"
"09167639","36-40歲","男","新竹縣","健康愛家定存控"
"b028efec","36-40歲","女","桃園市","傳統保健理財族"
"c8fc4b59","36-40歲","女","台中市","健康愛家定存控"
"636a3282","46-50歲","女","台北市","健康愛家定存控"
"d5771ca1","51-55歲","女","台中市","傳統保健理財族"
"018667df","41-45歲","女","台北市","品味養生理財貴族"
"e5039bb5","36-40歲","女","高雄市","網購社媒手機迷"
"2023e8a5","36-40歲","女","花蓮縣","網購社媒手機迷"
"61e46625","31-35歲","男","新北市","樂動廣告品牌控"
"99d7c7ce","46-50歲","女","彰化縣","傳統保健理財族"
"0b6e2b83","46-50歲","女","花蓮縣","網購社媒手機迷"
"a9f907eb","56-60歲","女","台北市","品味養生理財貴族"
"1880a21a","26-30歲","女","台中市","網購社媒手機迷"
"2994c439","51-55歲","女","台北市","網購社媒手機迷"
"927aabda","31-35歲","男","高雄市","運動科技潮人"
"0217cae4","31-35歲","女","高雄市","健康愛家定存控"
"cbad29bd","31-35歲","女","苗栗縣","物質享樂衝購族"
"d93f1d9d","36-40歲","男","台中市","樂動廣告品牌控"
"12d2613a","36-40歲","女","新北市","品味養生理財貴族"
"cb79fa15","41-45歲","女","台北市","獨立愛遊理財新手"
"cac5404a","46-50歲","男","新竹縣","樂動廣告品牌控"
"9e3ac603","31-35歲","男","台中市","獨立愛遊理財新手"
"47520d17","51-55歲","女","台北市","健康愛家定存控"
"1b2f7ca9","31-35歲","男","台中市","運動科技潮人"
"acd98d0b","36-40歲","女","台南市","健康愛家定存控"
"9f2b8e9b","51-55歲","女","高雄市","傳統保健理財族"
"c65dc39b","36-40歲","女","新竹縣","物質享樂衝購族"
"fc3c6e4e","26-30歲","男","台中市","健康愛家定存控"
"56bce243","36-40歲","女","苗栗縣","樂動廣告品牌控"
"358c0d5e","51-55歲","女","苗栗縣","獨立愛遊理財新手"
"fda1d858","36-40歲","女","苗栗縣","樂動廣告品牌控"
"3fe0406d","41-45歲","女","彰化縣","獨立愛遊理財新手"
"c507b661","36-40歲","女","南投縣","健康愛家定存控"
"d14fdb8d","31-35歲","女","新竹市","健康愛家定存控"
"2ac5398a","41-45歲","男","台中市","樂動廣告品牌控"
"d7e7bc30","46-50歲","女","新北市","品味養生理財貴族"
"1f7513c7","31-35歲","女","台北市","獨立愛遊理財新手"
"9d604a74","36-40歲","女","台中市","物質享樂衝購族"
"db3d72ff","46-50歲","男","台南市","運動科技潮人"
"21e94e9f","51-55歲","女","苗栗縣","健康愛家定存控"
"fd072793","36-40歲","女","高雄市","樂動廣告品牌控"
"c7b8adda","46-50歲","男","台中市","愛搜愛比網購客"
"29cb94af","51-55歲","男","高雄市","傳統保健理財族"
"23c324fb","36-40歲","女","台北市","樂動廣告品牌控"
"e8cd6fcb","41-45歲","女","台北市","獨立愛遊理財新手"
"5c6699a7","26-30歲","男","新北市","運動科技潮人"
"12bc4221","41-45歲","男","花蓮縣","愛搜愛比網購客"
"496a4b16","46-50歲","男","台南市","網購社媒手機迷"
"beca0b6c","56-60歲","女","桃園市","品味養生理財貴族"
"3e3d5cc5","36-40歲","女","新竹縣","傳統保健理財族"
"fa431b19","31-35歲","女","新竹縣","樂動廣告品牌控"
"d0bee4c8","36-40歲","女","高雄市","物質享樂衝購族"
"761a603c","41-45歲","女","新北市","健康愛家定存控"
"b6ad9ed6","41-45歲","女","新北市","愛搜愛比網購客"
"061d551d","41-45歲","女","南投縣","網購社媒手機迷"
"7bcd6a20","36-40歲","女","桃園市","健康愛家定存控"
"3fb68240","31-35歲","男","台中市","樂動廣告品牌控"
"3ffe0a19","36-40歲","女","嘉義市","樂動廣告品牌控"
"b6b3f91e","61-65歲","男","台中市","愛搜愛比網購客"
"7467dc15","51-55歲","女","彰化縣","品味養生理財貴族"
"27e2b482","36-40歲","女","高雄市","樂動廣告品牌控"
"3e479eb8","46-50歲","女","花蓮縣","傳統保健理財族"
"9c8f23e4","61-65歲","女","台北市","品味養生理財貴族"
"3e3f2741","61-65歲","女","台北市","獨立愛遊理財新手"
"232fdf67","46-50歲","女","台北市","網購社媒手機迷"
"4cab8c6c","51-55歲","男","台中市","樂動廣告品牌控"
"b5d3b8f5","56-60歲","女","桃園市","品味養生理財貴族"
"c331e646","41-45歲","女","新北市","品味養生理財貴族"
"f108e59c","61-65歲","女","台北市","品味養生理財貴族"
"758fb48a","36-40歲","女","雲林縣","健康愛家定存控"
"4f5e0c48","51-55歲","女","新竹縣","健康愛家定存控"
"70daa63e","36-40歲","男","台南市","樂動廣告品牌控"
"036c7f09","36-40歲","男","桃園市","運動科技潮人"
"acf217bf","46-50歲","女","台北市","運動科技潮人"
"14ac338e","26-30歲","女","彰化縣","網購社媒手機迷"
"ecdbe139","56-60歲","男","台中市","樂動廣告品牌控"
"3e383e81","36-40歲","女","台北市","樂動廣告品牌控"
"3326c1b4","46-50歲","男","台北市","運動科技潮人"
"3539d76b","31-35歲","女","新北市","物質享樂衝購族"
"1b5b31e2","46-50歲","女","屏東縣","健康愛家定存控"
"67e251a8","46-50歲","女","新竹縣","物質享樂衝購族"
"b04fc8b3","41-45歲","男","新北市","運動科技潮人"
"0c4b29ea","26-30歲","女","新北市","樂動廣告品牌控"
"4b9d828d","31-35歲","女","台南市","物質享樂衝購族"
"35c16391","51-55歲","女","台中市","品味養生理財貴族"
"91c1cb06","41-45歲","女","新竹縣","網購社媒手機迷"
"70bf41b3","51-55歲","男","台中市","樂動廣告品牌控"
"90584582","51-55歲","女","嘉義市","樂動廣告品牌控"
"215d5a17","41-45歲","男","彰化縣","樂動廣告品牌控"
"da459fda","36-40歲","女","台北市","物質享樂衝購族"
"2342fc86","46-50歲","女","花蓮縣","獨立愛遊理財新手"
"e9f17ddc","26-30歲","女","新竹縣","物質享樂衝購族"
"118aecc1","36-40歲","男","新北市","樂動廣告品牌控"
"c36e98f9","41-45歲","女","台中市","健康愛家定存控"
"73b637e2","46-50歲","女","新竹市","獨立愛遊理財新手"
"f3caac2e","41-45歲","男","台北市","運動科技潮人"
"7c28a95b","41-45歲","女","台中市","樂動廣告品牌控"
"710d173f","31-35歲","女","苗栗縣","物質享樂衝購族"
"2f2ca76e","36-40歲","女","台南市","健康愛家定存控"
"740c6ea9","46-50歲","女","台東縣","物質享樂衝購族"
"585599fc","26-30歲","女","新竹縣","物質享樂衝購族"
"82997798","46-50歲","男","新北市","愛搜愛比網購客"
"b6da654e","51-55歲","男","新北市","樂動廣告品牌控"
"09984dcc","36-40歲","女","苗栗縣","物質享樂衝購族"
"98e0ec9b","36-40歲","男","桃園市","運動科技潮人"
"6098c242","26-30歲","女","花蓮縣","健康愛家定存控"
"0648ec21","46-50歲","男","花蓮縣","健康愛家定存控"
"25b45099","56-60歲","女","新竹市","樂動廣告品牌控"
"27182c8a","51-55歲","男","台中市","愛搜愛比網購客"
"b7029a78","36-40歲","女","新北市","品味養生理財貴族"
"fb51bcb5","26-30歲","女","苗栗縣","物質享樂衝購族"
"e5c99951","31-35歲","女","台北市","網購社媒手機迷"
"1ac5da29","31-35歲","女","新竹市","網購社媒手機迷"
"afc012b7","41-45歲","男","台南市","運動科技潮人"
"91b68fdf","31-35歲","女","新竹縣","物質享樂衝購族"
"5cda66f1","41-45歲","女","台北市","品味養生理財貴族"
"1b0a3690","31-35歲","男","苗栗縣","運動科技潮人"
"1e303609","31-35歲","女","新北市","健康愛家定存控"
"06b3505e","26-30歲","女","高雄市","健康愛家定存控"
"9a4fb8c5","41-45歲","男","新北市","運動科技潮人"
"d8cd16cb","36-40歲","女","苗栗縣","物質享樂衝購族"
"a49e7b8b","36-40歲","女","花蓮縣","物質享樂衝購族"
"689b3cbe","51-55歲","女","新竹縣","愛搜愛比網購客"
"e9b5a1b8","36-40歲","男","新竹縣","運動科技潮人"
"fc10dc9e","46-50歲","男","台北市","樂動廣告品牌控"
"c061e76a","36-40歲","女","台北市","物質享樂衝購族"
"80b01164","41-45歲","女","花蓮縣","健康愛家定存控"
"8f246659","46-50歲","女","新竹縣","樂動廣告品牌控"
"449b297c","46-50歲","女","花蓮縣","網購社媒手機迷"
"81dae4f5","36-40歲","女","台北市","物質享樂衝購族"
"6890e89f","31-35歲","女","新竹縣","樂動廣告品牌控"
"5b2b2439","41-45歲","女","高雄市","網購社媒手機迷"
"3b44e5d0","36-40歲","女","新北市","網購社媒手機迷"
"57fcd396","41-45歲","男","新竹市","愛搜愛比網購客"
"5af08e8d","26-30歲","女","南投縣","健康愛家定存控"
"88de362b","46-50歲","女","台中市","網購社媒手機迷"
"78c1a07d","26-30歲","女","台中市","物質享樂衝購族"
"36ca81e7","26-30歲","女","新竹縣","健康愛家定存控"
"532c6d55","36-40歲","女","台中市","獨立愛遊理財新手"
"7eb82d80","31-35歲","女","新北市","運動科技潮人"
"55ee6360","36-40歲","女","新竹縣","健康愛家定存控"
"c8e9152d","36-40歲","女","新北市","獨立愛遊理財新手"
"b0f584e7","46-50歲","女","彰化縣","健康愛家定存控"
"bda12e0c","41-45歲","女","新北市","品味養生理財貴族"
"12cc5836","36-40歲","女","台中市","物質享樂衝購族"
"67c95195","41-45歲","女","彰化縣","網購社媒手機迷"
"f33e4fa3","46-50歲","女","台北市","品味養生理財貴族"
"57f7b16e","46-50歲","女","新竹縣","健康愛家定存控"
"72fc4d41","31-35歲","女","台南市","網購社媒手機迷"
"f104ced6","46-50歲","男","台北市","運動科技潮人"
"e0959891","61-65歲","男","新北市","愛搜愛比網購客"
"fac80876","46-50歲","女","台北市","樂動廣告品牌控"
"2fbcfb75","21-25歲","女","新竹縣","物質享樂衝購族"
"0a0ad8aa","41-45歲","女","新竹縣","品味養生理財貴族"
"52e67b1b","46-50歲","女","台北市","獨立愛遊理財新手"
"10080655","46-50歲","男","新北市","樂動廣告品牌控"
"68c9ae9e","31-35歲","女","新竹市","品味養生理財貴族"
"d23dfcc0","41-45歲","男","新竹縣","運動科技潮人"
"cab8e1a6","31-35歲","女","宜蘭縣","獨立愛遊理財新手"
"caef1aee","36-40歲","女","新竹縣","網購社媒手機迷"
"976ecaec","56-60歲","女","桃園市","網購社媒手機迷"
"157e43bb","41-45歲","男","新北市","愛搜愛比網購客"
"c921ee7a","31-35歲","女","台中市","網購社媒手機迷"
"f1170193","31-35歲","女","新北市","健康愛家定存控"
"15e22e5a","46-50歲","女","高雄市","網購社媒手機迷"
"fa2d8c48","26-30歲","女","新北市","健康愛家定存控"
"c33933a0","46-50歲","男","台東縣","運動科技潮人"
"32611ebb","46-50歲","男","桃園市","愛搜愛比網購客"
"19b496f3","26-30歲","女","新竹縣","獨立愛遊理財新手"
"228c2ba2","41-45歲","女","新北市","品味養生理財貴族"
"b323e8c4","41-45歲","女","彰化縣","物質享樂衝購族"
"e4a73cd3","21-25歲","女","高雄市","健康愛家定存控"
"a2aa5718","61-65歲","男","新北市","愛搜愛比網購客"
"63fb52aa","31-35歲","女","苗栗縣","物質享樂衝購族"
"e34d5092","36-40歲","男","台中市","樂動廣告品牌控"
"83c7ab3f","51-55歲","女","台北市","品味養生理財貴族"
"209d8362","46-50歲","女","台中市","傳統保健理財族"
"703bf5a8","31-35歲","女","苗栗縣","網購社媒手機迷"
"cb2c8446","26-30歲","女","台中市","獨立愛遊理財新手"
"c989f3a2","31-35歲","女","台北市","獨立愛遊理財新手"
"b6c2e1e6","31-35歲","女","台中市","物質享樂衝購族"
"99725cc5","46-50歲","女","台中市","健康愛家定存控"
"effe3ec4","41-45歲","女","新北市","運動科技潮人"
"0878b7bf","41-45歲","女","花蓮縣","品味養生理財貴族"
"e2abd140","41-45歲","男","花蓮縣","愛搜愛比網購客"
"ac941681","31-35歲","女","新竹縣","健康愛家定存控"
"37de8f6d","46-50歲","女","新竹縣","愛搜愛比網購客"
"78e7b6e9","56-60歲","男","桃園市","運動科技潮人"
"95dfaf23","31-35歲","女","台中市","物質享樂衝購族"
"d3ed051d","31-35歲","女","新北市","網購社媒手機迷"
"01b12385","46-50歲","女","台南市","網購社媒手機迷"
"499751d5","46-50歲","女","苗栗縣","愛搜愛比網購客"
"2b7c57c5","56-60歲","女","新北市","物質享樂衝購族"
"742e812e","31-35歲","女","桃園市","樂動廣告品牌控"
"26b78ea1","36-40歲","女","新竹縣","健康愛家定存控"
"3ae0f953","56-60歲","男","新竹市","愛搜愛比網購客"
"fda1d432","36-40歲","男","台北市","運動科技潮人"
"83ef1769","31-35歲","女","台北市","品味養生理財貴族"
"1a403e00","41-45歲","女","苗栗縣","樂動廣告品牌控"
"b129964f","36-40歲","女","新竹縣","健康愛家定存控"
"48b94947","26-30歲","女","新竹縣","物質享樂衝購族"
"651ca18c","56-60歲","女","新竹縣","樂動廣告品牌控"
"764610e0","46-50歲","女","新竹縣","傳統保健理財族"
"8aa12f03","51-55歲","女","苗栗縣","物質享樂衝購族"
"4aeae83b","36-40歲","女","桃園市","網購社媒手機迷"
"cbc2c5be","36-40歲","女","彰化縣","樂動廣告品牌控"
"03bfdce8","26-30歲","女","新竹縣","獨立愛遊理財新手"
"1e260806","51-55歲","女","宜蘭縣","品味養生理財貴族"
"f563e53c","61-65歲","男","苗栗縣","獨立愛遊理財新手"
"daddbd26","36-40歲","女","花蓮縣","物質享樂衝購族"
"f0db0bf7","31-35歲","女","新北市","物質享樂衝購族"
"f7a126b0","51-55歲","女","新竹縣","獨立愛遊理財新手"
"baecfacd","56-60歲","女","台中市","品味養生理財貴族"
"22909361","36-40歲","女","台中市","健康愛家定存控"
"27fcc100","31-35歲","女","新竹市","健康愛家定存控"
"ef35564c","36-40歲","女","苗栗縣","樂動廣告品牌控"
"df6f1696","41-45歲","女","桃園市","網購社媒手機迷"
"401eeefa","21-25歲","女","桃園市","物質享樂衝購族"
"6aada566","41-45歲","女","台北市","運動科技潮人"
"83afcf70","41-45歲","女","桃園市","品味養生理財貴族"
"dba116ff","26-30歲","女","桃園市","健康愛家定存控"
"1b56fc58","46-50歲","女","台南市","品味養生理財貴族"
"8642d760","41-45歲","女","新竹縣","健康愛家定存控"
"65d482d5","46-50歲","女","彰化縣","樂動廣告品牌控"
"264bfaac","41-45歲","女","台北市","獨立愛遊理財新手"
"7e17bb74","31-35歲","男","苗栗縣","樂動廣告品牌控"
"46ab0c67","41-45歲","女","苗栗縣","樂動廣告品牌控"
"a103393d","41-45歲","男","新北市","運動科技潮人"
"bd077bb1","31-35歲","女","基隆市","網購社媒手機迷"
"8080ce47","46-50歲","女","嘉義市","物質享樂衝購族"
"6433bd1c","51-55歲","女","花蓮縣","品味養生理財貴族"
"df10ba1b","51-55歲","女","新竹縣","獨立愛遊理財新手"
"00c76a4d","51-55歲","女","新北市","健康愛家定存控"
"c0c17f31","31-35歲","女","桃園市","物質享樂衝購族"
"5db10afb","51-55歲","女","苗栗縣","網購社媒手機迷"
"b7b50a2d","41-45歲","男","台南市","運動科技潮人"
"5114a4c4","31-35歲","女","高雄市","獨立愛遊理財新手"
"9ce141d3","51-55歲","女","雲林縣","獨立愛遊理財新手"
"959a8f31","31-35歲","女","新竹縣","健康愛家定存控"
"941103fc","36-40歲","女","新竹縣","樂動廣告品牌控"
"7984e4bc","21-25歲","女","新竹縣","物質享樂衝購族"
"0f085331","36-40歲","男","新北市","傳統保健理財族"
"75fb1419","51-55歲","女","台北市","運動科技潮人"
"96043109","36-40歲","女","台中市","品味養生理財貴族"
"7d1d3482","31-35歲","女","高雄市","物質享樂衝購族"
"f08c91e6","31-35歲","女","桃園市","網購社媒手機迷"
"30e9f2f8","36-40歲","女","台南市","健康愛家定存控"
"01536d7d","41-45歲","女","南投縣","健康愛家定存控"
"94039244","41-45歲","女","台南市","物質享樂衝購族"
"1721b1ea","36-40歲","女","桃園市","獨立愛遊理財新手"
"b3894b68","31-35歲","女","彰化縣","網購社媒手機迷"
"9fab3e76","51-55歲","女","彰化縣","網購社媒手機迷"
"81de4203","51-55歲","女","新北市","品味養生理財貴族"
"8e34ef18","41-45歲","女","台北市","品味養生理財貴族"
"e17d2876","51-55歲","女","新竹縣","傳統保健理財族"
"bb9883c6","31-35歲","女","高雄市","健康愛家定存控"
"b1be51ef","31-35歲","女","彰化縣","物質享樂衝購族"
"91a59dbe","46-50歲","女","台北市","樂動廣告品牌控"
"b66fd908","41-45歲","女","彰化縣","傳統保健理財族"
"ea577a71","36-40歲","女","新北市","健康愛家定存控"
"f508dcab","31-35歲","男","桃園市","樂動廣告品牌控"
"180974d7","26-30歲","女","新北市","物質享樂衝購族"
"5bd10985","41-45歲","女","桃園市","網購社媒手機迷"
"9548a7f6","36-40歲","女","台中市","網購社媒手機迷"
"e5fb6f1c","36-40歲","女","台北市","網購社媒手機迷"
"4e8af376","46-50歲","男","彰化縣","運動科技潮人"
"f0452b5b","41-45歲","女","苗栗縣","網購社媒手機迷"
"87d507c7","41-45歲","男","新竹縣","運動科技潮人"
"53df8f84","46-50歲","女","台北市","網購社媒手機迷"
"607232df","41-45歲","女","台南市","樂動廣告品牌控"
"13d2c7a9","41-45歲","女","台中市","網購社媒手機迷"
"eff14dd1","51-55歲","女","台北市","獨立愛遊理財新手"
"bab928ec","26-30歲","女","台中市","物質享樂衝購族"
"8cad4aa5","31-35歲","女","花蓮縣","傳統保健理財族"
"908a3a93","31-35歲","女","新北市","網購社媒手機迷"
"472d3895","31-35歲","女","高雄市","物質享樂衝購族"
"136ed912","46-50歲","女","苗栗縣","傳統保健理財族"
"7ec59d29","31-35歲","女","彰化縣","物質享樂衝購族"
"58804f59","31-35歲","女","台北市","獨立愛遊理財新手"
"7b196419","31-35歲","女","新北市","健康愛家定存控"
"9bd5bfb3","36-40歲","女","台中市","物質享樂衝購族"
"857d0603","46-50歲","男","花蓮縣","愛搜愛比網購客"
"755b0e86","36-40歲","女","新竹市","樂動廣告品牌控"
"eb28b7b6","36-40歲","女","新北市","傳統保健理財族"
"5cabdec7","26-30歲","女","台南市","物質享樂衝購族"
"d321ed06","56-60歲","男","台中市","樂動廣告品牌控"
"79303a30","36-40歲","女","台南市","樂動廣告品牌控"
"6d9226ce","31-35歲","女","新北市","健康愛家定存控"
"5e2b093e","31-35歲","男","新竹市","運動科技潮人"
"89a3fce3","26-30歲","女","新北市","獨立愛遊理財新手"
"c4610498","36-40歲","女","台北市","物質享樂衝購族"
"3db67abe","36-40歲","女","苗栗縣","網購社媒手機迷"
"11fb055e","41-45歲","女","新北市","品味養生理財貴族"
"88326fcc","46-50歲","女","台南市","網購社媒手機迷"
"15c6c855","31-35歲","男","新北市","運動科技潮人"
"c44a9666","36-40歲","女","南投縣","健康愛家定存控"
"e738888a","31-35歲","女","台中市","物質享樂衝購族"
"fc76bfab","26-30歲","女","桃園市","品味養生理財貴族"
"35cfa5fe","46-50歲","女","台北市","網購社媒手機迷"
"2c09616d","36-40歲","女","彰化縣","物質享樂衝購族"
"ab2036f6","31-35歲","女","苗栗縣","健康愛家定存控"
"3f719349","31-35歲","女","新北市","物質享樂衝購族"
"c1f3a107","51-55歲","女","彰化縣","網購社媒手機迷"
"c2cbd79d","51-55歲","女","台北市","傳統保健理財族"
"9a6e761b","31-35歲","女","新北市","網購社媒手機迷"
"9bd23c93","36-40歲","女","台中市","樂動廣告品牌控"
"082ea50b","31-35歲","女","新竹縣","樂動廣告品牌控"
"e3acb13e","41-45歲","女","新竹縣","運動科技潮人"
"f92baaa3","46-50歲","女","新北市","健康愛家定存控"
"0c827d25","41-45歲","女","彰化縣","網購社媒手機迷"
"d746d17f","31-35歲","男","新竹縣","運動科技潮人"
"b9121cb9","46-50歲","女","新竹縣","樂動廣告品牌控"
"3b9bdfde","36-40歲","女","台南市","網購社媒手機迷"
"e718dde5","36-40歲","男","新竹縣","運動科技潮人"
"840c813c","41-45歲","女","新竹縣","網購社媒手機迷"
"8819db9e","36-40歲","女","新竹縣","獨立愛遊理財新手"
"f739c9e6","36-40歲","男","新竹市","運動科技潮人"
"98919bbd","56-60歲","女","新竹縣","品味養生理財貴族"
"c849ac7a","26-30歲","女","新北市","健康愛家定存控"
"102dd508","31-35歲","女","新北市","運動科技潮人"
"1bfcaa13","46-50歲","男","花蓮縣","愛搜愛比網購客"
"7a02e8ad","31-35歲","女","台南市","物質享樂衝購族"
"e41a2aa8","41-45歲","女","新竹縣","物質享樂衝購族"
"b7e3c8d6","31-35歲","女","新竹縣","網購社媒手機迷"
"1d3072ee","41-45歲","男","新北市","運動科技潮人"
"8ef24a57","41-45歲","男","台南市","樂動廣告品牌控"
"32fcf327","46-50歲","女","桃園市","品味養生理財貴族"
"95e825a2","51-55歲","女","新竹縣","樂動廣告品牌控"
"4b2ad086","46-50歲","女","新北市","樂動廣告品牌控"
"bf0ed2c8","46-50歲","女","新竹市","樂動廣告品牌控"
"9a6dfde7","51-55歲","男","台北市","運動科技潮人"
"6536b326","36-40歲","男","新北市","樂動廣告品牌控"
"8617e16c","36-40歲","女","新竹縣","傳統保健理財族"
"4ec039be","36-40歲","男","桃園市","網購社媒手機迷"
"d1a2bec7","41-45歲","男","台南市","健康愛家定存控"
"6696df84","46-50歲","女","苗栗縣","網購社媒手機迷"
"20b9db08","46-50歲","男","台北市","健康愛家定存控"
"553e2bdc","46-50歲","女","宜蘭縣","獨立愛遊理財新手"
"96adc209","51-55歲","女","台南市","品味養生理財貴族"
"a7b980f6","41-45歲","男","台北市","運動科技潮人"
"3d6640a1","41-45歲","女","新北市","運動科技潮人"
"031fc4cd","31-35歲","男","桃園市","運動科技潮人"
"5b47c17b","46-50歲","女","桃園市","品味養生理財貴族"
"9537ae22","31-35歲","女","台中市","獨立愛遊理財新手"
"60e74ee1","31-35歲","女","新北市","品味養生理財貴族"
"691e1b03","51-55歲","女","新竹市","品味養生理財貴族"
"14acad35","26-30歲","男","台南市","樂動廣告品牌控"
"81cc5fdd","36-40歲","男","新竹市","運動科技潮人"
"a1599b15","51-55歲","男","新北市","運動科技潮人"
"e7ffb5c1","41-45歲","女","台南市","物質享樂衝購族"
"26f6b298","51-55歲","女","高雄市","樂動廣告品牌控"
"ee5409be","31-35歲","女","新北市","物質享樂衝購族"
"c0bf8dbe","41-45歲","女","苗栗縣","物質享樂衝購族"
"8f352a61","41-45歲","男","新竹縣","運動科技潮人"
"6be09171","56-60歲","女","花蓮縣","愛搜愛比網購客"
"5ad97a58","36-40歲","男","新竹縣","運動科技潮人"
"86a1d793","61-65歲","女","台南市","樂動廣告品牌控"
"4f71616c","26-30歲","女","苗栗縣","健康愛家定存控"
"cde7a075","41-45歲","女","新竹縣","樂動廣告品牌控"
"3c7bf029","41-45歲","女","新北市","網購社媒手機迷"
"5ac36d28","36-40歲","男","台中市","運動科技潮人"
"ebc293ca","31-35歲","女","南投縣","物質享樂衝購族"
"be13a34d","51-55歲","女","新竹縣","運動科技潮人"
"2c013c7e","31-35歲","女","新竹縣","網購社媒手機迷"
"74f0f4e3","26-30歲","女","台南市","網購社媒手機迷"
"920c318d","46-50歲","女","苗栗縣","健康愛家定存控"
"7e1ceb50","41-45歲","男","台中市","運動科技潮人"
"d0397bc0","41-45歲","女","新竹縣","健康愛家定存控"
"03aa2d91","46-50歲","女","新竹縣","獨立愛遊理財新手"
"02a30772","46-50歲","女","台北市","傳統保健理財族"
"9ab5bd7b","41-45歲","女","新北市","愛搜愛比網購客"
"f3f6931a","56-60歲","女","新北市","品味養生理財貴族"
"75912315","51-55歲","女","新北市","品味養生理財貴族"
"35052197","41-45歲","女","台中市","物質享樂衝購族"
"b0747734","31-35歲","男","桃園市","運動科技潮人"
"4ff99895","51-55歲","女","新北市","品味養生理財貴族"
"a26ab42c","26-30歲","女","苗栗縣","獨立愛遊理財新手"
"a3403b60","31-35歲","女","新竹縣","物質享樂衝購族"
"771c49bb","36-40歲","男","台北市","運動科技潮人"
"6eaddf53","36-40歲","女","宜蘭縣","獨立愛遊理財新手"
"d4cef96d","46-50歲","女","桃園市","品味養生理財貴族"
"40752f6d","31-35歲","女","高雄市","網購社媒手機迷"
"5f6011b2","41-45歲","女","新北市","獨立愛遊理財新手"
"ce97e092","36-40歲","女","雲林縣","樂動廣告品牌控"
"8f364270","36-40歲","女","台中市","物質享樂衝購族"
"e18afe40","31-35歲","女","花蓮縣","健康愛家定存控"
"5c859738","36-40歲","男","新竹縣","運動科技潮人"
"b7f935e7","41-45歲","女","台中市","網購社媒手機迷"
"6eeb73b3","36-40歲","男","桃園市","運動科技潮人"
"6f634fe2","46-50歲","女","新北市","獨立愛遊理財新手"
"2625aa1c","31-35歲","女","新竹市","樂動廣告品牌控"
"23805916","46-50歲","女","台北市","品味養生理財貴族"
"98e435b8","41-45歲","男","新竹縣","樂動廣告品牌控"
"78f57a27","31-35歲","女","南投縣","網購社媒手機迷"
"e3a6f02b","51-55歲","男","新竹縣","愛搜愛比網購客"
"1907dbcb","46-50歲","女","新竹縣","運動科技潮人"
"f3d16293","56-60歲","女","新北市","愛搜愛比網購客"
"82a3d6f7","31-35歲","女","台北市","運動科技潮人"
"bf832ecc","51-55歲","女","台北市","網購社媒手機迷"
"99a629ef","51-55歲","女","花蓮縣","物質享樂衝購族"
"4609fd96","36-40歲","女","苗栗縣","健康愛家定存控"
"d651f62f","36-40歲","女","花蓮縣","物質享樂衝購族"
"9ff8b277","36-40歲","女","彰化縣","物質享樂衝購族"
"2dc90652","46-50歲","女","基隆市","愛搜愛比網購客"
"9c9043e4","51-55歲","女","新北市","品味養生理財貴族"
"c914529a","36-40歲","女","台中市","品味養生理財貴族"
"11cbadce","46-50歲","女","新北市","樂動廣告品牌控"
"6647dd0c","31-35歲","男","新竹縣","運動科技潮人"
"3014f17d","46-50歲","女","新竹縣","物質享樂衝購族"
"705d4a85","46-50歲","女","台北市","傳統保健理財族"
"da75da91","46-50歲","女","台中市","品味養生理財貴族"
"e2f8c7e7","41-45歲","女","新竹市","健康愛家定存控"
"17f6e942","26-30歲","女","新北市","運動科技潮人"
"40674f21","36-40歲","女","高雄市","樂動廣告品牌控"
"ce3f08ea","26-30歲","女","新北市","物質享樂衝購族"
"0aa1e180","46-50歲","女","宜蘭縣","品味養生理財貴族"
"2de15755","41-45歲","女","桃園市","愛搜愛比網購客"
"49d6a652","31-35歲","女","新北市","物質享樂衝購族"
"027e1061","41-45歲","女","高雄市","品味養生理財貴族"
"98884ad1","51-55歲","女","台中市","愛搜愛比網購客"
"6f2292d7","41-45歲","男","新竹市","運動科技潮人"
"089000ff","31-35歲","女","新北市","物質享樂衝購族"
"e9296f8b","31-35歲","女","新竹縣","運動科技潮人"
"b2e0def3","36-40歲","男","彰化縣","樂動廣告品牌控"
"9dbf83e1","36-40歲","女","台中市","物質享樂衝購族"
"01b00984","36-40歲","女","台北市","物質享樂衝購族"
"8f9a1489","36-40歲","女","台北市","網購社媒手機迷"
"ac5858e2","36-40歲","女","台北市","物質享樂衝購族"
"656d36ad","26-30歲","女","新竹市","樂動廣告品牌控"
"2f73c3e5","46-50歲","女","新竹縣","健康愛家定存控"
"e1a37b69","41-45歲","女","新北市","樂動廣告品牌控"
"bf63cf95","51-55歲","女","台北市","品味養生理財貴族"
"fa9a3238","26-30歲","女","嘉義市","健康愛家定存控"
"00de7ba0","31-35歲","女","苗栗縣","網購社媒手機迷"
"fdead5e8","36-40歲","女","苗栗縣","物質享樂衝購族"
"3e861c9e","41-45歲","女","台中市","愛搜愛比網購客"
"0494b185","26-30歲","女","宜蘭縣","健康愛家定存控"
"15c92d62","31-35歲","女","台北市","健康愛家定存控"
"fede8028","41-45歲","女","苗栗縣","物質享樂衝購族"
"ebe645cc","56-60歲","男","台北市","愛搜愛比網購客"
"4beb1fde","36-40歲","女","彰化縣","健康愛家定存控"
"15ffd1bf","41-45歲","女","花蓮縣","品味養生理財貴族"
"5bc3d64d","46-50歲","女","台中市","品味養生理財貴族"
"4fb2b372","31-35歲","男","新北市","運動科技潮人"
"887b83ce","46-50歲","男","新北市","樂動廣告品牌控"
"19905abe","41-45歲","女","台南市","樂動廣告品牌控"
"609fda9e","36-40歲","女","新竹縣","獨立愛遊理財新手"
"81320565","36-40歲","女","新北市","網購社媒手機迷"
"62dd08b0","31-35歲","女","台中市","物質享樂衝購族"
"9fc2278d","21-25歲","女","台中市","獨立愛遊理財新手"
"5bc3b655","41-45歲","男","新竹縣","健康愛家定存控"
"396e6f49","46-50歲","女","新北市","品味養生理財貴族"
"e657bd35","41-45歲","女","宜蘭縣","傳統保健理財族"
"4c77a69b","31-35歲","男","彰化縣","健康愛家定存控"
"b526977d","36-40歲","女","新竹縣","傳統保健理財族"
"9b21a846","41-45歲","男","嘉義市","樂動廣告品牌控"
"cf51aaa8","31-35歲","女","彰化縣","健康愛家定存控"
"4f970823","61-65歲","女","新北市","樂動廣告品牌控"
"fcf33609","36-40歲","女","新北市","物質享樂衝購族"
"b62ac28b","26-30歲","女","台中市","物質享樂衝購族"
"5bad7a34","36-40歲","男","苗栗縣","樂動廣告品牌控"
"a698d7ec","41-45歲","男","新北市","運動科技潮人"
"4543599b","56-60歲","女","台中市","傳統保健理財族"
"f9512dcb","41-45歲","女","台北市","運動科技潮人"
"0402d2a2","36-40歲","女","新竹縣","物質享樂衝購族"
"aa7a86d6","46-50歲","女","苗栗縣","樂動廣告品牌控"
"6052cc57","41-45歲","女","台南市","樂動廣告品牌控"
"311a0573","51-55歲","男","新北市","運動科技潮人"
"2ad7010a","26-30歲","女","新北市","物質享樂衝購族"
"2c9d396a","46-50歲","女","高雄市","物質享樂衝購族"
"bfc2b4e8","31-35歲","男","苗栗縣","樂動廣告品牌控"
"7f9639b8","56-60歲","女","台北市","品味養生理財貴族"
"21771215","41-45歲","女","高雄市","網購社媒手機迷"
"7be22108","31-35歲","女","台中市","獨立愛遊理財新手"
"0d6af850","46-50歲","女","台中市","健康愛家定存控"
"1cae964b","51-55歲","女","苗栗縣","品味養生理財貴族"
"b462395b","31-35歲","女","苗栗縣","健康愛家定存控"
"2e1fe8d8","31-35歲","女","桃園市","樂動廣告品牌控"
"c5466277","36-40歲","女","台北市","物質享樂衝購族"
"6b25b7b3","51-55歲","男","苗栗縣","樂動廣告品牌控"
"0a182cf7","36-40歲","女","宜蘭縣","獨立愛遊理財新手"
"79ea6460","31-35歲","女","新竹市","運動科技潮人"
"c08b0e58","41-45歲","女","高雄市","物質享樂衝購族"
"19a9d4a3","26-30歲","男","新竹縣","健康愛家定存控"
"a9448f52","51-55歲","女","新北市","物質享樂衝購族"
"42f415e8","66以上","女","新北市","品味養生理財貴族"
"00834d3c","31-35歲","女","新竹縣","網購社媒手機迷"
"0670603c","26-30歲","男","苗栗縣","樂動廣告品牌控"
"a32d388a","31-35歲","男","彰化縣","樂動廣告品牌控"
"7a887317","26-30歲","女","花蓮縣","傳統保健理財族"
"016912f0","41-45歲","女","嘉義縣","獨立愛遊理財新手"
"4c052950","41-45歲","女","苗栗縣","健康愛家定存控"
"f1782434","46-50歲","女","台南市","傳統保健理財族"
"cbe0376d","51-55歲","女","台南市","愛搜愛比網購客"
"9dc0e1e8","41-45歲","女","台中市","健康愛家定存控"
"1bec76f3","26-30歲","女","台中市","物質享樂衝購族"
"c293076e","26-30歲","女","台北市","健康愛家定存控"
"77594a31","31-35歲","女","花蓮縣","樂動廣告品牌控"
"0b734c4f","26-30歲","女","苗栗縣","樂動廣告品牌控"
"154d0842","36-40歲","女","台南市","樂動廣告品牌控"
"27cd5a9e","31-35歲","女","台中市","物質享樂衝購族"
"35a09338","46-50歲","女","台北市","獨立愛遊理財新手"
"660d4917","41-45歲","女","基隆市","傳統保健理財族"
"2406861d","36-40歲","女","高雄市","健康愛家定存控"
"ea4427bc","41-45歲","女","台北市","獨立愛遊理財新手"
"9882c59b","46-50歲","女","新竹縣","樂動廣告品牌控"
"76dd2199","36-40歲","女","彰化縣","品味養生理財貴族"
"c8d10409","31-35歲","男","桃園市","樂動廣告品牌控"
"1a6ea765","36-40歲","女","苗栗縣","獨立愛遊理財新手"
"3efc925b","46-50歲","女","新北市","品味養生理財貴族"
"d44fb3d3","31-35歲","女","台北市","運動科技潮人"
"82c9d091","26-30歲","女","新竹市","健康愛家定存控"
"6bf303fc","41-45歲","女","新竹縣","傳統保健理財族"
"dcf08b71","46-50歲","男","新北市","愛搜愛比網購客"
"ff20269a","36-40歲","女","桃園市","網購社媒手機迷"
"f5264e6e","41-45歲","女","新竹市","樂動廣告品牌控"
"d12fa23e","56-60歲","女","苗栗縣","健康愛家定存控"
"0bd4c8bc","36-40歲","男","台東縣","運動科技潮人"
"85b48d07","31-35歲","女","新北市","網購社媒手機迷"
"a4fda5a0","31-35歲","女","台中市","健康愛家定存控"
"4b010ae7","51-55歲","男","新北市","運動科技潮人"
"2aadc77d","56-60歲","男","桃園市","運動科技潮人"
"5cbfd07d","31-35歲","女","台北市","運動科技潮人"
"4f09078f","36-40歲","男","彰化縣","運動科技潮人"
"b14bdac1","51-55歲","男","新北市","樂動廣告品牌控"
"0aa904db","51-55歲","女","台北市","網購社媒手機迷"
"f3daddd2","56-60歲","女","苗栗縣","獨立愛遊理財新手"
"ac240fed","36-40歲","女","台南市","獨立愛遊理財新手"
"f6fc710b","31-35歲","女","花蓮縣","物質享樂衝購族"
"af76e36f","61-65歲","男","台南市","愛搜愛比網購客"
"785a5ef2","46-50歲","女","高雄市","網購社媒手機迷"
"77e0a92a","31-35歲","女","宜蘭縣","健康愛家定存控"
"0f1a3c71","26-30歲","女","苗栗縣","物質享樂衝購族"
"92cc5f6e","41-45歲","男","苗栗縣","網購社媒手機迷"
"d09a57d6","51-55歲","女","苗栗縣","樂動廣告品牌控"
"8103c5f9","36-40歲","男","新北市","運動科技潮人"
"5dc8b00f","56-60歲","女","桃園市","網購社媒手機迷"
"c7978dc8","41-45歲","女","花蓮縣","品味養生理財貴族"
"806f35a4","46-50歲","女","新竹市","愛搜愛比網購客"
"4585d7db","56-60歲","女","台中市","傳統保健理財族"
"5931cae8","41-45歲","女","嘉義市","品味養生理財貴族"
"16f6e109","46-50歲","女","新北市","品味養生理財貴族"
"cb6fe23b","26-30歲","女","新竹縣","健康愛家定存控"
"802cf741","26-30歲","女","花蓮縣","獨立愛遊理財新手"
"a8f4cf6b","31-35歲","女","台中市","運動科技潮人"
"2ce3fb6d","31-35歲","女","台中市","健康愛家定存控"
"db0a5adf","51-55歲","女","桃園市","品味養生理財貴族"
"c5a298d3","36-40歲","女","台中市","物質享樂衝購族"
"fd6702da","46-50歲","女","新北市","網購社媒手機迷"
"d1aea1ff","31-35歲","女","花蓮縣","健康愛家定存控"
"a000df50","26-30歲","女","台南市","健康愛家定存控"
"9ace7d25","46-50歲","女","新北市","運動科技潮人"
"be8d955f","41-45歲","女","台中市","健康愛家定存控"
"d989d035","26-30歲","女","新竹縣","健康愛家定存控"
"d0367300","36-40歲","女","台北市","健康愛家定存控"
"76c87586","46-50歲","女","苗栗縣","物質享樂衝購族"
"320bc16b","56-60歲","男","台北市","樂動廣告品牌控"
"e87d4c71","41-45歲","女","新北市","樂動廣告品牌控"
"cc91d683","46-50歲","女","台中市","品味養生理財貴族"
"a4d9d080","41-45歲","女","新竹縣","網購社媒手機迷"
"a5b01a26","41-45歲","男","苗栗縣","運動科技潮人"
"eb69e8fe","56-60歲","男","台北市","運動科技潮人"
"897861df","36-40歲","女","台北市","物質享樂衝購族"
"a754a021","31-35歲","女","台北市","獨立愛遊理財新手"
"cd9c4a56","31-35歲","女","台南市","網購社媒手機迷"
"db4364fd","41-45歲","女","桃園市","品味養生理財貴族"
"873bdd86","46-50歲","女","新北市","傳統保健理財族"
"1b02a55a","31-35歲","女","新竹縣","健康愛家定存控"
"e6a2ca8d","41-45歲","女","高雄市","樂動廣告品牌控"
"679208c5","31-35歲","男","彰化縣","運動科技潮人"
"85915f39","31-35歲","女","新竹縣","物質享樂衝購族"
"e893a68d","36-40歲","女","彰化縣","物質享樂衝購族"
"6b85a601","46-50歲","女","新北市","品味養生理財貴族"
"bc2bc32c","46-50歲","女","苗栗縣","愛搜愛比網購客"
"808cbcc9","46-50歲","女","台中市","傳統保健理財族"
"fb6b1c46","26-30歲","女","新竹縣","健康愛家定存控"
"47a6a553","41-45歲","女","新北市","健康愛家定存控"
"edefbb40","46-50歲","女","新北市","網購社媒手機迷"
"0b9fe094","51-55歲","男","新北市","愛搜愛比網購客"
"f0f06f27","41-45歲","男","台北市","運動科技潮人"
"cdb2b641","26-30歲","女","台北市","網購社媒手機迷"
"4ee3b110","31-35歲","男","台北市","運動科技潮人"
"be714bd4","56-60歲","女","台北市","傳統保健理財族"
"9cb266fb","46-50歲","男","台中市","健康愛家定存控"
"e9ce2a1e","41-45歲","女","新竹縣","運動科技潮人"
"2eb78195","46-50歲","女","台北市","物質享樂衝購族"
"fd92452d","26-30歲","女","新北市","網購社媒手機迷"
"c1144670","36-40歲","女","新竹縣","健康愛家定存控"
"7f01fece","51-55歲","女","新北市","品味養生理財貴族"
"5e8764eb","26-30歲","男","雲林縣","健康愛家定存控"
"9bc3c11c","46-50歲","女","台北市","健康愛家定存控"
"686f8b31","41-45歲","女","新竹市","運動科技潮人"
"b7fa5101","31-35歲","男","彰化縣","樂動廣告品牌控"
"5dbc5eeb","41-45歲","女","桃園市","網購社媒手機迷"
"8ceb5075","31-35歲","男","台北市","運動科技潮人"
"ed936cd4","36-40歲","女","新竹縣","樂動廣告品牌控"
"19696cbf","31-35歲","女","花蓮縣","物質享樂衝購族"
"b1a72772","36-40歲","男","台南市","樂動廣告品牌控"
"ff1b5fcd","31-35歲","女","台東縣","物質享樂衝購族"
"43f436f3","41-45歲","女","苗栗縣","品味養生理財貴族"
"4aee947e","46-50歲","女","新竹市","網購社媒手機迷"
"8d7b92ba","51-55歲","女","台中市","品味養生理財貴族"
"eca74f38","31-35歲","女","屏東縣","健康愛家定存控"
"50cca105","41-45歲","女","新竹市","物質享樂衝購族"
"e68349ae","31-35歲","女","苗栗縣","物質享樂衝購族"
"2ac6e84d","36-40歲","女","新北市","健康愛家定存控"
"0426ea15","41-45歲","女","新竹縣","物質享樂衝購族"
"e65dba04","41-45歲","女","台南市","網購社媒手機迷"
"82e1a50c","41-45歲","女","新竹縣","物質享樂衝購族"
"15d22aa9","36-40歲","男","台中市","運動科技潮人"
"9cce5651","36-40歲","男","桃園市","運動科技潮人"
"7ff492bd","41-45歲","女","宜蘭縣","傳統保健理財族"
"a3018dac","41-45歲","男","新北市","運動科技潮人"
"75444d53","31-35歲","女","新竹縣","運動科技潮人"
"fb47fdec","41-45歲","男","新北市","運動科技潮人"
"60fa5642","51-55歲","女","新北市","物質享樂衝購族"
"b20f8372","31-35歲","女","新竹市","物質享樂衝購族"
"d66e529c","36-40歲","女","台中市","物質享樂衝購族"
"0bf4441c","26-30歲","女","苗栗縣","傳統保健理財族"
"604368d0","41-45歲","男","新北市","健康愛家定存控"
"a05d4682","41-45歲","男","彰化縣","樂動廣告品牌控"
"6c3edcba","56-60歲","女","新北市","樂動廣告品牌控"
"27f31005","36-40歲","男","新北市","運動科技潮人"
"82a3bb30","36-40歲","女","高雄市","健康愛家定存控"
"587cb63f","26-30歲","女","新竹縣","物質享樂衝購族"
"17e7c312","56-60歲","男","彰化縣","愛搜愛比網購客"
"85aa0c6c","41-45歲","女","台北市","運動科技潮人"
"a4b265f0","51-55歲","女","花蓮縣","樂動廣告品牌控"
"9990195a","26-30歲","女","花蓮縣","獨立愛遊理財新手"
"c6f1f87f","41-45歲","女","新北市","網購社媒手機迷"
"050dd521","36-40歲","男","新北市","運動科技潮人"
"feef2df8","26-30歲","女","苗栗縣","獨立愛遊理財新手"
"a24ded9f","31-35歲","女","桃園市","樂動廣告品牌控"
"a33a923f","41-45歲","女","台北市","品味養生理財貴族"
"fe2ab8b6","36-40歲","女","新北市","網購社媒手機迷"
"07672d51","36-40歲","男","台中市","運動科技潮人"
"3d54da5b","31-35歲","女","高雄市","物質享樂衝購族"
"be5b830f","31-35歲","男","新北市","運動科技潮人"
"d4c7edbd","41-45歲","女","新竹縣","網購社媒手機迷"
"df83c189","31-35歲","男","彰化縣","樂動廣告品牌控"
"7200d97f","26-30歲","女","新北市","健康愛家定存控"
"3d1549b1","56-60歲","女","台東縣","樂動廣告品牌控"
"f1022b36","56-60歲","男","新竹縣","愛搜愛比網購客"
"58ecb091","56-60歲","女","嘉義市","樂動廣告品牌控"
"cc9aaa83","36-40歲","女","新竹縣","物質享樂衝購族"
"397e8b3c","41-45歲","女","台中市","物質享樂衝購族"
"bdbdab4f","31-35歲","女","台中市","網購社媒手機迷"
"736c5fcf","36-40歲","女","新竹市","網購社媒手機迷"
"c5cb1b50","36-40歲","女","南投縣","網購社媒手機迷"
"8e2b1541","36-40歲","女","彰化縣","健康愛家定存控"
"120390b0","36-40歲","女","高雄市","獨立愛遊理財新手"
"8c49b234","36-40歲","男","新北市","運動科技潮人"
"3680b643","36-40歲","女","新竹縣","物質享樂衝購族"
"35a99a01","46-50歲","女","高雄市","網購社媒手機迷"
"28fd2033","36-40歲","女","台南市","網購社媒手機迷"
"84bddb66","36-40歲","女","台中市","物質享樂衝購族"
"52cde060","41-45歲","女","花蓮縣","樂動廣告品牌控"
"fbe5746e","41-45歲","女","桃園市","品味養生理財貴族"
"68569542","46-50歲","女","雲林縣","網購社媒手機迷"
"5930b256","51-55歲","女","台中市","網購社媒手機迷"
"029853b4","36-40歲","女","新北市","運動科技潮人"
"dab34a49","51-55歲","女","台中市","獨立愛遊理財新手"
"dd01f463","41-45歲","女","台中市","運動科技潮人"
"f47ab248","46-50歲","女","彰化縣","網購社媒手機迷"
"75339e68","36-40歲","男","新北市","運動科技潮人"
"9096163d","51-55歲","女","雲林縣","樂動廣告品牌控"
"6f232eea","41-45歲","男","桃園市","運動科技潮人"
"2c0e3f56","26-30歲","女","高雄市","獨立愛遊理財新手"
"b055e155","36-40歲","女","新竹縣","健康愛家定存控"
"a1013c3a","46-50歲","女","高雄市","網購社媒手機迷"
"bf1c71ee","36-40歲","男","彰化縣","運動科技潮人"
"7507f8e4","46-50歲","男","台中市","運動科技潮人"
"ace9e5f5","26-30歲","女","新竹市","健康愛家定存控"
"fb8c496f","26-30歲","男","台中市","物質享樂衝購族"
"03216b63","51-55歲","女","台中市","品味養生理財貴族"
"6f542000","36-40歲","男","苗栗縣","樂動廣告品牌控"
"540a6a8a","36-40歲","男","新北市","運動科技潮人"
"be574122","41-45歲","女","桃園市","品味養生理財貴族"
"cf279a10","41-45歲","女","台北市","傳統保健理財族"
"bd4cb1c3","46-50歲","女","桃園市","愛搜愛比網購客"
"6d684fb3","36-40歲","女","新北市","健康愛家定存控"
"efc8603d","26-30歲","男","新竹縣","運動科技潮人"
"63b3b5fd","56-60歲","女","新北市","傳統保健理財族"
"123fa9ac","46-50歲","女","新竹縣","品味養生理財貴族"
"ec9f2fe3","46-50歲","女","新竹縣","愛搜愛比網購客"
"114e20e1","41-45歲","男","彰化縣","愛搜愛比網購客"
"9ceb8d99","46-50歲","女","台北市","品味養生理財貴族"
"e4864b4a","26-30歲","女","新北市","網購社媒手機迷"
"b1e129a8","46-50歲","男","新北市","愛搜愛比網購客"
"e3865375","31-35歲","女","屏東縣","網購社媒手機迷"
"54d13fa9","31-35歲","女","新竹縣","樂動廣告品牌控"
"d71c4bb4","36-40歲","男","台南市","樂動廣告品牌控"
"2165cb41","46-50歲","女","高雄市","物質享樂衝購族"
"38fd38ee","31-35歲","女","新北市","網購社媒手機迷"
"9da506a0","41-45歲","男","台北市","樂動廣告品牌控"
"38703b5b","36-40歲","女","新竹縣","網購社媒手機迷"
"7ba07320","41-45歲","女","高雄市","健康愛家定存控"
"dd5839b7","31-35歲","女","台北市","網購社媒手機迷"
"a8b4ff47","36-40歲","女","澎湖縣","網購社媒手機迷"
"a16b327e","41-45歲","女","新竹縣","獨立愛遊理財新手"
"1b25036e","36-40歲","女","新北市","運動科技潮人"
"8879641a","46-50歲","女","台北市","運動科技潮人"
"b0d2adaf","31-35歲","女","新北市","傳統保健理財族"
"288e760d","46-50歲","男","台北市","樂動廣告品牌控"
"dcf2a21c","56-60歲","男","新北市","愛搜愛比網購客"
"c6510c35","46-50歲","女","花蓮縣","樂動廣告品牌控"
"5690ad75","46-50歲","男","新竹縣","樂動廣告品牌控"
"ee9f9b57","41-45歲","女","桃園市","品味養生理財貴族"
"c8243627","26-30歲","男","苗栗縣","運動科技潮人"
"46cf1704","46-50歲","男","新北市","愛搜愛比網購客"
"6d63f27f","36-40歲","女","台北市","物質享樂衝購族"
"f095e146","46-50歲","女","桃園市","品味養生理財貴族"
"8d1b8c1d","41-45歲","女","彰化縣","網購社媒手機迷"
"b3db1026","31-35歲","女","新竹縣","物質享樂衝購族"
"67624886","31-35歲","男","新竹市","運動科技潮人"
"c449a257","36-40歲","女","新北市","物質享樂衝購族"
"8831fb5a","46-50歲","男","新竹縣","愛搜愛比網購客"
"a4205629","31-35歲","女","新北市","健康愛家定存控"
"4d2d5d27","31-35歲","女","桃園市","物質享樂衝購族"
"4c63197c","31-35歲","女","新竹縣","運動科技潮人"
"c26dcdc0","41-45歲","女","新北市","樂動廣告品牌控"
"657a455f","26-30歲","女","桃園市","物質享樂衝購族"
"9c167291","36-40歲","女","彰化縣","網購社媒手機迷"
"7d466748","46-50歲","女","台北市","傳統保健理財族"
"da88a8b6","26-30歲","男","桃園市","運動科技潮人"
"267556ee","46-50歲","女","台北市","品味養生理財貴族"
"ad1e0f0f","46-50歲","女","台北市","物質享樂衝購族"
"ecb31b3e","61-65歲","女","台中市","獨立愛遊理財新手"
"ff298d05","36-40歲","女","高雄市","健康愛家定存控"
"e30baae5","26-30歲","男","彰化縣","運動科技潮人"
"5b175407","41-45歲","女","台北市","物質享樂衝購族"
"10a781b8","46-50歲","女","新竹縣","品味養生理財貴族"
"5f67f297","61-65歲","女","彰化縣","品味養生理財貴族"
"cc910267","36-40歲","男","新竹縣","樂動廣告品牌控"
"a195c772","56-60歲","女","台北市","品味養生理財貴族"
"c19796ac","36-40歲","女","台中市","物質享樂衝購族"
"58339735","31-35歲","女","苗栗縣","物質享樂衝購族"
"f52743e6","26-30歲","女","新竹縣","物質享樂衝購族"
"c9b41a88","46-50歲","女","台南市","愛搜愛比網購客"
"356c6376","26-30歲","女","新竹縣","獨立愛遊理財新手"
"50d69779","26-30歲","男","台中市","樂動廣告品牌控"
"f7471cc6","31-35歲","女","新北市","網購社媒手機迷"
"74f30463","61-65歲","女","新竹縣","品味養生理財貴族"
"58aa9f5e","31-35歲","女","桃園市","健康愛家定存控"
"9f1ec0b6","41-45歲","男","苗栗縣","樂動廣告品牌控"
"465d9161","31-35歲","女","花蓮縣","運動科技潮人"
"ea600afe","46-50歲","女","新北市","物質享樂衝購族"
"1aa451f4","36-40歲","女","新北市","物質享樂衝購族"
"3b2b080b","26-30歲","男","苗栗縣","運動科技潮人"
"224249ab","36-40歲","女","台北市","品味養生理財貴族"
"82a12274","56-60歲","女","新竹縣","網購社媒手機迷"
"b252701e","36-40歲","女","新竹縣","運動科技潮人"
"5f526e52","31-35歲","女","新竹市","傳統保健理財族"
"b1baf8cb","41-45歲","女","新竹縣","傳統保健理財族"
"fc1665ed","36-40歲","女","新北市","傳統保健理財族"
"e3fa2e53","41-45歲","女","苗栗縣","獨立愛遊理財新手"
"40617f22","41-45歲","女","桃園市","品味養生理財貴族"
"0823aec0","41-45歲","女","苗栗縣","物質享樂衝購族"
"dc61c5b7","41-45歲","女","桃園市","品味養生理財貴族"
"7bfb7f96","51-55歲","男","台東縣","愛搜愛比網購客"
"9fcb9e73","36-40歲","男","台中市","運動科技潮人"
"8c0c1628","36-40歲","男","桃園市","運動科技潮人"
"ff7e3ed2","46-50歲","女","新北市","品味養生理財貴族"
"fe7c7145","26-30歲","女","台北市","健康愛家定存控"
"1cf80f31","41-45歲","女","新北市","品味養生理財貴族"
"360d2140","46-50歲","女","彰化縣","物質享樂衝購族"
"6e128f7d","31-35歲","女","南投縣","健康愛家定存控"
"bcdca871","36-40歲","女","新竹縣","物質享樂衝購族"
"a9c59bc1","31-35歲","女","苗栗縣","運動科技潮人"
"31b03e6a","51-55歲","女","新北市","品味養生理財貴族"
"7420f0ac","26-30歲","女","新北市","獨立愛遊理財新手"
"bbdd5942","26-30歲","男","新竹縣","運動科技潮人"
"88c838a1","41-45歲","女","高雄市","品味養生理財貴族"
"c097bfd4","31-35歲","女","新北市","樂動廣告品牌控"
"dbd805ab","56-60歲","女","台北市","愛搜愛比網購客"
"cb2906a3","46-50歲","女","苗栗縣","獨立愛遊理財新手"
"4ac0679b","41-45歲","男","新北市","樂動廣告品牌控"
"ab69f9cc","26-30歲","女","新北市","物質享樂衝購族"
"1ea00221","46-50歲","男","新北市","樂動廣告品牌控"
"0c985ad9","51-55歲","男","台北市","運動科技潮人"
"fb6bb197","41-45歲","男","苗栗縣","愛搜愛比網購客"
"2f14526f","51-55歲","女","新北市","傳統保健理財族"
"6fbb35d8","31-35歲","女","苗栗縣","物質享樂衝購族"
"3e08555c","31-35歲","女","台中市","物質享樂衝購族"
"e7bb9df8","31-35歲","女","台中市","物質享樂衝購族"
"799420d1","31-35歲","男","新北市","運動科技潮人"
"e9b84af3","46-50歲","女","苗栗縣","品味養生理財貴族"
"ffa96afe","31-35歲","男","彰化縣","樂動廣告品牌控"
"2b50d7b6","21-25歲","男","新竹縣","樂動廣告品牌控"
"cd1445d0","41-45歲","女","高雄市","網購社媒手機迷"
"63b5729a","36-40歲","女","新竹市","樂動廣告品牌控"
"fc875f5e","31-35歲","女","苗栗縣","物質享樂衝購族"
"e2303ce2","26-30歲","男","新北市","運動科技潮人"
"d6c3ed1f","46-50歲","女","台中市","網購社媒手機迷"
"c6a4b13d","46-50歲","女","桃園市","健康愛家定存控"
"5e65ad32","46-50歲","男","苗栗縣","樂動廣告品牌控"
"504f9e06","26-30歲","女","台北市","健康愛家定存控"
"46439b4c","26-30歲","女","新竹縣","物質享樂衝購族"
"8bccf1ee","46-50歲","女","台北市","傳統保健理財族"
"8b8e34dc","21-25歲","男","新北市","運動科技潮人"
"764dde61","51-55歲","女","新北市","健康愛家定存控"
"a929c499","41-45歲","女","屏東縣","樂動廣告品牌控"
"0a9f7a32","46-50歲","女","新北市","網購社媒手機迷"
"272aff63","36-40歲","男","雲林縣","運動科技潮人"
"3eee2e98","51-55歲","女","新北市","品味養生理財貴族"
"eff956ad","51-55歲","女","桃園市","網購社媒手機迷"
"dcbb0eb4","41-45歲","女","台南市","愛搜愛比網購客"
"9164346d","41-45歲","女","苗栗縣","傳統保健理財族"
"875edfa9","31-35歲","女","彰化縣","健康愛家定存控"
"c5930bd0","36-40歲","女","苗栗縣","樂動廣告品牌控"
"dcfe85d5","51-55歲","女","新竹縣","健康愛家定存控"
"708ec773","41-45歲","男","彰化縣","愛搜愛比網購客"
"71b89aa0","41-45歲","女","台中市","網購社媒手機迷"
"f54d2d40","31-35歲","女","彰化縣","物質享樂衝購族"
"c31d04ef","31-35歲","男","新北市","運動科技潮人"
"92f3a594","26-30歲","女","嘉義縣","運動科技潮人"
"32c5c807","51-55歲","男","花蓮縣","獨立愛遊理財新手"
"1ce477e2","31-35歲","女","高雄市","物質享樂衝購族"
"cbb3d58d","41-45歲","女","新北市","品味養生理財貴族"
"b14aaad2","31-35歲","女","南投縣","健康愛家定存控"
"39032062","41-45歲","男","新竹市","運動科技潮人"
"b985ba70","21-25歲","女","苗栗縣","獨立愛遊理財新手"
"09b501bf","36-40歲","女","花蓮縣","獨立愛遊理財新手"
"241b5530","31-35歲","男","新竹縣","運動科技潮人"
"4ace4975","36-40歲","男","台中市","運動科技潮人"
"649f5a67","46-50歲","女","台北市","網購社媒手機迷"
"77dd1c89","36-40歲","女","嘉義縣","物質享樂衝購族"
"b19f99bf","41-45歲","男","新北市","運動科技潮人"
"9b69b30a","51-55歲","女","新竹縣","健康愛家定存控"
"23053dbc","41-45歲","女","屏東縣","運動科技潮人"
"e38711af","26-30歲","女","台中市","健康愛家定存控"
"28b5af99","41-45歲","男","台中市","愛搜愛比網購客"
"1e40635f","31-35歲","女","桃園市","健康愛家定存控"
"130d7896","51-55歲","女","新竹縣","傳統保健理財族"
"ab30d0e3","31-35歲","女","南投縣","物質享樂衝購族"
"562aecb6","21-25歲","女","苗栗縣","網購社媒手機迷"
"631e6cb3","36-40歲","男","新北市","樂動廣告品牌控"
"ef1396ea","31-35歲","女","新竹市","樂動廣告品牌控"
"2f12671a","41-45歲","女","新竹市","物質享樂衝購族"
"d1227dc8","26-30歲","女","宜蘭縣","網購社媒手機迷"
"ea3d5114","41-45歲","男","苗栗縣","運動科技潮人"
"7df02376","36-40歲","男","新竹縣","運動科技潮人"
"7ba03769","51-55歲","女","新北市","運動科技潮人"
"21a66121","26-30歲","女","桃園市","健康愛家定存控"
"4c7bbf8b","56-60歲","女","新竹縣","網購社媒手機迷"
"a5b304bd","36-40歲","女","台北市","網購社媒手機迷"
"3a5229a7","41-45歲","女","台北市","品味養生理財貴族"
"0ea46970","41-45歲","女","新北市","獨立愛遊理財新手"
"288414ed","26-30歲","女","新竹縣","物質享樂衝購族"
"562f1dd0","36-40歲","女","新北市","健康愛家定存控"
"d762b64f","46-50歲","女","台中市","品味養生理財貴族"
"887a0b68","36-40歲","女","桃園市","樂動廣告品牌控"
"64b5c2bb","41-45歲","女","台中市","健康愛家定存控"
"6965aba1","41-45歲","女","台中市","傳統保健理財族"
"f5c0df63","31-35歲","女","嘉義縣","物質享樂衝購族"
"82dd6179","41-45歲","女","新北市","物質享樂衝購族"
"1fe0a828","26-30歲","男","台中市","樂動廣告品牌控"
"7449e0a1","41-45歲","男","彰化縣","傳統保健理財族"
"f6609abb","36-40歲","女","南投縣","網購社媒手機迷"
"950c3e66","36-40歲","女","彰化縣","健康愛家定存控"
"c52b08ea","46-50歲","女","苗栗縣","健康愛家定存控"
"2c7874b5","36-40歲","女","基隆市","網購社媒手機迷"
"1aa7794f","36-40歲","女","台中市","品味養生理財貴族"
"81048dfc","26-30歲","女","台北市","物質享樂衝購族"
"ddff2475","51-55歲","男","新北市","愛搜愛比網購客"
"1d85a987","46-50歲","女","彰化縣","網購社媒手機迷"
"18bb2f0e","56-60歲","男","新竹市","運動科技潮人"
"3f842f62","36-40歲","女","高雄市","傳統保健理財族"
"e930d0bc","46-50歲","女","新竹縣","樂動廣告品牌控"
"ab070337","41-45歲","男","新竹市","運動科技潮人"
"cd6c3ba5","41-45歲","女","台北市","傳統保健理財族"
"dbedf516","46-50歲","女","桃園市","樂動廣告品牌控"
"cec79fd4","26-30歲","男","新竹縣","樂動廣告品牌控"
"c6b63588","36-40歲","男","台南市","樂動廣告品牌控"
"7ac114d9","56-60歲","女","台北市","品味養生理財貴族"
"63cd6b79","41-45歲","女","新竹縣","樂動廣告品牌控"
"74fe634e","41-45歲","女","台北市","品味養生理財貴族"
"f96d926a","26-30歲","女","新竹縣","物質享樂衝購族"
"02f06cc1","41-45歲","女","苗栗縣","物質享樂衝購族"
"34ccc980","51-55歲","男","新北市","運動科技潮人"
"b48ad4bb","41-45歲","女","新竹縣","物質享樂衝購族"
"a7855884","21-25歲","女","新竹縣","物質享樂衝購族"
"44b3aebf","36-40歲","男","桃園市","樂動廣告品牌控"
"deeb66c3","36-40歲","女","新北市","獨立愛遊理財新手"
"51973a22","31-35歲","女","苗栗縣","獨立愛遊理財新手"
"6314a918","31-35歲","女","桃園市","物質享樂衝購族"
"513aa67f","46-50歲","女","高雄市","品味養生理財貴族"
"deec0f88","36-40歲","女","花蓮縣","獨立愛遊理財新手"
"a3c1be43","51-55歲","女","花蓮縣","品味養生理財貴族"
"bdbc8c9d","31-35歲","女","新北市","健康愛家定存控"
"1e5f2621","26-30歲","女","台南市","物質享樂衝購族"
"b4352b5e","26-30歲","女","新竹縣","樂動廣告品牌控"
"a6272e47","36-40歲","女","新竹縣","健康愛家定存控"
"24c311a2","31-35歲","男","花蓮縣","健康愛家定存控"
"a6a6cb4b","51-55歲","女","台北市","品味養生理財貴族"
"65ee4696","46-50歲","女","台中市","品味養生理財貴族"
"f9d036eb","26-30歲","男","桃園市","運動科技潮人"
"f449a6a4","46-50歲","男","苗栗縣","愛搜愛比網購客"
"97f3fa69","36-40歲","女","彰化縣","網購社媒手機迷"
"7344bcd2","46-50歲","女","苗栗縣","物質享樂衝購族"
"32f7a8aa","31-35歲","女","新北市","健康愛家定存控"
"06977756","41-45歲","男","苗栗縣","樂動廣告品牌控"
"9e63b2bf","31-35歲","男","台中市","獨立愛遊理財新手"
"768f1cdf","41-45歲","女","台北市","網購社媒手機迷"
"aa1bc08d","36-40歲","女","新竹縣","品味養生理財貴族"
"f3063871","41-45歲","男","新竹市","運動科技潮人"
"b5584fa8","31-35歲","女","台北市","網購社媒手機迷"
"c6ebf7c6","36-40歲","女","屏東縣","健康愛家定存控"
"ace1e224","31-35歲","女","台北市","健康愛家定存控"
"fa8b3675","31-35歲","女","新北市","運動科技潮人"
"752c6c1a","36-40歲","女","台南市","品味養生理財貴族"
"539da009","46-50歲","女","新北市","運動科技潮人"
"19914786","26-30歲","女","苗栗縣","物質享樂衝購族"
"372c9a6c","46-50歲","女","彰化縣","健康愛家定存控"
"707aec53","31-35歲","女","台中市","網購社媒手機迷"
"50e28254","46-50歲","男","新北市","運動科技潮人"
"4e2b0125","36-40歲","女","苗栗縣","運動科技潮人"
"99e73db2","51-55歲","女","苗栗縣","獨立愛遊理財新手"
"a89c0f4f","41-45歲","女","新竹縣","獨立愛遊理財新手"
"33adc660","46-50歲","男","苗栗縣","運動科技潮人"
"e483aa60","26-30歲","女","桃園市","健康愛家定存控"
"12fc635a","26-30歲","女","新竹縣","網購社媒手機迷"
"68a888fe","46-50歲","女","新北市","樂動廣告品牌控"
"3073dc93","36-40歲","男","苗栗縣","物質享樂衝購族"
"38e8e371","21-25歲","女","台北市","健康愛家定存控"
"a7002cd3","31-35歲","男","台北市","運動科技潮人"
"bd0d97bb","36-40歲","女","桃園市","網購社媒手機迷"
"a9eb0fe3","41-45歲","男","新北市","獨立愛遊理財新手"
"a34af805","46-50歲","女","苗栗縣","物質享樂衝購族"
"59e0bec0","31-35歲","女","桃園市","健康愛家定存控"
"7b8fd407","31-35歲","女","新北市","健康愛家定存控"
"91c43185","41-45歲","男","台中市","樂動廣告品牌控"
"6e440366","51-55歲","女","新竹縣","樂動廣告品牌控"
"b5c64e49","31-35歲","男","新竹縣","物質享樂衝購族"
"dc7a4d0a","61-65歲","男","新北市","愛搜愛比網購客"
"59bb766f","26-30歲","男","桃園市","樂動廣告品牌控"
"688ec21b","41-45歲","女","雲林縣","健康愛家定存控"
"780d8dee","46-50歲","女","嘉義市","品味養生理財貴族"
"8d22f03c","46-50歲","女","台北市","愛搜愛比網購客"
"6ceee5cd","41-45歲","男","宜蘭縣","樂動廣告品牌控"
"ea2689f9","41-45歲","女","新竹縣","品味養生理財貴族"
"2410ca51","36-40歲","女","新北市","運動科技潮人"
"8ca2a68d","41-45歲","女","新北市","品味養生理財貴族"
"09e038b4","51-55歲","男","桃園市","運動科技潮人"
"f9e4b2d0","56-60歲","女","台北市","品味養生理財貴族"
"a0d75a5d","31-35歲","女","高雄市","物質享樂衝購族"
"d3266655","31-35歲","女","高雄市","物質享樂衝購族"
"769b5ce5","36-40歲","女","新竹縣","網購社媒手機迷"
"e115b203","31-35歲","女","桃園市","網購社媒手機迷"
"78c0c3cc","51-55歲","女","新竹縣","品味養生理財貴族"
"07cc7b81","31-35歲","女","苗栗縣","物質享樂衝購族"
"41ccb587","36-40歲","女","台北市","獨立愛遊理財新手"
"09f1d7b9","41-45歲","女","台北市","品味養生理財貴族"
"bf16f9b3","46-50歲","女","台中市","網購社媒手機迷"
"42d8182f","36-40歲","男","台北市","運動科技潮人"
"253e845e","36-40歲","女","高雄市","樂動廣告品牌控"
"e46b7656","36-40歲","女","台中市","運動科技潮人"
"8e936804","46-50歲","女","新竹縣","獨立愛遊理財新手"
"e232b0e7","36-40歲","女","彰化縣","物質享樂衝購族"
"e5085127","36-40歲","女","花蓮縣","傳統保健理財族"
"7d2f6037","46-50歲","男","新竹縣","樂動廣告品牌控"
"fde4d8bd","31-35歲","女","屏東縣","網購社媒手機迷"
"bf0baa76","41-45歲","女","高雄市","網購社媒手機迷"
"e42150bc","31-35歲","男","新竹縣","樂動廣告品牌控"
"7e482ffb","31-35歲","女","新竹縣","物質享樂衝購族"
"6e923785","36-40歲","女","彰化縣","網購社媒手機迷"
"d2520e2f","31-35歲","女","新北市","運動科技潮人"
"a23f86f7","41-45歲","女","新北市","物質享樂衝購族"
"c898cc6b","36-40歲","女","基隆市","健康愛家定存控"
"4a186962","56-60歲","女","彰化縣","傳統保健理財族"
"109e817a","41-45歲","女","桃園市","品味養生理財貴族"
"634acd6a","36-40歲","女","台中市","樂動廣告品牌控"
"ad36c5b0","46-50歲","女","新北市","網購社媒手機迷"
"7c4f543d","56-60歲","女","苗栗縣","樂動廣告品牌控"
"14687d2a","26-30歲","女","宜蘭縣","獨立愛遊理財新手"
"5c90f4e5","31-35歲","女","新北市","健康愛家定存控"
"d4887776","56-60歲","女","台中市","網購社媒手機迷"
"be0fa2c4","31-35歲","男","台北市","運動科技潮人"
"9a7e0bc4","46-50歲","女","苗栗縣","物質享樂衝購族"
"822bf913","31-35歲","女","桃園市","物質享樂衝購族"
"31e45d8f","31-35歲","女","台中市","樂動廣告品牌控"
"8b669f42","31-35歲","女","新竹縣","物質享樂衝購族"
"b40bb262","56-60歲","女","桃園市","網購社媒手機迷"
"9f15fde6","26-30歲","女","台中市","樂動廣告品牌控"
"98785f59","36-40歲","女","苗栗縣","樂動廣告品牌控"
"ea861313","26-30歲","女","新竹縣","物質享樂衝購族"
"cd9ba53f","41-45歲","女","桃園市","網購社媒手機迷"
"a6fe894d","31-35歲","男","彰化縣","運動科技潮人"
"95bec1bb","31-35歲","男","新竹市","運動科技潮人"
"4cd28b4d","56-60歲","女","彰化縣","網購社媒手機迷"
"ccfe3d6a","46-50歲","女","新北市","品味養生理財貴族"
"fc7ce64c","31-35歲","女","新竹市","物質享樂衝購族"
"14370e29","31-35歲","男","台中市","健康愛家定存控"
"7eae3e3a","41-45歲","女","彰化縣","健康愛家定存控"
"db3518d6","51-55歲","女","台南市","物質享樂衝購族"
"28e111a8","26-30歲","女","新北市","網購社媒手機迷"
"0c2e5d1b","46-50歲","女","台南市","網購社媒手機迷"
"c743b0ab","31-35歲","女","台南市","物質享樂衝購族"
"7618cf96","31-35歲","女","台中市","獨立愛遊理財新手"
"8814015a","31-35歲","女","花蓮縣","獨立愛遊理財新手"
"e24072bd","46-50歲","男","台中市","愛搜愛比網購客"
"d29812c4","31-35歲","女","花蓮縣","健康愛家定存控"
"98418322","56-60歲","女","花蓮縣","網購社媒手機迷"
"cce98020","41-45歲","女","新竹縣","健康愛家定存控"
"977de007","31-35歲","女","新北市","健康愛家定存控"
"75736e99","31-35歲","女","花蓮縣","健康愛家定存控"
"a3008b54","51-55歲","女","台南市","網購社媒手機迷"
"4c75b27a","36-40歲","女","新竹縣","網購社媒手機迷"
"8ac701eb","26-30歲","男","苗栗縣","獨立愛遊理財新手"
"db43dae4","36-40歲","女","桃園市","健康愛家定存控"
"965af2fa","26-30歲","女","南投縣","物質享樂衝購族"
"07f0221d","31-35歲","男","台中市","樂動廣告品牌控"
"8d10b90a","36-40歲","女","新竹縣","物質享樂衝購族"
"07488a33","36-40歲","女","新竹縣","物質享樂衝購族"
"0994116c","31-35歲","女","台北市","健康愛家定存控"
"2b91fc6a","26-30歲","女","桃園市","獨立愛遊理財新手"
"c1f3b0b5","26-30歲","女","新北市","健康愛家定存控"
"56a16556","41-45歲","男","桃園市","愛搜愛比網購客"
"22f80670","46-50歲","女","新竹縣","品味養生理財貴族"
"e1df3544","31-35歲","男","苗栗縣","運動科技潮人"
"042881fe","41-45歲","女","高雄市","愛搜愛比網購客"
"72d15de0","41-45歲","女","新北市","品味養生理財貴族"
"d08c1265","56-60歲","女","新北市","物質享樂衝購族"
"6058f3cb","36-40歲","男","新竹縣","運動科技潮人"
"39b3b650","36-40歲","女","苗栗縣","健康愛家定存控"
"75dde1db","31-35歲","女","新北市","物質享樂衝購族"
"f86452ca","26-30歲","女","彰化縣","物質享樂衝購族"
"f364af5c","41-45歲","女","花蓮縣","品味養生理財貴族"
"511b0be4","31-35歲","女","新北市","運動科技潮人"
"bc45c4d8","31-35歲","女","新竹市","物質享樂衝購族"
"4a04cd6f","31-35歲","女","新北市","物質享樂衝購族"
"6d8d69e6","41-45歲","男","台中市","樂動廣告品牌控"
"8ec4e17e","21-25歲","女","新竹市","物質享樂衝購族"
"0aef8091","31-35歲","女","新竹縣","健康愛家定存控"
"a783c9b9","46-50歲","女","台中市","物質享樂衝購族"
"f3fffc8f","31-35歲","女","桃園市","物質享樂衝購族"
"ed67f047","41-45歲","女","台中市","樂動廣告品牌控"
"dcad4411","31-35歲","女","新北市","物質享樂衝購族"
"01f59cac","46-50歲","女","彰化縣","物質享樂衝購族"
"29a89f86","41-45歲","女","新北市","獨立愛遊理財新手"
"ce30da41","26-30歲","女","苗栗縣","網購社媒手機迷"
"b1fa33a6","31-35歲","女","新北市","樂動廣告品牌控"
"087f965a","46-50歲","女","台北市","樂動廣告品牌控"
"86206e64","36-40歲","男","彰化縣","運動科技潮人"
"32614e72","51-55歲","男","台中市","愛搜愛比網購客"
"718e11c9","41-45歲","男","彰化縣","運動科技潮人"
"29db9fd0","41-45歲","男","新北市","運動科技潮人"
"4cecef2f","36-40歲","女","高雄市","健康愛家定存控"
"ce646cbb","31-35歲","男","新竹縣","健康愛家定存控"
"1878ef98","36-40歲","男","桃園市","運動科技潮人"
"069f7c75","31-35歲","男","桃園市","健康愛家定存控"
"a19f1523","41-45歲","女","苗栗縣","健康愛家定存控"
"26cf65c5","26-30歲","女","台中市","網購社媒手機迷"
"8f284085","56-60歲","女","台南市","物質享樂衝購族"
"ec633d68","41-45歲","女","台中市","品味養生理財貴族"
"4b9c3a22","36-40歲","女","新北市","運動科技潮人"
"4023f658","36-40歲","女","新竹縣","物質享樂衝購族"
"a8a72874","41-45歲","女","台中市","品味養生理財貴族"
"cc548969","36-40歲","女","新竹縣","物質享樂衝購族"
"4c4badcd","46-50歲","女","桃園市","健康愛家定存控"
"1181ae43","31-35歲","女","新北市","網購社媒手機迷"
"b2294c91","41-45歲","女","彰化縣","物質享樂衝購族"
"802ed314","31-35歲","女","台中市","健康愛家定存控"
"97599415","36-40歲","女","花蓮縣","獨立愛遊理財新手"
"7bd822b9","41-45歲","男","台中市","運動科技潮人"
"23ca2ac4","41-45歲","女","彰化縣","品味養生理財貴族"
"3cb6a531","31-35歲","女","新北市","物質享樂衝購族"
"55d050cd","46-50歲","女","苗栗縣","網購社媒手機迷"
"12428e20","36-40歲","女","花蓮縣","健康愛家定存控"
"100cb43a","41-45歲","男","新北市","健康愛家定存控"
"b233806c","46-50歲","女","桃園市","品味養生理財貴族"
"6ea3a3a2","26-30歲","男","新竹縣","樂動廣告品牌控"
"9bde0f5b","31-35歲","女","苗栗縣","物質享樂衝購族"
"672ef8f8","41-45歲","女","彰化縣","品味養生理財貴族"
"2c1399f4","36-40歲","男","彰化縣","運動科技潮人"
"b268a9b7","41-45歲","女","新北市","運動科技潮人"
"50bbeb61","56-60歲","女","彰化縣","物質享樂衝購族"
"84ca4fc3","36-40歲","女","新北市","物質享樂衝購族"
"7d0be2cd","31-35歲","男","台南市","樂動廣告品牌控"
"0a8999d8","36-40歲","女","苗栗縣","物質享樂衝購族"
"4af33d61","46-50歲","女","台中市","物質享樂衝購族"
"38432d2f","46-50歲","女","新北市","獨立愛遊理財新手"
"5698a554","36-40歲","男","新竹縣","樂動廣告品牌控"
"d34ed87e","31-35歲","女","新竹縣","網購社媒手機迷"
"87167737","46-50歲","女","桃園市","品味養生理財貴族"
"9b0174ba","26-30歲","男","苗栗縣","健康愛家定存控"
"ebf7fc02","26-30歲","女","台南市","獨立愛遊理財新手"
"3429f9a1","46-50歲","女","台北市","品味養生理財貴族"
"69949139","31-35歲","男","新北市","運動科技潮人"
"83efcb71","26-30歲","女","台南市","健康愛家定存控"
"453e83bd","31-35歲","女","新竹縣","物質享樂衝購族"
"f8960749","41-45歲","女","高雄市","健康愛家定存控"
"6e3e8654","41-45歲","女","台中市","物質享樂衝購族"
"75748eb2","51-55歲","男","新北市","運動科技潮人"
"785b0e8b","31-35歲","男","高雄市","運動科技潮人"
"ba25b0b8","31-35歲","女","新北市","運動科技潮人"
"72570e33","26-30歲","女","新竹市","物質享樂衝購族"
"605fe72a","41-45歲","女","台南市","樂動廣告品牌控"
"d85e287b","56-60歲","女","新北市","傳統保健理財族"
"a06c4a73","31-35歲","男","新竹市","運動科技潮人"
"1fa52653","41-45歲","男","雲林縣","網購社媒手機迷"
"3f030372","56-60歲","女","新竹縣","傳統保健理財族"
"c5637b83","41-45歲","女","新竹縣","品味養生理財貴族"
"69a36bad","31-35歲","女","新竹縣","物質享樂衝購族"
"53129e2c","41-45歲","女","新竹縣","傳統保健理財族"
"9da10b72","56-60歲","男","新北市","運動科技潮人"
"aa222ffd","51-55歲","女","新竹縣","品味養生理財貴族"
"0fc6e204","26-30歲","女","台中市","健康愛家定存控"
"88a158be","36-40歲","女","新北市","物質享樂衝購族"
"22d2c7da","51-55歲","女","台中市","樂動廣告品牌控"
"4e3be966","46-50歲","女","彰化縣","健康愛家定存控"
"a221a539","21-25歲","女","新竹市","網購社媒手機迷"
"ca6d10b2","46-50歲","女","新北市","品味養生理財貴族"
"b0a27675","26-30歲","女","高雄市","物質享樂衝購族"
"5e6db909","36-40歲","男","新竹縣","樂動廣告品牌控"
"833369aa","31-35歲","女","新竹縣","獨立愛遊理財新手"
"217bc2d9","31-35歲","男","新北市","樂動廣告品牌控"
"d2ed4670","31-35歲","女","新北市","運動科技潮人"
"ffbd627a","41-45歲","男","新竹縣","運動科技潮人"
"6589ab77","26-30歲","女","雲林縣","網購社媒手機迷"
"48e05d65","31-35歲","女","彰化縣","健康愛家定存控"
"34a8c0ea","46-50歲","女","台北市","品味養生理財貴族"
"fed26831","56-60歲","女","彰化縣","愛搜愛比網購客"
"5b4c49a5","46-50歲","女","花蓮縣","品味養生理財貴族"
"30827a68","26-30歲","女","新竹市","獨立愛遊理財新手"
"89d0c60d","26-30歲","女","苗栗縣","健康愛家定存控"
"2096465e","56-60歲","女","台北市","健康愛家定存控"
"843c25d8","61-65歲","男","台中市","健康愛家定存控"
"450f0717","31-35歲","女","新北市","網購社媒手機迷"
"04fdf2b3","36-40歲","女","新竹縣","傳統保健理財族"
"9d6c2897","46-50歲","男","桃園市","樂動廣告品牌控"
"5ef534d0","26-30歲","女","桃園市","健康愛家定存控"
"32832dfa","36-40歲","男","新竹縣","運動科技潮人"
"3faa4253","36-40歲","男","高雄市","樂動廣告品牌控"
"1451f0aa","51-55歲","女","台北市","獨立愛遊理財新手"
"5b5dbd27","36-40歲","女","台北市","健康愛家定存控"
"f74b9053","46-50歲","女","台中市","網購社媒手機迷"
"6b94b5eb","36-40歲","女","桃園市","網購社媒手機迷"
"7d8b9f74","41-45歲","男","台中市","運動科技潮人"
"0fcdd235","56-60歲","女","台北市","品味養生理財貴族"
"8047014b","41-45歲","女","新竹縣","獨立愛遊理財新手"
"401e24f9","36-40歲","男","台中市","運動科技潮人"
"86e7d41e","36-40歲","男","新竹縣","運動科技潮人"
"dd427369","56-60歲","女","台南市","獨立愛遊理財新手"
"69ed947d","41-45歲","女","新北市","物質享樂衝購族"
"bf67409e","61-65歲","女","新北市","品味養生理財貴族"
"7b02326b","31-35歲","女","新北市","物質享樂衝購族"
"958c896b","56-60歲","男","台北市","運動科技潮人"
"461f8139","61-65歲","男","新竹縣","愛搜愛比網購客"
"bf5f8c1a","41-45歲","男","花蓮縣","運動科技潮人"
"92700c17","31-35歲","女","台中市","健康愛家定存控"
"0c413dc0","46-50歲","女","台北市","網購社媒手機迷"
"e0c04f2c","41-45歲","女","桃園市","品味養生理財貴族"
"23d77095","41-45歲","女","新北市","品味養生理財貴族"
"bfdcbbde","51-55歲","女","台中市","健康愛家定存控"
"53ef8a68","26-30歲","男","新竹縣","物質享樂衝購族"
"04b517a5","46-50歲","女","新北市","健康愛家定存控"
"4046e5c5","36-40歲","女","彰化縣","物質享樂衝購族"
"2b1d7ab2","41-45歲","女","新竹縣","愛搜愛比網購客"
"5ad8cee9","26-30歲","女","新竹縣","物質享樂衝購族"
"69ca3d25","46-50歲","女","南投縣","健康愛家定存控"
"5ceca4a8","36-40歲","女","新竹縣","樂動廣告品牌控"
"405d2738","46-50歲","女","屏東縣","愛搜愛比網購客"
"e1fd85d9","36-40歲","女","新北市","健康愛家定存控"
"accc333d","46-50歲","男","彰化縣","樂動廣告品牌控"
"f621d55a","26-30歲","女","苗栗縣","獨立愛遊理財新手"
"0936550d","51-55歲","女","新北市","愛搜愛比網購客"
"a8766618","41-45歲","女","桃園市","運動科技潮人"
"b5b8c0ed","26-30歲","女","桃園市","健康愛家定存控"
"4a98e68a","31-35歲","男","台東縣","運動科技潮人"
"49096311","46-50歲","男","桃園市","愛搜愛比網購客"
"25f75fbb","36-40歲","女","基隆市","品味養生理財貴族"
"687fd524","41-45歲","男","花蓮縣","樂動廣告品牌控"
"47504d71","41-45歲","女","台中市","傳統保健理財族"
"bdac9c48","31-35歲","女","台北市","物質享樂衝購族"
"6a43e237","56-60歲","女","新北市","網購社媒手機迷"
"0b86f075","31-35歲","女","苗栗縣","物質享樂衝購族"
"c9785715","46-50歲","男","新北市","健康愛家定存控"
"58333b3a","36-40歲","女","台中市","物質享樂衝購族"
"20718c9c","36-40歲","男","台中市","樂動廣告品牌控"
"67eb0909","41-45歲","女","新北市","物質享樂衝購族"
"29f16fb0","56-60歲","女","桃園市","品味養生理財貴族"
"378d2f50","36-40歲","女","新竹縣","物質享樂衝購族"
"a81f5759","26-30歲","女","新北市","網購社媒手機迷"
"eb21ccf1","31-35歲","女","新北市","運動科技潮人"
"9a455fec","31-35歲","女","新北市","健康愛家定存控"
"56b36a76","51-55歲","男","高雄市","樂動廣告品牌控"
"52b80d44","56-60歲","女","新北市","網購社媒手機迷"
"fea3f883","41-45歲","女","南投縣","網購社媒手機迷"
"9329bd5b","46-50歲","女","台北市","品味養生理財貴族"
"f76b624b","31-35歲","男","苗栗縣","運動科技潮人"
"cd30758a","31-35歲","女","高雄市","物質享樂衝購族"
"a496310e","36-40歲","女","彰化縣","樂動廣告品牌控"
"2d1f22a9","51-55歲","女","新竹縣","健康愛家定存控"
"e6046b2e","26-30歲","男","苗栗縣","健康愛家定存控"
"e1cf9a19","56-60歲","女","花蓮縣","品味養生理財貴族"
"01ec8cde","31-35歲","女","台中市","物質享樂衝購族"
"a981bffe","31-35歲","男","新竹縣","運動科技潮人"
"bda22cd4","36-40歲","女","台東縣","樂動廣告品牌控"
"9f22d364","41-45歲","女","台中市","健康愛家定存控"
"3ea0a681","26-30歲","女","花蓮縣","健康愛家定存控"
"f1a8c685","31-35歲","女","新北市","運動科技潮人"
"ececf6a3","46-50歲","女","新竹縣","傳統保健理財族"
"d98c1036","61-65歲","男","新竹縣","樂動廣告品牌控"
"6222254a","31-35歲","女","新竹市","獨立愛遊理財新手"
"d59b94db","31-35歲","女","彰化縣","物質享樂衝購族"
"4cd3ad1c","36-40歲","女","花蓮縣","品味養生理財貴族"
"bc954c67","36-40歲","男","新竹縣","運動科技潮人"
"97528095","31-35歲","女","新竹縣","物質享樂衝購族"
"4889d9da","31-35歲","男","彰化縣","樂動廣告品牌控"
"6a73ad26","51-55歲","女","台北市","健康愛家定存控"
"079dd154","46-50歲","女","新北市","健康愛家定存控"
"c847a8ea","41-45歲","女","桃園市","品味養生理財貴族"
"bb75b601","51-55歲","男","台南市","運動科技潮人"
"a0e19b3c","46-50歲","男","新北市","運動科技潮人"
"36b7a23b","51-55歲","女","新竹縣","物質享樂衝購族"
"97bdf5ec","26-30歲","女","彰化縣","獨立愛遊理財新手"
"4dc51f3b","41-45歲","男","新竹縣","樂動廣告品牌控"
"ec6c8100","36-40歲","女","苗栗縣","物質享樂衝購族"
"b679d7d0","36-40歲","男","新竹縣","物質享樂衝購族"
"b7afa54c","41-45歲","女","新竹縣","品味養生理財貴族"
"10c476e0","41-45歲","男","彰化縣","樂動廣告品牌控"
"d0356bc3","31-35歲","女","花蓮縣","物質享樂衝購族"
"cc23a7b0","31-35歲","男","新竹縣","運動科技潮人"
"36218d7b","36-40歲","女","新北市","網購社媒手機迷"
"d25c4a3f","36-40歲","男","新竹縣","物質享樂衝購族"
"97095b94","31-35歲","女","新北市","運動科技潮人"
"8d67f3ff","26-30歲","男","花蓮縣","運動科技潮人"
"0b89d938","46-50歲","女","桃園市","健康愛家定存控"
"354ef33c","41-45歲","男","台南市","樂動廣告品牌控"
"7cbc36ea","31-35歲","女","台北市","運動科技潮人"
"42ce240c","36-40歲","女","台北市","傳統保健理財族"
"70879b92","56-60歲","男","苗栗縣","愛搜愛比網購客"
"0fa243df","46-50歲","女","基隆市","品味養生理財貴族"
"c0cf8c3e","51-55歲","女","花蓮縣","健康愛家定存控"
"72542868","51-55歲","女","台中市","獨立愛遊理財新手"
"932d1b86","36-40歲","女","新北市","運動科技潮人"
"385089ba","46-50歲","男","台中市","愛搜愛比網購客"
"8f862c38","46-50歲","男","高雄市","樂動廣告品牌控"
"956bcb69","41-45歲","男","苗栗縣","健康愛家定存控"
"725a05c6","31-35歲","男","桃園市","樂動廣告品牌控"
"b1a2bc26","41-45歲","女","花蓮縣","品味養生理財貴族"
"91d87308","41-45歲","女","台南市","網購社媒手機迷"
"69c378d1","36-40歲","女","桃園市","樂動廣告品牌控"
"8aab7c37","41-45歲","女","高雄市","健康愛家定存控"
"67dfbf07","31-35歲","女","苗栗縣","物質享樂衝購族"
"fcba5f98","31-35歲","女","桃園市","獨立愛遊理財新手"
"b0cbe5b4","31-35歲","女","新北市","物質享樂衝購族"
"b81fd389","31-35歲","女","苗栗縣","獨立愛遊理財新手"
"22614723","31-35歲","女","桃園市","獨立愛遊理財新手"
"bd36d677","31-35歲","女","台南市","物質享樂衝購族"
"022bec32","36-40歲","男","台中市","樂動廣告品牌控"
"870da352","41-45歲","女","新北市","品味養生理財貴族"
"1600a097","36-40歲","女","台南市","物質享樂衝購族"
"86b77841","41-45歲","男","新竹縣","獨立愛遊理財新手"
"e2780e29","46-50歲","女","苗栗縣","網購社媒手機迷"
"042ba359","41-45歲","女","台北市","品味養生理財貴族"
"44c30517","41-45歲","女","桃園市","網購社媒手機迷"
"51888275","31-35歲","女","新竹縣","健康愛家定存控"
"91de6d3b","51-55歲","女","台北市","網購社媒手機迷"
"cb0ac962","51-55歲","男","桃園市","愛搜愛比網購客"
"38dcbb54","41-45歲","女","南投縣","愛搜愛比網購客"
"b0829785","36-40歲","男","新北市","樂動廣告品牌控"
"534626ca","46-50歲","女","南投縣","網購社媒手機迷"
"b08c5005","46-50歲","女","新竹縣","傳統保健理財族"
"99d1e1ee","26-30歲","女","台中市","傳統保健理財族"
"fc59ece1","51-55歲","男","基隆市","樂動廣告品牌控"
"47580411","41-45歲","女","新北市","健康愛家定存控"
"7cce9ee0","36-40歲","男","台中市","樂動廣告品牌控"
"ddbcb1f8","31-35歲","女","屏東縣","網購社媒手機迷"
"a1b4f6ce","41-45歲","女","苗栗縣","物質享樂衝購族"
"146239a4","36-40歲","女","新竹縣","物質享樂衝購族"
"94dfef90","26-30歲","女","台北市","健康愛家定存控"
"ea5d67fc","51-55歲","女","花蓮縣","傳統保健理財族"
"d909667e","51-55歲","男","彰化縣","愛搜愛比網購客"
"e0ea87a3","31-35歲","女","桃園市","網購社媒手機迷"
"e4bb9aab","46-50歲","男","苗栗縣","愛搜愛比網購客"
"53d787f4","36-40歲","女","台北市","網購社媒手機迷"
"737a1ee1","31-35歲","女","新竹縣","運動科技潮人"
"93b6c7b3","36-40歲","男","新竹市","樂動廣告品牌控"
"bf2580d3","41-45歲","男","花蓮縣","運動科技潮人"
"5c65b0ef","41-45歲","女","雲林縣","網購社媒手機迷"
"882bb36a","36-40歲","女","新北市","獨立愛遊理財新手"
"1056dda8","51-55歲","女","新竹縣","樂動廣告品牌控"
"1a0b5363","26-30歲","女","苗栗縣","物質享樂衝購族"
"e97207e1","51-55歲","男","新北市","愛搜愛比網購客"
"056f9692","46-50歲","女","新北市","品味養生理財貴族"
"2e79cd84","36-40歲","男","新北市","運動科技潮人"
"d2e95e27","36-40歲","女","台北市","網購社媒手機迷"
"30788265","31-35歲","女","新北市","運動科技潮人"
"81ec8175","36-40歲","女","新竹市","品味養生理財貴族"
"52570e12","36-40歲","女","台東縣","物質享樂衝購族"
"c4b9939a","21-25歲","女","彰化縣","網購社媒手機迷"
"ca5d3fb4","36-40歲","女","彰化縣","樂動廣告品牌控"
"a6cd075f","31-35歲","女","彰化縣","物質享樂衝購族"
"524241dd","51-55歲","女","新北市","品味養生理財貴族"
"accb79ca","26-30歲","女","台北市","健康愛家定存控"
"8cac27ab","51-55歲","女","新竹縣","物質享樂衝購族"
"50ee6165","36-40歲","女","台中市","樂動廣告品牌控"
"f1d355e4","46-50歲","女","新北市","物質享樂衝購族"
"712de119","41-45歲","女","新竹縣","樂動廣告品牌控"
"4bcaeda6","31-35歲","女","新竹縣","物質享樂衝購族"
"ef37f9eb","46-50歲","女","彰化縣","健康愛家定存控"
"fea20aaa","41-45歲","女","台北市","樂動廣告品牌控"
"7be21d5f","41-45歲","男","苗栗縣","運動科技潮人"
"6eac7006","31-35歲","女","花蓮縣","健康愛家定存控"
"fcbe0015","36-40歲","女","新北市","品味養生理財貴族"
"599e5c0b","46-50歲","女","台中市","運動科技潮人"
"43397010","41-45歲","女","台北市","傳統保健理財族"
"fdd06da4","41-45歲","男","桃園市","運動科技潮人"
"779b134f","46-50歲","男","新北市","健康愛家定存控"
"2b1b44dd","46-50歲","男","台北市","樂動廣告品牌控"
"268fe342","41-45歲","女","台北市","獨立愛遊理財新手"
"a6da14ea","41-45歲","女","苗栗縣","健康愛家定存控"
"2875b3bd","31-35歲","女","新竹縣","健康愛家定存控"
"5c387e89","26-30歲","男","台北市","樂動廣告品牌控"
"dbfe837a","46-50歲","女","花蓮縣","品味養生理財貴族"
"3280a25f","41-45歲","女","苗栗縣","物質享樂衝購族"
"e8f8e899","26-30歲","女","宜蘭縣","健康愛家定存控"
"94f55ed2","31-35歲","女","新竹縣","物質享樂衝購族"
"5d6fa581","41-45歲","女","南投縣","品味養生理財貴族"
"d2711ef5","31-35歲","男","宜蘭縣","運動科技潮人"
"fd753825","31-35歲","女","台中市","網購社媒手機迷"
"ee488f80","36-40歲","女","彰化縣","網購社媒手機迷"
"9eefd29a","41-45歲","男","台北市","運動科技潮人"
"8f4070b4","26-30歲","女","台北市","健康愛家定存控"
"e6064c9a","56-60歲","女","新竹縣","網購社媒手機迷"
"6242a01d","56-60歲","女","嘉義市","傳統保健理財族"
"3d97dece","21-25歲","女","台中市","獨立愛遊理財新手"
"df627c6b","41-45歲","女","台北市","品味養生理財貴族"
"151a9878","51-55歲","男","新北市","運動科技潮人"
"8976de9e","41-45歲","女","苗栗縣","樂動廣告品牌控"
"77679a48","36-40歲","女","台中市","物質享樂衝購族"
"7e813a55","36-40歲","女","台中市","樂動廣告品牌控"
"444bfed8","41-45歲","女","新竹縣","物質享樂衝購族"
"32b99081","31-35歲","女","新竹市","樂動廣告品牌控"
"65eb8377","46-50歲","女","台南市","傳統保健理財族"
"bc954559","36-40歲","女","宜蘭縣","獨立愛遊理財新手"
"ae0133f8","46-50歲","女","新北市","運動科技潮人"
"c58d1b2d","51-55歲","男","苗栗縣","樂動廣告品牌控"
"2522474a","36-40歲","男","苗栗縣","運動科技潮人"
"20197c9a","31-35歲","女","新竹縣","健康愛家定存控"
"9bd9d5a6","31-35歲","女","台中市","健康愛家定存控"
"c7972dd0","46-50歲","女","台北市","網購社媒手機迷"
"4dbd9837","36-40歲","男","台北市","健康愛家定存控"
"44f761bd","41-45歲","女","新北市","運動科技潮人"
"a6d578ed","31-35歲","女","台中市","健康愛家定存控"
"1380497e","56-60歲","男","花蓮縣","健康愛家定存控"
"b1679726","41-45歲","女","新北市","健康愛家定存控"
"5aab9a80","31-35歲","女","台北市","物質享樂衝購族"
"fa1cde5c","26-30歲","女","新竹縣","獨立愛遊理財新手"
"f667b05e","51-55歲","男","台南市","網購社媒手機迷"
"1d9e24aa","51-55歲","女","苗栗縣","品味養生理財貴族"
"41c36527","31-35歲","女","苗栗縣","健康愛家定存控"
"d7efa3d5","36-40歲","男","花蓮縣","運動科技潮人"
"eea5ec92","36-40歲","女","新北市","健康愛家定存控"
"00157b79","26-30歲","女","彰化縣","物質享樂衝購族"
"1b12dbe0","46-50歲","女","台中市","愛搜愛比網購客"
"675d1181","36-40歲","男","台中市","運動科技潮人"
"3f7a031c","46-50歲","女","宜蘭縣","品味養生理財貴族"
"c15e8a71","36-40歲","女","新竹縣","健康愛家定存控"
"d3971825","31-35歲","女","新竹縣","物質享樂衝購族"
"2d79f2c7","46-50歲","女","彰化縣","物質享樂衝購族"
"c8ca8f68","26-30歲","男","新北市","運動科技潮人"
"0ec38f5b","51-55歲","男","台北市","愛搜愛比網購客"
"96a34e95","41-45歲","女","新北市","愛搜愛比網購客"
"03d16726","46-50歲","女","新北市","愛搜愛比網購客"
"9ef79e11","31-35歲","女","新竹縣","傳統保健理財族"
"3dcb515f","31-35歲","女","花蓮縣","物質享樂衝購族"
"ec8e664d","51-55歲","女","台中市","傳統保健理財族"
"0cd21c18","41-45歲","女","新竹市","物質享樂衝購族"
"fde9834d","46-50歲","女","基隆市","樂動廣告品牌控"
"342d93ab","41-45歲","女","台北市","品味養生理財貴族"
"3b907ae1","26-30歲","女","桃園市","獨立愛遊理財新手"
"dcb047aa","46-50歲","女","新竹縣","運動科技潮人"
"77646128","31-35歲","女","花蓮縣","獨立愛遊理財新手"
"794695f5","31-35歲","女","新北市","運動科技潮人"
"099657bb","46-50歲","女","花蓮縣","愛搜愛比網購客"
"1aa8845f","41-45歲","女","新北市","物質享樂衝購族"
"27d6770d","31-35歲","女","屏東縣","網購社媒手機迷"
"a30f735d","36-40歲","女","花蓮縣","健康愛家定存控"
"ffe7cfd1","31-35歲","男","新竹縣","樂動廣告品牌控"
"b7c9d079","36-40歲","女","新北市","運動科技潮人"
"a4b14205","31-35歲","女","桃園市","品味養生理財貴族"
"7d85e7ef","51-55歲","女","彰化縣","物質享樂衝購族"
"37979658","56-60歲","女","彰化縣","樂動廣告品牌控"
"875dea35","31-35歲","男","新北市","樂動廣告品牌控"
"257b7d20","31-35歲","女","台中市","獨立愛遊理財新手"
"ca9e9d5b","36-40歲","男","新竹縣","運動科技潮人"
"9b56e089","36-40歲","女","花蓮縣","品味養生理財貴族"
"e40ade22","46-50歲","女","彰化縣","健康愛家定存控"
"76ffe055","26-30歲","男","苗栗縣","運動科技潮人"
"51b1983c","36-40歲","男","新竹縣","運動科技潮人"
"2a56dc6d","46-50歲","女","台北市","品味養生理財貴族"
"f52dba33","31-35歲","女","花蓮縣","物質享樂衝購族"
"9b6c1cc3","36-40歲","男","新竹縣","樂動廣告品牌控"
"24028d92","41-45歲","女","台中市","獨立愛遊理財新手"
"7db9aa8a","26-30歲","女","台中市","網購社媒手機迷"
"4cf8539c","31-35歲","男","新北市","運動科技潮人"
"2dd6ce9a","26-30歲","男","桃園市","樂動廣告品牌控"
"7a521fd4","41-45歲","女","台北市","運動科技潮人"
"ba864e1d","31-35歲","女","新竹縣","物質享樂衝購族"
"4f334864","46-50歲","女","基隆市","網購社媒手機迷"
"68c8ef58","31-35歲","女","台中市","網購社媒手機迷"
"a1f0f604","31-35歲","女","彰化縣","健康愛家定存控"
"5f4a82ba","31-35歲","女","新竹縣","物質享樂衝購族"
"ebe20d8b","36-40歲","女","新竹市","運動科技潮人"
"e224168e","41-45歲","女","花蓮縣","健康愛家定存控"
"5391c504","41-45歲","男","雲林縣","運動科技潮人"
"a8e573c3","36-40歲","女","苗栗縣","物質享樂衝購族"
"72d4cae1","41-45歲","男","新竹縣","運動科技潮人"
"1b3bb919","41-45歲","女","苗栗縣","物質享樂衝購族"
"0f15b04a","46-50歲","女","台中市","網購社媒手機迷"
"1db98484","51-55歲","男","新北市","運動科技潮人"
"0ac86334","31-35歲","女","新竹縣","物質享樂衝購族"
"a82fb48b","31-35歲","女","彰化縣","物質享樂衝購族"
"a83bf1c6","31-35歲","男","新北市","運動科技潮人"
"545d10d6","51-55歲","男","新北市","運動科技潮人"
"b26d264f","41-45歲","女","高雄市","品味養生理財貴族"
"54831844","36-40歲","女","新北市","物質享樂衝購族"
"08aeeb21","26-30歲","女","新竹市","網購社媒手機迷"
"1a741661","56-60歲","女","桃園市","傳統保健理財族"
"ce7940df","46-50歲","男","台中市","樂動廣告品牌控"
"f04cac37","26-30歲","女","新北市","樂動廣告品牌控"
"2536eca4","31-35歲","女","彰化縣","獨立愛遊理財新手"
"26e3bb99","46-50歲","女","台北市","傳統保健理財族"
"610a804f","31-35歲","男","台中市","運動科技潮人"
"e4d6fe2d","31-35歲","男","新北市","運動科技潮人"
"dcf6b722","36-40歲","男","台北市","運動科技潮人"
"45582684","46-50歲","女","台中市","物質享樂衝購族"
"586f85fb","31-35歲","女","新竹市","健康愛家定存控"
"da731c94","36-40歲","女","新竹市","健康愛家定存控"
"79f6b3f0","41-45歲","女","台南市","物質享樂衝購族"
"1a9aec9e","31-35歲","女","桃園市","獨立愛遊理財新手"
"a3890f2e","31-35歲","女","新北市","物質享樂衝購族"
"bcfdb2dd","31-35歲","女","新北市","運動科技潮人"
"e053091a","36-40歲","女","新北市","健康愛家定存控"
"6e22be41","41-45歲","女","新北市","樂動廣告品牌控"
"99e5c2b6","41-45歲","女","嘉義縣","傳統保健理財族"
"559056e2","31-35歲","男","台中市","運動科技潮人"
"c8b85118","66以上","女","高雄市","品味養生理財貴族"
"3d34aa88","31-35歲","女","嘉義縣","獨立愛遊理財新手"
"ffa97a08","36-40歲","女","高雄市","網購社媒手機迷"
"4fa1cfaa","36-40歲","男","新北市","運動科技潮人"
"5d349ee4","26-30歲","女","新竹縣","獨立愛遊理財新手"
"054befd4","31-35歲","女","新竹縣","物質享樂衝購族"
"d1f1eacb","46-50歲","女","台中市","樂動廣告品牌控"
"c1af22f3","36-40歲","女","新竹縣","健康愛家定存控"
"27a3b59b","36-40歲","女","花蓮縣","健康愛家定存控"
"88d20753","46-50歲","女","新竹縣","健康愛家定存控"
"4b75d05b","56-60歲","男","新竹縣","愛搜愛比網購客"
"2a6646cb","56-60歲","女","新竹縣","樂動廣告品牌控"
"e80f8b27","41-45歲","女","新北市","健康愛家定存控"
"d167cd71","31-35歲","女","新竹縣","物質享樂衝購族"
"643f2660","26-30歲","女","新竹縣","品味養生理財貴族"
"db9ead7e","26-30歲","女","宜蘭縣","健康愛家定存控"
"d226cc5b","41-45歲","男","高雄市","樂動廣告品牌控"
"39fd201a","36-40歲","男","新北市","運動科技潮人"
"87eb94f0","41-45歲","女","桃園市","健康愛家定存控"
"b4c6db81","41-45歲","男","花蓮縣","愛搜愛比網購客"
"dc3e18c3","46-50歲","女","台南市","網購社媒手機迷"
"592896e8","26-30歲","女","新北市","獨立愛遊理財新手"
"ef3e0578","41-45歲","女","彰化縣","傳統保健理財族"
"ffad18e4","31-35歲","女","新北市","健康愛家定存控"
"85c46976","36-40歲","女","彰化縣","獨立愛遊理財新手"
"09b8e2d2","46-50歲","女","彰化縣","傳統保健理財族"
"4aa29054","31-35歲","女","桃園市","運動科技潮人"
"ef710b10","51-55歲","女","苗栗縣","樂動廣告品牌控"
"ae846abd","36-40歲","女","苗栗縣","網購社媒手機迷"
"e1e65d4a","51-55歲","女","新北市","愛搜愛比網購客"
"67f2f069","36-40歲","男","苗栗縣","運動科技潮人"
"cd9159d4","31-35歲","女","花蓮縣","健康愛家定存控"
"a92df8bb","46-50歲","女","台中市","愛搜愛比網購客"
"87e20155","31-35歲","男","苗栗縣","運動科技潮人"
"5ca8757b","41-45歲","女","新北市","網購社媒手機迷"
"a5fd12b8","41-45歲","女","高雄市","樂動廣告品牌控"
"26a8558a","31-35歲","男","新北市","運動科技潮人"
"aed8ca4f","41-45歲","女","台中市","品味養生理財貴族"
"ed09c03c","36-40歲","女","新竹縣","健康愛家定存控"
"a99e76d9","31-35歲","女","苗栗縣","網購社媒手機迷"
"e69fa226","41-45歲","女","台中市","物質享樂衝購族"
"8e40a43b","51-55歲","女","新北市","運動科技潮人"
"ae1a0b1e","41-45歲","男","新竹縣","運動科技潮人"
"28e434fe","36-40歲","女","台南市","網購社媒手機迷"
"c8431914","26-30歲","女","花蓮縣","物質享樂衝購族"
"e5ff7d83","36-40歲","女","新竹縣","獨立愛遊理財新手"
"491d47cc","31-35歲","男","台北市","樂動廣告品牌控"
"e3ea282e","36-40歲","女","彰化縣","獨立愛遊理財新手"
"e70e617d","41-45歲","女","台南市","網購社媒手機迷"
"65995e23","36-40歲","女","台北市","健康愛家定存控"
"5a0cecae","41-45歲","女","新竹縣","健康愛家定存控"
"f0bee846","31-35歲","女","新竹市","網購社媒手機迷"
"8f8de62a","46-50歲","女","新竹縣","品味養生理財貴族"
"1614edc2","41-45歲","女","新北市","網購社媒手機迷"
"3f2784f4","36-40歲","女","台北市","健康愛家定存控"
"bd3a38d5","51-55歲","女","新北市","傳統保健理財族"
"6b92adea","31-35歲","男","苗栗縣","樂動廣告品牌控"
"334804cb","41-45歲","女","新竹縣","品味養生理財貴族"
"6b52bc01","36-40歲","女","新竹縣","樂動廣告品牌控"
"e6deef38","66以上","男","新北市","愛搜愛比網購客"
"912467a8","36-40歲","女","新竹縣","網購社媒手機迷"
"976be541","41-45歲","男","新竹縣","運動科技潮人"
"58ad6c3e","31-35歲","男","台中市","運動科技潮人"
"44cef053","31-35歲","女","台中市","物質享樂衝購族"
"e230dc42","36-40歲","男","新竹縣","運動科技潮人"
"69a4cca5","31-35歲","女","台中市","健康愛家定存控"
"131605f6","36-40歲","女","苗栗縣","物質享樂衝購族"
"93028fd3","41-45歲","女","台北市","愛搜愛比網購客"
"cda24049","36-40歲","女","宜蘭縣","獨立愛遊理財新手"
"ea9d743d","41-45歲","女","高雄市","樂動廣告品牌控"
"051ba49c","46-50歲","女","新竹縣","健康愛家定存控"
"9ed68179","36-40歲","女","南投縣","物質享樂衝購族"
"d5be6319","31-35歲","男","彰化縣","運動科技潮人"
"68919a46","41-45歲","女","桃園市","獨立愛遊理財新手"
"daaa6285","36-40歲","女","花蓮縣","健康愛家定存控"
"ede2c734","31-35歲","女","台中市","網購社媒手機迷"
"355dfa63","41-45歲","女","彰化縣","物質享樂衝購族"
"62d48297","46-50歲","女","新北市","品味養生理財貴族"
"26615cda","41-45歲","女","台北市","品味養生理財貴族"
"980a0809","51-55歲","女","花蓮縣","網購社媒手機迷"
"2bb8aef3","51-55歲","女","新北市","品味養生理財貴族"
"221148c0","31-35歲","女","苗栗縣","健康愛家定存控"
"05a9d49d","46-50歲","女","新竹市","品味養生理財貴族"
"66f47170","46-50歲","女","新北市","網購社媒手機迷"
"ed30922e","41-45歲","女","台中市","樂動廣告品牌控"
"ebe04ad3","46-50歲","男","台中市","愛搜愛比網購客"
"13706e15","26-30歲","男","高雄市","運動科技潮人"
"a778c340","41-45歲","男","苗栗縣","愛搜愛比網購客"
"e9ccb727","51-55歲","男","新北市","健康愛家定存控"
"217622c8","41-45歲","女","花蓮縣","物質享樂衝購族"
"4ecfcdee","36-40歲","女","新北市","物質享樂衝購族"
"617e6667","31-35歲","女","新竹縣","傳統保健理財族"
"031c8879","46-50歲","女","台北市","品味養生理財貴族"
"ba8f6650","31-35歲","女","台中市","物質享樂衝購族"
"fc59eea5","31-35歲","女","苗栗縣","物質享樂衝購族"
"43c973d6","41-45歲","女","彰化縣","品味養生理財貴族"
"389d5f3f","41-45歲","男","高雄市","愛搜愛比網購客"
"f103b653","36-40歲","男","台中市","運動科技潮人"
"1522944e","31-35歲","男","苗栗縣","運動科技潮人"
"e72e9394","41-45歲","女","新北市","網購社媒手機迷"
"f2a0beca","31-35歲","男","新北市","運動科技潮人"
"47d7e016","36-40歲","女","台北市","運動科技潮人"
"84dfc10c","36-40歲","女","花蓮縣","網購社媒手機迷"
"b30ca246","36-40歲","男","台中市","樂動廣告品牌控"
"792f4223","41-45歲","女","新北市","網購社媒手機迷"
"40fb5cc4","41-45歲","女","台中市","樂動廣告品牌控"
"5a7422b5","61-65歲","男","新北市","愛搜愛比網購客"
"5c5c444d","56-60歲","女","新北市","傳統保健理財族"
"aaaef7ac","36-40歲","女","新竹縣","獨立愛遊理財新手"
"75ba4134","41-45歲","女","台東縣","網購社媒手機迷"
"b3dfdf39","56-60歲","女","桃園市","網購社媒手機迷"
"49fed527","36-40歲","女","新竹縣","品味養生理財貴族"
"272fa8e2","41-45歲","女","新北市","傳統保健理財族"
"7b65096f","46-50歲","男","新竹縣","運動科技潮人"
"3c1a2bd1","31-35歲","女","苗栗縣","物質享樂衝購族"
"d5e9636b","26-30歲","女","桃園市","物質享樂衝購族"
"898720b7","56-60歲","女","桃園市","健康愛家定存控"
"2ab3cdca","46-50歲","男","苗栗縣","樂動廣告品牌控"
"5226b3ad","51-55歲","女","花蓮縣","網購社媒手機迷"
"178ddea1","51-55歲","女","桃園市","樂動廣告品牌控"
"1e1c142d","41-45歲","男","台中市","愛搜愛比網購客"
"a68c5d5a","41-45歲","男","台中市","運動科技潮人"
"c64fa65c","41-45歲","男","新竹縣","運動科技潮人"
"068d1755","36-40歲","女","新竹市","健康愛家定存控"
"8b659575","41-45歲","女","新北市","物質享樂衝購族"
"5e760cd8","46-50歲","女","台東縣","獨立愛遊理財新手"
"85c12788","56-60歲","男","新北市","健康愛家定存控"
"b1c48297","56-60歲","女","新北市","愛搜愛比網購客"
"dbd3ef52","31-35歲","女","新竹縣","健康愛家定存控"
"0d1db376","26-30歲","女","高雄市","網購社媒手機迷"
"df405630","61-65歲","女","新北市","健康愛家定存控"
"fd36bde6","51-55歲","女","台北市","傳統保健理財族"
"42168ce5","41-45歲","女","台北市","物質享樂衝購族"
"823a575f","31-35歲","女","新北市","物質享樂衝購族"
"eef2645f","26-30歲","男","新竹市","健康愛家定存控"
"fb82666c","31-35歲","女","屏東縣","傳統保健理財族"
"c5d63bbf","51-55歲","女","新竹縣","傳統保健理財族"
"398a30c9","26-30歲","女","苗栗縣","獨立愛遊理財新手"
"00571940","36-40歲","女","台中市","網購社媒手機迷"
"78145f24","41-45歲","女","台北市","健康愛家定存控"
"7ff3372f","26-30歲","女","新北市","物質享樂衝購族"
"04f4c79e","36-40歲","女","新北市","物質享樂衝購族"
"a2deb0af","46-50歲","女","台北市","物質享樂衝購族"
"ea55a9dc","41-45歲","男","新竹縣","運動科技潮人"
"b52505b4","46-50歲","女","新北市","網購社媒手機迷"
"7aa02fce","56-60歲","女","花蓮縣","品味養生理財貴族"
"ede4882f","31-35歲","女","新北市","健康愛家定存控"
"be084c97","46-50歲","男","台中市","愛搜愛比網購客"
"0c646712","36-40歲","男","彰化縣","健康愛家定存控"
"f112d95d","31-35歲","女","花蓮縣","網購社媒手機迷"
"f44e13b7","31-35歲","女","台北市","運動科技潮人"
"1229dcd8","31-35歲","男","台南市","樂動廣告品牌控"
"ba1e248c","31-35歲","女","嘉義縣","樂動廣告品牌控"
"d0283c90","36-40歲","男","新北市","運動科技潮人"
"c17e5246","46-50歲","女","南投縣","獨立愛遊理財新手"
"65fe5575","36-40歲","女","新竹縣","健康愛家定存控"
"cd11aa41","31-35歲","女","花蓮縣","網購社媒手機迷"
"484ed6ae","46-50歲","女","苗栗縣","物質享樂衝購族"
"006dd1a3","56-60歲","女","台中市","愛搜愛比網購客"
"95425af1","41-45歲","男","新竹縣","愛搜愛比網購客"
"56209239","26-30歲","女","嘉義市","物質享樂衝購族"
"0da4852f","41-45歲","女","新北市","品味養生理財貴族"
"6f298d91","31-35歲","男","雲林縣","運動科技潮人"
"3d04dca8","46-50歲","女","新竹縣","傳統保健理財族"
"418c2529","41-45歲","女","台北市","物質享樂衝購族"
"4ebba40f","31-35歲","女","桃園市","健康愛家定存控"
"14ff4243","31-35歲","女","台東縣","樂動廣告品牌控"
"2c4a1ba5","36-40歲","女","新竹縣","獨立愛遊理財新手"
"d8299753","36-40歲","女","台北市","品味養生理財貴族"
"0013960a","31-35歲","女","花蓮縣","獨立愛遊理財新手"
"9c0ae777","36-40歲","女","新北市","網購社媒手機迷"
"c8a62a11","46-50歲","女","雲林縣","健康愛家定存控"
"baaf6ca0","46-50歲","女","新竹市","網購社媒手機迷"
"15bbcf1f","41-45歲","女","新北市","網購社媒手機迷"
"d4a21a71","31-35歲","男","桃園市","健康愛家定存控"
"9ca5d968","26-30歲","女","台北市","健康愛家定存控"
"e7e8ad4f","56-60歲","女","高雄市","網購社媒手機迷"
"173514c8","31-35歲","女","彰化縣","健康愛家定存控"
"952fe503","46-50歲","男","新竹縣","運動科技潮人"
"76137ca5","36-40歲","女","台北市","獨立愛遊理財新手"
"ff52e1b8","61-65歲","女","苗栗縣","網購社媒手機迷"
"3e5b8f33","31-35歲","女","新北市","獨立愛遊理財新手"
"c76461a2","41-45歲","女","新竹縣","愛搜愛比網購客"
"26d40c4f","46-50歲","女","台南市","網購社媒手機迷"
"474ba834","26-30歲","女","新竹縣","獨立愛遊理財新手"
"cb54dba7","26-30歲","女","台北市","物質享樂衝購族"
"c53635d1","41-45歲","女","彰化縣","樂動廣告品牌控"
"83ce0aca","56-60歲","男","台北市","健康愛家定存控"
"c0b93693","36-40歲","女","桃園市","傳統保健理財族"
"a54f60df","41-45歲","女","新竹縣","物質享樂衝購族"
"015071cd","46-50歲","女","台南市","傳統保健理財族"
"afdcc847","36-40歲","男","新北市","愛搜愛比網購客"
"25b591cf","51-55歲","女","台北市","品味養生理財貴族"
"3f9b0d2b","41-45歲","女","高雄市","健康愛家定存控"
"bc49e573","41-45歲","男","苗栗縣","樂動廣告品牌控"
"817032cd","51-55歲","男","新竹縣","健康愛家定存控"
"7263e0e3","46-50歲","女","新北市","運動科技潮人"
"07faadca","36-40歲","女","新北市","品味養生理財貴族"
"2841bfa2","31-35歲","女","苗栗縣","獨立愛遊理財新手"
"78dba534","31-35歲","男","苗栗縣","運動科技潮人"
"28f20442","36-40歲","女","台北市","獨立愛遊理財新手"
"16b1dd26","41-45歲","女","台中市","健康愛家定存控"
"24e60592","46-50歲","女","苗栗縣","健康愛家定存控"
"a8df7c45","26-30歲","女","苗栗縣","運動科技潮人"
"8db285c0","41-45歲","女","南投縣","物質享樂衝購族"
"913908c2","46-50歲","男","台中市","樂動廣告品牌控"
"d562b269","36-40歲","女","新北市","健康愛家定存控"
"8e7faa1e","36-40歲","男","桃園市","運動科技潮人"
"867e85df","36-40歲","女","新竹縣","健康愛家定存控"
"cdaff27e","36-40歲","女","高雄市","樂動廣告品牌控"
"de233126","46-50歲","女","彰化縣","健康愛家定存控"
"f33fd86a","36-40歲","女","彰化縣","物質享樂衝購族"
"e7902953","31-35歲","女","台中市","健康愛家定存控"
"f5cd03d8","31-35歲","女","基隆市","健康愛家定存控"
"310beb93","36-40歲","女","苗栗縣","健康愛家定存控"
"f9601c44","46-50歲","男","新北市","物質享樂衝購族"
"02e30bd3","46-50歲","女","新竹市","物質享樂衝購族"
"d4bca7b2","51-55歲","女","新竹縣","物質享樂衝購族"
"a3fb3055","31-35歲","女","新竹市","健康愛家定存控"
"0a81d2f8","31-35歲","男","新北市","運動科技潮人"
"ecdd0bf8","36-40歲","女","苗栗縣","物質享樂衝購族"
"ce3359be","56-60歲","女","新竹縣","樂動廣告品牌控"
"10eef8d5","31-35歲","女","桃園市","健康愛家定存控"
"ed532be0","36-40歲","女","新竹縣","健康愛家定存控"
"81cef987","41-45歲","女","台南市","愛搜愛比網購客"
"bbee26e3","41-45歲","女","新竹縣","網購社媒手機迷"
"2b7f73b9","41-45歲","女","高雄市","獨立愛遊理財新手"
"72f049fc","41-45歲","男","新竹市","運動科技潮人"
"67547652","26-30歲","女","新竹縣","物質享樂衝購族"
"f38f5e13","26-30歲","女","高雄市","物質享樂衝購族"
"06cb7c18","51-55歲","女","新北市","品味養生理財貴族"
"ada8d696","31-35歲","女","台中市","健康愛家定存控"
"5a85b9ae","31-35歲","女","新北市","物質享樂衝購族"
"68e3ecfe","31-35歲","女","新北市","網購社媒手機迷"
"d63f49d1","41-45歲","女","新竹縣","健康愛家定存控"
"2e21f239","41-45歲","女","台北市","物質享樂衝購族"
"8012d848","31-35歲","女","新竹縣","健康愛家定存控"
"ab54112e","31-35歲","女","高雄市","健康愛家定存控"
"35c47eb2","46-50歲","女","新竹縣","物質享樂衝購族"
"f030d22d","31-35歲","女","苗栗縣","樂動廣告品牌控"
"acd5c013","31-35歲","女","新竹縣","物質享樂衝購族"
"043f89b1","36-40歲","男","新竹縣","運動科技潮人"
"9c0c4c4c","31-35歲","女","台中市","運動科技潮人"
"e4115cae","26-30歲","女","台北市","健康愛家定存控"
"1a358cac","46-50歲","男","台中市","愛搜愛比網購客"
"df136a1b","26-30歲","男","新竹縣","運動科技潮人"
"cb70343f","36-40歲","女","台東縣","健康愛家定存控"
"d64a9453","36-40歲","男","新竹縣","運動科技潮人"
"42bc8120","41-45歲","女","台北市","獨立愛遊理財新手"
"5461f668","41-45歲","女","花蓮縣","物質享樂衝購族"
"a00dc53d","36-40歲","女","嘉義市","物質享樂衝購族"
"f808f0b6","41-45歲","女","台北市","品味養生理財貴族"
"9525c20a","41-45歲","女","台南市","樂動廣告品牌控"
"6b117212","36-40歲","女","新北市","物質享樂衝購族"
"5d22bc9a","46-50歲","女","南投縣","網購社媒手機迷"
"0bc41ae4","31-35歲","女","苗栗縣","樂動廣告品牌控"
"269bb4ad","46-50歲","女","高雄市","網購社媒手機迷"
"5c27400d","46-50歲","女","桃園市","物質享樂衝購族"
"72223199","31-35歲","男","桃園市","健康愛家定存控"
"22fbb6fd","46-50歲","女","新竹縣","品味養生理財貴族"
"37c8e778","36-40歲","女","花蓮縣","健康愛家定存控"
"47651cff","51-55歲","女","台北市","網購社媒手機迷"
"2a713507","46-50歲","女","彰化縣","愛搜愛比網購客"
"8ae5b372","36-40歲","女","新北市","物質享樂衝購族"
"bb2c3a7b","26-30歲","女","新竹縣","物質享樂衝購族"
"a060eb1e","51-55歲","女","台北市","運動科技潮人"
"f8974411","41-45歲","女","新北市","獨立愛遊理財新手"
"c7b046d4","36-40歲","女","台北市","物質享樂衝購族"
"df6ec1fb","46-50歲","女","台中市","樂動廣告品牌控"
"41ed255b","41-45歲","女","新竹縣","品味養生理財貴族"
"30c2370a","56-60歲","女","台北市","傳統保健理財族"
"39ad2a2c","41-45歲","女","高雄市","網購社媒手機迷"
"7ecfaa68","41-45歲","女","花蓮縣","網購社媒手機迷"
"d1b63503","31-35歲","女","新竹縣","品味養生理財貴族"
"f9a220c9","51-55歲","女","台北市","樂動廣告品牌控"
"c7c9a902","36-40歲","女","花蓮縣","傳統保健理財族"
"6979344d","46-50歲","女","新北市","品味養生理財貴族"
"e676a1be","41-45歲","女","桃園市","獨立愛遊理財新手"
"69ec0fd4","46-50歲","男","新北市","愛搜愛比網購客"
"005ed542","31-35歲","女","新北市","物質享樂衝購族"
"db3196aa","46-50歲","女","台北市","運動科技潮人"
"48f05acb","31-35歲","女","苗栗縣","健康愛家定存控"
"258d3611","41-45歲","女","台南市","樂動廣告品牌控"
"fd509c8e","31-35歲","女","苗栗縣","樂動廣告品牌控"
"c03d925e","36-40歲","女","苗栗縣","傳統保健理財族"
"6863a27d","21-25歲","女","新竹縣","健康愛家定存控"
"6bd86f32","41-45歲","女","桃園市","獨立愛遊理財新手"
"a92d9ce6","26-30歲","女","苗栗縣","獨立愛遊理財新手"
"21cc787b","36-40歲","女","彰化縣","網購社媒手機迷"
"c7e6fa80","41-45歲","女","新竹縣","品味養生理財貴族"
"36a55989","26-30歲","男","台北市","運動科技潮人"
"de966fdb","41-45歲","女","台北市","健康愛家定存控"
"1e683733","26-30歲","女","台北市","物質享樂衝購族"
"a0a980d0","31-35歲","女","新北市","健康愛家定存控"
"f31e2865","31-35歲","女","苗栗縣","物質享樂衝購族"
"225be7f9","61-65歲","女","新竹縣","傳統保健理財族"
"758a76b0","36-40歲","男","台中市","樂動廣告品牌控"
"13dab9fc","36-40歲","女","新北市","樂動廣告品牌控"
"387633a3","36-40歲","女","彰化縣","樂動廣告品牌控"
"cfd65916","46-50歲","男","新北市","運動科技潮人"
"5b422e8c","61-65歲","女","台南市","健康愛家定存控"
"24a93835","41-45歲","女","新竹縣","樂動廣告品牌控"
"83131beb","41-45歲","女","宜蘭縣","獨立愛遊理財新手"
"54190180","41-45歲","女","苗栗縣","愛搜愛比網購客"
"54831722","46-50歲","男","嘉義市","愛搜愛比網購客"
"9cef3015","36-40歲","女","新北市","物質享樂衝購族"
"a0cc3894","41-45歲","男","彰化縣","愛搜愛比網購客"
"7f7abc5f","36-40歲","女","台北市","物質享樂衝購族"
"3331fa79","46-50歲","女","台北市","品味養生理財貴族"
"21ea9c96","51-55歲","女","新北市","健康愛家定存控"
"4f80888c","31-35歲","女","新竹縣","傳統保健理財族"
"ee799a53","36-40歲","女","新北市","獨立愛遊理財新手"
"4fab7b54","31-35歲","女","彰化縣","物質享樂衝購族"
"debda589","31-35歲","女","新北市","物質享樂衝購族"
"f5154f67","51-55歲","女","台北市","品味養生理財貴族"
"90697be5","36-40歲","女","台北市","獨立愛遊理財新手"
"fb41a157","41-45歲","女","新竹縣","品味養生理財貴族"
"d337babb","31-35歲","女","苗栗縣","網購社媒手機迷"
"7d64add4","31-35歲","女","台北市","運動科技潮人"
"de5321ce","41-45歲","女","新竹縣","物質享樂衝購族"
"d397b83b","41-45歲","男","嘉義縣","樂動廣告品牌控"
"1cd8faeb","31-35歲","女","台中市","網購社媒手機迷"
"4a8c8584","41-45歲","男","台北市","愛搜愛比網購客"
"d965b238","56-60歲","女","新北市","品味養生理財貴族"
"8cfb52c4","21-25歲","女","苗栗縣","健康愛家定存控"
"4c8e7180","36-40歲","女","新北市","運動科技潮人"
"aadc6bd0","36-40歲","女","新竹縣","愛搜愛比網購客"
"16640e81","36-40歲","女","桃園市","傳統保健理財族"
"9380bddd","31-35歲","女","新竹市","健康愛家定存控"
"85091649","46-50歲","女","新竹縣","樂動廣告品牌控"
"2255c3bd","41-45歲","男","苗栗縣","運動科技潮人"
"86fdb186","26-30歲","女","苗栗縣","物質享樂衝購族"
"4e15681b","36-40歲","女","新竹市","物質享樂衝購族"
"8c7b4f6e","31-35歲","女","新北市","物質享樂衝購族"
"84a7b761","51-55歲","女","彰化縣","物質享樂衝購族"
"1450f5e6","36-40歲","女","新北市","傳統保健理財族"
"3e1bba2c","46-50歲","女","新竹市","運動科技潮人"
"e6156b2a","26-30歲","女","苗栗縣","網購社媒手機迷"
"f8d57f62","41-45歲","女","桃園市","網購社媒手機迷"
"7bd64ece","41-45歲","男","新北市","運動科技潮人"
"67da61a4","36-40歲","女","新竹縣","樂動廣告品牌控"
"ac4c2164","46-50歲","女","台北市","健康愛家定存控"
"a95c5197","46-50歲","女","彰化縣","獨立愛遊理財新手"
"3898eea0","26-30歲","男","嘉義縣","樂動廣告品牌控"
"0486f50a","41-45歲","男","台南市","愛搜愛比網購客"
"8fc3d103","51-55歲","女","台東縣","健康愛家定存控"
"00141e33","31-35歲","女","新竹縣","物質享樂衝購族"
"8596cd0d","41-45歲","女","台中市","愛搜愛比網購客"
"2839781b","46-50歲","女","新北市","獨立愛遊理財新手"
"033ae4c3","36-40歲","男","苗栗縣","運動科技潮人"
"559c733f","36-40歲","女","新竹縣","樂動廣告品牌控"
"7c6e9cd9","31-35歲","男","台中市","物質享樂衝購族"
"4f1d1473","41-45歲","女","台北市","品味養生理財貴族"
"90962c19","36-40歲","男","台北市","運動科技潮人"
"d7459eff","36-40歲","女","高雄市","樂動廣告品牌控"
"fbbad1af","51-55歲","女","台北市","品味養生理財貴族"
"8a2eb3fe","41-45歲","女","宜蘭縣","網購社媒手機迷"
"fc5d77a3","41-45歲","男","宜蘭縣","獨立愛遊理財新手"
"bfdc0612","41-45歲","女","苗栗縣","傳統保健理財族"
"8f619c4f","46-50歲","女","台南市","品味養生理財貴族"
"72bb2ff2","41-45歲","男","新北市","樂動廣告品牌控"
"89a1a495","31-35歲","女","台中市","網購社媒手機迷"
"a27c171f","41-45歲","男","雲林縣","愛搜愛比網購客"
"283e7b69","31-35歲","女","苗栗縣","獨立愛遊理財新手"
"7d5edc96","36-40歲","女","台中市","樂動廣告品牌控"
"cd2911af","26-30歲","女","彰化縣","獨立愛遊理財新手"
"2d119f5a","36-40歲","女","桃園市","物質享樂衝購族"
"32901d02","41-45歲","男","花蓮縣","運動科技潮人"
"ae5a11aa","41-45歲","女","新竹縣","愛搜愛比網購客"
"2ca1cddf","36-40歲","女","高雄市","樂動廣告品牌控"
"eaa16e62","41-45歲","女","台南市","網購社媒手機迷"
"49d4987d","36-40歲","女","新竹縣","獨立愛遊理財新手"
"3e510540","56-60歲","男","彰化縣","運動科技潮人"
"d69ec784","41-45歲","女","台北市","運動科技潮人"
"edc56be4","46-50歲","男","台中市","運動科技潮人"
"ce6175ae","46-50歲","女","雲林縣","獨立愛遊理財新手"
"6a4b222b","31-35歲","女","台南市","健康愛家定存控"
"7fd31601","26-30歲","女","台北市","網購社媒手機迷"
"388864aa","31-35歲","女","新北市","物質享樂衝購族"
"260c9ec4","36-40歲","女","高雄市","物質享樂衝購族"
"d0be6267","36-40歲","女","台中市","物質享樂衝購族"
"9aaa93b8","41-45歲","女","高雄市","健康愛家定存控"
"872e4015","61-65歲","女","新竹縣","樂動廣告品牌控"
"845d4e4c","31-35歲","女","新竹縣","健康愛家定存控"
"93cafe8c","51-55歲","男","台中市","樂動廣告品牌控"
"d9e3e580","36-40歲","女","台北市","運動科技潮人"
"258c56f8","56-60歲","女","台北市","樂動廣告品牌控"
"c812653c","31-35歲","男","新竹市","樂動廣告品牌控"
"879ccb94","36-40歲","女","台中市","品味養生理財貴族"
"23577b71","36-40歲","女","新竹縣","健康愛家定存控"
"9333621a","41-45歲","女","台中市","樂動廣告品牌控"
"06bcd7e6","31-35歲","女","台南市","物質享樂衝購族"
"d1ef5822","31-35歲","女","台中市","物質享樂衝購族"
"04a38a5e","36-40歲","女","新竹縣","網購社媒手機迷"
"847c0661","41-45歲","女","嘉義市","品味養生理財貴族"
"5c55d3d6","41-45歲","女","台中市","物質享樂衝購族"
"c6c75261","26-30歲","女","新竹縣","網購社媒手機迷"
"50283181","31-35歲","女","新北市","物質享樂衝購族"
"f22502ab","31-35歲","女","苗栗縣","健康愛家定存控"
"248ac46d","41-45歲","男","台中市","健康愛家定存控"
"dc45c6c8","31-35歲","女","彰化縣","物質享樂衝購族"
"22d0e272","31-35歲","男","台南市","運動科技潮人"
"8a5eb447","61-65歲","男","新北市","樂動廣告品牌控"
"3207d7f2","31-35歲","女","新竹縣","健康愛家定存控"
"72072b73","41-45歲","女","新竹縣","獨立愛遊理財新手"
"b35b1a1b","31-35歲","女","新北市","健康愛家定存控"
"88e654ce","36-40歲","女","新北市","健康愛家定存控"
"2f4f5ae6","31-35歲","女","彰化縣","網購社媒手機迷"
"b58cc99d","51-55歲","男","新北市","樂動廣告品牌控"
"5d007584","36-40歲","女","桃園市","運動科技潮人"
"844f4bef","46-50歲","女","苗栗縣","獨立愛遊理財新手"
"07ec8295","41-45歲","女","台中市","健康愛家定存控"
"47101483","41-45歲","女","新竹縣","品味養生理財貴族"
"725ddbbc","41-45歲","男","新北市","運動科技潮人"
"ac894540","51-55歲","女","新竹縣","傳統保健理財族"
"60751506","36-40歲","女","新竹縣","健康愛家定存控"
"1cd4fe05","31-35歲","女","新竹縣","物質享樂衝購族"
"86bb040a","36-40歲","女","新北市","獨立愛遊理財新手"
"f1e98169","41-45歲","女","苗栗縣","愛搜愛比網購客"
"2cd93d54","36-40歲","女","新北市","品味養生理財貴族"
"37eb3af0","41-45歲","女","桃園市","品味養生理財貴族"
"12129ad3","26-30歲","女","新竹縣","傳統保健理財族"
"d9fc7046","31-35歲","女","台北市","健康愛家定存控"
"53b9acee","36-40歲","女","南投縣","樂動廣告品牌控"
"88b1ba4a","56-60歲","女","彰化縣","傳統保健理財族"
"a262f7ee","56-60歲","女","新北市","品味養生理財貴族"
"75601c26","36-40歲","男","台中市","樂動廣告品牌控"
"d8c03bf6","41-45歲","男","苗栗縣","樂動廣告品牌控"
"92ea4d13","41-45歲","女","新北市","獨立愛遊理財新手"
"35006810","31-35歲","女","台中市","樂動廣告品牌控"
"69f2536f","31-35歲","女","花蓮縣","網購社媒手機迷"
"35de825b","46-50歲","女","新北市","品味養生理財貴族"
"9f68cef3","26-30歲","女","新竹市","物質享樂衝購族"
"9a58bda9","51-55歲","女","台北市","獨立愛遊理財新手"
"85d5956f","31-35歲","女","彰化縣","網購社媒手機迷"
"96a90bdd","46-50歲","男","新北市","運動科技潮人"
"df2e190b","46-50歲","女","新竹縣","品味養生理財貴族"
"7ed0f7d7","36-40歲","男","苗栗縣","網購社媒手機迷"
"8da2e760","46-50歲","男","新竹市","運動科技潮人"
"fa065400","36-40歲","女","台北市","品味養生理財貴族"
"ee41868b","31-35歲","女","彰化縣","運動科技潮人"
"7ce37055","31-35歲","女","南投縣","物質享樂衝購族"
"85fa8707","36-40歲","女","桃園市","物質享樂衝購族"
"d2f66fff","41-45歲","女","新竹縣","物質享樂衝購族"
"5925dc01","51-55歲","女","南投縣","傳統保健理財族"
"b6ffe6ae","61-65歲","女","新竹縣","品味養生理財貴族"
"b67a18a0","61-65歲","男","台南市","愛搜愛比網購客"
"63665c70","41-45歲","女","新北市","運動科技潮人"
"ff3a627a","51-55歲","女","台北市","獨立愛遊理財新手"
"e3d0fe2b","46-50歲","男","新北市","運動科技潮人"
"acbfeefb","21-25歲","女","苗栗縣","獨立愛遊理財新手"
"9d3e0d56","46-50歲","男","新北市","樂動廣告品牌控"
"270c7482","56-60歲","男","台中市","運動科技潮人"
"65ccffd6","41-45歲","女","新北市","運動科技潮人"
"ecf84ecf","41-45歲","男","新北市","樂動廣告品牌控"
"d8dd1499","46-50歲","女","苗栗縣","品味養生理財貴族"
"15fbcb3c","66以上","女","新北市","傳統保健理財族"
"a50a52d0","46-50歲","女","高雄市","健康愛家定存控"
"819254e0","46-50歲","女","桃園市","運動科技潮人"
"70f0b95f","36-40歲","女","新北市","品味養生理財貴族"
"6ce17b7c","41-45歲","女","新竹縣","運動科技潮人"
"77703033","61-65歲","女","新北市","傳統保健理財族"
"5dbda389","56-60歲","女","台北市","健康愛家定存控"
"d26f45bd","31-35歲","女","桃園市","運動科技潮人"
"8269a087","46-50歲","女","台中市","網購社媒手機迷"
"d2bdcbfb","41-45歲","女","高雄市","網購社媒手機迷"
"061a71c7","51-55歲","女","新北市","品味養生理財貴族"
"7180b2d5","31-35歲","女","新北市","健康愛家定存控"
"9a27b4c2","46-50歲","男","新竹縣","運動科技潮人"
"8eb313ac","56-60歲","女","新北市","愛搜愛比網購客"
"e33bf6a0","46-50歲","女","新北市","品味養生理財貴族"
"d25331b3","56-60歲","女","台南市","樂動廣告品牌控"
"af2fe733","31-35歲","男","台中市","樂動廣告品牌控"
"586ec6fb","46-50歲","女","彰化縣","物質享樂衝購族"
"d3e5bffa","36-40歲","女","台中市","物質享樂衝購族"
"6527702e","26-30歲","女","台中市","獨立愛遊理財新手"
"39e01e86","36-40歲","女","台北市","樂動廣告品牌控"
"2af99ee1","41-45歲","女","台北市","物質享樂衝購族"
"1cb5c530","21-25歲","女","新竹市","健康愛家定存控"
"c8d29763","41-45歲","女","台中市","樂動廣告品牌控"
"dbb1515b","31-35歲","女","新竹縣","物質享樂衝購族"
"48a7b5f0","31-35歲","女","桃園市","樂動廣告品牌控"
"9b0b2dd9","36-40歲","女","新北市","物質享樂衝購族"
"1f25c464","46-50歲","女","苗栗縣","傳統保健理財族"
"a96ae195","36-40歲","女","新竹縣","網購社媒手機迷"
"b4cb686a","31-35歲","女","台中市","物質享樂衝購族"
"f45aec32","41-45歲","女","基隆市","傳統保健理財族"
"13216323","26-30歲","女","桃園市","物質享樂衝購族"
"821512c9","46-50歲","男","新北市","愛搜愛比網購客"
"4e4eb779","26-30歲","女","新竹縣","健康愛家定存控"
"24c2278e","51-55歲","男","台北市","運動科技潮人"
"3a20cf1b","36-40歲","女","雲林縣","物質享樂衝購族"
"b10ec5f4","31-35歲","男","新北市","運動科技潮人"
"9fe1f0b2","41-45歲","女","新竹縣","健康愛家定存控"
"53a3782a","46-50歲","女","台南市","物質享樂衝購族"
"67aa3c93","36-40歲","男","台中市","樂動廣告品牌控"
"30f50cbf","36-40歲","女","苗栗縣","物質享樂衝購族"
"ed6fe23b","31-35歲","女","苗栗縣","物質享樂衝購族"
"d82fc654","41-45歲","男","新北市","運動科技潮人"
"7a311d1b","66以上","女","苗栗縣","品味養生理財貴族"
"95562c3c","31-35歲","男","桃園市","獨立愛遊理財新手"
"7c085c21","41-45歲","女","新北市","傳統保健理財族"
"c4b4b981","31-35歲","女","苗栗縣","健康愛家定存控"
"fd6421b3","46-50歲","男","新北市","運動科技潮人"
"9c30bc8a","31-35歲","女","台中市","健康愛家定存控"
"7b68203f","51-55歲","女","台中市","網購社媒手機迷"
"d5e44081","46-50歲","女","台南市","品味養生理財貴族"
"6ef8ed0e","31-35歲","女","新竹縣","網購社媒手機迷"
"00886e5b","26-30歲","女","嘉義縣","物質享樂衝購族"
"3ed8cbeb","41-45歲","女","苗栗縣","健康愛家定存控"
"c3c077c9","26-30歲","女","雲林縣","獨立愛遊理財新手"
"5ceca8a5","36-40歲","女","新北市","樂動廣告品牌控"
"6747b822","31-35歲","女","花蓮縣","物質享樂衝購族"
"9498a92d","56-60歲","男","新北市","樂動廣告品牌控"
"85774e17","41-45歲","女","新竹縣","獨立愛遊理財新手"
"158ed073","21-25歲","男","台南市","樂動廣告品牌控"
"fa106590","41-45歲","女","新竹縣","樂動廣告品牌控"
"8145effb","41-45歲","女","彰化縣","品味養生理財貴族"
"5b88c962","31-35歲","女","宜蘭縣","物質享樂衝購族"
"b3cb85c6","41-45歲","女","台南市","網購社媒手機迷"
"f25cf3ac","46-50歲","女","桃園市","物質享樂衝購族"
"f271d650","36-40歲","女","新北市","網購社媒手機迷"
"1c08153f","31-35歲","女","新北市","健康愛家定存控"
"98aaf15d","51-55歲","女","嘉義市","傳統保健理財族"
"26c29bbf","36-40歲","女","苗栗縣","樂動廣告品牌控"
"996f6ab1","31-35歲","女","台北市","健康愛家定存控"
"27632516","36-40歲","男","新北市","運動科技潮人"
"fa8c83bb","26-30歲","女","苗栗縣","網購社媒手機迷"
"5d47b0ea","56-60歲","女","台北市","樂動廣告品牌控"
"f2d0cb6e","36-40歲","女","台中市","物質享樂衝購族"
"4c735a43","56-60歲","女","新北市","愛搜愛比網購客"
"27439bd9","51-55歲","女","台北市","傳統保健理財族"
"2bac27ff","36-40歲","男","新北市","健康愛家定存控"
"5c972511","41-45歲","女","台北市","品味養生理財貴族"
"b3eb9f8d","41-45歲","女","高雄市","傳統保健理財族"
"78250c19","51-55歲","女","宜蘭縣","品味養生理財貴族"
"13f74e07","46-50歲","女","新竹市","運動科技潮人"
"2c6db59c","26-30歲","女","新竹縣","物質享樂衝購族"
"c6afd0d2","31-35歲","女","台北市","運動科技潮人"
"6d39e411","26-30歲","女","嘉義市","健康愛家定存控"
"4c0bbb95","31-35歲","女","南投縣","物質享樂衝購族"
"9810e8ae","21-25歲","女","新竹市","健康愛家定存控"
"0c7ec3a5","41-45歲","女","台北市","物質享樂衝購族"
"aa7f5894","41-45歲","女","新北市","品味養生理財貴族"
"41463783","31-35歲","女","彰化縣","健康愛家定存控"
"195b92d8","36-40歲","女","台中市","傳統保健理財族"
"a1f78019","41-45歲","女","台中市","獨立愛遊理財新手"
"b517251e","31-35歲","女","新北市","物質享樂衝購族"
"ff669ef7","51-55歲","男","新北市","樂動廣告品牌控"
"c62dce1a","36-40歲","女","台中市","網購社媒手機迷"
"3acf3c5f","41-45歲","女","台中市","獨立愛遊理財新手"
"068a24d7","46-50歲","女","台北市","品味養生理財貴族"
"211cfab5","31-35歲","女","桃園市","樂動廣告品牌控"
"c652efff","46-50歲","女","桃園市","網購社媒手機迷"
"30f138f3","41-45歲","女","新北市","運動科技潮人"
"21ac29d8","31-35歲","女","高雄市","獨立愛遊理財新手"
"d3d9f69e","36-40歲","女","彰化縣","樂動廣告品牌控"
"4149b557","51-55歲","女","新竹縣","樂動廣告品牌控"
"f579da38","46-50歲","女","台北市","物質享樂衝購族"
"8a66da69","26-30歲","男","新竹縣","運動科技潮人"
"a6cafc2a","36-40歲","女","台北市","獨立愛遊理財新手"
"e5a7260f","26-30歲","女","台中市","物質享樂衝購族"
"0887c6bd","56-60歲","女","花蓮縣","品味養生理財貴族"
"7dcea701","51-55歲","男","桃園市","樂動廣告品牌控"
"0308eead","46-50歲","女","南投縣","樂動廣告品牌控"
"0b520b12","26-30歲","男","新北市","樂動廣告品牌控"
"1362d253","36-40歲","女","新竹縣","物質享樂衝購族"
"b9f18b5c","31-35歲","女","台北市","網購社媒手機迷"
"fc387c0d","41-45歲","男","台北市","運動科技潮人"
"ee1bd849","31-35歲","女","彰化縣","樂動廣告品牌控"
"3c552e7c","41-45歲","男","台北市","運動科技潮人"
"65d9f530","41-45歲","女","新北市","網購社媒手機迷"
"bd1e3f30","26-30歲","男","台北市","運動科技潮人"
"1da73d29","36-40歲","女","台中市","品味養生理財貴族"
"0479df04","36-40歲","女","彰化縣","物質享樂衝購族"
"6b4251da","56-60歲","女","新竹縣","品味養生理財貴族"
"26275ea2","46-50歲","男","新竹縣","愛搜愛比網購客"
"262fa003","26-30歲","女","新北市","物質享樂衝購族"
"1a175a5a","26-30歲","女","台南市","物質享樂衝購族"
"7b135e71","31-35歲","男","新竹縣","運動科技潮人"
"1c9d53bc","56-60歲","女","台中市","品味養生理財貴族"
"0c9ff541","31-35歲","女","新北市","獨立愛遊理財新手"
"6f95269e","31-35歲","男","彰化縣","獨立愛遊理財新手"
"e14aeced","36-40歲","女","新竹縣","物質享樂衝購族"
"8653b1bc","31-35歲","男","高雄市","運動科技潮人"
"c50cc1d3","31-35歲","女","新竹縣","物質享樂衝購族"
"283c4a09","46-50歲","女","台北市","運動科技潮人"
"43cb12a7","41-45歲","女","新北市","品味養生理財貴族"
"3a38aae4","31-35歲","女","彰化縣","物質享樂衝購族"
"600facaf","51-55歲","女","花蓮縣","品味養生理財貴族"
"531c742b","26-30歲","女","桃園市","獨立愛遊理財新手"
"32f7fe1d","46-50歲","女","台中市","網購社媒手機迷"
"ba215cf8","31-35歲","男","台北市","運動科技潮人"
"36ba4b67","46-50歲","女","新竹縣","樂動廣告品牌控"
"a3bf99c8","31-35歲","女","桃園市","獨立愛遊理財新手"
"e0f49e27","46-50歲","女","新竹縣","樂動廣告品牌控"
"cbf5f023","26-30歲","女","嘉義市","網購社媒手機迷"
"87612cbd","36-40歲","女","彰化縣","物質享樂衝購族"
"32568080","46-50歲","女","新北市","品味養生理財貴族"
"4ed52512","41-45歲","女","台東縣","獨立愛遊理財新手"
"94ba023c","36-40歲","女","桃園市","物質享樂衝購族"
"8d923096","36-40歲","女","高雄市","健康愛家定存控"
"510a7113","31-35歲","女","彰化縣","樂動廣告品牌控"
"6a3481ae","31-35歲","女","彰化縣","物質享樂衝購族"
"4662d6c9","46-50歲","女","新竹縣","獨立愛遊理財新手"
"14f68f42","31-35歲","男","台北市","運動科技潮人"
"ac85a0fb","26-30歲","女","台中市","獨立愛遊理財新手"
"69647d11","36-40歲","女","新北市","品味養生理財貴族"
"b9ea0337","41-45歲","男","新竹縣","運動科技潮人"
"a8e47c80","46-50歲","女","台北市","傳統保健理財族"
"5bc6ecb8","36-40歲","女","新竹縣","樂動廣告品牌控"
"54b03612","31-35歲","男","台南市","運動科技潮人"
"6c5f85f5","56-60歲","女","花蓮縣","傳統保健理財族"
"98bc0dd8","36-40歲","女","屏東縣","網購社媒手機迷"
"83c557c7","46-50歲","女","新竹縣","品味養生理財貴族"
"e805cab6","41-45歲","女","台中市","品味養生理財貴族"
"a39282ea","56-60歲","男","花蓮縣","運動科技潮人"
"75836e9f","36-40歲","女","苗栗縣","物質享樂衝購族"
"51d3177a","41-45歲","女","桃園市","品味養生理財貴族"
"1884f353","41-45歲","女","嘉義市","物質享樂衝購族"
"7822b9df","41-45歲","女","新竹市","樂動廣告品牌控"
"0fdc96d7","26-30歲","女","雲林縣","獨立愛遊理財新手"
"8762a2e6","36-40歲","女","台北市","網購社媒手機迷"
"fe77007d","41-45歲","女","新北市","品味養生理財貴族"
"272cd122","36-40歲","女","南投縣","網購社媒手機迷"
"d5ca538b","61-65歲","男","台東縣","愛搜愛比網購客"
"b554b390","41-45歲","女","新竹市","健康愛家定存控"
"6557083b","36-40歲","男","新北市","運動科技潮人"
"d0a60036","31-35歲","女","苗栗縣","健康愛家定存控"
"ad213fc2","51-55歲","女","新竹縣","樂動廣告品牌控"
"a0ff99a4","31-35歲","女","台中市","健康愛家定存控"
"85b054f3","31-35歲","女","台中市","健康愛家定存控"
"bf405b7a","41-45歲","女","台北市","物質享樂衝購族"
"a5417a76","31-35歲","男","新竹縣","健康愛家定存控"
"a076d9ec","41-45歲","女","新北市","獨立愛遊理財新手"
"af544b12","51-55歲","女","台南市","網購社媒手機迷"
"5bf0f0e8","41-45歲","女","高雄市","物質享樂衝購族"
"4e003cb5","41-45歲","女","新北市","物質享樂衝購族"
"2c5998b1","31-35歲","女","台北市","網購社媒手機迷"
"448af438","46-50歲","女","桃園市","品味養生理財貴族"
"cd4d447e","41-45歲","女","桃園市","網購社媒手機迷"
"edd77b76","51-55歲","女","高雄市","網購社媒手機迷"
"84baf723","31-35歲","女","高雄市","健康愛家定存控"
"3db21362","51-55歲","女","台南市","品味養生理財貴族"
"3c67aec8","56-60歲","女","新北市","網購社媒手機迷"
"e4206e08","41-45歲","女","新北市","品味養生理財貴族"
"e7d3f17f","41-45歲","男","新竹縣","運動科技潮人"
"6be3356f","31-35歲","男","高雄市","樂動廣告品牌控"
"b96b50af","26-30歲","女","南投縣","網購社媒手機迷"
"485aa883","46-50歲","女","新北市","獨立愛遊理財新手"
"6a7db787","41-45歲","男","新北市","樂動廣告品牌控"
"67e390b1","31-35歲","男","台中市","運動科技潮人"
"7b8333c4","51-55歲","女","新北市","網購社媒手機迷"
"d4933617","31-35歲","女","台南市","健康愛家定存控"
"7fce4652","31-35歲","女","新北市","健康愛家定存控"
"bda1dfd8","41-45歲","女","高雄市","健康愛家定存控"
"bae477c4","46-50歲","女","苗栗縣","網購社媒手機迷"
"cb106fff","31-35歲","女","苗栗縣","物質享樂衝購族"
"1091ba71","36-40歲","女","台中市","獨立愛遊理財新手"
"bbce0df1","51-55歲","女","新北市","健康愛家定存控"
"3947b3aa","46-50歲","男","新竹縣","健康愛家定存控"
"e3666292","36-40歲","女","台北市","獨立愛遊理財新手"
"7673fe90","26-30歲","女","新竹縣","物質享樂衝購族"
"b2312871","51-55歲","女","台中市","健康愛家定存控"
"c25aa342","31-35歲","女","彰化縣","樂動廣告品牌控"
"6e83145f","41-45歲","女","桃園市","物質享樂衝購族"
"aab77414","46-50歲","女","新北市","品味養生理財貴族"
"e11c6a5a","31-35歲","女","台北市","健康愛家定存控"
"d7df1cff","46-50歲","女","台南市","品味養生理財貴族"
"69f1594d","36-40歲","女","台北市","物質享樂衝購族"
"1229f7f1","36-40歲","男","彰化縣","樂動廣告品牌控"
"b007d152","61-65歲","女","桃園市","網購社媒手機迷"
"31149bd3","21-25歲","女","新北市","健康愛家定存控"
"5c967204","41-45歲","女","彰化縣","品味養生理財貴族"
"60f1be41","61-65歲","女","台北市","品味養生理財貴族"
"4880a118","46-50歲","女","新北市","物質享樂衝購族"
"f70f0149","51-55歲","男","台中市","傳統保健理財族"
"01a254c3","26-30歲","女","台中市","物質享樂衝購族"
"ddefaf7b","46-50歲","男","台北市","運動科技潮人"
"0798ff4a","61-65歲","女","花蓮縣","健康愛家定存控"
"f843a7f1","41-45歲","女","新北市","獨立愛遊理財新手"
"2a32781d","46-50歲","女","彰化縣","獨立愛遊理財新手"
"958ff3f3","26-30歲","男","新竹市","運動科技潮人"
"486bd4b3","31-35歲","男","新北市","運動科技潮人"
"2d143152","31-35歲","女","台北市","獨立愛遊理財新手"
"b266fb67","61-65歲","女","新竹市","品味養生理財貴族"
"76fa845d","31-35歲","男","高雄市","物質享樂衝購族"
"0b07f6a1","46-50歲","女","新竹縣","品味養生理財貴族"
"9b4dfc6a","36-40歲","女","新竹市","傳統保健理財族"
"9099195b","41-45歲","女","台中市","網購社媒手機迷"
"968028eb","41-45歲","女","新北市","品味養生理財貴族"
"9efbf1a1","51-55歲","女","台北市","傳統保健理財族"
"533443ed","31-35歲","女","台北市","物質享樂衝購族"
"706e92f5","46-50歲","男","新竹縣","樂動廣告品牌控"
"147ac2a6","46-50歲","男","台南市","樂動廣告品牌控"
"18ae4959","36-40歲","女","新北市","物質享樂衝購族"
"f5e28f2f","31-35歲","女","桃園市","物質享樂衝購族"
"c4675194","66以上","男","桃園市","愛搜愛比網購客"
"b5b97657","51-55歲","女","新竹縣","愛搜愛比網購客"
"cd8428ba","46-50歲","女","新竹縣","品味養生理財貴族"
"f971eb35","46-50歲","女","台北市","獨立愛遊理財新手"
"2cd72da1","36-40歲","女","苗栗縣","健康愛家定存控"
"6f06fa5c","26-30歲","女","彰化縣","樂動廣告品牌控"
"f44c0909","51-55歲","女","桃園市","品味養生理財貴族"
"ed612e75","26-30歲","女","南投縣","物質享樂衝購族"
"22ba3dc3","41-45歲","女","新北市","樂動廣告品牌控"
"c118a135","41-45歲","女","台中市","傳統保健理財族"
"99570d2d","41-45歲","女","台中市","獨立愛遊理財新手"
"d48c24e8","31-35歲","女","苗栗縣","網購社媒手機迷"
"23f8184c","41-45歲","女","新竹縣","品味養生理財貴族"
"155bb638","56-60歲","女","新竹縣","樂動廣告品牌控"
"64a14b9f","46-50歲","女","新竹縣","樂動廣告品牌控"
"acc21531","31-35歲","女","台中市","網購社媒手機迷"
"4506b04c","41-45歲","女","台中市","品味養生理財貴族"
"3c31389f","31-35歲","女","新北市","運動科技潮人"
"9d2c5f5f","51-55歲","女","新北市","健康愛家定存控"
"35f927b7","41-45歲","女","台北市","樂動廣告品牌控"
"bad68a3e","51-55歲","男","新北市","運動科技潮人"
"74fdc779","26-30歲","女","新北市","物質享樂衝購族"
"1ab373df","36-40歲","女","高雄市","健康愛家定存控"
"b21e2220","41-45歲","女","新竹縣","物質享樂衝購族"
"a77f6d5b","26-30歲","男","新北市","運動科技潮人"
"179f437c","31-35歲","女","苗栗縣","樂動廣告品牌控"
"3a8c45b9","41-45歲","男","苗栗縣","樂動廣告品牌控"
"3389f096","41-45歲","女","台北市","健康愛家定存控"
"93fe0217","41-45歲","男","台中市","運動科技潮人"
"c634fc88","31-35歲","女","苗栗縣","物質享樂衝購族"
"6e756670","46-50歲","男","台北市","樂動廣告品牌控"
"8fc6c99d","36-40歲","女","高雄市","樂動廣告品牌控"
"a876a144","46-50歲","女","桃園市","運動科技潮人"
"8b0e7a5e","41-45歲","女","新北市","物質享樂衝購族"
"45cc27db","36-40歲","女","台中市","獨立愛遊理財新手"
"2470b97c","31-35歲","女","花蓮縣","樂動廣告品牌控"
"0418bd1c","26-30歲","女","台中市","獨立愛遊理財新手"
"e099dcaa","46-50歲","男","新北市","物質享樂衝購族"
"32b52f1e","36-40歲","男","新北市","運動科技潮人"
"a4e5fa89","31-35歲","女","新竹縣","健康愛家定存控"
"bcb0465a","36-40歲","女","雲林縣","物質享樂衝購族"
"31c5973c","51-55歲","女","新北市","樂動廣告品牌控"
"94e03c20","41-45歲","男","彰化縣","樂動廣告品牌控"
"66ebad03","36-40歲","男","台北市","樂動廣告品牌控"
"b3c66018","36-40歲","男","高雄市","樂動廣告品牌控"
"255b6016","46-50歲","女","花蓮縣","樂動廣告品牌控"
"110e9655","41-45歲","女","桃園市","物質享樂衝購族"
"012f6997","31-35歲","女","彰化縣","物質享樂衝購族"
"4df41892","31-35歲","女","高雄市","獨立愛遊理財新手"
"e0e133f1","51-55歲","女","桃園市","品味養生理財貴族"
"da0cbc48","46-50歲","男","台東縣","樂動廣告品牌控"
"e12bf8c8","31-35歲","男","新北市","運動科技潮人"
"1336fe28","36-40歲","女","桃園市","樂動廣告品牌控"
"cf0f8704","41-45歲","女","新竹縣","物質享樂衝購族"
"63d8080b","26-30歲","男","新竹縣","運動科技潮人"
"10dad18f","26-30歲","女","高雄市","物質享樂衝購族"
"95104fa8","31-35歲","女","苗栗縣","網購社媒手機迷"
"9fa34d2f","41-45歲","女","高雄市","愛搜愛比網購客"
"f7de4427","36-40歲","女","新竹縣","品味養生理財貴族"
"e6e05eeb","46-50歲","女","台南市","品味養生理財貴族"
"d2bed7b5","26-30歲","女","新竹縣","獨立愛遊理財新手"
"f990ae39","41-45歲","女","新北市","獨立愛遊理財新手"
"c51323c8","46-50歲","男","彰化縣","樂動廣告品牌控"
"95fd70e8","36-40歲","女","台北市","樂動廣告品牌控"
"6389b0e6","31-35歲","男","苗栗縣","樂動廣告品牌控"
"d492d995","31-35歲","女","新竹縣","物質享樂衝購族"
"01ae2f33","21-25歲","女","新竹縣","物質享樂衝購族"
"87fc50bd","26-30歲","女","苗栗縣","健康愛家定存控"
"4a0c7aff","46-50歲","男","苗栗縣","樂動廣告品牌控"
"b4ba6229","36-40歲","女","彰化縣","網購社媒手機迷"
"c17dce7d","26-30歲","男","桃園市","運動科技潮人"
"30b2b843","36-40歲","男","新北市","運動科技潮人"
"8fa09baa","41-45歲","女","台中市","網購社媒手機迷"
"615eb5ed","31-35歲","女","新北市","傳統保健理財族"
"76793d92","36-40歲","女","新北市","網購社媒手機迷"
"d2db37cd","36-40歲","女","新北市","健康愛家定存控"
"f5457c85","31-35歲","女","新北市","物質享樂衝購族"
"6e387d59","26-30歲","女","新竹縣","網購社媒手機迷"
"f901f54d","31-35歲","女","高雄市","網購社媒手機迷"
"e2a25fd4","46-50歲","女","高雄市","樂動廣告品牌控"
"11213e60","41-45歲","女","苗栗縣","愛搜愛比網購客"
"964e2b29","26-30歲","女","新竹市","獨立愛遊理財新手"
"ea4e6d89","41-45歲","男","台中市","愛搜愛比網購客"
"ada1afa2","56-60歲","女","花蓮縣","樂動廣告品牌控"
"bb4a6ba7","56-60歲","女","台南市","網購社媒手機迷"
"9440164f","51-55歲","女","桃園市","網購社媒手機迷"
"1079759b","46-50歲","男","新竹縣","樂動廣告品牌控"
"b373211c","26-30歲","女","桃園市","獨立愛遊理財新手"
"735e9b32","36-40歲","女","新竹縣","獨立愛遊理財新手"
"7cc55e35","36-40歲","女","花蓮縣","樂動廣告品牌控"
"b2e032b6","46-50歲","女","新竹縣","傳統保健理財族"
"883f6574","31-35歲","女","新北市","健康愛家定存控"
"4c13ecb9","26-30歲","女","新竹市","獨立愛遊理財新手"
"df45cf28","31-35歲","女","新北市","樂動廣告品牌控"
"6062462a","36-40歲","女","彰化縣","物質享樂衝購族"
"1795dd9c","31-35歲","女","台南市","獨立愛遊理財新手"
"458d3b9b","31-35歲","女","高雄市","網購社媒手機迷"
"4c43ec21","41-45歲","女","台南市","品味養生理財貴族"
"5f1a9d9c","46-50歲","女","台中市","獨立愛遊理財新手"
"d8eb20f1","31-35歲","男","新北市","運動科技潮人"
"e436f8a2","46-50歲","男","台北市","樂動廣告品牌控"
"57c29bb1","31-35歲","男","高雄市","樂動廣告品牌控"
"8562e81a","56-60歲","男","新竹市","運動科技潮人"
"3fedaf27","51-55歲","男","新竹縣","樂動廣告品牌控"
"33adac77","41-45歲","男","雲林縣","運動科技潮人"
"d7060905","51-55歲","女","台北市","網購社媒手機迷"
"f415c5f3","51-55歲","女","台北市","獨立愛遊理財新手"
"be6258d6","31-35歲","女","屏東縣","網購社媒手機迷"
"a509dce7","51-55歲","男","新竹縣","運動科技潮人"
"4693e415","31-35歲","女","新北市","網購社媒手機迷"
"56e1518c","26-30歲","女","新竹縣","獨立愛遊理財新手"
"ce1e7ea8","46-50歲","女","高雄市","傳統保健理財族"
"3e44da28","26-30歲","男","新北市","運動科技潮人"
"a2f23e0e","46-50歲","女","新北市","樂動廣告品牌控"
"cba39296","31-35歲","女","桃園市","運動科技潮人"
"245314b9","46-50歲","男","台北市","健康愛家定存控"
"75edd6be","41-45歲","男","苗栗縣","運動科技潮人"
"f9cd5605","36-40歲","女","苗栗縣","網購社媒手機迷"
"dc8692fd","41-45歲","女","新北市","樂動廣告品牌控"
"1f5fb4c1","36-40歲","女","台中市","品味養生理財貴族"
"f47aafc2","56-60歲","男","台北市","樂動廣告品牌控"
"baabfabd","36-40歲","男","台南市","樂動廣告品牌控"
"c0ccbd6b","56-60歲","女","苗栗縣","品味養生理財貴族"
"c70622fb","46-50歲","女","台南市","品味養生理財貴族"
"7a89e945","31-35歲","男","嘉義縣","樂動廣告品牌控"
"7a6efc19","36-40歲","女","桃園市","網購社媒手機迷"
"37c6b083","41-45歲","男","新北市","樂動廣告品牌控"
"03cd085e","46-50歲","女","花蓮縣","品味養生理財貴族"
"ed11a687","21-25歲","女","彰化縣","獨立愛遊理財新手"
"6c86763b","26-30歲","女","新北市","健康愛家定存控"
"8e95cc8e","46-50歲","男","花蓮縣","愛搜愛比網購客"
"2f1f1355","36-40歲","女","苗栗縣","品味養生理財貴族"
"b6c4e31c","41-45歲","女","台中市","物質享樂衝購族"
"ec781ecc","36-40歲","女","彰化縣","物質享樂衝購族"
"b224e7c6","51-55歲","女","苗栗縣","獨立愛遊理財新手"
"cf75de78","31-35歲","女","花蓮縣","網購社媒手機迷"
"a5f5a3c1","51-55歲","女","桃園市","品味養生理財貴族"
"6c7ba836","31-35歲","男","苗栗縣","運動科技潮人"
"100e4016","56-60歲","女","新北市","品味養生理財貴族"
"33ceeb8c","31-35歲","女","台南市","獨立愛遊理財新手"
"3f99a2cf","41-45歲","女","花蓮縣","品味養生理財貴族"
"914ee16f","41-45歲","女","桃園市","傳統保健理財族"
"c83ec40c","46-50歲","女","新北市","運動科技潮人"
"2bd85876","51-55歲","男","新北市","品味養生理財貴族"
"69f07339","36-40歲","男","彰化縣","物質享樂衝購族"
"790976bd","56-60歲","女","桃園市","健康愛家定存控"
"a55a4639","31-35歲","女","新竹市","健康愛家定存控"
"654128fe","41-45歲","女","台南市","物質享樂衝購族"
"e0aa6277","36-40歲","女","新竹縣","品味養生理財貴族"
"0d7f41c7","51-55歲","女","台中市","品味養生理財貴族"
"2a3af090","51-55歲","女","高雄市","品味養生理財貴族"
"41d90df2","41-45歲","男","新竹市","運動科技潮人"
"b2d40b34","41-45歲","女","嘉義市","健康愛家定存控"
"50434336","46-50歲","女","桃園市","網購社媒手機迷"
"b0a6eb94","41-45歲","女","新北市","健康愛家定存控"
"40bfe765","31-35歲","女","新竹縣","獨立愛遊理財新手"
"18b4d582","31-35歲","女","花蓮縣","物質享樂衝購族"
"b15473d3","46-50歲","女","新北市","品味養生理財貴族"
"1310ef37","51-55歲","女","彰化縣","愛搜愛比網購客"
"1be4fda8","36-40歲","女","花蓮縣","網購社媒手機迷"
"53dde826","36-40歲","男","台中市","愛搜愛比網購客"
"e1a7bcdd","36-40歲","男","台中市","運動科技潮人"
"a38b14d4","66以上","女","宜蘭縣","傳統保健理財族"
"cb2dde6b","21-25歲","女","苗栗縣","獨立愛遊理財新手"
"ed25a8ad","36-40歲","女","新竹縣","樂動廣告品牌控"
"599df3f9","31-35歲","女","苗栗縣","健康愛家定存控"
"a402018a","41-45歲","男","台北市","運動科技潮人"
"3884af76","46-50歲","女","新竹縣","樂動廣告品牌控"
"71e4dfe4","31-35歲","女","台北市","網購社媒手機迷"
"1b433b47","26-30歲","女","台中市","健康愛家定存控"
"2c57f463","36-40歲","女","台中市","品味養生理財貴族"
"f8da9cbf","31-35歲","女","新北市","物質享樂衝購族"
"bc1723e8","41-45歲","女","台中市","健康愛家定存控"
"8bec5204","51-55歲","女","彰化縣","愛搜愛比網購客"
"285d7bba","31-35歲","女","花蓮縣","獨立愛遊理財新手"
"a2c1018a","36-40歲","女","新竹市","樂動廣告品牌控"
"da8fad9a","31-35歲","女","新北市","獨立愛遊理財新手"
"a3d7dd43","36-40歲","男","新北市","傳統保健理財族"
"1ecce699","26-30歲","女","新北市","健康愛家定存控"
"7c717b65","26-30歲","女","新竹縣","物質享樂衝購族"
"320f4852","41-45歲","女","彰化縣","物質享樂衝購族"
"6f89821d","41-45歲","女","雲林縣","樂動廣告品牌控"
"2a0357c9","36-40歲","男","新北市","運動科技潮人"
"6f7d77ac","36-40歲","女","新竹縣","物質享樂衝購族"
"4b46c31c","31-35歲","女","苗栗縣","網購社媒手機迷"
"5b8148f4","41-45歲","男","新北市","愛搜愛比網購客"
"11bcc331","21-25歲","女","新竹市","獨立愛遊理財新手"
"df6d47cd","56-60歲","女","新北市","網購社媒手機迷"
"5d634539","31-35歲","女","新竹縣","健康愛家定存控"
"eebabed8","26-30歲","女","苗栗縣","網購社媒手機迷"
"d3e3ce6b","41-45歲","女","新竹縣","網購社媒手機迷"
"fe58062d","51-55歲","女","台北市","運動科技潮人"
"79bcc55c","51-55歲","男","新北市","運動科技潮人"
"027d9e93","41-45歲","女","新北市","物質享樂衝購族"
"e7629f51","41-45歲","女","桃園市","物質享樂衝購族"
"e3ce1973","26-30歲","女","新竹縣","網購社媒手機迷"
"330cabf8","36-40歲","男","新北市","運動科技潮人"
"4e7b6e17","31-35歲","女","花蓮縣","健康愛家定存控"
"2bf802c9","26-30歲","女","花蓮縣","物質享樂衝購族"
"7a8b9332","46-50歲","女","宜蘭縣","網購社媒手機迷"
"90b4edac","31-35歲","女","新北市","獨立愛遊理財新手"
"9fdfa1df","46-50歲","男","台南市","健康愛家定存控"
"99454911","41-45歲","男","新竹縣","樂動廣告品牌控"
"c564fa74","46-50歲","女","新竹縣","品味養生理財貴族"
"111c8c44","56-60歲","女","新北市","品味養生理財貴族"
"03f54b00","26-30歲","女","新竹縣","網購社媒手機迷"
"6a02c4b6","36-40歲","女","桃園市","物質享樂衝購族"
"cc1cf52e","41-45歲","女","台北市","品味養生理財貴族"
"1aac78db","36-40歲","男","新北市","運動科技潮人"
"5b4d8463","51-55歲","女","新北市","愛搜愛比網購客"
"9747cbe3","46-50歲","男","新竹縣","愛搜愛比網購客"
"2df401ac","36-40歲","男","雲林縣","樂動廣告品牌控"
"942b45de","61-65歲","女","桃園市","樂動廣告品牌控"
"1f677e4d","26-30歲","女","花蓮縣","物質享樂衝購族"
"86ae5daa","41-45歲","男","新竹縣","運動科技潮人"
"e71cacf5","46-50歲","女","新北市","健康愛家定存控"
"d7954857","36-40歲","男","苗栗縣","樂動廣告品牌控"
"5da8ee8d","26-30歲","男","新竹縣","樂動廣告品牌控"
"42ba24dc","31-35歲","女","台北市","傳統保健理財族"
"0e15660c","31-35歲","男","台中市","運動科技潮人"
"db23e7c2","36-40歲","女","台北市","物質享樂衝購族"
"18dd27e8","51-55歲","女","新北市","品味養生理財貴族"
"13ea3ced","31-35歲","女","新竹縣","健康愛家定存控"
"0e042fd6","26-30歲","男","新竹縣","運動科技潮人"
"98385116","31-35歲","男","苗栗縣","運動科技潮人"
"5318d30f","41-45歲","男","新竹縣","運動科技潮人"
"7c700ff9","46-50歲","女","新竹縣","網購社媒手機迷"
"9992d02e","51-55歲","女","台中市","品味養生理財貴族"
"509b7b12","21-25歲","女","苗栗縣","物質享樂衝購族"
"e05e1d44","51-55歲","女","苗栗縣","品味養生理財貴族"
"c6d88b92","51-55歲","男","台中市","愛搜愛比網購客"
"a799edb2","31-35歲","男","基隆市","樂動廣告品牌控"
"6b4ad0de","51-55歲","女","新北市","健康愛家定存控"
"6e896143","41-45歲","女","台北市","運動科技潮人"
"5e3edfcc","36-40歲","女","高雄市","物質享樂衝購族"
"cc118666","41-45歲","女","台中市","物質享樂衝購族"
"df501dde","36-40歲","女","新竹縣","獨立愛遊理財新手"
"3b7ba2aa","51-55歲","男","嘉義縣","樂動廣告品牌控"
"68e6d2e1","46-50歲","女","桃園市","獨立愛遊理財新手"
"97a90916","56-60歲","女","台北市","網購社媒手機迷"
"3dc0d7af","41-45歲","女","新北市","網購社媒手機迷"
"9dac6cf0","41-45歲","女","新竹縣","傳統保健理財族"
"d1afddaf","46-50歲","女","彰化縣","健康愛家定存控"
"10a797db","31-35歲","女","花蓮縣","健康愛家定存控"
"3312ca19","46-50歲","女","新北市","樂動廣告品牌控"
"41fb596c","41-45歲","女","桃園市","網購社媒手機迷"
"84426ae2","41-45歲","女","嘉義市","網購社媒手機迷"
"0f89469b","26-30歲","女","新竹縣","獨立愛遊理財新手"
"c5797fe2","36-40歲","女","苗栗縣","品味養生理財貴族"
"3e898935","31-35歲","女","台北市","健康愛家定存控"
"bc1e7e79","41-45歲","女","台中市","愛搜愛比網購客"
"4d0aff7b","51-55歲","女","台中市","愛搜愛比網購客"
"6259ca82","36-40歲","女","新北市","品味養生理財貴族"
"3d3c7fe6","46-50歲","女","台北市","品味養生理財貴族"
"d5fcc1b5","36-40歲","男","新竹縣","樂動廣告品牌控"
"ef8dce8e","61-65歲","女","新竹縣","健康愛家定存控"
"b4f95e09","51-55歲","男","台南市","運動科技潮人"
"d5d01ee1","41-45歲","女","台南市","健康愛家定存控"
"f3ea3fe7","36-40歲","男","新北市","物質享樂衝購族"
"cf022538","46-50歲","男","新竹市","運動科技潮人"
"bd646ef2","31-35歲","男","高雄市","運動科技潮人"
"b57fbc02","41-45歲","女","台南市","愛搜愛比網購客"
"8cdc95d6","36-40歲","女","新竹縣","物質享樂衝購族"
"2595cca9","31-35歲","女","彰化縣","獨立愛遊理財新手"
"a33463cf","46-50歲","女","彰化縣","物質享樂衝購族"
"a247422f","46-50歲","女","苗栗縣","愛搜愛比網購客"
"6ea8bf74","31-35歲","男","新北市","運動科技潮人"
"520002b6","26-30歲","女","雲林縣","物質享樂衝購族"
"4656887b","41-45歲","女","新北市","物質享樂衝購族"
"e6eea1bc","41-45歲","男","新竹縣","運動科技潮人"
"ebe078ca","31-35歲","女","苗栗縣","網購社媒手機迷"
"0d834490","41-45歲","女","嘉義市","獨立愛遊理財新手"
"90cce410","31-35歲","男","台北市","健康愛家定存控"
"b85183a5","31-35歲","男","花蓮縣","樂動廣告品牌控"
"7be1a5d3","46-50歲","男","台南市","愛搜愛比網購客"
"dc5f4579","41-45歲","女","新竹縣","傳統保健理財族"
"4b85e8b4","41-45歲","女","桃園市","品味養生理財貴族"
"f07e35b8","26-30歲","女","新竹市","網購社媒手機迷"
"69d34a58","41-45歲","女","新北市","物質享樂衝購族"
"9b0ac8e9","41-45歲","女","南投縣","樂動廣告品牌控"
"dd557d60","36-40歲","女","新竹縣","物質享樂衝購族"
"741d04e0","41-45歲","女","新北市","獨立愛遊理財新手"
"d96bd065","41-45歲","女","桃園市","樂動廣告品牌控"
"652e60b3","36-40歲","女","新北市","運動科技潮人"
"86797669","31-35歲","女","雲林縣","運動科技潮人"
"3b836ec8","26-30歲","女","台中市","物質享樂衝購族"
"87982372","41-45歲","女","新北市","品味養生理財貴族"
"b2f60cfe","41-45歲","女","台北市","品味養生理財貴族"
"c6395986","56-60歲","男","苗栗縣","樂動廣告品牌控"
"28a26b8b","26-30歲","女","新竹縣","網購社媒手機迷"
"a594831f","36-40歲","女","花蓮縣","樂動廣告品牌控"
"ef3a3452","41-45歲","女","台中市","愛搜愛比網購客"
"02e1504f","31-35歲","男","新竹縣","樂動廣告品牌控"
"97536f7a","46-50歲","女","苗栗縣","網購社媒手機迷"
"865dba3e","51-55歲","男","新北市","愛搜愛比網購客"
"650f7d7d","51-55歲","女","彰化縣","品味養生理財貴族"
"e3fc7aee","46-50歲","女","台中市","物質享樂衝購族"
"2f70b5df","31-35歲","女","台中市","網購社媒手機迷"
"0e646142","61-65歲","男","台北市","樂動廣告品牌控"
"e92a6724","31-35歲","女","新北市","健康愛家定存控"
"927bc657","36-40歲","女","新北市","物質享樂衝購族"
"3f807208","46-50歲","女","台中市","獨立愛遊理財新手"
"5b055455","41-45歲","女","台南市","健康愛家定存控"
"ffb3859a","36-40歲","男","新竹縣","運動科技潮人"
"73e209cf","51-55歲","男","南投縣","運動科技潮人"
"29173c57","36-40歲","女","基隆市","健康愛家定存控"
"3b997e0d","51-55歲","女","台中市","樂動廣告品牌控"
"d68a837f","41-45歲","女","桃園市","樂動廣告品牌控"
"2bc4e070","46-50歲","女","台南市","品味養生理財貴族"
"6aa3c4d4","31-35歲","女","台北市","運動科技潮人"
"2752464d","56-60歲","男","桃園市","愛搜愛比網購客"
"3eb3b4ed","46-50歲","男","台北市","運動科技潮人"
"b794747d","36-40歲","女","新北市","網購社媒手機迷"
"9fc37003","46-50歲","男","新北市","傳統保健理財族"
"9d6a3629","36-40歲","女","南投縣","健康愛家定存控"
"fbd2c990","36-40歲","女","新北市","物質享樂衝購族"
"09edad39","51-55歲","男","花蓮縣","愛搜愛比網購客"
"47e6283d","36-40歲","女","高雄市","健康愛家定存控"
"41b78f15","31-35歲","男","新竹市","運動科技潮人"
"2cfad0e5","31-35歲","男","新竹縣","樂動廣告品牌控"
"eecc93e8","36-40歲","女","台北市","物質享樂衝購族"
"261aeb9d","51-55歲","女","新竹縣","愛搜愛比網購客"
"67c8e2b4","26-30歲","女","新北市","網購社媒手機迷"
"4c18652c","46-50歲","女","花蓮縣","獨立愛遊理財新手"
"9f7a614c","61-65歲","女","台北市","品味養生理財貴族"
"4f943b95","21-25歲","男","新竹縣","健康愛家定存控"
"6851a6f7","36-40歲","女","新竹縣","獨立愛遊理財新手"
"7a8ad237","51-55歲","男","新北市","健康愛家定存控"
"776cbf98","36-40歲","女","苗栗縣","獨立愛遊理財新手"
"446cff48","46-50歲","女","新北市","獨立愛遊理財新手"
"281a170a","46-50歲","女","新竹縣","網購社媒手機迷"
"5bdcb3ae","36-40歲","女","新北市","樂動廣告品牌控"
"6a8a1c5d","46-50歲","女","新北市","傳統保健理財族"
"d55805c2","51-55歲","女","台中市","傳統保健理財族"
"2a9c5592","41-45歲","女","苗栗縣","網購社媒手機迷"
"6f024650","41-45歲","女","台南市","網購社媒手機迷"
"d913a95a","31-35歲","女","高雄市","物質享樂衝購族"
"68cf2dcb","36-40歲","女","新北市","運動科技潮人"
"678c3143","26-30歲","女","南投縣","獨立愛遊理財新手"
"f05e9cab","36-40歲","女","高雄市","網購社媒手機迷"
"08cc8c84","41-45歲","男","彰化縣","運動科技潮人"
"b8cc415e","46-50歲","女","台南市","網購社媒手機迷"
"f3494398","41-45歲","女","台南市","健康愛家定存控"
"08cafd28","26-30歲","女","新北市","運動科技潮人"
"417e7608","36-40歲","女","台北市","網購社媒手機迷"
"79efd0ad","41-45歲","女","台北市","品味養生理財貴族"
"cbb3e260","46-50歲","男","苗栗縣","樂動廣告品牌控"
"43a8eab5","41-45歲","女","新竹縣","網購社媒手機迷"
"eb55f395","36-40歲","女","台中市","傳統保健理財族"
"300f1892","26-30歲","女","新北市","健康愛家定存控"
"bbaebe99","31-35歲","男","新竹縣","運動科技潮人"
"e1953ab6","56-60歲","女","桃園市","傳統保健理財族"
"9935b5a0","36-40歲","男","桃園市","運動科技潮人"
"d78df210","31-35歲","女","台南市","網購社媒手機迷"
"17bb0261","31-35歲","女","宜蘭縣","傳統保健理財族"
"b463d057","36-40歲","女","桃園市","品味養生理財貴族"
"be2b4500","51-55歲","女","桃園市","獨立愛遊理財新手"
"da14686e","41-45歲","男","苗栗縣","樂動廣告品牌控"
"e659c9cc","56-60歲","女","台北市","運動科技潮人"
"0f25dca6","31-35歲","女","台中市","傳統保健理財族"
"a7cf6549","36-40歲","男","台北市","樂動廣告品牌控"
"e36b9395","26-30歲","女","桃園市","獨立愛遊理財新手"
"d7b8c4a3","26-30歲","女","台中市","健康愛家定存控"
"1965fa4d","36-40歲","女","桃園市","樂動廣告品牌控"
"84eb590c","41-45歲","女","花蓮縣","獨立愛遊理財新手"
"5f248ad0","56-60歲","女","新北市","品味養生理財貴族"
"5257fff5","46-50歲","女","台南市","網購社媒手機迷"
"d0745e6f","41-45歲","女","新竹市","品味養生理財貴族"
"9ff0004e","41-45歲","女","新竹縣","健康愛家定存控"
"8c714737","31-35歲","男","苗栗縣","樂動廣告品牌控"
"69a58ccd","56-60歲","女","台北市","傳統保健理財族"
"5512bc61","31-35歲","女","新北市","獨立愛遊理財新手"
"c06010fd","36-40歲","女","台南市","樂動廣告品牌控"
"1c34fdcd","36-40歲","女","花蓮縣","健康愛家定存控"
"771a1dcb","31-35歲","男","新竹縣","健康愛家定存控"
"42617c95","41-45歲","男","南投縣","運動科技潮人"
"b545ae0c","36-40歲","女","台北市","運動科技潮人"
"54976e8a","46-50歲","女","新竹縣","健康愛家定存控"
"7836f59d","36-40歲","女","彰化縣","獨立愛遊理財新手"
"624ca11d","46-50歲","女","嘉義縣","網購社媒手機迷"
"5afc93e3","26-30歲","女","桃園市","健康愛家定存控"
"a83090bf","26-30歲","女","台中市","樂動廣告品牌控"
"5e193921","36-40歲","女","南投縣","網購社媒手機迷"
"941b601b","36-40歲","女","新竹縣","傳統保健理財族"
"32603d42","51-55歲","女","新竹縣","傳統保健理財族"
"5410d902","31-35歲","女","彰化縣","物質享樂衝購族"
"399146b4","26-30歲","女","高雄市","網購社媒手機迷"
"32c299c9","41-45歲","男","台南市","樂動廣告品牌控"
"8de6122e","41-45歲","女","台中市","健康愛家定存控"
"bba3bd10","26-30歲","女","新北市","物質享樂衝購族"
"66e35b1c","41-45歲","女","南投縣","樂動廣告品牌控"
"06f6a15a","46-50歲","男","新北市","愛搜愛比網購客"
"ce013df5","26-30歲","女","高雄市","健康愛家定存控"
"4de00002","31-35歲","男","新北市","運動科技潮人"
"62c981e8","36-40歲","女","苗栗縣","網購社媒手機迷"
"cdb17990","46-50歲","女","新竹縣","愛搜愛比網購客"
"c9f05894","51-55歲","女","台北市","網購社媒手機迷"
"b4ae7cd6","31-35歲","男","新竹縣","樂動廣告品牌控"
"31d0fe50","41-45歲","女","彰化縣","愛搜愛比網購客"
"a927698d","36-40歲","女","基隆市","物質享樂衝購族"
"c0a08094","41-45歲","女","新北市","網購社媒手機迷"
"0ab687db","46-50歲","女","新竹縣","愛搜愛比網購客"
"31cdd33d","46-50歲","女","高雄市","樂動廣告品牌控"
"cd76afd9","46-50歲","女","新竹縣","傳統保健理財族"
"348d1a99","31-35歲","女","南投縣","樂動廣告品牌控"
"dae66f00","51-55歲","男","花蓮縣","愛搜愛比網購客"
"b6433258","41-45歲","男","宜蘭縣","愛搜愛比網購客"
"b0a5f039","21-25歲","女","台中市","健康愛家定存控"
"a8c2c34d","41-45歲","女","台中市","獨立愛遊理財新手"
"c1294f6d","51-55歲","女","苗栗縣","網購社媒手機迷"
"19ef8f4d","41-45歲","女","台南市","健康愛家定存控"
"5d29c9a9","31-35歲","女","新竹縣","網購社媒手機迷"
"ffce4545","26-30歲","男","新竹縣","樂動廣告品牌控"
"e21adb7b","31-35歲","男","彰化縣","樂動廣告品牌控"
"292d9703","56-60歲","女","新竹縣","樂動廣告品牌控"
"98b73f5b","51-55歲","男","新北市","樂動廣告品牌控"
"17903941","36-40歲","女","彰化縣","物質享樂衝購族"
"d3f4f97b","31-35歲","男","台北市","健康愛家定存控"
"991242b8","36-40歲","男","桃園市","運動科技潮人"
"68f37060","36-40歲","女","雲林縣","樂動廣告品牌控"
"bc4588f7","56-60歲","男","新竹縣","運動科技潮人"
"546f5c36","46-50歲","女","花蓮縣","傳統保健理財族"
"d36be9c2","31-35歲","女","南投縣","健康愛家定存控"
"b3b93f09","26-30歲","女","台北市","健康愛家定存控"
"ec24455e","51-55歲","女","新竹縣","傳統保健理財族"
"727b7379","31-35歲","女","彰化縣","物質享樂衝購族"
"7ba9dbec","51-55歲","女","台中市","愛搜愛比網購客"
"1c19cea3","31-35歲","女","彰化縣","健康愛家定存控"
"edce316d","51-55歲","女","台南市","樂動廣告品牌控"
"d143d04c","31-35歲","男","台東縣","樂動廣告品牌控"
"0e151064","41-45歲","男","新北市","愛搜愛比網購客"
"bdf2de1b","46-50歲","女","台北市","品味養生理財貴族"
"b36ec7ce","46-50歲","女","台北市","品味養生理財貴族"
"29274b6f","31-35歲","女","台中市","傳統保健理財族"
"72fb8e09","61-65歲","女","台北市","品味養生理財貴族"
"c7af5b90","26-30歲","女","花蓮縣","健康愛家定存控"
"c5a32837","46-50歲","女","新竹縣","獨立愛遊理財新手"
"7f5418c0","41-45歲","女","台北市","運動科技潮人"
"962920f3","41-45歲","男","台中市","運動科技潮人"
"c70867da","31-35歲","男","新北市","運動科技潮人"
"efad8382","26-30歲","女","桃園市","健康愛家定存控"
"40de88ef","36-40歲","女","台南市","品味養生理財貴族"
"6f188dc5","41-45歲","女","彰化縣","獨立愛遊理財新手"
"274c5487","26-30歲","女","台中市","健康愛家定存控"
"530550ff","41-45歲","女","新竹縣","物質享樂衝購族"
"47615242","46-50歲","男","新竹縣","物質享樂衝購族"
"ed9cc6b0","31-35歲","男","新北市","運動科技潮人"
"b5f1acba","46-50歲","女","台南市","品味養生理財貴族"
"0360656a","41-45歲","女","台中市","網購社媒手機迷"
"6f554b31","41-45歲","女","台中市","物質享樂衝購族"
"53fca103","41-45歲","女","彰化縣","樂動廣告品牌控"
"2a29d82c","41-45歲","女","高雄市","傳統保健理財族"
"7a537d30","41-45歲","男","苗栗縣","運動科技潮人"
"374476d8","36-40歲","女","苗栗縣","物質享樂衝購族"
"3f21e206","56-60歲","女","台北市","品味養生理財貴族"
"0a3429e9","31-35歲","女","花蓮縣","健康愛家定存控"
"a4860dba","56-60歲","男","花蓮縣","運動科技潮人"
"678d5e83","26-30歲","女","桃園市","物質享樂衝購族"
"a034332b","31-35歲","男","新北市","運動科技潮人"
"ffe27ef7","51-55歲","女","高雄市","獨立愛遊理財新手"
"98473c4d","31-35歲","女","桃園市","獨立愛遊理財新手"
"1f4b2a75","41-45歲","女","新竹縣","物質享樂衝購族"
"806ec62e","26-30歲","女","新竹縣","健康愛家定存控"
"de7899ec","26-30歲","男","新北市","健康愛家定存控"
"f9be93c6","26-30歲","女","苗栗縣","物質享樂衝購族"
"4d5cc731","31-35歲","女","台中市","物質享樂衝購族"
"8a092c01","41-45歲","女","台中市","品味養生理財貴族"
"1373cb3a","36-40歲","女","新竹縣","物質享樂衝購族"
"141174e5","41-45歲","女","桃園市","樂動廣告品牌控"
"550863b5","31-35歲","男","新北市","運動科技潮人"
"8de8b011","36-40歲","女","新竹縣","物質享樂衝購族"
"2287daf0","41-45歲","男","台北市","樂動廣告品牌控"
"5d9fbea2","31-35歲","女","新北市","獨立愛遊理財新手"
"8c584be2","31-35歲","男","彰化縣","健康愛家定存控"
"250c7afd","31-35歲","女","新北市","物質享樂衝購族"
"7be21ba8","31-35歲","女","台中市","健康愛家定存控"
"47cd96ab","46-50歲","女","桃園市","物質享樂衝購族"
"efbc637f","36-40歲","女","花蓮縣","樂動廣告品牌控"
"7a7e2b5c","26-30歲","女","新竹縣","物質享樂衝購族"
"ed440395","51-55歲","女","新竹縣","物質享樂衝購族"
"211c5ac0","46-50歲","女","台中市","樂動廣告品牌控"
"19eb84d1","36-40歲","女","新竹縣","物質享樂衝購族"
"9dc2c798","46-50歲","男","雲林縣","樂動廣告品牌控"
"e2377a49","31-35歲","女","苗栗縣","獨立愛遊理財新手"
"fd11d9fe","26-30歲","女","新竹市","網購社媒手機迷"
"fbf3b004","36-40歲","女","台北市","健康愛家定存控"
"c4bcd43f","36-40歲","男","桃園市","樂動廣告品牌控"
"0068e365","46-50歲","男","新北市","愛搜愛比網購客"
"5cf8e5d2","31-35歲","女","台中市","獨立愛遊理財新手"
"2fea657d","41-45歲","男","新竹市","運動科技潮人"
"955e40ba","31-35歲","男","新竹縣","樂動廣告品牌控"
"74d7d67e","56-60歲","男","彰化縣","樂動廣告品牌控"
"60453094","41-45歲","男","新北市","運動科技潮人"
"c73b70e2","51-55歲","女","新北市","愛搜愛比網購客"
"37de50ed","31-35歲","女","新北市","運動科技潮人"
"063efe01","31-35歲","女","台北市","物質享樂衝購族"
"61f42502","31-35歲","男","宜蘭縣","健康愛家定存控"
"caf44dc0","26-30歲","女","台北市","健康愛家定存控"
"2cb6fe75","36-40歲","男","新北市","樂動廣告品牌控"
"9f0a6616","56-60歲","女","宜蘭縣","品味養生理財貴族"
"cd119a53","36-40歲","女","高雄市","網購社媒手機迷"
"cbfc1015","41-45歲","女","新竹縣","物質享樂衝購族"
"4a08caca","41-45歲","女","新北市","愛搜愛比網購客"
"cbc7fa4c","41-45歲","女","台中市","物質享樂衝購族"
"7c971273","36-40歲","男","台北市","運動科技潮人"
"b852c9bf","26-30歲","女","台中市","健康愛家定存控"
"6e3be0c4","36-40歲","女","桃園市","品味養生理財貴族"
"8836e9ac","41-45歲","男","花蓮縣","樂動廣告品牌控"
"e38caf67","31-35歲","女","新北市","物質享樂衝購族"
"77cb95db","41-45歲","男","新北市","樂動廣告品牌控"
"7964c3ab","41-45歲","女","苗栗縣","傳統保健理財族"
"17b7345b","36-40歲","女","苗栗縣","品味養生理財貴族"
"3b53c1ba","31-35歲","女","台南市","健康愛家定存控"
"9937dd1c","36-40歲","女","台中市","運動科技潮人"
"da628915","36-40歲","女","新北市","健康愛家定存控"
"e3b31127","36-40歲","女","桃園市","獨立愛遊理財新手"
"b2165897","26-30歲","女","苗栗縣","物質享樂衝購族"
"fc244cd1","51-55歲","女","台中市","品味養生理財貴族"
"3126e577","41-45歲","男","新北市","運動科技潮人"
"07fdd437","56-60歲","男","台中市","樂動廣告品牌控"
"099ea8e1","51-55歲","男","高雄市","愛搜愛比網購客"
"2c0a0389","46-50歲","女","苗栗縣","健康愛家定存控"
"f40337d0","36-40歲","男","新竹縣","運動科技潮人"
"0acd3bff","26-30歲","男","新北市","樂動廣告品牌控"
"5cfc2320","31-35歲","男","新竹市","健康愛家定存控"
"8ac450c6","31-35歲","女","新北市","品味養生理財貴族"
"fa555b93","31-35歲","女","南投縣","獨立愛遊理財新手"
"ea5c10ae","31-35歲","女","花蓮縣","健康愛家定存控"
"b0550fe7","31-35歲","女","桃園市","物質享樂衝購族"
"1c1ae54d","31-35歲","女","台南市","獨立愛遊理財新手"
"794adc1b","46-50歲","男","新竹市","運動科技潮人"
"147e6afa","36-40歲","男","高雄市","樂動廣告品牌控"
"3e766b3c","51-55歲","男","台北市","獨立愛遊理財新手"
"6a74048f","41-45歲","女","新北市","品味養生理財貴族"
"a0b05601","36-40歲","女","新北市","網購社媒手機迷"
"7c6ca4f9","51-55歲","女","台南市","物質享樂衝購族"
"c39f321b","36-40歲","女","桃園市","物質享樂衝購族"
"bbec6e86","26-30歲","女","新北市","物質享樂衝購族"
"bc2e272b","36-40歲","女","高雄市","物質享樂衝購族"
"31e59afb","31-35歲","男","台中市","樂動廣告品牌控"
"f10dfa71","26-30歲","女","新竹縣","物質享樂衝購族"
"ade170fb","41-45歲","女","台北市","運動科技潮人"
"3ebc320f","31-35歲","女","台北市","運動科技潮人"
"1e295986","31-35歲","女","新竹縣","樂動廣告品牌控"
"e1da4be3","46-50歲","女","台北市","網購社媒手機迷"
"eaf9bd76","56-60歲","女","宜蘭縣","傳統保健理財族"
"0bbe6b05","66以上","女","新北市","傳統保健理財族"
"15b11b0e","51-55歲","女","台中市","樂動廣告品牌控"
"bd215b61","31-35歲","女","台中市","物質享樂衝購族"
"f0ae8b59","31-35歲","男","高雄市","運動科技潮人"
"eaf7eae4","36-40歲","女","新竹縣","物質享樂衝購族"
"c7df172d","41-45歲","女","新竹縣","網購社媒手機迷"
"b5c4ec91","56-60歲","女","新北市","健康愛家定存控"
"3c1c4aa0","51-55歲","女","新竹縣","健康愛家定存控"
"1c6479cc","36-40歲","女","新竹縣","樂動廣告品牌控"
"4fad0d3e","41-45歲","男","新竹縣","運動科技潮人"
"13ef65f9","26-30歲","女","高雄市","獨立愛遊理財新手"
"883c2b04","46-50歲","女","新北市","健康愛家定存控"
"85ba2f8e","26-30歲","女","新竹縣","物質享樂衝購族"
"145403ba","36-40歲","女","新北市","網購社媒手機迷"
"ca7ae8ae","31-35歲","男","桃園市","健康愛家定存控"
"c8186c36","46-50歲","女","台北市","健康愛家定存控"
"4450a086","46-50歲","男","新北市","運動科技潮人"
"e38f3527","31-35歲","男","新竹市","健康愛家定存控"
"d8f424a7","26-30歲","男","台中市","運動科技潮人"
"c4ceb4d7","31-35歲","女","新竹縣","物質享樂衝購族"
"3de9e05a","36-40歲","女","高雄市","網購社媒手機迷"
"2aec5969","46-50歲","女","台中市","網購社媒手機迷"
"0f564c7b","31-35歲","女","新竹縣","健康愛家定存控"
"a2077783","46-50歲","女","新北市","獨立愛遊理財新手"
"d88ff3c3","41-45歲","女","新北市","品味養生理財貴族"
"02f3ed3a","36-40歲","男","高雄市","健康愛家定存控"
"321785b8","36-40歲","男","台中市","樂動廣告品牌控"
"15156abf","26-30歲","女","新竹縣","健康愛家定存控"
"f83f7dfd","31-35歲","女","桃園市","傳統保健理財族"
"cdd31585","46-50歲","女","新北市","網購社媒手機迷"
"1817841a","26-30歲","女","新竹縣","樂動廣告品牌控"
"c87751c5","46-50歲","女","台中市","健康愛家定存控"
"d3fcd931","41-45歲","男","新北市","運動科技潮人"
"ec9fd651","56-60歲","女","新竹縣","傳統保健理財族"
"f3f04e81","36-40歲","女","彰化縣","網購社媒手機迷"
"732958c7","46-50歲","女","花蓮縣","樂動廣告品牌控"
"fc226c51","46-50歲","女","台北市","物質享樂衝購族"
"3328b06e","46-50歲","女","苗栗縣","物質享樂衝購族"
"846f4487","46-50歲","男","新竹縣","樂動廣告品牌控"
"c5e79cce","51-55歲","女","台北市","品味養生理財貴族"
"1189b33f","56-60歲","女","台北市","樂動廣告品牌控"
"e3a244a4","31-35歲","女","苗栗縣","獨立愛遊理財新手"
"c97c6d64","46-50歲","女","苗栗縣","物質享樂衝購族"
"dc2ca09f","36-40歲","女","彰化縣","物質享樂衝購族"
"0075a8b0","46-50歲","女","台北市","運動科技潮人"
"e16cac8b","26-30歲","女","花蓮縣","物質享樂衝購族"
"d2e2ae05","41-45歲","女","苗栗縣","獨立愛遊理財新手"
"c54bb64f","46-50歲","女","新北市","品味養生理財貴族"
"5b496b10","46-50歲","男","新竹縣","樂動廣告品牌控"
"2c20019c","41-45歲","男","台北市","運動科技潮人"
"219e089e","36-40歲","男","台北市","樂動廣告品牌控"
"6681fcfc","51-55歲","女","台中市","品味養生理財貴族"
"92543425","26-30歲","女","新北市","獨立愛遊理財新手"
"14d43964","41-45歲","女","彰化縣","樂動廣告品牌控"
"b809303a","36-40歲","女","新北市","獨立愛遊理財新手"
"acbb2fdc","36-40歲","女","台北市","運動科技潮人"
"a4ad8dd7","31-35歲","男","新竹縣","運動科技潮人"
"a3ea0fca","41-45歲","女","花蓮縣","樂動廣告品牌控"
"97a8619a","36-40歲","女","桃園市","品味養生理財貴族"
"f10d5ccb","41-45歲","男","新北市","愛搜愛比網購客"
"f99e1f7d","46-50歲","女","新竹縣","傳統保健理財族"
"75f6232b","31-35歲","女","嘉義市","獨立愛遊理財新手"
"9be1fce6","31-35歲","女","台南市","物質享樂衝購族"
"1b0742a0","36-40歲","女","苗栗縣","物質享樂衝購族"
"9137f5aa","31-35歲","女","台中市","獨立愛遊理財新手"
"3c3beddc","46-50歲","女","台北市","運動科技潮人"
"b3a6c0a0","31-35歲","女","新竹縣","物質享樂衝購族"
"b2d82a9a","36-40歲","女","台北市","運動科技潮人"
"bb3396f2","31-35歲","女","新竹市","獨立愛遊理財新手"
"b72f9102","41-45歲","女","台北市","獨立愛遊理財新手"
"ef04e010","56-60歲","女","台中市","樂動廣告品牌控"
"ab6e8755","31-35歲","女","彰化縣","樂動廣告品牌控"
"a9e8000b","36-40歲","女","新北市","獨立愛遊理財新手"
"3d5e7e65","31-35歲","女","新北市","健康愛家定存控"
"4400d62b","56-60歲","女","花蓮縣","品味養生理財貴族"
"3aa3fd7b","41-45歲","女","新北市","品味養生理財貴族"
"54261d6f","51-55歲","女","高雄市","物質享樂衝購族"
"19a61949","36-40歲","女","台北市","運動科技潮人"
"abf508d3","61-65歲","男","台北市","健康愛家定存控"
"60ab3652","31-35歲","男","新北市","運動科技潮人"
"e7083388","26-30歲","女","新北市","健康愛家定存控"
"051254b6","36-40歲","女","苗栗縣","物質享樂衝購族"
"83eedd09","41-45歲","男","台北市","運動科技潮人"
"6ff07975","56-60歲","男","嘉義市","樂動廣告品牌控"
"e57e8a86","46-50歲","女","苗栗縣","獨立愛遊理財新手"
"a6018cab","31-35歲","男","新北市","運動科技潮人"
"546bc7ef","46-50歲","女","新北市","品味養生理財貴族"
"398b1a90","51-55歲","女","新竹市","健康愛家定存控"
"711337c4","56-60歲","女","台南市","網購社媒手機迷"
"6d296120","46-50歲","男","台北市","運動科技潮人"
"207d21ac","41-45歲","女","新北市","網購社媒手機迷"
"ca7aef76","36-40歲","女","彰化縣","物質享樂衝購族"
"6e59ef51","36-40歲","女","苗栗縣","物質享樂衝購族"
"808bdf15","41-45歲","女","新北市","獨立愛遊理財新手"
"80b3a818","41-45歲","女","高雄市","樂動廣告品牌控"
"d64b1bc9","31-35歲","女","桃園市","網購社媒手機迷"
"08cc3bb6","51-55歲","女","花蓮縣","傳統保健理財族"
"cd8f3c5d","46-50歲","女","台北市","傳統保健理財族"
"9461e96f","36-40歲","女","台中市","網購社媒手機迷"
"0b47c600","31-35歲","男","台南市","運動科技潮人"
"48a0ffba","31-35歲","女","新北市","樂動廣告品牌控"
"bda5417e","56-60歲","女","台北市","品味養生理財貴族"
"11252b80","26-30歲","女","新北市","運動科技潮人"
"cca81956","26-30歲","女","新竹縣","物質享樂衝購族"
"b6699e8c","46-50歲","女","嘉義縣","物質享樂衝購族"
"86a7006f","26-30歲","女","彰化縣","獨立愛遊理財新手"
"6033d075","46-50歲","女","花蓮縣","品味養生理財貴族"
"21b2dab9","41-45歲","女","台中市","健康愛家定存控"
"3110a327","36-40歲","女","新北市","健康愛家定存控"
"238808af","46-50歲","男","台北市","運動科技潮人"
"dcdc630e","56-60歲","女","台北市","獨立愛遊理財新手"
"48c508da","36-40歲","女","新北市","網購社媒手機迷"
"e7b08925","36-40歲","女","苗栗縣","樂動廣告品牌控"
"9f349043","31-35歲","女","苗栗縣","網購社媒手機迷"
"65641673","26-30歲","女","苗栗縣","物質享樂衝購族"
"a34c9de0","26-30歲","女","新竹縣","網購社媒手機迷"
"fc2788b8","31-35歲","男","新北市","運動科技潮人"
"817b9102","41-45歲","男","彰化縣","健康愛家定存控"
"8d6fd448","41-45歲","女","台南市","網購社媒手機迷"
"34913101","31-35歲","男","苗栗縣","運動科技潮人"
"b347ebae","26-30歲","女","新竹縣","獨立愛遊理財新手"
"860069cd","36-40歲","女","台北市","樂動廣告品牌控"
"f5232777","41-45歲","女","台北市","運動科技潮人"
"a1a4be35","41-45歲","女","台中市","傳統保健理財族"
"829c6de6","36-40歲","男","台北市","運動科技潮人"
"cb154658","51-55歲","女","苗栗縣","物質享樂衝購族"
"93610ffc","31-35歲","男","新竹縣","運動科技潮人"
"638ed9f5","26-30歲","女","新竹縣","物質享樂衝購族"
"4a0e30da","36-40歲","女","嘉義縣","傳統保健理財族"
"e9013124","46-50歲","女","新竹縣","愛搜愛比網購客"
"7d78dbeb","51-55歲","女","台北市","網購社媒手機迷"
"3071f691","36-40歲","男","新竹縣","愛搜愛比網購客"
"ee2b93e2","31-35歲","男","新竹市","運動科技潮人"
"e86d7be7","36-40歲","男","新北市","樂動廣告品牌控"
"22baefb6","31-35歲","男","新竹縣","運動科技潮人"
"5d97a871","41-45歲","女","新北市","樂動廣告品牌控"
"f1322768","41-45歲","女","苗栗縣","網購社媒手機迷"
"afb2d2fe","36-40歲","女","新竹縣","樂動廣告品牌控"
"46bbeb9a","41-45歲","女","新竹縣","網購社媒手機迷"
"3c3e507e","51-55歲","女","嘉義市","網購社媒手機迷"
"c6e84cf0","61-65歲","男","新竹縣","運動科技潮人"
"b9a1032e","41-45歲","女","新北市","品味養生理財貴族"
"e29ee716","26-30歲","女","桃園市","健康愛家定存控"
"bde370b3","36-40歲","女","台南市","網購社媒手機迷"
"2619227e","41-45歲","女","新竹縣","物質享樂衝購族"
"93676a20","46-50歲","女","新竹縣","網購社媒手機迷"
"509cad2f","31-35歲","女","台中市","物質享樂衝購族"
"f10cc093","31-35歲","女","宜蘭縣","健康愛家定存控"
"af2985df","41-45歲","女","花蓮縣","網購社媒手機迷"
"eb5c76e1","46-50歲","女","新竹縣","物質享樂衝購族"
"9654e877","31-35歲","女","新北市","運動科技潮人"
"7d98605b","51-55歲","女","桃園市","品味養生理財貴族"
"8b8fd2ac","41-45歲","女","台北市","健康愛家定存控"
"440f9250","41-45歲","女","苗栗縣","樂動廣告品牌控"
"340f209f","51-55歲","女","新竹縣","樂動廣告品牌控"
"e6ecee88","46-50歲","女","彰化縣","物質享樂衝購族"
"807f4fcf","51-55歲","女","台南市","健康愛家定存控"
"58c86944","41-45歲","女","桃園市","物質享樂衝購族"
"5edc2da3","46-50歲","女","彰化縣","品味養生理財貴族"
"a07f4471","46-50歲","女","嘉義市","品味養生理財貴族"
"46fa825c","51-55歲","女","花蓮縣","愛搜愛比網購客"
"318f659e","31-35歲","女","新竹縣","樂動廣告品牌控"
"88de9f43","46-50歲","女","新竹縣","愛搜愛比網購客"
"d3306985","46-50歲","女","新竹縣","傳統保健理財族"
"f08e90fd","31-35歲","女","苗栗縣","樂動廣告品牌控"
"57e24040","36-40歲","女","台北市","健康愛家定存控"
"99dc727a","36-40歲","女","新竹市","健康愛家定存控"
"14e914b6","41-45歲","男","新北市","樂動廣告品牌控"
"bfd36160","51-55歲","女","新北市","網購社媒手機迷"
"54277ae8","46-50歲","女","新竹縣","愛搜愛比網購客"
"2653d49a","46-50歲","女","新竹縣","樂動廣告品牌控"
"ecb77618","36-40歲","男","新竹縣","運動科技潮人"
"93029ab9","36-40歲","男","彰化縣","樂動廣告品牌控"
"d2eb363d","46-50歲","女","高雄市","獨立愛遊理財新手"
"f4b7a02d","41-45歲","男","新竹縣","愛搜愛比網購客"
"f238ddca","41-45歲","女","台北市","網購社媒手機迷"
"a3434af0","51-55歲","男","新北市","運動科技潮人"
"5672ba23","66以上","女","新北市","傳統保健理財族"
"82324a04","31-35歲","女","新竹縣","物質享樂衝購族"
"635fc91d","31-35歲","男","新竹縣","健康愛家定存控"
"16af6850","31-35歲","女","彰化縣","傳統保健理財族"
"dc91ee94","36-40歲","女","新北市","物質享樂衝購族"
"76729721","31-35歲","男","桃園市","健康愛家定存控"
"4fd18cac","46-50歲","女","南投縣","網購社媒手機迷"
"012ad158","51-55歲","女","新北市","品味養生理財貴族"
"f4f76448","36-40歲","女","台北市","品味養生理財貴族"
"012935ca","36-40歲","女","台中市","健康愛家定存控"
"925e4f38","41-45歲","男","桃園市","樂動廣告品牌控"
"6019ad0b","51-55歲","女","台中市","樂動廣告品牌控"
"fd39062e","36-40歲","女","高雄市","健康愛家定存控"
"5c2567eb","36-40歲","女","南投縣","樂動廣告品牌控"
"ee569db7","36-40歲","女","台中市","樂動廣告品牌控"
"d2e27521","31-35歲","女","台北市","健康愛家定存控"
"b397e67a","51-55歲","女","桃園市","品味養生理財貴族"
"9313e479","51-55歲","男","花蓮縣","樂動廣告品牌控"
"678f85f9","41-45歲","女","彰化縣","健康愛家定存控"
"f9ff704f","56-60歲","女","台中市","網購社媒手機迷"
"bd1a25d1","41-45歲","女","台北市","品味養生理財貴族"
"042bae7e","66以上","女","台北市","傳統保健理財族"
"a5075369","41-45歲","女","台北市","運動科技潮人"
"6e5c7265","31-35歲","女","彰化縣","品味養生理財貴族"
"4f7cf824","36-40歲","男","彰化縣","物質享樂衝購族"
"08413319","31-35歲","男","台北市","運動科技潮人"
"068d5098","46-50歲","女","新竹市","網購社媒手機迷"
"9583eaa0","41-45歲","女","新北市","獨立愛遊理財新手"
"8a7ae1cf","41-45歲","女","台中市","樂動廣告品牌控"
"e55a19d8","36-40歲","女","新北市","網購社媒手機迷"
"ca0d6e18","26-30歲","女","台北市","健康愛家定存控"
"d4486dee","46-50歲","女","彰化縣","網購社媒手機迷"
"57e21c91","26-30歲","女","基隆市","樂動廣告品牌控"
"b2ca52f2","41-45歲","女","高雄市","品味養生理財貴族"
"7ee41422","36-40歲","女","新北市","樂動廣告品牌控"
"071031ce","26-30歲","女","彰化縣","健康愛家定存控"
"6e88b7ff","46-50歲","女","台中市","品味養生理財貴族"
"1fff08c9","51-55歲","女","台北市","運動科技潮人"
"cd6d138d","51-55歲","女","台北市","品味養生理財貴族"
"24925fa4","41-45歲","女","台北市","網購社媒手機迷"
"cf9353c2","31-35歲","女","新竹縣","樂動廣告品牌控"
"fb31bd4e","51-55歲","女","新北市","品味養生理財貴族"
"9b55b504","56-60歲","女","新竹縣","網購社媒手機迷"
"ceaaabfd","41-45歲","男","台北市","運動科技潮人"
"ab24f73f","41-45歲","女","新竹縣","獨立愛遊理財新手"
"a4e3baf1","41-45歲","女","台中市","健康愛家定存控"
"6f18f5cf","31-35歲","男","嘉義縣","健康愛家定存控"
"49c0c74f","26-30歲","男","台北市","樂動廣告品牌控"
"ac3ecfdc","51-55歲","女","新竹縣","物質享樂衝購族"
"a860b2eb","31-35歲","女","台中市","健康愛家定存控"
"f21fafec","36-40歲","女","台北市","網購社媒手機迷"
"87db6c21","36-40歲","女","桃園市","物質享樂衝購族"
"5c368bb2","26-30歲","女","新竹縣","物質享樂衝購族"
"00a2a2da","46-50歲","女","新竹縣","品味養生理財貴族"
"7ad55d7f","31-35歲","女","苗栗縣","健康愛家定存控"
"4a737656","61-65歲","女","新北市","網購社媒手機迷"
"7797c672","36-40歲","女","台北市","健康愛家定存控"
"4b1bea32","31-35歲","女","新竹縣","樂動廣告品牌控"
"0130d6fd","41-45歲","女","苗栗縣","獨立愛遊理財新手"
"34432002","21-25歲","女","新竹縣","健康愛家定存控"
"41aba2bc","36-40歲","女","桃園市","品味養生理財貴族"
"3c195989","26-30歲","女","新竹市","物質享樂衝購族"
"42b23c77","46-50歲","女","台中市","愛搜愛比網購客"
"8cb7cebb","41-45歲","女","苗栗縣","網購社媒手機迷"
"fdb376b9","46-50歲","女","彰化縣","網購社媒手機迷"
"c5d301e7","26-30歲","女","新竹縣","網購社媒手機迷"
"bbb85ce2","41-45歲","女","新竹縣","傳統保健理財族"
"9ba24ad6","36-40歲","男","新北市","運動科技潮人"
"437c5967","41-45歲","女","彰化縣","健康愛家定存控"
"a3b04eb4","51-55歲","女","花蓮縣","傳統保健理財族"
"43487e64","51-55歲","女","花蓮縣","樂動廣告品牌控"
"2362cafd","51-55歲","女","台中市","網購社媒手機迷"
"63ba2c5c","26-30歲","女","新竹市","網購社媒手機迷"
"f0adf8ec","51-55歲","女","新竹縣","傳統保健理財族"
"cce581f8","36-40歲","男","苗栗縣","運動科技潮人"
"efbbdda8","41-45歲","女","新北市","獨立愛遊理財新手"
"2dec6904","36-40歲","男","花蓮縣","傳統保健理財族"
"a3338026","41-45歲","女","新北市","獨立愛遊理財新手"
"af392223","36-40歲","女","台南市","健康愛家定存控"
"c90e978a","36-40歲","男","花蓮縣","樂動廣告品牌控"
"66227568","26-30歲","女","新竹市","網購社媒手機迷"
"8d625b76","61-65歲","男","台北市","樂動廣告品牌控"
"9874cc31","46-50歲","女","桃園市","物質享樂衝購族"
"773ae1ca","36-40歲","女","桃園市","樂動廣告品牌控"
"95fb63b3","46-50歲","女","新竹縣","樂動廣告品牌控"
"d278c189","56-60歲","男","新竹縣","品味養生理財貴族"
"dfb27b6f","31-35歲","女","新竹縣","網購社媒手機迷"
"dd2bab3e","46-50歲","男","新竹縣","愛搜愛比網購客"
"f7c7a4fe","31-35歲","女","新北市","健康愛家定存控"
"5a215b06","21-25歲","女","新竹市","物質享樂衝購族"
"14900960","31-35歲","女","台中市","健康愛家定存控"
"378d728f","51-55歲","男","新竹縣","運動科技潮人"
"c76f0b1f","41-45歲","女","新北市","健康愛家定存控"
"2547883c","51-55歲","男","苗栗縣","運動科技潮人"
"d0c16fea","46-50歲","女","花蓮縣","品味養生理財貴族"
"401a73cc","26-30歲","女","新北市","物質享樂衝購族"
"97dfb7fa","41-45歲","男","苗栗縣","運動科技潮人"
"cab7b842","51-55歲","女","新北市","樂動廣告品牌控"
"34794141","26-30歲","女","桃園市","獨立愛遊理財新手"
"4b03c8cd","26-30歲","女","新竹縣","網購社媒手機迷"
"b8cb568a","31-35歲","女","桃園市","健康愛家定存控"
"e4352cc4","36-40歲","女","台北市","品味養生理財貴族"
"6724e3fa","31-35歲","女","苗栗縣","健康愛家定存控"
"c4e2706a","46-50歲","女","台北市","傳統保健理財族"
"60a9f6c0","36-40歲","女","彰化縣","物質享樂衝購族"
"0c62c6c2","36-40歲","男","花蓮縣","運動科技潮人"
"37cc068f","41-45歲","女","苗栗縣","品味養生理財貴族"
"a2533854","31-35歲","女","台北市","運動科技潮人"
"86a0e19a","56-60歲","女","台北市","傳統保健理財族"
"c785e612","31-35歲","女","新竹市","網購社媒手機迷"
"88ea82fa","36-40歲","女","台北市","樂動廣告品牌控"
"298e3dd9","31-35歲","男","花蓮縣","物質享樂衝購族"
"a77944ad","51-55歲","女","宜蘭縣","獨立愛遊理財新手"
"6c425f16","41-45歲","女","新竹縣","獨立愛遊理財新手"
"a46100e5","41-45歲","女","台北市","健康愛家定存控"
"2513b705","36-40歲","女","台北市","健康愛家定存控"
"528f3640","41-45歲","女","台南市","網購社媒手機迷"
"6c096658","31-35歲","女","台中市","物質享樂衝購族"
"9731bca0","36-40歲","女","屏東縣","網購社媒手機迷"
"4b5f3bf7","46-50歲","女","台北市","品味養生理財貴族"
"dd449d02","36-40歲","女","新竹縣","樂動廣告品牌控"
"19ae784a","46-50歲","男","新北市","愛搜愛比網購客"
"babd9ed5","51-55歲","女","台北市","品味養生理財貴族"
"bac99b18","31-35歲","男","台南市","運動科技潮人"
"1bc4403d","46-50歲","女","新竹市","品味養生理財貴族"
"d0611f78","41-45歲","男","新北市","運動科技潮人"
"652f9ea5","26-30歲","女","新竹縣","樂動廣告品牌控"
"e8cbd556","31-35歲","女","台北市","運動科技潮人"
"5cb37591","51-55歲","女","新竹市","品味養生理財貴族"
"46a2123c","46-50歲","女","台中市","樂動廣告品牌控"
"4ce189c6","36-40歲","男","屏東縣","樂動廣告品牌控"
"d01ab836","36-40歲","男","彰化縣","樂動廣告品牌控"
"4e7cfe45","46-50歲","女","高雄市","健康愛家定存控"
"7ef291f3","41-45歲","女","台中市","網購社媒手機迷"
"e28ba147","26-30歲","女","台北市","物質享樂衝購族"
"d10ba88a","31-35歲","女","花蓮縣","物質享樂衝購族"
"1fe1199f","41-45歲","女","花蓮縣","品味養生理財貴族"
"840e5d75","51-55歲","女","彰化縣","物質享樂衝購族"
"fd2fc8ba","46-50歲","女","苗栗縣","獨立愛遊理財新手"
"b06ca17d","41-45歲","女","南投縣","物質享樂衝購族"
"1281fd62","31-35歲","女","高雄市","網購社媒手機迷"
"21c3fb05","36-40歲","女","宜蘭縣","健康愛家定存控"
"92d894fc","26-30歲","女","新北市","健康愛家定存控"
"deb89dab","46-50歲","女","新北市","品味養生理財貴族"
"9ffc492c","41-45歲","女","新北市","傳統保健理財族"
"b676531c","31-35歲","女","彰化縣","健康愛家定存控"
"d0cd93ae","31-35歲","女","台中市","物質享樂衝購族"
"32c564a3","51-55歲","女","苗栗縣","健康愛家定存控"
"8fe30b95","36-40歲","女","新北市","品味養生理財貴族"
"1f500f93","41-45歲","女","台中市","健康愛家定存控"
"af546e51","21-25歲","女","新竹縣","獨立愛遊理財新手"
"ec3e52d6","31-35歲","女","新竹縣","物質享樂衝購族"
"1e87cbc7","41-45歲","女","花蓮縣","物質享樂衝購族"
"c9ae88ca","36-40歲","女","苗栗縣","健康愛家定存控"
"209c46c4","41-45歲","女","台北市","物質享樂衝購族"
"cc2b7788","31-35歲","女","彰化縣","網購社媒手機迷"
"4adf5b65","26-30歲","女","桃園市","獨立愛遊理財新手"
"7dab7f01","51-55歲","女","新北市","健康愛家定存控"
"3b32d04f","31-35歲","女","新北市","運動科技潮人"
"d6078c0b","51-55歲","女","新北市","獨立愛遊理財新手"
"b8e8c162","36-40歲","女","宜蘭縣","物質享樂衝購族"
"d8a53cef","56-60歲","男","台中市","樂動廣告品牌控"
"1fafe09f","46-50歲","女","台北市","品味養生理財貴族"
"0f0f1664","46-50歲","女","台中市","品味養生理財貴族"
"167ba654","31-35歲","女","南投縣","網購社媒手機迷"
"607467f4","31-35歲","女","台北市","網購社媒手機迷"
"1f0b13f5","46-50歲","女","彰化縣","愛搜愛比網購客"
"ed2eda38","46-50歲","女","新竹縣","樂動廣告品牌控"
"d78e5d4f","31-35歲","女","台中市","物質享樂衝購族"
"e5a4249c","51-55歲","男","南投縣","愛搜愛比網購客"
"68e981a7","46-50歲","男","高雄市","運動科技潮人"
"38cfd978","31-35歲","男","台南市","運動科技潮人"
"b5b6f480","36-40歲","女","桃園市","健康愛家定存控"
"e6613412","56-60歲","男","台南市","網購社媒手機迷"
"b8ef32be","41-45歲","男","花蓮縣","運動科技潮人"
"868e253d","56-60歲","男","新竹縣","愛搜愛比網購客"
"08575e75","41-45歲","男","新竹縣","愛搜愛比網購客"
"a1154d37","36-40歲","女","新竹市","獨立愛遊理財新手"
"280c500e","41-45歲","女","花蓮縣","網購社媒手機迷"
"897c2f55","36-40歲","男","台中市","樂動廣告品牌控"
"7ce5a5ea","46-50歲","女","新北市","健康愛家定存控"
"636373c2","46-50歲","女","苗栗縣","樂動廣告品牌控"
"cc49b699","41-45歲","女","新竹市","網購社媒手機迷"
"1e3f4b74","41-45歲","女","屏東縣","網購社媒手機迷"
"ffde51b9","46-50歲","男","台中市","運動科技潮人"
"3ca981b1","46-50歲","女","彰化縣","樂動廣告品牌控"
"c96630a7","31-35歲","女","台北市","運動科技潮人"
"72a46ee6","51-55歲","女","新北市","樂動廣告品牌控"
"937b2d4e","26-30歲","女","台北市","獨立愛遊理財新手"
"7fa4c3ac","46-50歲","女","新北市","健康愛家定存控"
"6efab477","36-40歲","女","新竹縣","獨立愛遊理財新手"
"de2dd710","41-45歲","女","高雄市","樂動廣告品牌控"
"453de39c","26-30歲","男","新北市","運動科技潮人"
"23225653","41-45歲","女","台中市","物質享樂衝購族"
"339058dd","41-45歲","女","台北市","品味養生理財貴族"
"ce6bd209","36-40歲","女","台中市","健康愛家定存控"
"b67df43d","51-55歲","女","台東縣","傳統保健理財族"
"6b72bb59","36-40歲","男","新竹縣","運動科技潮人"
"d28040a0","26-30歲","男","桃園市","運動科技潮人"
"9b56052b","41-45歲","女","台北市","網購社媒手機迷"
"af9a6d6a","56-60歲","女","新北市","愛搜愛比網購客"
"4b114525","36-40歲","女","台中市","健康愛家定存控"
"fc2c6804","61-65歲","女","新北市","愛搜愛比網購客"
"6373096b","61-65歲","女","台中市","樂動廣告品牌控"
"97bb5ae9","41-45歲","女","新竹縣","樂動廣告品牌控"
"89d8b161","41-45歲","女","台南市","物質享樂衝購族"
"3dd939f0","46-50歲","女","台北市","網購社媒手機迷"
"4ebe76b3","26-30歲","女","苗栗縣","健康愛家定存控"
"fa84b902","26-30歲","男","新北市","運動科技潮人"
"3d046b2c","31-35歲","女","桃園市","健康愛家定存控"
"dda2f627","31-35歲","男","嘉義縣","樂動廣告品牌控"
"58571ff1","51-55歲","女","新竹縣","樂動廣告品牌控"
"fdd5b6d0","36-40歲","男","新竹縣","樂動廣告品牌控"
"38006723","41-45歲","女","花蓮縣","品味養生理財貴族"
"d764fc0e","31-35歲","女","桃園市","物質享樂衝購族"
"a438e08a","51-55歲","男","台北市","運動科技潮人"
"90171dec","61-65歲","男","台北市","樂動廣告品牌控"
"00c8ca1d","51-55歲","女","苗栗縣","品味養生理財貴族"
"f721d9fc","26-30歲","女","新竹市","物質享樂衝購族"
"e2685845","41-45歲","女","台中市","物質享樂衝購族"
"0efbf43b","56-60歲","男","苗栗縣","傳統保健理財族"
"ef175bbb","41-45歲","女","花蓮縣","品味養生理財貴族"
"baa92dbc","36-40歲","女","苗栗縣","樂動廣告品牌控"
"b6c672fa","36-40歲","男","新北市","樂動廣告品牌控"
"f536ef7c","51-55歲","男","彰化縣","樂動廣告品牌控"
"e7d26129","26-30歲","女","新竹市","健康愛家定存控"
"62fc19ad","41-45歲","女","新北市","品味養生理財貴族"
"4c2b3202","36-40歲","女","新北市","健康愛家定存控"
"94f299f9","31-35歲","女","嘉義市","物質享樂衝購族"
"f4eaaa56","41-45歲","男","彰化縣","樂動廣告品牌控"
"8329b121","36-40歲","女","嘉義縣","健康愛家定存控"
"9cfbf7cd","26-30歲","女","桃園市","網購社媒手機迷"
"5121c5a6","31-35歲","女","新北市","樂動廣告品牌控"
"25804b1d","46-50歲","男","新竹縣","樂動廣告品牌控"
"a0adf31a","46-50歲","男","台南市","愛搜愛比網購客"
"0ab7327c","41-45歲","女","新竹縣","物質享樂衝購族"
"d4e42176","36-40歲","男","台中市","樂動廣告品牌控"
"0b9cf21b","31-35歲","女","新竹縣","物質享樂衝購族"
"4c63c229","26-30歲","女","新竹市","物質享樂衝購族"
"faba8206","41-45歲","女","新竹縣","獨立愛遊理財新手"
"173fdf2c","46-50歲","女","新北市","網購社媒手機迷"
"3ad0f74f","31-35歲","女","台北市","物質享樂衝購族"
"9cb6ed82","31-35歲","男","台北市","獨立愛遊理財新手"
"1f25d632","26-30歲","女","新竹縣","健康愛家定存控"
"bedc5d3d","21-25歲","男","新北市","健康愛家定存控"
"9159d123","51-55歲","女","雲林縣","品味養生理財貴族"
"36d5110d","31-35歲","女","彰化縣","樂動廣告品牌控"
"100f193b","46-50歲","男","新北市","愛搜愛比網購客"
"ce01c824","46-50歲","女","台南市","品味養生理財貴族"
"10373754","31-35歲","女","高雄市","網購社媒手機迷"
"8f742e4d","31-35歲","女","南投縣","獨立愛遊理財新手"
"2c64355b","46-50歲","女","苗栗縣","樂動廣告品牌控"
"9f0734d2","46-50歲","男","台南市","運動科技潮人"
"b059c123","36-40歲","女","台南市","樂動廣告品牌控"
"cedbda68","36-40歲","男","台南市","樂動廣告品牌控"
"8de76d4a","51-55歲","男","台南市","愛搜愛比網購客"
"fe16a11e","46-50歲","男","台北市","運動科技潮人"
"55b18d5a","51-55歲","女","彰化縣","健康愛家定存控"
"e8f37ab9","46-50歲","女","桃園市","健康愛家定存控"
"5ba2a78a","36-40歲","男","桃園市","運動科技潮人"
"da65af87","31-35歲","男","桃園市","運動科技潮人"
"ecb5f4c5","41-45歲","女","新北市","品味養生理財貴族"
"f98b17a4","26-30歲","女","台中市","健康愛家定存控"
"4a9dc0ef","36-40歲","女","台中市","網購社媒手機迷"
"227607c2","41-45歲","女","台北市","網購社媒手機迷"
"5d28160f","31-35歲","女","台中市","健康愛家定存控"
"087298b6","51-55歲","女","苗栗縣","傳統保健理財族"
"86efe843","31-35歲","女","新北市","健康愛家定存控"
"ebc7181d","31-35歲","女","新竹縣","樂動廣告品牌控"
"1f6ae9b4","31-35歲","女","新北市","物質享樂衝購族"
"12e07c76","31-35歲","女","苗栗縣","樂動廣告品牌控"
"4f01217b","36-40歲","女","苗栗縣","獨立愛遊理財新手"
"0c9411b6","36-40歲","男","新北市","運動科技潮人"
"df5fb6aa","51-55歲","女","桃園市","愛搜愛比網購客"
"d24d43b9","41-45歲","女","新竹市","獨立愛遊理財新手"
"16bba9e4","31-35歲","女","桃園市","物質享樂衝購族"
"24de7a12","51-55歲","女","台南市","樂動廣告品牌控"
"d4ab1d9e","31-35歲","女","新北市","獨立愛遊理財新手"
"b68148a1","26-30歲","女","彰化縣","健康愛家定存控"
"158d22c6","56-60歲","女","嘉義市","健康愛家定存控"
"7f969b27","46-50歲","女","新竹縣","品味養生理財貴族"
"adc2b5f4","26-30歲","女","南投縣","健康愛家定存控"
"08395e4d","51-55歲","女","新北市","網購社媒手機迷"
"565d27cd","46-50歲","女","台南市","健康愛家定存控"
"be92e1df","31-35歲","男","台北市","運動科技潮人"
"0587a676","46-50歲","女","新北市","品味養生理財貴族"
"7875205c","51-55歲","女","新北市","物質享樂衝購族"
"c3056ad8","41-45歲","女","新北市","愛搜愛比網購客"
"e96fcc9a","41-45歲","男","新竹縣","傳統保健理財族"
"8d052cef","41-45歲","女","苗栗縣","樂動廣告品牌控"
"7c6a8a55","46-50歲","女","苗栗縣","愛搜愛比網購客"
"e65094ed","26-30歲","女","台中市","健康愛家定存控"
"8941befe","51-55歲","女","新北市","樂動廣告品牌控"
"66fb90de","41-45歲","男","新北市","樂動廣告品牌控"
"1e732cdc","26-30歲","男","桃園市","運動科技潮人"
"18ba6c5a","41-45歲","女","新竹市","健康愛家定存控"
"9beadc13","41-45歲","男","台北市","運動科技潮人"
"4e711a41","31-35歲","女","高雄市","物質享樂衝購族"
"1e562c62","41-45歲","男","高雄市","運動科技潮人"
"9e840947","31-35歲","女","彰化縣","健康愛家定存控"
"68edf010","46-50歲","女","台北市","網購社媒手機迷"
"1ffa6edc","26-30歲","女","新竹縣","網購社媒手機迷"
"75bc1b8d","46-50歲","女","台中市","樂動廣告品牌控"
"59e76382","41-45歲","女","新竹縣","傳統保健理財族"
"bc184b72","36-40歲","女","新北市","健康愛家定存控"
"5a5b685d","31-35歲","女","苗栗縣","物質享樂衝購族"
"f8614e06","66以上","女","新北市","樂動廣告品牌控"
"a62af6f1","31-35歲","女","台東縣","獨立愛遊理財新手"
"ee6cb18f","36-40歲","女","台中市","網購社媒手機迷"
"68885de1","51-55歲","女","台北市","樂動廣告品牌控"
"54498078","41-45歲","女","彰化縣","物質享樂衝購族"
"ee6b860a","51-55歲","女","高雄市","品味養生理財貴族"
"0e0646cb","41-45歲","女","苗栗縣","樂動廣告品牌控"
"59d1acba","36-40歲","女","台南市","樂動廣告品牌控"
"8a548d6a","36-40歲","女","新竹市","物質享樂衝購族"
"f3f02459","36-40歲","女","桃園市","網購社媒手機迷"
"832cf12f","31-35歲","男","新竹縣","運動科技潮人"
"f96bd999","41-45歲","女","台中市","物質享樂衝購族"
"4b642cd7","41-45歲","男","新竹縣","運動科技潮人"
"187560f7","41-45歲","男","雲林縣","樂動廣告品牌控"
"c9a37308","36-40歲","女","新竹縣","物質享樂衝購族"
"0abf61b9","31-35歲","女","台中市","物質享樂衝購族"
"79a33257","46-50歲","男","新竹縣","傳統保健理財族"
"2ad23aac","41-45歲","女","彰化縣","健康愛家定存控"
"746b02dc","41-45歲","女","台中市","運動科技潮人"
"68445cfb","31-35歲","女","新竹縣","網購社媒手機迷"
"000301f0","56-60歲","女","新北市","獨立愛遊理財新手"
"9471cb88","31-35歲","男","台中市","傳統保健理財族"
"eddcbe69","36-40歲","女","台中市","物質享樂衝購族"
"051b2829","41-45歲","女","新竹縣","樂動廣告品牌控"
"9111484f","46-50歲","女","台東縣","網購社媒手機迷"
"941f4619","36-40歲","女","台南市","樂動廣告品牌控"
"f15438db","41-45歲","男","台北市","傳統保健理財族"
"1d106afd","26-30歲","女","花蓮縣","健康愛家定存控"
"e9051c67","41-45歲","女","宜蘭縣","獨立愛遊理財新手"
"c2eaeb46","41-45歲","男","新北市","樂動廣告品牌控"
"f6c07bdc","51-55歲","女","高雄市","健康愛家定存控"
"ec58be01","36-40歲","女","高雄市","網購社媒手機迷"
"eb779b13","36-40歲","女","新北市","物質享樂衝購族"
"80ddf51e","46-50歲","女","桃園市","傳統保健理財族"
"531f4b0d","36-40歲","女","桃園市","運動科技潮人"
"6cdd5bb7","21-25歲","女","台東縣","獨立愛遊理財新手"
"b23fef9a","41-45歲","女","台北市","傳統保健理財族"
"a6124fd3","36-40歲","女","嘉義縣","獨立愛遊理財新手"
"8b3b190e","51-55歲","女","新北市","網購社媒手機迷"
"38a2eb94","31-35歲","女","苗栗縣","獨立愛遊理財新手"
"511cb493","31-35歲","女","台北市","運動科技潮人"
"984fa81d","36-40歲","女","花蓮縣","傳統保健理財族"
"4d7a6995","31-35歲","女","花蓮縣","樂動廣告品牌控"
"c6b32763","46-50歲","女","新竹市","品味養生理財貴族"
"5910ff73","36-40歲","女","彰化縣","樂動廣告品牌控"
"01d48ca8","31-35歲","女","新北市","獨立愛遊理財新手"
"88f2467e","46-50歲","女","台中市","愛搜愛比網購客"
"a33d3971","46-50歲","女","新竹縣","品味養生理財貴族"
"c3ab75fe","46-50歲","女","新北市","獨立愛遊理財新手"
"5acaef3d","51-55歲","女","新北市","運動科技潮人"
"b57562d7","41-45歲","女","花蓮縣","品味養生理財貴族"
"ce71264a","56-60歲","男","彰化縣","樂動廣告品牌控"
"523cebc2","41-45歲","男","彰化縣","運動科技潮人"
"91a45721","51-55歲","女","宜蘭縣","愛搜愛比網購客"
"b8d9b57d","51-55歲","女","新北市","健康愛家定存控"
"2f1bfdc1","31-35歲","女","高雄市","健康愛家定存控"
"5d511fe8","41-45歲","男","新竹縣","樂動廣告品牌控"
"910c9a29","36-40歲","女","新竹縣","樂動廣告品牌控"
"1019f358","31-35歲","女","台中市","健康愛家定存控"
"c447b206","31-35歲","男","新北市","運動科技潮人"
"70189078","26-30歲","女","桃園市","網購社媒手機迷"
"3a5889dc","36-40歲","女","新北市","品味養生理財貴族"
"0956a7a8","31-35歲","女","彰化縣","物質享樂衝購族"
"f41f0652","36-40歲","女","台南市","網購社媒手機迷"
"33ad170d","51-55歲","女","台南市","健康愛家定存控"
"55e74004","56-60歲","女","桃園市","愛搜愛比網購客"
"6a5288a5","41-45歲","男","屏東縣","運動科技潮人"
"86bfcd8a","26-30歲","女","新竹縣","健康愛家定存控"
"11d02f3c","31-35歲","女","花蓮縣","獨立愛遊理財新手"
"feb4503e","26-30歲","女","高雄市","網購社媒手機迷"
"dbf22bbb","26-30歲","女","彰化縣","物質享樂衝購族"
"16fa147c","41-45歲","女","台東縣","愛搜愛比網購客"
"6155a6c9","26-30歲","男","新北市","運動科技潮人"
"3ab67586","51-55歲","女","台中市","傳統保健理財族"
"bc5aebf1","26-30歲","男","新竹縣","獨立愛遊理財新手"
"e99df90c","41-45歲","女","台南市","物質享樂衝購族"
"1cd77af7","36-40歲","女","高雄市","健康愛家定存控"
"56cb0f55","51-55歲","女","台北市","運動科技潮人"
"39d1cb7f","41-45歲","女","花蓮縣","健康愛家定存控"
"57c91470","36-40歲","男","彰化縣","樂動廣告品牌控"
"cfefb96e","31-35歲","女","南投縣","健康愛家定存控"
"e930fddc","56-60歲","女","嘉義縣","健康愛家定存控"
"931c9e0a","46-50歲","女","基隆市","品味養生理財貴族"
"f1391c1a","46-50歲","女","台南市","網購社媒手機迷"
"a164df7f","36-40歲","女","新竹市","網購社媒手機迷"
"28eba1b8","56-60歲","女","台北市","傳統保健理財族"
"ad7b4f83","41-45歲","男","新竹縣","運動科技潮人"
"6aaea2a1","26-30歲","女","花蓮縣","樂動廣告品牌控"
"f9cf4b71","61-65歲","女","台北市","品味養生理財貴族"
"5e748244","31-35歲","女","花蓮縣","傳統保健理財族"
"ebb27357","51-55歲","女","台南市","傳統保健理財族"
"65042a41","46-50歲","女","新北市","運動科技潮人"
"5360fd12","41-45歲","女","新北市","品味養生理財貴族"
"caeef15c","26-30歲","女","新竹縣","健康愛家定存控"
"f8abbc6a","26-30歲","女","桃園市","物質享樂衝購族"
"6ad6b58a","51-55歲","女","台北市","網購社媒手機迷"
"b80f0e93","26-30歲","女","新竹縣","健康愛家定存控"
"b7f46013","46-50歲","男","新竹縣","傳統保健理財族"
"b17de65c","51-55歲","女","嘉義市","樂動廣告品牌控"
"deb660b2","36-40歲","女","新竹縣","物質享樂衝購族"
"388273b9","31-35歲","女","新竹縣","健康愛家定存控"
"fb1c772a","26-30歲","女","花蓮縣","健康愛家定存控"
"c27e5eea","31-35歲","女","台中市","物質享樂衝購族"
"5323613f","41-45歲","女","宜蘭縣","網購社媒手機迷"
"a599f3ba","46-50歲","女","苗栗縣","樂動廣告品牌控"
"1ea1efe9","31-35歲","女","新竹縣","健康愛家定存控"
"d583885d","36-40歲","男","台北市","運動科技潮人"
"1922155c","41-45歲","男","桃園市","運動科技潮人"
"1d839a21","51-55歲","女","台北市","運動科技潮人"
"02856afc","31-35歲","女","花蓮縣","物質享樂衝購族"
"39e36852","46-50歲","女","新竹縣","物質享樂衝購族"
"4bf07a29","31-35歲","女","新竹縣","物質享樂衝購族"
"96a7e041","51-55歲","女","新竹市","網購社媒手機迷"
"2c6d98d5","36-40歲","女","彰化縣","健康愛家定存控"
"d465a9ed","51-55歲","女","新竹市","品味養生理財貴族"
"9a6d2f68","36-40歲","女","新北市","運動科技潮人"
"877f9468","41-45歲","女","台北市","傳統保健理財族"
"558a9abb","46-50歲","男","新北市","愛搜愛比網購客"
"d8138105","46-50歲","女","嘉義市","品味養生理財貴族"
"24ee9f2c","26-30歲","男","高雄市","運動科技潮人"
"c8d63ef5","36-40歲","女","新竹縣","健康愛家定存控"
"c498cd59","26-30歲","男","新北市","樂動廣告品牌控"
"03f42d23","26-30歲","女","新竹縣","健康愛家定存控"
"53675e2b","31-35歲","女","台北市","健康愛家定存控"
"43e84229","46-50歲","女","台南市","網購社媒手機迷"
"f3ae2bdb","26-30歲","女","彰化縣","物質享樂衝購族"
"14718a57","31-35歲","女","新北市","健康愛家定存控"
"4471ca46","41-45歲","女","台中市","網購社媒手機迷"
"ad6ff3ec","41-45歲","男","苗栗縣","運動科技潮人"
"49f156ee","31-35歲","女","嘉義市","健康愛家定存控"
"4a1a2f43","41-45歲","女","桃園市","健康愛家定存控"
"1b67db58","26-30歲","女","台中市","物質享樂衝購族"
"94be63c8","36-40歲","男","新竹市","運動科技潮人"
"48df4659","31-35歲","女","台北市","獨立愛遊理財新手"
"4e5fce2f","31-35歲","女","台中市","物質享樂衝購族"
"c593a1e3","41-45歲","女","台北市","網購社媒手機迷"
"7ed96774","26-30歲","女","新竹市","獨立愛遊理財新手"
"8ca7a09f","36-40歲","男","台南市","傳統保健理財族"
"2efed99c","41-45歲","男","新北市","運動科技潮人"
"7d273608","41-45歲","男","彰化縣","愛搜愛比網購客"
"e229626e","26-30歲","女","台中市","物質享樂衝購族"
"f9a236e2","26-30歲","女","苗栗縣","物質享樂衝購族"
"4afe19fe","26-30歲","男","台中市","獨立愛遊理財新手"
"b7f2ad18","31-35歲","男","高雄市","獨立愛遊理財新手"
"cd8ac101","41-45歲","女","新北市","品味養生理財貴族"
"0a88f4c9","36-40歲","女","彰化縣","物質享樂衝購族"
"2ceac56e","31-35歲","女","新北市","物質享樂衝購族"
"46b86045","41-45歲","男","新竹縣","運動科技潮人"
"66afc679","26-30歲","女","新竹縣","網購社媒手機迷"
"28e0084e","36-40歲","女","台北市","獨立愛遊理財新手"
"ebb1449f","41-45歲","女","新竹縣","獨立愛遊理財新手"
"8b4cb9fd","36-40歲","女","台中市","健康愛家定存控"
"16ecf116","36-40歲","女","台中市","網購社媒手機迷"
"725ed38a","36-40歲","女","台北市","品味養生理財貴族"
"abab71c1","41-45歲","女","新北市","獨立愛遊理財新手"
"9fefee47","46-50歲","男","台北市","愛搜愛比網購客"
"e8da3dec","36-40歲","女","新竹縣","獨立愛遊理財新手"
"06db2d60","31-35歲","男","新北市","樂動廣告品牌控"
"bfd6a934","26-30歲","女","台中市","物質享樂衝購族"
"b83639a5","26-30歲","女","台北市","健康愛家定存控"
"86ae8c84","51-55歲","女","苗栗縣","物質享樂衝購族"
"5918d74b","36-40歲","女","新北市","樂動廣告品牌控"
"86af6a19","36-40歲","男","台東縣","樂動廣告品牌控"
"a9da79a9","41-45歲","女","桃園市","傳統保健理財族"
"5601a4ba","36-40歲","女","台北市","健康愛家定存控"
"13750e8e","46-50歲","女","新北市","運動科技潮人"
"22b78c8f","46-50歲","女","新北市","品味養生理財貴族"
"90afff8a","31-35歲","女","嘉義市","網購社媒手機迷"
"3ef82863","46-50歲","男","新北市","樂動廣告品牌控"
"5766709a","31-35歲","女","新北市","獨立愛遊理財新手"
"85a2e75e","36-40歲","女","苗栗縣","物質享樂衝購族"
"8b22b996","36-40歲","男","新北市","運動科技潮人"
"3283ef34","31-35歲","女","新竹市","網購社媒手機迷"
"015a75c9","46-50歲","女","台中市","愛搜愛比網購客"
"cfbc2483","41-45歲","男","新北市","運動科技潮人"
"dab3520f","41-45歲","女","台北市","物質享樂衝購族"
"1fb11b21","26-30歲","男","彰化縣","健康愛家定存控"
"a52b1500","26-30歲","女","桃園市","運動科技潮人"
"d2423596","36-40歲","女","彰化縣","物質享樂衝購族"
"7cb2d8eb","31-35歲","女","桃園市","獨立愛遊理財新手"
"ed1cf735","46-50歲","男","台中市","運動科技潮人"
"4ed7cc08","36-40歲","女","彰化縣","物質享樂衝購族"
"7e2afe4a","31-35歲","女","雲林縣","物質享樂衝購族"
"ef7d40c5","26-30歲","女","新竹市","健康愛家定存控"
"8a7e697e","31-35歲","女","新北市","物質享樂衝購族"
"9e21903f","51-55歲","女","新北市","網購社媒手機迷"
"b1138004","41-45歲","女","花蓮縣","愛搜愛比網購客"
"3ba213dc","26-30歲","女","台中市","獨立愛遊理財新手"
"6df0cfe6","41-45歲","女","新竹縣","物質享樂衝購族"
"b906707f","46-50歲","女","台北市","運動科技潮人"
"83dce47a","36-40歲","女","苗栗縣","物質享樂衝購族"
"30897314","46-50歲","女","花蓮縣","網購社媒手機迷"
"628ac723","41-45歲","男","高雄市","樂動廣告品牌控"
"cdc180ea","36-40歲","女","花蓮縣","物質享樂衝購族"
"49af216e","36-40歲","女","新竹縣","樂動廣告品牌控"
"4f47538d","41-45歲","女","新北市","品味養生理財貴族"
"fe16a7d8","41-45歲","男","苗栗縣","運動科技潮人"
"8580cdc1","41-45歲","女","新北市","物質享樂衝購族"
"7e3b2fcf","41-45歲","男","新北市","運動科技潮人"
"051be803","41-45歲","女","台中市","獨立愛遊理財新手"
"35e00ded","31-35歲","女","新北市","網購社媒手機迷"
"977b1a8b","51-55歲","女","花蓮縣","樂動廣告品牌控"
"cdb2abcf","56-60歲","男","新北市","愛搜愛比網購客"
"0b25baf5","26-30歲","女","桃園市","網購社媒手機迷"
"3fcc8b85","36-40歲","女","新北市","物質享樂衝購族"
"32d6f24c","41-45歲","女","新北市","品味養生理財貴族"
"adf10b88","36-40歲","女","桃園市","獨立愛遊理財新手"
"0b913520","26-30歲","女","高雄市","網購社媒手機迷"
"bbcafc3f","51-55歲","男","台北市","獨立愛遊理財新手"
"14be33ca","26-30歲","女","新北市","物質享樂衝購族"
"a5ce1c33","21-25歲","女","新北市","獨立愛遊理財新手"
"a75bb49e","51-55歲","女","台南市","品味養生理財貴族"
"87bac536","36-40歲","女","桃園市","健康愛家定存控"
"2dc71c2b","31-35歲","女","台北市","物質享樂衝購族"
"d5f5976c","46-50歲","女","花蓮縣","傳統保健理財族"
"eb311108","26-30歲","女","新竹縣","物質享樂衝購族"
"26eb771b","31-35歲","女","新竹縣","物質享樂衝購族"
"2f53a24e","31-35歲","女","屏東縣","健康愛家定存控"
"915db772","36-40歲","女","宜蘭縣","樂動廣告品牌控"
"673b680f","41-45歲","男","基隆市","運動科技潮人"
"8ede1754","46-50歲","女","新竹縣","網購社媒手機迷"
"1edbf2b8","56-60歲","女","桃園市","網購社媒手機迷"
"81b58a46","26-30歲","女","新竹縣","物質享樂衝購族"
"458fd7b8","31-35歲","男","彰化縣","運動科技潮人"
"e7cf653c","26-30歲","女","新竹縣","物質享樂衝購族"
"1f43f154","36-40歲","男","新北市","運動科技潮人"
"7f95fdf4","41-45歲","女","花蓮縣","獨立愛遊理財新手"
"9a90da94","41-45歲","女","花蓮縣","物質享樂衝購族"
"5ecb0e80","36-40歲","女","花蓮縣","物質享樂衝購族"
"c5ed45e4","41-45歲","女","新竹縣","品味養生理財貴族"
"d028d585","26-30歲","女","彰化縣","網購社媒手機迷"
"764cc3c2","36-40歲","女","苗栗縣","健康愛家定存控"
"1d4651f5","31-35歲","男","苗栗縣","健康愛家定存控"
"d889e735","26-30歲","男","新竹縣","獨立愛遊理財新手"
"2db74eba","41-45歲","男","台東縣","運動科技潮人"
"2beb81f6","41-45歲","女","新北市","網購社媒手機迷"
"2a0e6b30","66以上","男","南投縣","樂動廣告品牌控"
"dc4b159b","61-65歲","女","台北市","健康愛家定存控"
"82194d43","41-45歲","女","花蓮縣","品味養生理財貴族"
"ef22d2a6","41-45歲","男","彰化縣","運動科技潮人"
"25baa0fe","46-50歲","女","新竹縣","品味養生理財貴族"
"1b07fc3b","46-50歲","男","花蓮縣","愛搜愛比網購客"
"74273c07","26-30歲","女","台北市","物質享樂衝購族"
"781e7aef","31-35歲","女","新北市","物質享樂衝購族"
"75ab10ef","31-35歲","男","新竹縣","運動科技潮人"
"d7bd6b10","46-50歲","男","新北市","愛搜愛比網購客"
"92d6c469","36-40歲","女","新北市","樂動廣告品牌控"
"32d40b9a","36-40歲","女","新北市","網購社媒手機迷"
"c6c26f92","46-50歲","女","新竹縣","健康愛家定存控"
"9d656b42","36-40歲","女","苗栗縣","樂動廣告品牌控"
"0e2f2797","56-60歲","女","新北市","網購社媒手機迷"
"9f0aea31","46-50歲","女","台東縣","網購社媒手機迷"
"586c0cf0","36-40歲","女","新竹縣","樂動廣告品牌控"
"5aa147bf","56-60歲","女","新北市","運動科技潮人"
"ed86d77b","36-40歲","女","新北市","運動科技潮人"
"5b307a64","56-60歲","女","台北市","品味養生理財貴族"
"59812113","41-45歲","男","桃園市","樂動廣告品牌控"
"be58ff28","31-35歲","男","新北市","運動科技潮人"
"08bf3665","41-45歲","男","台北市","運動科技潮人"
"361d5448","31-35歲","女","台中市","物質享樂衝購族"
"3da89c8a","31-35歲","女","嘉義縣","健康愛家定存控"
"3ef9ed6b","31-35歲","女","台中市","健康愛家定存控"
"120ec30a","51-55歲","女","台北市","品味養生理財貴族"
"c0596e93","26-30歲","女","新北市","物質享樂衝購族"
"215380a8","46-50歲","女","新竹市","健康愛家定存控"
"ad17c59e","31-35歲","男","彰化縣","運動科技潮人"
"1df522fe","51-55歲","女","新竹縣","獨立愛遊理財新手"
"a25612d1","41-45歲","女","台南市","網購社媒手機迷"
"4f0f1cfc","51-55歲","女","新北市","品味養生理財貴族"
"087c08fa","41-45歲","女","新竹縣","網購社媒手機迷"
"ce626268","51-55歲","男","新北市","運動科技潮人"
"5a21a16c","46-50歲","女","台中市","愛搜愛比網購客"
"cbe3a757","41-45歲","女","台中市","樂動廣告品牌控"
"61733b6d","46-50歲","女","新北市","樂動廣告品牌控"
"25efb58e","26-30歲","女","新北市","健康愛家定存控"
"d48fa923","26-30歲","女","彰化縣","健康愛家定存控"
"48690166","51-55歲","女","台北市","愛搜愛比網購客"
"1b2d412c","26-30歲","女","台北市","獨立愛遊理財新手"
"2d5a999a","46-50歲","女","花蓮縣","品味養生理財貴族"
"6040f78e","31-35歲","女","彰化縣","網購社媒手機迷"
"30c44675","36-40歲","女","南投縣","物質享樂衝購族"
"46d283f2","41-45歲","男","新竹縣","運動科技潮人"
"c9367064","36-40歲","女","高雄市","品味養生理財貴族"
"2c179ed8","46-50歲","女","新北市","品味養生理財貴族"
"38c59f54","56-60歲","女","台北市","品味養生理財貴族"
"0cd8460c","51-55歲","女","嘉義市","傳統保健理財族"
"0accba49","26-30歲","女","苗栗縣","物質享樂衝購族"
"2a95d1ce","36-40歲","女","台南市","樂動廣告品牌控"
"22d4dd67","36-40歲","女","彰化縣","網購社媒手機迷"
"dc61bb58","31-35歲","女","新竹縣","樂動廣告品牌控"
"a38880e7","46-50歲","女","花蓮縣","愛搜愛比網購客"
"e5666078","26-30歲","男","新北市","健康愛家定存控"
"08bbcb01","36-40歲","女","彰化縣","樂動廣告品牌控"
"b2598185","31-35歲","女","新竹縣","物質享樂衝購族"
"e9cdc02a","36-40歲","男","新北市","運動科技潮人"
"27acf6f9","56-60歲","女","新竹縣","愛搜愛比網購客"
"ba8cd162","51-55歲","女","彰化縣","樂動廣告品牌控"
"18430234","46-50歲","女","苗栗縣","品味養生理財貴族"
"e0cfc95f","41-45歲","女","新竹市","物質享樂衝購族"
"588a1572","26-30歲","女","桃園市","運動科技潮人"
"a2414968","26-30歲","男","苗栗縣","健康愛家定存控"
"36dc3a70","21-25歲","女","桃園市","獨立愛遊理財新手"
"36be74e1","41-45歲","女","高雄市","獨立愛遊理財新手"
"77d840cf","36-40歲","女","台北市","運動科技潮人"
"bfbbf1cf","31-35歲","女","台中市","物質享樂衝購族"
"df3068d6","41-45歲","女","花蓮縣","品味養生理財貴族"
"c66e8441","46-50歲","女","新竹縣","健康愛家定存控"
"696145ce","26-30歲","女","桃園市","物質享樂衝購族"
"59b47314","36-40歲","女","彰化縣","品味養生理財貴族"
"fd074d28","36-40歲","女","嘉義市","健康愛家定存控"
"7b87822a","41-45歲","男","苗栗縣","樂動廣告品牌控"
"77b6640a","36-40歲","女","新北市","運動科技潮人"
"76dc4321","41-45歲","女","苗栗縣","物質享樂衝購族"
"52f13fdc","41-45歲","男","新北市","網購社媒手機迷"
"37cd538a","41-45歲","女","嘉義市","品味養生理財貴族"
"ebd00bd4","31-35歲","女","新北市","健康愛家定存控"
"f71bbc63","36-40歲","女","新北市","運動科技潮人"
"01347837","56-60歲","男","新竹縣","愛搜愛比網購客"
"13d985e6","56-60歲","女","新竹縣","品味養生理財貴族"
"216d17b0","31-35歲","女","新北市","運動科技潮人"
"321176f2","31-35歲","女","嘉義市","物質享樂衝購族"
"3f0007de","26-30歲","女","新竹縣","獨立愛遊理財新手"
"564afeec","36-40歲","男","台南市","樂動廣告品牌控"
"b119f118","41-45歲","男","台北市","愛搜愛比網購客"
"65d35ce6","66以上","男","花蓮縣","愛搜愛比網購客"
"cda7b460","31-35歲","女","台北市","網購社媒手機迷"
"87883176","31-35歲","女","台南市","樂動廣告品牌控"
"8023ea27","36-40歲","女","新北市","獨立愛遊理財新手"
"641c4864","46-50歲","女","新竹縣","品味養生理財貴族"
"2521bbd9","36-40歲","男","台中市","健康愛家定存控"
"b87f1d79","41-45歲","女","台中市","品味養生理財貴族"
"ce429a9d","31-35歲","女","新北市","物質享樂衝購族"
"557f37b6","41-45歲","女","台北市","品味養生理財貴族"
"0688a34f","56-60歲","男","台中市","樂動廣告品牌控"
"493dc074","46-50歲","女","彰化縣","品味養生理財貴族"
"fafed9a5","36-40歲","女","新北市","運動科技潮人"
"2059e119","36-40歲","女","苗栗縣","獨立愛遊理財新手"
"046e18e9","31-35歲","女","南投縣","樂動廣告品牌控"
"9a609a17","36-40歲","女","台北市","獨立愛遊理財新手"
"383a0eb4","51-55歲","男","新北市","愛搜愛比網購客"
"1e51c222","46-50歲","男","台北市","運動科技潮人"
"0107343e","26-30歲","女","苗栗縣","獨立愛遊理財新手"
"43945441","41-45歲","男","桃園市","運動科技潮人"
"168d19f7","21-25歲","女","苗栗縣","獨立愛遊理財新手"
"bf17bcf8","36-40歲","男","新北市","運動科技潮人"
"5e26badb","51-55歲","男","新北市","運動科技潮人"
"38bf497b","31-35歲","女","新北市","物質享樂衝購族"
"66ed2e27","46-50歲","女","彰化縣","品味養生理財貴族"
"62793ada","31-35歲","女","新竹縣","健康愛家定存控"
"67b47405","36-40歲","女","台中市","網購社媒手機迷"
"2446ce37","36-40歲","男","新北市","運動科技潮人"
"c90e246b","41-45歲","女","新北市","獨立愛遊理財新手"
"9884f53e","26-30歲","男","新竹市","樂動廣告品牌控"
"74cf03a8","31-35歲","女","桃園市","樂動廣告品牌控"
"3af4a99e","41-45歲","女","新竹縣","品味養生理財貴族"
"7695ddae","36-40歲","女","高雄市","網購社媒手機迷"
"ce1681f6","51-55歲","女","新北市","獨立愛遊理財新手"
"81037788","36-40歲","女","台中市","物質享樂衝購族"
"bdf88920","41-45歲","女","新北市","物質享樂衝購族"
"b005e7c0","31-35歲","女","台北市","物質享樂衝購族"
"7c080860","36-40歲","女","台北市","傳統保健理財族"
"caec6d53","31-35歲","女","台北市","網購社媒手機迷"
"557a95d1","26-30歲","女","新竹縣","健康愛家定存控"
"2cdfe315","26-30歲","女","花蓮縣","獨立愛遊理財新手"
"c537a90b","56-60歲","男","新竹縣","運動科技潮人"
"70796b43","51-55歲","女","台北市","獨立愛遊理財新手"
"42c6fc03","36-40歲","男","彰化縣","運動科技潮人"
"73697fbc","51-55歲","男","新北市","運動科技潮人"
"08e8bda6","56-60歲","女","台北市","運動科技潮人"
"67075bcb","26-30歲","男","新竹市","樂動廣告品牌控"
"77be6219","36-40歲","女","雲林縣","運動科技潮人"
"0b39852e","26-30歲","女","苗栗縣","物質享樂衝購族"
"c8e9d2b8","31-35歲","女","台北市","運動科技潮人"
"0146d171","46-50歲","女","台中市","樂動廣告品牌控"
"2d58a455","46-50歲","女","花蓮縣","獨立愛遊理財新手"
"61342d6a","31-35歲","女","苗栗縣","物質享樂衝購族"
"d5725c2f","36-40歲","男","台中市","樂動廣告品牌控"
"ba497640","41-45歲","男","苗栗縣","運動科技潮人"
"28adb081","31-35歲","女","新北市","獨立愛遊理財新手"
"7c82a13f","46-50歲","女","新竹縣","品味養生理財貴族"
"48196ca5","31-35歲","女","新竹市","物質享樂衝購族"
"4c75b688","46-50歲","女","台北市","品味養生理財貴族"
"48702e6f","46-50歲","男","新北市","運動科技潮人"
"cf4fd389","41-45歲","男","新北市","運動科技潮人"
"a6ec0992","36-40歲","女","彰化縣","物質享樂衝購族"
"a78129a6","31-35歲","女","新北市","健康愛家定存控"
"c506b3c0","51-55歲","女","新竹縣","愛搜愛比網購客"
"1efaa1bb","51-55歲","女","花蓮縣","健康愛家定存控"
"2c3f5c6c","61-65歲","女","台北市","傳統保健理財族"
"771d210f","41-45歲","女","新北市","愛搜愛比網購客"
"2002747e","66以上","女","新竹市","樂動廣告品牌控"
"137068c7","36-40歲","女","苗栗縣","傳統保健理財族"
"03456f44","36-40歲","女","台北市","樂動廣告品牌控"
"f0e244ed","56-60歲","女","台北市","品味養生理財貴族"
"325d1bc8","51-55歲","男","台中市","樂動廣告品牌控"
"11d460fa","46-50歲","女","花蓮縣","品味養生理財貴族"
"dc6bbbec","51-55歲","女","新北市","品味養生理財貴族"
"7ea73b37","46-50歲","女","苗栗縣","網購社媒手機迷"
"92ed794f","41-45歲","男","新北市","運動科技潮人"
"4ca89348","31-35歲","女","新竹縣","物質享樂衝購族"
"c3f6a618","41-45歲","男","新北市","樂動廣告品牌控"
"eb33ae01","36-40歲","女","新竹縣","物質享樂衝購族"
"3456b1cc","51-55歲","女","高雄市","傳統保健理財族"
"98463126","51-55歲","女","苗栗縣","樂動廣告品牌控"
"40d38a55","36-40歲","男","彰化縣","運動科技潮人"
"4d7d82e8","46-50歲","女","新竹縣","傳統保健理財族"
"0ac48542","21-25歲","女","新北市","獨立愛遊理財新手"
"6fcfaafb","31-35歲","女","花蓮縣","物質享樂衝購族"
"20a3fee6","41-45歲","男","台北市","愛搜愛比網購客"
"5967555f","26-30歲","女","新北市","獨立愛遊理財新手"
"6168775a","31-35歲","女","嘉義市","健康愛家定存控"
"56b04b8b","41-45歲","女","嘉義縣","樂動廣告品牌控"
"3a2969aa","61-65歲","女","新北市","獨立愛遊理財新手"
"b683b1fd","61-65歲","男","台南市","愛搜愛比網購客"
"2117b81f","51-55歲","女","新北市","品味養生理財貴族"
"a23fc947","31-35歲","男","台北市","運動科技潮人"
"0221a7a8","31-35歲","女","台中市","獨立愛遊理財新手"
"9284aae0","41-45歲","女","新竹市","物質享樂衝購族"
"f92121ea","46-50歲","女","高雄市","品味養生理財貴族"
"a033f83c","31-35歲","女","台中市","健康愛家定存控"
"6a806ff8","41-45歲","女","苗栗縣","品味養生理財貴族"
"048bf216","36-40歲","女","新北市","網購社媒手機迷"
"3faa6230","51-55歲","女","苗栗縣","健康愛家定存控"
"61c9f83b","31-35歲","男","新北市","運動科技潮人"
"564d11b7","46-50歲","男","新竹縣","健康愛家定存控"
"65baf2e0","26-30歲","女","彰化縣","獨立愛遊理財新手"
"22368d14","41-45歲","女","新竹縣","品味養生理財貴族"
"458a39c7","36-40歲","女","台北市","物質享樂衝購族"
"ae6cd461","31-35歲","女","彰化縣","健康愛家定存控"
"f61790f5","36-40歲","女","高雄市","網購社媒手機迷"
"68e96bd5","41-45歲","女","桃園市","品味養生理財貴族"
"12dad3f8","21-25歲","男","新竹縣","運動科技潮人"
"3bfd17df","26-30歲","女","台中市","物質享樂衝購族"
"c4a8aceb","41-45歲","女","彰化縣","健康愛家定存控"
"89319fdb","26-30歲","男","新北市","運動科技潮人"
"18f3e692","46-50歲","女","新竹市","樂動廣告品牌控"
"474eb41a","46-50歲","男","彰化縣","樂動廣告品牌控"
"ed2e950b","56-60歲","女","新北市","愛搜愛比網購客"
"40e6f103","41-45歲","男","屏東縣","樂動廣告品牌控"
"f2952ec2","41-45歲","女","新竹縣","健康愛家定存控"
"28ed395c","41-45歲","女","高雄市","獨立愛遊理財新手"
"46de2a27","36-40歲","女","桃園市","獨立愛遊理財新手"
"40cc4b78","51-55歲","女","苗栗縣","樂動廣告品牌控"
"ece48d51","31-35歲","女","苗栗縣","物質享樂衝購族"
"9677786d","31-35歲","女","台北市","健康愛家定存控"
"fe9bb771","46-50歲","女","台中市","愛搜愛比網購客"
"421d80b8","41-45歲","男","花蓮縣","運動科技潮人"
"65d1de46","46-50歲","男","台南市","運動科技潮人"
"9a2f52fb","46-50歲","男","台中市","愛搜愛比網購客"
"707e8730","41-45歲","女","新竹縣","品味養生理財貴族"
"7db5c020","41-45歲","女","高雄市","網購社媒手機迷"
"6400d26d","46-50歲","女","桃園市","運動科技潮人"
"9dc81e4e","41-45歲","女","台北市","品味養生理財貴族"
"d561185c","46-50歲","女","台北市","健康愛家定存控"
"5a81bb25","26-30歲","女","苗栗縣","健康愛家定存控"
"2ecc176a","31-35歲","女","台北市","獨立愛遊理財新手"
"8419b0e6","46-50歲","女","台北市","傳統保健理財族"
"1e783103","36-40歲","女","新竹市","物質享樂衝購族"
"93ef885b","36-40歲","女","新北市","品味養生理財貴族"
"5558e7b2","46-50歲","男","新北市","樂動廣告品牌控"
"9dc1aa4f","31-35歲","女","花蓮縣","物質享樂衝購族"
"a3ae5d5b","61-65歲","女","新竹縣","健康愛家定存控"
"73be8531","26-30歲","男","高雄市","運動科技潮人"
"ce9f4cdb","26-30歲","女","新竹市","健康愛家定存控"
"271cae53","31-35歲","女","台北市","物質享樂衝購族"
"0b087944","36-40歲","女","新北市","運動科技潮人"
"cf68ac48","31-35歲","女","新竹縣","樂動廣告品牌控"
"d3ee0045","46-50歲","男","新竹縣","傳統保健理財族"
"2cacb28d","41-45歲","女","新竹縣","獨立愛遊理財新手"
"6c706672","41-45歲","女","台中市","樂動廣告品牌控"
"0385e04d","36-40歲","男","宜蘭縣","運動科技潮人"
"4cbfa8d6","31-35歲","女","台中市","物質享樂衝購族"
"d8555385","51-55歲","女","新竹縣","品味養生理財貴族"
"2f64e6c0","41-45歲","男","新北市","樂動廣告品牌控"
"d674fc22","46-50歲","女","苗栗縣","樂動廣告品牌控"
"e625febb","31-35歲","男","新竹縣","樂動廣告品牌控"
"a764b7e2","31-35歲","男","嘉義縣","健康愛家定存控"
"79e02ddf","46-50歲","女","苗栗縣","傳統保健理財族"
"966c0e63","31-35歲","女","台中市","物質享樂衝購族"
"78f65fd4","46-50歲","女","台南市","健康愛家定存控"
"74af1701","31-35歲","女","台北市","健康愛家定存控"
"8e7018d4","31-35歲","女","台北市","物質享樂衝購族"
"3f2188fa","21-25歲","女","南投縣","健康愛家定存控"
"b28a128b","56-60歲","女","彰化縣","傳統保健理財族"
"aa91397f","46-50歲","女","新竹縣","物質享樂衝購族"
"d8bd279c","41-45歲","女","宜蘭縣","愛搜愛比網購客"
"53edd90b","31-35歲","男","台北市","運動科技潮人"
"e95c21a1","46-50歲","女","台中市","品味養生理財貴族"
"20ff3aae","51-55歲","女","台北市","健康愛家定存控"
"28d5b203","41-45歲","女","新北市","品味養生理財貴族"
"f10ef25b","66以上","女","新北市","品味養生理財貴族"
"cd9691dc","46-50歲","女","台北市","獨立愛遊理財新手"
"62174883","36-40歲","男","新竹市","運動科技潮人"
"c3b257ea","31-35歲","女","台北市","健康愛家定存控"
"5300bb2c","46-50歲","女","花蓮縣","品味養生理財貴族"
"b5812008","31-35歲","男","桃園市","健康愛家定存控"
"0b3838ce","26-30歲","女","桃園市","健康愛家定存控"
"94b2475f","31-35歲","女","新竹縣","網購社媒手機迷"
"94262601","36-40歲","女","新北市","傳統保健理財族"
"23010e03","31-35歲","女","台中市","運動科技潮人"
"5292d80e","36-40歲","男","台北市","運動科技潮人"
"f37339c8","51-55歲","女","嘉義市","健康愛家定存控"
"d91f28c7","26-30歲","女","台北市","健康愛家定存控"
"ad6547c3","41-45歲","女","新北市","網購社媒手機迷"
"17da815a","36-40歲","男","桃園市","運動科技潮人"
"f97e8d34","41-45歲","女","台北市","運動科技潮人"
"fd70d6b4","36-40歲","女","高雄市","物質享樂衝購族"
"12287629","31-35歲","女","新竹縣","運動科技潮人"
"144444a3","31-35歲","女","新竹縣","健康愛家定存控"
"b3d294f7","46-50歲","女","花蓮縣","樂動廣告品牌控"
"007f42c6","36-40歲","女","嘉義縣","樂動廣告品牌控"
"2ef55836","41-45歲","男","台北市","運動科技潮人"
"881ec5eb","31-35歲","女","高雄市","健康愛家定存控"
"e9bf8ca4","26-30歲","女","新北市","健康愛家定存控"
"defac40a","41-45歲","男","台南市","樂動廣告品牌控"
"1e45b54e","36-40歲","女","新北市","品味養生理財貴族"
"af3eb086","31-35歲","女","雲林縣","獨立愛遊理財新手"
"a724b333","36-40歲","女","台北市","物質享樂衝購族"
"aed4c607","31-35歲","女","新竹縣","物質享樂衝購族"
"82b5f97b","21-25歲","男","新竹縣","樂動廣告品牌控"
"88f09d43","26-30歲","女","新竹縣","獨立愛遊理財新手"
"d0e5298f","26-30歲","女","新竹縣","獨立愛遊理財新手"
"e5b3f5ca","36-40歲","女","花蓮縣","樂動廣告品牌控"
"2a3f618f","26-30歲","女","台北市","健康愛家定存控"
"06322f15","26-30歲","女","嘉義縣","運動科技潮人"
"43a24e58","36-40歲","女","高雄市","運動科技潮人"
"b4af6cf0","31-35歲","女","高雄市","傳統保健理財族"
"5001d0d7","31-35歲","男","台中市","樂動廣告品牌控"
"efd5d86e","31-35歲","女","彰化縣","物質享樂衝購族"
"b4a80d6f","31-35歲","女","苗栗縣","物質享樂衝購族"
"898d1daa","36-40歲","男","台北市","運動科技潮人"
"e8c34324","41-45歲","男","台北市","樂動廣告品牌控"
"d3f3212f","31-35歲","男","新竹縣","獨立愛遊理財新手"
"187549d4","56-60歲","男","台北市","運動科技潮人"
"085a4c91","56-60歲","女","新竹縣","樂動廣告品牌控"
"67022c43","31-35歲","女","台中市","健康愛家定存控"
"87786d1e","36-40歲","女","新竹縣","物質享樂衝購族"
"ba599b39","51-55歲","女","桃園市","傳統保健理財族"
"70d00557","46-50歲","女","苗栗縣","網購社媒手機迷"
"67375c4d","31-35歲","女","新竹縣","獨立愛遊理財新手"
"d053f0f3","46-50歲","女","新北市","品味養生理財貴族"
"27a51935","51-55歲","女","高雄市","樂動廣告品牌控"
"de74db9e","36-40歲","女","苗栗縣","獨立愛遊理財新手"
"a9fae26f","41-45歲","女","彰化縣","物質享樂衝購族"
"415ce463","31-35歲","女","新竹縣","獨立愛遊理財新手"
"4a437413","36-40歲","男","彰化縣","物質享樂衝購族"
"bba17746","31-35歲","女","花蓮縣","物質享樂衝購族"
"3309be69","56-60歲","男","新北市","愛搜愛比網購客"
"01838531","41-45歲","女","新竹縣","傳統保健理財族"
"34e196df","41-45歲","女","宜蘭縣","品味養生理財貴族"
"716410d0","46-50歲","女","台北市","物質享樂衝購族"
"56536f6e","31-35歲","女","新竹縣","樂動廣告品牌控"
"117d680b","21-25歲","女","新北市","物質享樂衝購族"
"0dd50bf8","56-60歲","男","彰化縣","樂動廣告品牌控"
"12ac5333","26-30歲","女","桃園市","網購社媒手機迷"
"e77c3cad","41-45歲","男","新竹縣","運動科技潮人"
"939a14a7","31-35歲","女","台中市","健康愛家定存控"
"0515c16a","41-45歲","女","彰化縣","物質享樂衝購族"
"48d32485","36-40歲","女","新竹縣","品味養生理財貴族"
"d2676d0a","51-55歲","女","新北市","傳統保健理財族"
"e99e5d9b","26-30歲","女","台北市","獨立愛遊理財新手"
"12ac13c6","41-45歲","女","彰化縣","樂動廣告品牌控"
"195f9078","36-40歲","女","台北市","獨立愛遊理財新手"
"76535ec6","41-45歲","女","高雄市","網購社媒手機迷"
"178b0de3","31-35歲","男","台南市","樂動廣告品牌控"
"c2b78615","61-65歲","女","花蓮縣","樂動廣告品牌控"
"11829009","41-45歲","男","台中市","運動科技潮人"
"708d9828","31-35歲","女","彰化縣","物質享樂衝購族"
"36620529","41-45歲","女","台北市","品味養生理財貴族"
"feed8ac2","31-35歲","女","台中市","獨立愛遊理財新手"
"0191718a","26-30歲","男","新竹縣","網購社媒手機迷"
"aa704f16","36-40歲","男","台中市","樂動廣告品牌控"
"afab0881","41-45歲","男","台北市","運動科技潮人"
"b926209e","41-45歲","男","彰化縣","運動科技潮人"
"3ba2d44d","31-35歲","女","台中市","健康愛家定存控"
"72e6456d","46-50歲","女","台南市","傳統保健理財族"
"7518e7ed","46-50歲","女","台北市","樂動廣告品牌控"
"e102c6d1","56-60歲","男","台北市","運動科技潮人"
"51adf9e8","46-50歲","男","新北市","運動科技潮人"
"7139b98c","36-40歲","女","桃園市","物質享樂衝購族"
"f4792415","36-40歲","女","新北市","網購社媒手機迷"
"fa798f36","31-35歲","女","苗栗縣","物質享樂衝購族"
"47c252cf","41-45歲","男","新北市","運動科技潮人"
"0d86e6af","36-40歲","女","屏東縣","獨立愛遊理財新手"
"c42ee3e7","36-40歲","女","花蓮縣","品味養生理財貴族"
"8837f77e","46-50歲","女","台南市","網購社媒手機迷"
"af75ac37","31-35歲","男","嘉義縣","運動科技潮人"
"a2fcbbd8","46-50歲","女","桃園市","物質享樂衝購族"
"4fbd3734","31-35歲","女","苗栗縣","物質享樂衝購族"
"599baec4","36-40歲","女","新北市","健康愛家定存控"
"98416029","46-50歲","男","彰化縣","運動科技潮人"
"1dda4e28","41-45歲","女","花蓮縣","獨立愛遊理財新手"
"1a6f74ff","46-50歲","女","新竹縣","物質享樂衝購族"
"fbe3d515","46-50歲","女","台南市","傳統保健理財族"
"a1dea079","41-45歲","男","苗栗縣","運動科技潮人"
"1d45f03c","26-30歲","女","苗栗縣","獨立愛遊理財新手"
"5eca86b3","26-30歲","女","新竹縣","獨立愛遊理財新手"
"a2c49ff5","41-45歲","女","嘉義縣","樂動廣告品牌控"
"e5b19eb9","61-65歲","男","台北市","健康愛家定存控"
"f696c114","41-45歲","男","嘉義市","愛搜愛比網購客"
"c73a55a4","36-40歲","女","台北市","健康愛家定存控"
"4d786c43","36-40歲","女","台南市","樂動廣告品牌控"
"dd7f9b61","31-35歲","女","新北市","運動科技潮人"
"6256cd93","26-30歲","女","新竹縣","樂動廣告品牌控"
"67dac3f4","41-45歲","男","台中市","樂動廣告品牌控"
"6dbd62d8","41-45歲","女","台北市","品味養生理財貴族"
"27fcf1c1","41-45歲","女","花蓮縣","品味養生理財貴族"
"6e3738fd","41-45歲","女","台北市","物質享樂衝購族"
"29147afc","41-45歲","男","新竹縣","運動科技潮人"
"289d08a3","41-45歲","女","屏東縣","品味養生理財貴族"
"42c07e2d","31-35歲","女","新北市","健康愛家定存控"
"46ee8be3","31-35歲","男","台北市","樂動廣告品牌控"
"4eb50224","51-55歲","女","新北市","品味養生理財貴族"
"68148583","31-35歲","女","苗栗縣","獨立愛遊理財新手"
"4da912d1","46-50歲","女","花蓮縣","傳統保健理財族"
"aa67d847","26-30歲","女","台北市","獨立愛遊理財新手"
"8f23bfe4","41-45歲","男","宜蘭縣","樂動廣告品牌控"
"3b94d9b4","36-40歲","男","桃園市","運動科技潮人"
"257d5f40","26-30歲","女","新北市","物質享樂衝購族"
"d2c565f2","41-45歲","男","雲林縣","樂動廣告品牌控"
"24697c3b","41-45歲","女","新北市","物質享樂衝購族"
"54815de7","21-25歲","女","彰化縣","網購社媒手機迷"
"b4278afa","31-35歲","女","彰化縣","健康愛家定存控"
"723ed305","31-35歲","女","台北市","物質享樂衝購族"
"64b247ee","36-40歲","女","新竹縣","品味養生理財貴族"
"631feb3e","41-45歲","女","新北市","獨立愛遊理財新手"
"f08f7696","36-40歲","女","新北市","健康愛家定存控"
"56e26949","36-40歲","女","台北市","獨立愛遊理財新手"
"aa4072c3","36-40歲","女","新竹縣","健康愛家定存控"
"4bacec4e","36-40歲","女","苗栗縣","網購社媒手機迷"
"8170bae1","41-45歲","女","新北市","獨立愛遊理財新手"
"5d8e3dac","56-60歲","男","新北市","愛搜愛比網購客"
"abd030da","46-50歲","女","苗栗縣","樂動廣告品牌控"
"22b792e9","41-45歲","男","新竹縣","運動科技潮人"
"48788615","41-45歲","女","花蓮縣","物質享樂衝購族"
"edab8937","36-40歲","女","嘉義市","健康愛家定存控"
"15456cd8","36-40歲","女","台北市","健康愛家定存控"
"5bd91e12","56-60歲","男","台北市","健康愛家定存控"
"1b1cabf8","46-50歲","女","桃園市","健康愛家定存控"
"41515e9a","46-50歲","女","嘉義縣","樂動廣告品牌控"
"93db034f","31-35歲","男","台北市","運動科技潮人"
"0a5fb12d","36-40歲","女","台北市","獨立愛遊理財新手"
"75b435c6","46-50歲","男","台南市","愛搜愛比網購客"
"e7e920b1","41-45歲","男","桃園市","樂動廣告品牌控"
"f387f2a7","31-35歲","男","高雄市","運動科技潮人"
"99574587","36-40歲","女","台中市","愛搜愛比網購客"
"65da85b6","31-35歲","女","台中市","物質享樂衝購族"
"45e85940","31-35歲","女","新北市","獨立愛遊理財新手"
"139388bc","51-55歲","女","新北市","物質享樂衝購族"
"dcd641da","46-50歲","女","新北市","網購社媒手機迷"
"6335e536","36-40歲","女","桃園市","健康愛家定存控"
"45112741","31-35歲","女","苗栗縣","物質享樂衝購族"
"b74f846a","36-40歲","男","屏東縣","物質享樂衝購族"
"642c27fc","36-40歲","女","台北市","健康愛家定存控"
"4255993c","46-50歲","女","新竹市","品味養生理財貴族"
"3330fecc","31-35歲","女","新北市","健康愛家定存控"
"751489ba","36-40歲","男","新北市","運動科技潮人"
"e0b10f3e","41-45歲","女","花蓮縣","品味養生理財貴族"
"460bc647","36-40歲","女","桃園市","網購社媒手機迷"
"b2625f2c","31-35歲","女","苗栗縣","獨立愛遊理財新手"
"1756afd4","36-40歲","女","台北市","健康愛家定存控"
"779bb911","26-30歲","女","台北市","物質享樂衝購族"
"03708049","41-45歲","男","台南市","樂動廣告品牌控"
"5a787942","26-30歲","男","新竹縣","健康愛家定存控"
"e7536c68","46-50歲","女","苗栗縣","網購社媒手機迷"
"35f914ee","41-45歲","女","花蓮縣","傳統保健理財族"
"fb3cba81","41-45歲","女","新北市","網購社媒手機迷"
"bbc0d086","26-30歲","女","台中市","樂動廣告品牌控"
"b43de238","31-35歲","女","新竹縣","網購社媒手機迷"
"9836e622","36-40歲","女","宜蘭縣","網購社媒手機迷"
"a21e3e13","41-45歲","男","新竹市","愛搜愛比網購客"
"b046fccf","41-45歲","男","台中市","運動科技潮人"
"88b724ca","41-45歲","女","新竹縣","物質享樂衝購族"
"1853d0c0","56-60歲","女","新北市","運動科技潮人"
"b0faf5af","31-35歲","男","新竹縣","運動科技潮人"
"01b35ecd","51-55歲","男","新竹縣","樂動廣告品牌控"
"8f90c07c","56-60歲","女","台中市","品味養生理財貴族"
"75034760","41-45歲","女","新竹市","愛搜愛比網購客"
"191578f9","31-35歲","女","新北市","健康愛家定存控"
"4b297df5","31-35歲","女","花蓮縣","網購社媒手機迷"
"b1ec143e","31-35歲","女","台南市","物質享樂衝購族"
"5af26ea0","26-30歲","女","花蓮縣","物質享樂衝購族"
"8098d24e","31-35歲","女","彰化縣","健康愛家定存控"
"7abcb1b4","31-35歲","女","新竹市","網購社媒手機迷"
"22fdba94","36-40歲","女","新竹市","品味養生理財貴族"
"f91fd2bc","31-35歲","女","花蓮縣","獨立愛遊理財新手"
"a703867f","31-35歲","女","新竹縣","健康愛家定存控"
"7855728c","41-45歲","女","台南市","品味養生理財貴族"
"96face12","61-65歲","女","新北市","傳統保健理財族"
"330578c0","26-30歲","男","新竹縣","運動科技潮人"
"d4622069","36-40歲","女","桃園市","品味養生理財貴族"
"8b503742","46-50歲","女","新竹縣","獨立愛遊理財新手"
"7ceaa27d","41-45歲","女","台中市","品味養生理財貴族"
"c449d857","41-45歲","女","新北市","品味養生理財貴族"
"68f0ff37","26-30歲","男","新竹縣","運動科技潮人"
"252e247f","31-35歲","男","新竹縣","運動科技潮人"
"c9b00e94","46-50歲","女","台北市","獨立愛遊理財新手"
"f1c651d5","41-45歲","女","新竹縣","品味養生理財貴族"
"a1900c10","46-50歲","女","桃園市","樂動廣告品牌控"
"35d57607","31-35歲","女","新竹縣","運動科技潮人"
"0bac7f30","36-40歲","男","高雄市","網購社媒手機迷"
"62a647f7","46-50歲","男","新北市","愛搜愛比網購客"
"4d4cfd40","36-40歲","女","花蓮縣","網購社媒手機迷"
"b43e577f","36-40歲","男","高雄市","健康愛家定存控"
"5309ac20","26-30歲","男","台中市","運動科技潮人"
"ae85c4c5","61-65歲","女","台北市","健康愛家定存控"
"56941aec","46-50歲","男","新北市","愛搜愛比網購客"
"fbd7f4b5","36-40歲","女","新竹縣","物質享樂衝購族"
"fcd3776f","31-35歲","男","新北市","運動科技潮人"
"ee5e4187","31-35歲","女","高雄市","健康愛家定存控"
"a3bfa4ff","41-45歲","男","新竹縣","運動科技潮人"
"1485b1f7","31-35歲","男","新竹縣","健康愛家定存控"
"9800d700","26-30歲","男","雲林縣","物質享樂衝購族"
"103b4fa5","31-35歲","女","苗栗縣","樂動廣告品牌控"
"ae84de16","36-40歲","女","新北市","樂動廣告品牌控"
"7a5589d1","31-35歲","男","高雄市","運動科技潮人"
"5494372b","31-35歲","男","苗栗縣","健康愛家定存控"
"d81a7390","56-60歲","女","新竹縣","樂動廣告品牌控"
"6e7cd798","51-55歲","女","南投縣","健康愛家定存控"
"88145c34","41-45歲","女","新北市","網購社媒手機迷"
"fa278b9c","36-40歲","女","花蓮縣","傳統保健理財族"
"08fdf9b8","31-35歲","男","宜蘭縣","健康愛家定存控"
"22560e82","46-50歲","女","新北市","物質享樂衝購族"
"aef0c2c6","56-60歲","女","台東縣","獨立愛遊理財新手"
"11e6a72f","56-60歲","女","苗栗縣","健康愛家定存控"
"41af0b6e","41-45歲","女","南投縣","獨立愛遊理財新手"
"06f3dd7f","36-40歲","女","雲林縣","品味養生理財貴族"
"38ae4fd6","41-45歲","女","台中市","物質享樂衝購族"
"8a25962a","26-30歲","女","台中市","健康愛家定存控"
"17d09098","41-45歲","女","彰化縣","健康愛家定存控"
"8f6fe16c","41-45歲","女","高雄市","愛搜愛比網購客"
"f38cb4ea","41-45歲","女","台南市","品味養生理財貴族"
"241b7b0f","36-40歲","女","桃園市","網購社媒手機迷"
"420922b0","26-30歲","女","新竹縣","物質享樂衝購族"
"8b281227","41-45歲","女","花蓮縣","愛搜愛比網購客"
"9b96461b","31-35歲","女","新北市","運動科技潮人"
"98ea0aa6","36-40歲","女","彰化縣","獨立愛遊理財新手"
"ec675db0","51-55歲","女","苗栗縣","傳統保健理財族"
"42113528","36-40歲","女","新北市","健康愛家定存控"
"4cc679f6","36-40歲","女","彰化縣","樂動廣告品牌控"
"26d0a147","51-55歲","女","高雄市","網購社媒手機迷"
"96aec3b7","31-35歲","女","台中市","樂動廣告品牌控"
"40212261","31-35歲","女","苗栗縣","網購社媒手機迷"
"920d686c","41-45歲","男","新北市","運動科技潮人"
"f1234b1f","46-50歲","女","彰化縣","網購社媒手機迷"
"fb0fc382","56-60歲","女","台北市","網購社媒手機迷"
"cd5df6c1","20以下","男","新北市","運動科技潮人"
"b8c7d40b","61-65歲","男","高雄市","樂動廣告品牌控"
"b491ca4b","36-40歲","女","花蓮縣","網購社媒手機迷"
"b552ec22","36-40歲","女","台南市","網購社媒手機迷"
"4333c54a","41-45歲","女","新竹縣","樂動廣告品牌控"
"e795f0b9","26-30歲","女","基隆市","物質享樂衝購族"
"b192d421","36-40歲","女","新竹市","傳統保健理財族"
"10d374cd","51-55歲","女","台北市","獨立愛遊理財新手"
"5e68b68e","46-50歲","女","新竹縣","運動科技潮人"
"54dc9a1a","46-50歲","男","台中市","樂動廣告品牌控"
"be8a99c7","36-40歲","女","新竹縣","網購社媒手機迷"
"cd085537","41-45歲","女","高雄市","樂動廣告品牌控"
"200aa57b","46-50歲","男","桃園市","愛搜愛比網購客"
"c53e3d55","26-30歲","女","新竹市","網購社媒手機迷"
"b1530b6a","36-40歲","男","台北市","運動科技潮人"
"18531c71","41-45歲","女","新北市","獨立愛遊理財新手"
"2bdfd43e","41-45歲","女","新竹市","物質享樂衝購族"
"a9a7e809","31-35歲","女","台南市","網購社媒手機迷"
"d229af96","41-45歲","男","新北市","傳統保健理財族"
"4e1295cb","31-35歲","女","彰化縣","物質享樂衝購族"
"55e6ffd1","46-50歲","男","新竹市","運動科技潮人"
"f363fbb9","31-35歲","女","新北市","健康愛家定存控"
"7626e3cf","36-40歲","女","新竹縣","物質享樂衝購族"
"b083bc7d","36-40歲","女","新竹縣","網購社媒手機迷"
"c98af463","31-35歲","女","新竹市","健康愛家定存控"
"0a713976","36-40歲","女","雲林縣","物質享樂衝購族"
"b4730c1a","36-40歲","女","高雄市","樂動廣告品牌控"
"3fd19f8e","31-35歲","女","新竹縣","樂動廣告品牌控"
"06cf00e6","31-35歲","女","花蓮縣","健康愛家定存控"
"beceed9e","51-55歲","男","苗栗縣","運動科技潮人"
"90a5440c","46-50歲","女","新北市","傳統保健理財族"
"1c8dd45d","31-35歲","女","新竹市","運動科技潮人"
"db4cfc19","36-40歲","男","苗栗縣","物質享樂衝購族"
"2927f2c1","31-35歲","女","新竹縣","樂動廣告品牌控"
"4273c232","51-55歲","男","新北市","健康愛家定存控"
"3879c299","36-40歲","女","新北市","物質享樂衝購族"
"c6e24f70","31-35歲","女","台中市","健康愛家定存控"
"bced247d","26-30歲","女","苗栗縣","網購社媒手機迷"
"bd83ee5a","31-35歲","女","台南市","樂動廣告品牌控"
"25824afc","31-35歲","男","苗栗縣","運動科技潮人"
"1f0117fd","36-40歲","男","新竹縣","運動科技潮人"
"493a58b8","56-60歲","男","宜蘭縣","運動科技潮人"
"22b8f4db","61-65歲","男","台北市","運動科技潮人"
"2f00caa6","31-35歲","女","苗栗縣","網購社媒手機迷"
"e2287fc3","41-45歲","女","宜蘭縣","傳統保健理財族"
"43cf7627","36-40歲","女","台北市","運動科技潮人"
"53c63406","51-55歲","男","花蓮縣","愛搜愛比網購客"
"6eed1e03","26-30歲","女","嘉義縣","獨立愛遊理財新手"
"88ea2c25","41-45歲","女","台北市","健康愛家定存控"
"6a07e19e","26-30歲","女","高雄市","物質享樂衝購族"
"5c00545f","31-35歲","女","台北市","獨立愛遊理財新手"
"a7224af6","56-60歲","男","新北市","愛搜愛比網購客"
"b7881f01","41-45歲","女","嘉義縣","物質享樂衝購族"
"5f30820e","36-40歲","女","花蓮縣","樂動廣告品牌控"
"98f81b44","61-65歲","男","新竹縣","樂動廣告品牌控"
"809b8291","36-40歲","男","桃園市","健康愛家定存控"
"fe9aa1f6","46-50歲","女","台北市","網購社媒手機迷"
"c140ef32","46-50歲","女","宜蘭縣","獨立愛遊理財新手"
"db48c813","36-40歲","男","新竹縣","運動科技潮人"
"c6871ad6","56-60歲","男","新北市","樂動廣告品牌控"
"bf652411","36-40歲","女","台北市","物質享樂衝購族"
"6fb9e5f0","41-45歲","女","苗栗縣","網購社媒手機迷"
"d34e16d1","36-40歲","女","高雄市","樂動廣告品牌控"
"2b949154","26-30歲","女","台中市","物質享樂衝購族"
"6ed519b8","51-55歲","男","台中市","愛搜愛比網購客"
"28fab4db","31-35歲","女","新竹縣","物質享樂衝購族"
"4e61cad9","41-45歲","女","雲林縣","愛搜愛比網購客"
"cbbdd95b","26-30歲","女","新竹縣","物質享樂衝購族"
"32d36d17","51-55歲","女","台中市","愛搜愛比網購客"
"34cd05b8","36-40歲","女","台中市","物質享樂衝購族"
"68106608","46-50歲","女","嘉義市","品味養生理財貴族"
"5a848e6d","46-50歲","女","嘉義縣","品味養生理財貴族"
"863129c0","31-35歲","女","台中市","網購社媒手機迷"
"aca1188a","36-40歲","女","桃園市","運動科技潮人"
"7743e80a","56-60歲","女","台北市","品味養生理財貴族"
"d13c81bc","31-35歲","女","台中市","物質享樂衝購族"
"74e2d089","31-35歲","女","彰化縣","物質享樂衝購族"
"313c43c2","36-40歲","女","雲林縣","獨立愛遊理財新手"
"22d9eed8","41-45歲","男","台北市","樂動廣告品牌控"
"1169ea25","51-55歲","女","新北市","品味養生理財貴族"
"04d5dcce","41-45歲","男","台北市","運動科技潮人"
"806a31e2","31-35歲","女","花蓮縣","物質享樂衝購族"
"21232751","36-40歲","女","台中市","健康愛家定存控"
"3df0f224","41-45歲","女","新北市","品味養生理財貴族"
"8835d6b9","26-30歲","女","新竹縣","獨立愛遊理財新手"
"a8eaf1b3","46-50歲","女","花蓮縣","樂動廣告品牌控"
"fb74eea5","36-40歲","女","高雄市","樂動廣告品牌控"
"91e3e069","46-50歲","女","彰化縣","愛搜愛比網購客"
"de1e1b8b","31-35歲","男","苗栗縣","運動科技潮人"
"b32b9ace","56-60歲","女","台南市","愛搜愛比網購客"
"573c135a","36-40歲","女","台中市","獨立愛遊理財新手"
"70c41016","31-35歲","女","新竹縣","健康愛家定存控"
"3fc14ab1","36-40歲","女","屏東縣","網購社媒手機迷"
"b3ac0ec5","51-55歲","女","台南市","健康愛家定存控"
"48ff674a","31-35歲","女","台中市","健康愛家定存控"
"cf3d6bc6","31-35歲","男","新北市","運動科技潮人"
"b8da1ef6","41-45歲","女","花蓮縣","樂動廣告品牌控"
"4dce1ccb","36-40歲","女","台中市","品味養生理財貴族"
"ebc15b70","41-45歲","女","花蓮縣","物質享樂衝購族"
"2b38f303","61-65歲","男","台北市","愛搜愛比網購客"
"d83df82b","51-55歲","女","台北市","品味養生理財貴族"
"7f8680bf","36-40歲","女","新北市","物質享樂衝購族"
"5f9160c8","41-45歲","女","台北市","品味養生理財貴族"
"40f9a617","41-45歲","女","花蓮縣","健康愛家定存控"
"8989b394","56-60歲","男","苗栗縣","樂動廣告品牌控"
"69819f1d","31-35歲","女","台中市","健康愛家定存控"
"30383b8e","36-40歲","男","台北市","運動科技潮人"
"ae759b74","56-60歲","女","彰化縣","健康愛家定存控"
"9985a73e","41-45歲","男","新北市","樂動廣告品牌控"
"c0da40c1","31-35歲","女","高雄市","獨立愛遊理財新手"
"97d49d47","51-55歲","女","新北市","品味養生理財貴族"
"0dd6a3cd","36-40歲","女","彰化縣","獨立愛遊理財新手"
"c1e1f0cb","36-40歲","女","台北市","品味養生理財貴族"
"0bd63462","26-30歲","女","新竹縣","健康愛家定存控"
"f8e54666","36-40歲","女","彰化縣","網購社媒手機迷"
"c65a9ff3","41-45歲","女","高雄市","運動科技潮人"
"e08d69b5","36-40歲","女","新竹縣","物質享樂衝購族"
"aa5affe6","41-45歲","女","苗栗縣","健康愛家定存控"
"601ed968","51-55歲","女","新竹縣","獨立愛遊理財新手"
"7c914af0","31-35歲","女","新北市","網購社媒手機迷"
"05b0ecbc","41-45歲","女","台南市","品味養生理財貴族"
"d7d4d751","36-40歲","男","新竹縣","樂動廣告品牌控"
"5985a75a","36-40歲","女","高雄市","獨立愛遊理財新手"
"76ee817f","31-35歲","女","高雄市","網購社媒手機迷"
"e0d61597","31-35歲","男","台北市","運動科技潮人"
"2ab3e988","26-30歲","男","基隆市","樂動廣告品牌控"
"37237d4b","36-40歲","女","新竹縣","健康愛家定存控"
"88629cf2","26-30歲","女","台北市","健康愛家定存控"
"5246c96d","51-55歲","男","新北市","運動科技潮人"
"4623898c","36-40歲","男","新竹市","運動科技潮人"
"56bc2820","26-30歲","女","新竹縣","健康愛家定存控"
"e3e3a036","51-55歲","女","台北市","品味養生理財貴族"
"0d5341e5","41-45歲","女","新竹市","樂動廣告品牌控"
"efdcf04d","41-45歲","女","台中市","網購社媒手機迷"
"f9ba28d8","46-50歲","女","高雄市","品味養生理財貴族"
"bc2e84b6","46-50歲","女","新北市","樂動廣告品牌控"
"6e56aa7d","36-40歲","女","台南市","網購社媒手機迷"
"638f72ae","56-60歲","女","台北市","愛搜愛比網購客"
"6a1d91d1","36-40歲","男","台中市","運動科技潮人"
"a47c56e1","36-40歲","女","新北市","物質享樂衝購族"
"654526aa","46-50歲","女","花蓮縣","傳統保健理財族"
"730218b1","51-55歲","男","新北市","運動科技潮人"
"d88173f4","36-40歲","女","桃園市","健康愛家定存控"
"6a394c3c","31-35歲","女","花蓮縣","樂動廣告品牌控"
"f0e25b39","21-25歲","女","台南市","網購社媒手機迷"
"e4818ac8","56-60歲","女","新北市","網購社媒手機迷"
"415a40c6","41-45歲","男","彰化縣","樂動廣告品牌控"
"b7b50118","36-40歲","男","新竹市","樂動廣告品牌控"
"f5436739","36-40歲","女","花蓮縣","品味養生理財貴族"
"0e9d4665","51-55歲","女","花蓮縣","網購社媒手機迷"
"5736ed63","36-40歲","女","台北市","品味養生理財貴族"
"9503f906","31-35歲","男","新竹市","運動科技潮人"
"7611bbd4","46-50歲","女","苗栗縣","物質享樂衝購族"
"5f79356a","56-60歲","男","桃園市","健康愛家定存控"
"37af78af","46-50歲","女","新北市","品味養生理財貴族"
"79eb073d","31-35歲","女","新北市","健康愛家定存控"
"87408d30","31-35歲","男","台中市","樂動廣告品牌控"
"5400b979","41-45歲","女","苗栗縣","網購社媒手機迷"
"d4009818","46-50歲","男","台中市","樂動廣告品牌控"
"3077e6c7","36-40歲","男","台中市","運動科技潮人"
"0b9df591","41-45歲","男","新竹縣","愛搜愛比網購客"
"eeb04b40","46-50歲","男","新竹縣","樂動廣告品牌控"
"b837f133","41-45歲","女","苗栗縣","愛搜愛比網購客"
"b4bbf24f","46-50歲","女","桃園市","愛搜愛比網購客"
"9d0dd46f","46-50歲","男","桃園市","愛搜愛比網購客"
"958f1fac","51-55歲","女","新竹縣","樂動廣告品牌控"
"df33dab7","31-35歲","女","花蓮縣","物質享樂衝購族"
"f9bf5523","56-60歲","男","台南市","樂動廣告品牌控"
"5f73e862","51-55歲","男","新竹縣","運動科技潮人"
"bedf5acb","31-35歲","男","南投縣","運動科技潮人"
"86a02c1e","41-45歲","男","台南市","樂動廣告品牌控"
"ba36c9e8","31-35歲","男","新北市","運動科技潮人"
"501e303e","41-45歲","女","高雄市","網購社媒手機迷"
"dd0d2f81","56-60歲","女","新竹縣","健康愛家定存控"
"1570a89d","36-40歲","男","高雄市","樂動廣告品牌控"
"c6eb4a2b","46-50歲","女","台南市","傳統保健理財族"
"dad8f06e","41-45歲","女","新竹縣","品味養生理財貴族"
"8535fe02","51-55歲","男","新北市","運動科技潮人"
"e90552d0","26-30歲","男","苗栗縣","樂動廣告品牌控"
"d6b737ca","46-50歲","女","新竹縣","樂動廣告品牌控"
"deb4eddc","46-50歲","女","彰化縣","樂動廣告品牌控"
"cf44e020","46-50歲","女","台中市","獨立愛遊理財新手"
"a267ae56","31-35歲","女","苗栗縣","物質享樂衝購族"
"0e562638","41-45歲","女","苗栗縣","品味養生理財貴族"
"1cf512fe","51-55歲","女","台南市","品味養生理財貴族"
"8803d84d","51-55歲","男","台中市","運動科技潮人"
"f8beb731","36-40歲","女","台中市","物質享樂衝購族"
"c8fccc41","21-25歲","女","台北市","健康愛家定存控"
"0f6de344","46-50歲","女","台南市","品味養生理財貴族"
"080dc0af","36-40歲","女","新北市","物質享樂衝購族"
"b82b2bce","41-45歲","男","新竹市","運動科技潮人"
"70f262ba","41-45歲","女","台中市","愛搜愛比網購客"
"82a4bca9","36-40歲","男","苗栗縣","樂動廣告品牌控"
"ac0edf26","51-55歲","男","新竹市","愛搜愛比網購客"
"1fe0138b","31-35歲","男","台中市","獨立愛遊理財新手"
"0d426a46","31-35歲","女","苗栗縣","物質享樂衝購族"
"4a57e364","41-45歲","女","台北市","獨立愛遊理財新手"
"e1a5965d","26-30歲","女","彰化縣","獨立愛遊理財新手"
"5660cc9c","46-50歲","女","花蓮縣","品味養生理財貴族"
"f3f3a94d","36-40歲","男","台中市","物質享樂衝購族"
"e786dc5e","36-40歲","女","台中市","健康愛家定存控"
"6e9adeba","41-45歲","男","高雄市","樂動廣告品牌控"
"2f82d564","41-45歲","男","苗栗縣","運動科技潮人"
"f1e4b69e","51-55歲","女","新北市","網購社媒手機迷"
"e4d88a57","51-55歲","女","台中市","傳統保健理財族"
"ebf0c0b5","41-45歲","女","彰化縣","健康愛家定存控"
"930064a9","46-50歲","女","南投縣","健康愛家定存控"
"c0afb174","31-35歲","女","高雄市","物質享樂衝購族"
"e43c9894","36-40歲","男","台中市","樂動廣告品牌控"
"6c4bcd4f","26-30歲","女","台北市","健康愛家定存控"
"97960eff","36-40歲","女","台中市","網購社媒手機迷"
"cfec2dfc","36-40歲","女","台中市","物質享樂衝購族"
"de107420","46-50歲","女","台中市","健康愛家定存控"
"5c6fa738","36-40歲","女","新北市","品味養生理財貴族"
"6f98c5c1","51-55歲","男","新竹市","樂動廣告品牌控"
"c51c324a","26-30歲","男","台中市","樂動廣告品牌控"
"1693b4c1","31-35歲","女","台中市","網購社媒手機迷"
"ce608457","26-30歲","女","新北市","獨立愛遊理財新手"
"d5a7c20d","31-35歲","女","台中市","物質享樂衝購族"
"2350de74","31-35歲","女","苗栗縣","物質享樂衝購族"
"944f5097","41-45歲","女","桃園市","品味養生理財貴族"
"3890abf5","36-40歲","女","苗栗縣","物質享樂衝購族"
"8df2f8af","36-40歲","女","新北市","品味養生理財貴族"
"48247854","41-45歲","女","雲林縣","品味養生理財貴族"
"e83eaf09","46-50歲","男","台中市","樂動廣告品牌控"
"70088c1b","51-55歲","女","台北市","健康愛家定存控"
"fd78e8a8","41-45歲","女","台北市","健康愛家定存控"
"d07f0425","46-50歲","女","彰化縣","物質享樂衝購族"
"8ad66321","26-30歲","女","苗栗縣","物質享樂衝購族"
"3ac72177","41-45歲","女","高雄市","網購社媒手機迷"
"1a2ff221","31-35歲","女","台中市","樂動廣告品牌控"
"684a9b6a","41-45歲","男","高雄市","樂動廣告品牌控"
"e2e8df3d","46-50歲","女","桃園市","網購社媒手機迷"
"4eff842e","31-35歲","男","台南市","物質享樂衝購族"
"6a2eebc7","56-60歲","女","新北市","品味養生理財貴族"
"9e0d5bc1","26-30歲","女","新北市","獨立愛遊理財新手"
"87a47a03","46-50歲","女","高雄市","樂動廣告品牌控"
"a2b62356","41-45歲","女","新北市","健康愛家定存控"
"73d20759","41-45歲","男","台中市","運動科技潮人"
"6d1834bc","41-45歲","女","新竹縣","網購社媒手機迷"
"ec828a0f","31-35歲","女","苗栗縣","健康愛家定存控"
"14391bb5","56-60歲","女","新竹縣","樂動廣告品牌控"
"41f4a8d7","26-30歲","女","台中市","獨立愛遊理財新手"
"0d8007d9","36-40歲","女","新竹縣","樂動廣告品牌控"
"601f3b2b","31-35歲","女","台北市","運動科技潮人"
"5b25efa0","46-50歲","女","桃園市","物質享樂衝購族"
"01415c10","66以上","男","新北市","愛搜愛比網購客"
"6dcc937c","61-65歲","男","花蓮縣","愛搜愛比網購客"
"da2336a0","31-35歲","女","台北市","健康愛家定存控"
"38d10e8d","31-35歲","女","嘉義市","品味養生理財貴族"
"5b605774","41-45歲","女","台北市","品味養生理財貴族"
"46f8b2a6","46-50歲","男","新竹縣","愛搜愛比網購客"
"0e938080","36-40歲","男","台北市","運動科技潮人"
"d2322483","46-50歲","女","台北市","運動科技潮人"
"4459250c","41-45歲","女","新竹縣","品味養生理財貴族"
"4c587196","31-35歲","女","花蓮縣","物質享樂衝購族"
"8637f1bf","46-50歲","女","新北市","運動科技潮人"
"d443ca25","36-40歲","女","新竹縣","健康愛家定存控"
"9fca30ad","56-60歲","男","台北市","愛搜愛比網購客"
"98de7ce5","31-35歲","男","高雄市","樂動廣告品牌控"
"7fd54a89","46-50歲","女","新北市","品味養生理財貴族"
"ec7c3510","26-30歲","女","新北市","物質享樂衝購族"
"ea0f2398","41-45歲","男","台北市","運動科技潮人"
"28cb45ee","36-40歲","女","台中市","物質享樂衝購族"
"cdd6bb39","56-60歲","女","新竹縣","傳統保健理財族"
"61e54977","41-45歲","女","新北市","獨立愛遊理財新手"
"fce2d610","56-60歲","女","台北市","運動科技潮人"
"33d6f9f2","26-30歲","女","新竹縣","物質享樂衝購族"
"8f49fb33","51-55歲","女","桃園市","品味養生理財貴族"
"aca9cc47","36-40歲","女","雲林縣","樂動廣告品牌控"
"c2c74869","46-50歲","女","桃園市","網購社媒手機迷"
"eb956428","46-50歲","女","彰化縣","物質享樂衝購族"
"c22046e0","36-40歲","男","新北市","運動科技潮人"
"4943b62f","31-35歲","女","新竹市","健康愛家定存控"
"bb40cdb7","31-35歲","女","台中市","健康愛家定存控"
"22c5827c","51-55歲","女","台北市","傳統保健理財族"
"9cc5e95a","61-65歲","女","台北市","健康愛家定存控"
"92ebc295","46-50歲","男","新北市","樂動廣告品牌控"
"29e602b1","41-45歲","女","台北市","網購社媒手機迷"
"6b661fd8","41-45歲","女","苗栗縣","網購社媒手機迷"
"116a89f6","21-25歲","女","新北市","健康愛家定存控"
"347d8767","41-45歲","女","新竹市","網購社媒手機迷"
"d3b412ee","41-45歲","男","新北市","樂動廣告品牌控"
"66aa054d","46-50歲","男","台中市","運動科技潮人"
"e89ecf33","41-45歲","女","桃園市","品味養生理財貴族"
"226b92cc","46-50歲","女","台北市","樂動廣告品牌控"
"287cd319","26-30歲","女","屏東縣","健康愛家定存控"
"bf143063","46-50歲","女","台中市","品味養生理財貴族"
"b46736c8","26-30歲","女","新竹市","健康愛家定存控"
"696306a3","46-50歲","女","台中市","樂動廣告品牌控"
"613b343c","41-45歲","女","台中市","品味養生理財貴族"
"87ea7d1f","31-35歲","女","新北市","物質享樂衝購族"
"0e6f9127","41-45歲","女","新竹縣","品味養生理財貴族"
"0ef329ac","46-50歲","男","新北市","愛搜愛比網購客"
"f9993daa","46-50歲","男","新竹縣","樂動廣告品牌控"
"875a0884","46-50歲","女","新北市","樂動廣告品牌控"
"ae32d7f6","41-45歲","女","新北市","健康愛家定存控"
"0a49dbcf","36-40歲","女","台南市","健康愛家定存控"
"521354ba","41-45歲","女","台南市","健康愛家定存控"
"56489090","36-40歲","男","新北市","運動科技潮人"
"c4b67738","36-40歲","男","新北市","樂動廣告品牌控"
"2a39d045","31-35歲","女","彰化縣","物質享樂衝購族"
"f00ebcd0","41-45歲","女","新竹縣","網購社媒手機迷"
"ccb2b357","31-35歲","男","桃園市","樂動廣告品牌控"
"f046b5ae","36-40歲","女","彰化縣","網購社媒手機迷"
"a674235e","51-55歲","男","台中市","愛搜愛比網購客"
"d8f669ad","31-35歲","女","台中市","獨立愛遊理財新手"
"7dc332af","26-30歲","女","新北市","物質享樂衝購族"
"dddd3b1e","66以上","女","台北市","品味養生理財貴族"
"1919ac89","41-45歲","女","桃園市","網購社媒手機迷"
"40cef43a","41-45歲","女","新竹縣","物質享樂衝購族"
"ac179bc2","36-40歲","女","宜蘭縣","品味養生理財貴族"
"26154a54","51-55歲","女","嘉義縣","健康愛家定存控"
"2f3ac6c9","31-35歲","女","彰化縣","物質享樂衝購族"
"58dada1e","41-45歲","女","高雄市","獨立愛遊理財新手"
"b274d862","41-45歲","女","台北市","運動科技潮人"
"ab0f6b32","26-30歲","女","南投縣","健康愛家定存控"
"f1269c19","51-55歲","女","新北市","網購社媒手機迷"
"17aee2e0","51-55歲","男","台東縣","愛搜愛比網購客"
"58b3241e","56-60歲","女","台中市","傳統保健理財族"
"1c96859e","36-40歲","女","彰化縣","物質享樂衝購族"
"aab9765c","46-50歲","女","台北市","品味養生理財貴族"
"82f708ba","36-40歲","女","新北市","運動科技潮人"
"dff1f4ad","46-50歲","女","台北市","品味養生理財貴族"
"63838de4","36-40歲","女","台北市","健康愛家定存控"
"a4c9a062","26-30歲","女","台中市","樂動廣告品牌控"
"5057fa08","36-40歲","男","台中市","物質享樂衝購族"
"84e2046d","31-35歲","女","桃園市","運動科技潮人"
"8780f299","31-35歲","女","彰化縣","獨立愛遊理財新手"
"a6cffdce","36-40歲","女","桃園市","品味養生理財貴族"
"1b5e08b9","51-55歲","女","彰化縣","樂動廣告品牌控"
"ac1d4e5c","41-45歲","女","台中市","品味養生理財貴族"
"e4042469","36-40歲","女","新北市","健康愛家定存控"
"213dc43a","51-55歲","男","高雄市","樂動廣告品牌控"
"1ba5c90e","36-40歲","女","新北市","傳統保健理財族"
"c425a5c8","31-35歲","男","台中市","樂動廣告品牌控"
"199ae360","36-40歲","女","嘉義縣","健康愛家定存控"
"94ce33ad","56-60歲","女","台南市","網購社媒手機迷"
"62c30da9","31-35歲","女","新北市","物質享樂衝購族"
"ee9a22d2","51-55歲","女","台中市","品味養生理財貴族"
"2c23bccf","46-50歲","女","彰化縣","網購社媒手機迷"
"1dd47b02","36-40歲","女","嘉義縣","樂動廣告品牌控"
"041be8d4","46-50歲","女","高雄市","網購社媒手機迷"
"3a1c2e7c","26-30歲","男","台中市","樂動廣告品牌控"
"6590abaa","41-45歲","女","台北市","健康愛家定存控"
"25943e4d","56-60歲","女","嘉義縣","樂動廣告品牌控"
"bee8ac19","26-30歲","女","台中市","網購社媒手機迷"
"a8df2d71","26-30歲","女","花蓮縣","物質享樂衝購族"
"d7479f83","36-40歲","男","高雄市","運動科技潮人"
"b3a624d1","56-60歲","男","新竹市","愛搜愛比網購客"
"3dee8e46","36-40歲","男","苗栗縣","運動科技潮人"
"c2df3d5b","31-35歲","女","高雄市","樂動廣告品牌控"
"d839a236","41-45歲","女","桃園市","獨立愛遊理財新手"
"3578d443","46-50歲","女","新北市","樂動廣告品牌控"
"54a9d42f","56-60歲","女","台南市","健康愛家定存控"
"799c9142","31-35歲","女","桃園市","物質享樂衝購族"
"310d836f","36-40歲","女","新北市","品味養生理財貴族"
"2ae57e18","41-45歲","女","新竹市","健康愛家定存控"
"9bc73a76","41-45歲","女","花蓮縣","物質享樂衝購族"
"2bce9cf7","51-55歲","男","桃園市","愛搜愛比網購客"
"59516f0a","36-40歲","男","新北市","運動科技潮人"
"b43a92b6","41-45歲","女","苗栗縣","網購社媒手機迷"
"8a12ce44","41-45歲","女","彰化縣","樂動廣告品牌控"
"cdca4edc","41-45歲","男","新北市","運動科技潮人"
"e605846c","26-30歲","女","台中市","獨立愛遊理財新手"
"b8db26b4","46-50歲","男","新北市","運動科技潮人"
"3ee14992","36-40歲","女","新竹縣","網購社媒手機迷"
"8fef9f9b","41-45歲","男","新北市","樂動廣告品牌控"
"c954db58","26-30歲","女","台北市","網購社媒手機迷"
"98aa8de0","51-55歲","女","台北市","網購社媒手機迷"
"8ee36dbf","51-55歲","男","新竹縣","愛搜愛比網購客"
"876601d2","51-55歲","女","嘉義市","品味養生理財貴族"
"819cdf26","66以上","女","台南市","愛搜愛比網購客"
"4a4774a5","46-50歲","女","台北市","運動科技潮人"
"5164646c","41-45歲","女","嘉義縣","網購社媒手機迷"
"90ae3ed4","26-30歲","女","新竹市","獨立愛遊理財新手"
"077f2395","41-45歲","女","苗栗縣","傳統保健理財族"
"d5a66411","36-40歲","女","新北市","網購社媒手機迷"
"e4927d67","36-40歲","女","桃園市","健康愛家定存控"
"09e001f0","31-35歲","女","桃園市","健康愛家定存控"
"cf5d9d31","41-45歲","男","新竹縣","樂動廣告品牌控"
"5b8b30c0","66以上","女","新北市","樂動廣告品牌控"
"fada5855","36-40歲","女","台北市","物質享樂衝購族"
"25da50a2","46-50歲","男","苗栗縣","運動科技潮人"
"60af3e50","26-30歲","女","新北市","健康愛家定存控"
"e1482691","21-25歲","女","高雄市","健康愛家定存控"
"d40b237d","46-50歲","女","台北市","樂動廣告品牌控"
"ed2edf1a","26-30歲","女","新竹縣","網購社媒手機迷"
"17ce81f5","31-35歲","女","新北市","運動科技潮人"
"2fb4f8d4","51-55歲","女","苗栗縣","網購社媒手機迷"
"d1dcb6a2","36-40歲","女","台中市","網購社媒手機迷"
"85113c57","61-65歲","女","新竹縣","樂動廣告品牌控"
"a64647a2","26-30歲","女","新北市","網購社媒手機迷"
"508433c3","36-40歲","女","新竹縣","物質享樂衝購族"
"b4cc3cc4","46-50歲","男","桃園市","運動科技潮人"
"dff6a64d","51-55歲","女","苗栗縣","網購社媒手機迷"
"531bc984","41-45歲","女","台中市","獨立愛遊理財新手"
"486a297e","41-45歲","女","新北市","品味養生理財貴族"
"abc463e1","36-40歲","女","新竹市","物質享樂衝購族"
"71bf7d2d","36-40歲","女","台南市","網購社媒手機迷"
"a2917d0e","41-45歲","女","苗栗縣","網購社媒手機迷"
"8060785a","26-30歲","女","南投縣","物質享樂衝購族"
"a31d8f15","31-35歲","女","新北市","健康愛家定存控"
"1f983595","41-45歲","女","台南市","健康愛家定存控"
"2d62cb04","56-60歲","女","新竹縣","獨立愛遊理財新手"
"71acbe71","41-45歲","女","嘉義市","品味養生理財貴族"
"77b2471e","51-55歲","女","彰化縣","物質享樂衝購族"
"f86cbcd8","56-60歲","女","新北市","網購社媒手機迷"
"d52ceb22","36-40歲","女","台中市","健康愛家定存控"
"3d591274","31-35歲","男","新竹縣","樂動廣告品牌控"
"4f4fbf7d","51-55歲","女","桃園市","健康愛家定存控"
"4c737e33","26-30歲","女","嘉義市","網購社媒手機迷"
"043ada94","46-50歲","女","高雄市","健康愛家定存控"
"3259fb29","26-30歲","女","高雄市","健康愛家定存控"
"b5df4fb9","31-35歲","女","台中市","物質享樂衝購族"
"aecca0f0","26-30歲","女","新北市","網購社媒手機迷"
"ab9aafd7","26-30歲","男","高雄市","樂動廣告品牌控"
"d4ce39b0","51-55歲","女","台北市","品味養生理財貴族"
"2d439d30","46-50歲","女","台北市","運動科技潮人"
"add686c3","26-30歲","女","基隆市","獨立愛遊理財新手"
"ae4373b1","36-40歲","女","彰化縣","樂動廣告品牌控"
"9707e45f","31-35歲","女","新北市","網購社媒手機迷"
"579c8aaf","41-45歲","男","南投縣","傳統保健理財族"
"a94e02da","41-45歲","女","新竹縣","網購社媒手機迷"
"4f66aa52","41-45歲","女","桃園市","網購社媒手機迷"
"4a60c432","20以下","女","高雄市","獨立愛遊理財新手"
"c250fa52","26-30歲","男","桃園市","物質享樂衝購族"
"bcdd7ebb","31-35歲","女","嘉義市","物質享樂衝購族"
"a49694fe","36-40歲","女","苗栗縣","獨立愛遊理財新手"
"374cb39f","51-55歲","女","台中市","品味養生理財貴族"
"01caa638","31-35歲","女","高雄市","健康愛家定存控"
"05033ce4","36-40歲","男","台北市","運動科技潮人"
"16675933","41-45歲","男","苗栗縣","運動科技潮人"
"bef207b7","41-45歲","男","新北市","運動科技潮人"
"23d10b2c","51-55歲","女","台北市","品味養生理財貴族"
"e6a9ef0c","41-45歲","女","高雄市","品味養生理財貴族"
"28eb52f0","31-35歲","女","台南市","運動科技潮人"
"2f0f2024","51-55歲","男","雲林縣","傳統保健理財族"
"c0abd504","31-35歲","女","台中市","獨立愛遊理財新手"
"797d20ad","36-40歲","女","台北市","運動科技潮人"
"a51fc110","41-45歲","男","新北市","運動科技潮人"
"67060e41","56-60歲","女","新北市","品味養生理財貴族"
"9c1e3051","36-40歲","女","宜蘭縣","物質享樂衝購族"
"68fbbec0","41-45歲","女","台中市","網購社媒手機迷"
"29f9a4bd","31-35歲","男","桃園市","運動科技潮人"
"323dc656","51-55歲","女","彰化縣","樂動廣告品牌控"
"d1ad4684","31-35歲","女","新竹縣","健康愛家定存控"
"7df2a0dd","41-45歲","女","新竹縣","物質享樂衝購族"
"7c499b46","46-50歲","男","苗栗縣","運動科技潮人"
"0cb88e87","41-45歲","女","台北市","運動科技潮人"
"fbe00967","26-30歲","男","台中市","樂動廣告品牌控"
"f7f49a72","31-35歲","男","桃園市","健康愛家定存控"
"b2a263ba","31-35歲","女","南投縣","物質享樂衝購族"
"ffd69126","46-50歲","女","台北市","網購社媒手機迷"
"a76d80ba","41-45歲","女","新北市","樂動廣告品牌控"
"5f9bf7ad","41-45歲","男","苗栗縣","樂動廣告品牌控"
"d0b5f6c1","51-55歲","男","新竹縣","樂動廣告品牌控"
"31315b23","41-45歲","女","雲林縣","物質享樂衝購族"
"a257950f","66以上","男","新北市","愛搜愛比網購客"
"60045868","41-45歲","女","苗栗縣","健康愛家定存控"
"6fe8afc9","56-60歲","女","台北市","品味養生理財貴族"
"da065872","26-30歲","女","花蓮縣","健康愛家定存控"
"5a387190","46-50歲","女","嘉義市","品味養生理財貴族"
"77ae932b","41-45歲","男","台北市","健康愛家定存控"
"7449133f","36-40歲","女","新北市","網購社媒手機迷"
"2f55271b","41-45歲","女","新北市","獨立愛遊理財新手"
"2548a7c7","41-45歲","女","彰化縣","獨立愛遊理財新手"
"fc44aa0b","56-60歲","女","新北市","品味養生理財貴族"
"b9b0c48b","51-55歲","男","新北市","運動科技潮人"
"630ea866","36-40歲","男","新北市","樂動廣告品牌控"
"deff0105","21-25歲","女","苗栗縣","健康愛家定存控"
"6062f88c","31-35歲","女","新北市","獨立愛遊理財新手"
"500b9a7a","31-35歲","女","桃園市","網購社媒手機迷"
"435fda98","31-35歲","男","台中市","運動科技潮人"
"244b89d1","46-50歲","女","新竹市","品味養生理財貴族"
"76c6ce5d","46-50歲","女","新北市","傳統保健理財族"
"62240269","41-45歲","女","台北市","傳統保健理財族"
"0bdf2fa5","36-40歲","女","新北市","樂動廣告品牌控"
"cd976129","36-40歲","女","苗栗縣","樂動廣告品牌控"
"abfe4765","51-55歲","女","台北市","健康愛家定存控"
"a6d2b739","46-50歲","男","新竹市","樂動廣告品牌控"
"99decbfb","26-30歲","男","新竹縣","樂動廣告品牌控"
"8a67f678","41-45歲","男","新北市","運動科技潮人"
"c5c4ef32","46-50歲","女","南投縣","獨立愛遊理財新手"
"ec91784b","31-35歲","女","高雄市","網購社媒手機迷"
"8b43097b","51-55歲","女","台北市","獨立愛遊理財新手"
"1662cc17","46-50歲","女","苗栗縣","獨立愛遊理財新手"
"d271990d","36-40歲","女","高雄市","物質享樂衝購族"
"8803a425","51-55歲","女","新竹縣","樂動廣告品牌控"
"f0d6f89f","46-50歲","女","台中市","健康愛家定存控"
"c18d57dc","46-50歲","女","宜蘭縣","健康愛家定存控"
"63342e43","31-35歲","女","苗栗縣","物質享樂衝購族"
"efb24354","31-35歲","女","苗栗縣","健康愛家定存控"
"ba192cba","46-50歲","女","新北市","品味養生理財貴族"
"dd2df36c","36-40歲","男","新北市","樂動廣告品牌控"
"94d679ba","31-35歲","女","台北市","物質享樂衝購族"
"8a04076a","51-55歲","女","南投縣","傳統保健理財族"
"389b7bab","41-45歲","女","苗栗縣","樂動廣告品牌控"
"173ede0c","26-30歲","男","苗栗縣","運動科技潮人"
"dbbe2646","41-45歲","女","台北市","健康愛家定存控"
"261baa59","56-60歲","女","新竹縣","健康愛家定存控"
"7d8f8936","46-50歲","女","苗栗縣","傳統保健理財族"
"362ce8be","41-45歲","女","新竹縣","物質享樂衝購族"
"41ebbff8","36-40歲","男","新北市","樂動廣告品牌控"
"adf2693f","31-35歲","女","新竹市","物質享樂衝購族"
"a048904d","21-25歲","男","台南市","樂動廣告品牌控"
"790da6f5","26-30歲","女","桃園市","健康愛家定存控"
"007bb6f8","51-55歲","男","台北市","運動科技潮人"
"4753a51b","31-35歲","男","新竹縣","樂動廣告品牌控"
"5ae8e97d","26-30歲","女","新竹縣","健康愛家定存控"
"685f751a","36-40歲","女","彰化縣","運動科技潮人"
"cb24922c","31-35歲","女","桃園市","物質享樂衝購族"
"a298adad","41-45歲","女","新竹縣","運動科技潮人"
"4fd6b48f","51-55歲","女","台北市","物質享樂衝購族"
"0a3becda","36-40歲","男","高雄市","健康愛家定存控"
"627c389d","46-50歲","女","台北市","品味養生理財貴族"
"501b9824","46-50歲","男","苗栗縣","獨立愛遊理財新手"
"6dab9b8c","26-30歲","女","桃園市","運動科技潮人"
"a3646d09","46-50歲","女","新北市","網購社媒手機迷"
"7c06c8da","36-40歲","女","新北市","網購社媒手機迷"
"76d5a87b","51-55歲","男","台中市","樂動廣告品牌控"
"2d6dfb98","26-30歲","女","新竹縣","網購社媒手機迷"
"27911f8c","46-50歲","女","苗栗縣","物質享樂衝購族"
"bb0252e5","26-30歲","女","苗栗縣","健康愛家定存控"
"a1cb9a40","41-45歲","女","新竹縣","品味養生理財貴族"
"d466593a","51-55歲","女","台南市","樂動廣告品牌控"
"f6d6c3f8","56-60歲","女","台中市","樂動廣告品牌控"
"47b07205","41-45歲","女","苗栗縣","物質享樂衝購族"
"5c83f03b","36-40歲","女","台北市","愛搜愛比網購客"
"b684f627","31-35歲","女","台北市","運動科技潮人"
"bbcfce65","61-65歲","女","台南市","品味養生理財貴族"
"82cb0486","26-30歲","男","雲林縣","樂動廣告品牌控"
"d02a66a5","46-50歲","女","新竹縣","樂動廣告品牌控"
"49574eae","46-50歲","女","桃園市","品味養生理財貴族"
"5c03123e","41-45歲","男","新北市","愛搜愛比網購客"
"7da10030","26-30歲","女","新竹市","健康愛家定存控"
"e4877cf5","56-60歲","女","新北市","品味養生理財貴族"
"3a5b6237","36-40歲","男","宜蘭縣","運動科技潮人"
"1f17024a","41-45歲","男","新北市","運動科技潮人"
"fa6a9f28","56-60歲","女","苗栗縣","樂動廣告品牌控"
"b2c0acc6","31-35歲","女","桃園市","物質享樂衝購族"
"cfa50e08","56-60歲","女","花蓮縣","品味養生理財貴族"
"4431dcc0","41-45歲","女","新北市","品味養生理財貴族"
"9fdfc4ee","36-40歲","女","桃園市","運動科技潮人"
"dfdde283","46-50歲","女","新北市","傳統保健理財族"
"fee52bc9","36-40歲","女","彰化縣","物質享樂衝購族"
"97e53540","31-35歲","女","台北市","物質享樂衝購族"
"9f996755","31-35歲","女","新竹市","健康愛家定存控"
"8007b42f","41-45歲","女","新北市","傳統保健理財族"
"c933e76b","26-30歲","女","新北市","網購社媒手機迷"
"af042d44","26-30歲","女","新竹縣","物質享樂衝購族"
"6468d280","41-45歲","女","高雄市","品味養生理財貴族"
"53362bb9","56-60歲","女","新北市","健康愛家定存控"
"2b61440a","41-45歲","女","宜蘭縣","物質享樂衝購族"
"b8371051","41-45歲","女","台北市","愛搜愛比網購客"
"32da5a10","31-35歲","女","嘉義縣","健康愛家定存控"
"c86f9aaa","26-30歲","女","新北市","健康愛家定存控"
"fb216a5c","31-35歲","女","台中市","物質享樂衝購族"
"d4c60346","56-60歲","女","台東縣","健康愛家定存控"
"b2fbe542","41-45歲","女","新竹市","網購社媒手機迷"
"a2b7c2ae","41-45歲","男","苗栗縣","運動科技潮人"
"90957869","41-45歲","女","桃園市","網購社媒手機迷"
"a5937337","36-40歲","女","新竹縣","健康愛家定存控"
"d8998f5a","31-35歲","女","台北市","運動科技潮人"
"16a9e26f","31-35歲","女","基隆市","獨立愛遊理財新手"
"0702accb","41-45歲","女","台北市","健康愛家定存控"
"da72704f","31-35歲","女","彰化縣","健康愛家定存控"
"06b2bc76","31-35歲","女","嘉義縣","樂動廣告品牌控"
"20396a50","26-30歲","女","彰化縣","健康愛家定存控"
"803d25fc","36-40歲","女","高雄市","網購社媒手機迷"
"1db902d8","26-30歲","女","花蓮縣","獨立愛遊理財新手"
"81506059","31-35歲","女","台南市","健康愛家定存控"
"85e5761b","51-55歲","女","桃園市","愛搜愛比網購客"
"2ea6fa2f","31-35歲","女","新北市","網購社媒手機迷"
"a9e66e44","31-35歲","男","桃園市","健康愛家定存控"
"871cb924","41-45歲","女","苗栗縣","樂動廣告品牌控"
"0789f7b7","31-35歲","女","桃園市","網購社媒手機迷"
"12442cdb","31-35歲","女","台北市","健康愛家定存控"
"e305ad7e","36-40歲","男","新北市","樂動廣告品牌控"
"8ff5e56e","51-55歲","男","台中市","愛搜愛比網購客"
"61302c70","26-30歲","女","彰化縣","健康愛家定存控"
"34e7f3fa","41-45歲","女","高雄市","網購社媒手機迷"
"7a166094","31-35歲","女","新北市","物質享樂衝購族"
"47333fac","46-50歲","女","高雄市","品味養生理財貴族"
"84c1910b","36-40歲","女","台中市","健康愛家定存控"
"5d3a2a37","36-40歲","女","雲林縣","樂動廣告品牌控"
"28a76ea2","41-45歲","女","高雄市","傳統保健理財族"
"3f52eab4","46-50歲","女","台北市","品味養生理財貴族"
"97c04637","31-35歲","女","雲林縣","健康愛家定存控"
"bbe86297","21-25歲","男","新北市","運動科技潮人"
"89320423","41-45歲","女","台中市","健康愛家定存控"
"a03e243f","26-30歲","男","台中市","樂動廣告品牌控"
"ecc958af","21-25歲","女","苗栗縣","物質享樂衝購族"
"22416e98","41-45歲","男","新北市","運動科技潮人"
"0a3b361d","31-35歲","女","苗栗縣","物質享樂衝購族"
"d384c857","36-40歲","女","桃園市","物質享樂衝購族"
"04414d4a","36-40歲","女","屏東縣","健康愛家定存控"
"7f491892","56-60歲","女","高雄市","樂動廣告品牌控"
"b47e2470","26-30歲","男","新竹縣","樂動廣告品牌控"
"5a62d002","31-35歲","女","新竹縣","樂動廣告品牌控"
"c069f60b","41-45歲","女","苗栗縣","物質享樂衝購族"
"fba60700","41-45歲","女","新竹縣","物質享樂衝購族"
"bb0044e2","41-45歲","女","桃園市","樂動廣告品牌控"
"cfd211fb","41-45歲","女","桃園市","健康愛家定存控"
"dd2963c9","36-40歲","女","新北市","健康愛家定存控"
"a103ce37","46-50歲","男","台北市","愛搜愛比網購客"
"523762ab","26-30歲","男","桃園市","運動科技潮人"
"57eb7af2","46-50歲","男","台南市","愛搜愛比網購客"
"bce3c7e2","56-60歲","男","新北市","樂動廣告品牌控"
"f2d4763e","26-30歲","女","桃園市","健康愛家定存控"
"eb4cdd53","41-45歲","女","新北市","網購社媒手機迷"
"4190f028","36-40歲","女","台中市","品味養生理財貴族"
"95432068","41-45歲","男","台中市","運動科技潮人"
"96d106ea","41-45歲","女","新竹縣","樂動廣告品牌控"
"2cdeddc8","56-60歲","女","新北市","運動科技潮人"
"40cf4d4e","36-40歲","女","新北市","樂動廣告品牌控"
"4cfe88a4","41-45歲","女","台北市","運動科技潮人"
"7a3172b5","31-35歲","女","新北市","健康愛家定存控"
"f6db1f47","26-30歲","女","新竹縣","樂動廣告品牌控"
"edbb645f","51-55歲","女","花蓮縣","獨立愛遊理財新手"
"1e065039","26-30歲","女","新北市","健康愛家定存控"
"1566b63a","26-30歲","女","台南市","物質享樂衝購族"
"3eb75892","41-45歲","男","新北市","樂動廣告品牌控"
"0119bb7b","46-50歲","女","新北市","健康愛家定存控"
"ddc9bfd3","36-40歲","男","苗栗縣","運動科技潮人"
"28b94f52","46-50歲","女","台北市","品味養生理財貴族"
"e3e1833e","46-50歲","男","新北市","運動科技潮人"
"e4bf28cf","56-60歲","女","台北市","物質享樂衝購族"
"47171255","46-50歲","男","新北市","愛搜愛比網購客"
"cf75f480","31-35歲","女","苗栗縣","物質享樂衝購族"
"c96dd2f9","41-45歲","女","新竹縣","傳統保健理財族"
"71266535","46-50歲","女","高雄市","傳統保健理財族"
"17c84c79","31-35歲","女","台中市","健康愛家定存控"
"4dee04ed","26-30歲","女","新北市","網購社媒手機迷"
"e3c30fd7","26-30歲","女","屏東縣","健康愛家定存控"
"91935ec2","51-55歲","男","新北市","樂動廣告品牌控"
"bd1409fb","26-30歲","女","台中市","健康愛家定存控"
"acce78bf","36-40歲","女","苗栗縣","獨立愛遊理財新手"
"f574b85d","31-35歲","男","台北市","運動科技潮人"
"3b559c59","51-55歲","女","台北市","運動科技潮人"
"acccb018","46-50歲","女","高雄市","健康愛家定存控"
"2322f904","36-40歲","女","桃園市","物質享樂衝購族"
"6d921cc9","31-35歲","女","苗栗縣","網購社媒手機迷"
"3defe26f","36-40歲","女","台中市","運動科技潮人"
"0fac3bf6","46-50歲","女","彰化縣","樂動廣告品牌控"
"9aed8ad4","56-60歲","女","台北市","樂動廣告品牌控"
"07f87c23","41-45歲","女","新北市","運動科技潮人"
"caa5373e","41-45歲","女","彰化縣","健康愛家定存控"
"cb8ea9be","41-45歲","女","新竹縣","物質享樂衝購族"
"b4821e77","46-50歲","女","宜蘭縣","獨立愛遊理財新手"
"f042a7bf","31-35歲","女","台中市","健康愛家定存控"
"392ffa6f","51-55歲","男","新北市","運動科技潮人"
"b66a8ca7","61-65歲","女","彰化縣","健康愛家定存控"
"80c80870","36-40歲","女","新北市","物質享樂衝購族"
"dab8009e","41-45歲","女","桃園市","品味養生理財貴族"
"9092f500","31-35歲","女","新竹縣","網購社媒手機迷"
"9aebc1e2","56-60歲","女","台中市","品味養生理財貴族"
"71ea38c7","31-35歲","女","苗栗縣","健康愛家定存控"
"1e6e645c","31-35歲","女","新北市","健康愛家定存控"
"5dbe8d30","26-30歲","女","台中市","網購社媒手機迷"
"e6de4ea0","26-30歲","男","台中市","健康愛家定存控"
"5aad003a","31-35歲","女","台北市","運動科技潮人"
"e379d0fa","31-35歲","男","彰化縣","運動科技潮人"
"5e99374c","41-45歲","女","台南市","品味養生理財貴族"
"3ec69a85","41-45歲","女","新北市","品味養生理財貴族"
"8bc6c3e6","36-40歲","女","新北市","品味養生理財貴族"
"b1e53177","41-45歲","男","南投縣","樂動廣告品牌控"
"8cc0b1ea","26-30歲","男","高雄市","獨立愛遊理財新手"
"b6ba1470","56-60歲","女","新竹市","獨立愛遊理財新手"
"44c36964","26-30歲","女","台中市","物質享樂衝購族"
"c115eda8","26-30歲","男","彰化縣","樂動廣告品牌控"
"4464e485","46-50歲","女","花蓮縣","品味養生理財貴族"
"506e6d95","26-30歲","女","花蓮縣","物質享樂衝購族"
"314bcda5","26-30歲","女","新北市","物質享樂衝購族"
"a1f2b670","46-50歲","女","桃園市","網購社媒手機迷"
"9b47d69a","31-35歲","女","彰化縣","獨立愛遊理財新手"
"c645bc78","56-60歲","女","台北市","健康愛家定存控"
"c11eda92","41-45歲","女","彰化縣","物質享樂衝購族"
"b9905402","46-50歲","女","新北市","愛搜愛比網購客"
"dff58f47","51-55歲","女","台北市","傳統保健理財族"
"bcb35ae3","51-55歲","女","新北市","運動科技潮人"
"cba00695","56-60歲","女","台北市","運動科技潮人"
"f302ec98","31-35歲","男","新竹市","運動科技潮人"
"fc9ebccf","31-35歲","女","高雄市","網購社媒手機迷"
"c8aec5c7","41-45歲","女","彰化縣","樂動廣告品牌控"
"dfe83cbe","41-45歲","男","台北市","獨立愛遊理財新手"
"f9c589ae","51-55歲","男","新北市","樂動廣告品牌控"
"163b6f05","41-45歲","女","新北市","品味養生理財貴族"
"33111ae9","41-45歲","女","花蓮縣","品味養生理財貴族"
"fc30724c","56-60歲","女","新北市","愛搜愛比網購客"
"32c7957a","46-50歲","男","彰化縣","愛搜愛比網購客"
"5725090c","46-50歲","女","嘉義市","網購社媒手機迷"
"4da44c42","56-60歲","女","台北市","品味養生理財貴族"
"8ee838c2","46-50歲","男","新北市","物質享樂衝購族"
"a1c1a1cf","41-45歲","男","台南市","健康愛家定存控"
"dbe9886e","41-45歲","女","台北市","網購社媒手機迷"
"7f2efadd","46-50歲","女","新北市","品味養生理財貴族"
"b7b52850","41-45歲","女","新竹縣","樂動廣告品牌控"
"ad5e9d2a","31-35歲","女","苗栗縣","物質享樂衝購族"
"e22cabfe","36-40歲","男","台中市","運動科技潮人"
"fd93a96f","36-40歲","女","桃園市","網購社媒手機迷"
"7edfc75e","46-50歲","男","新北市","愛搜愛比網購客"
"e52d5294","61-65歲","女","花蓮縣","傳統保健理財族"
"fe6b3435","46-50歲","女","新竹縣","獨立愛遊理財新手"
"eeed9841","31-35歲","女","彰化縣","健康愛家定存控"
"dc97ea3f","26-30歲","女","新竹縣","物質享樂衝購族"
"6e194c4c","26-30歲","女","苗栗縣","物質享樂衝購族"
"64c4d2da","36-40歲","女","新北市","物質享樂衝購族"
"24fd618f","31-35歲","女","基隆市","獨立愛遊理財新手"
"9feba76a","36-40歲","女","台北市","運動科技潮人"
"6f8a01d4","36-40歲","女","台中市","健康愛家定存控"
"d1f17c11","36-40歲","女","台中市","樂動廣告品牌控"
"fe2953ad","61-65歲","女","台北市","品味養生理財貴族"
"28ddf247","61-65歲","女","台北市","運動科技潮人"
"2a575086","51-55歲","男","台中市","運動科技潮人"
"664a04d1","26-30歲","女","苗栗縣","健康愛家定存控"
"e6f6123c","26-30歲","女","新北市","物質享樂衝購族"
"314d6c37","31-35歲","男","新竹縣","樂動廣告品牌控"
"50b3b67b","31-35歲","女","新竹縣","運動科技潮人"
"0c553ba3","51-55歲","女","新竹縣","樂動廣告品牌控"
"d2fc149a","46-50歲","女","桃園市","網購社媒手機迷"
"307e08dc","26-30歲","女","彰化縣","物質享樂衝購族"
"ad6d90c4","36-40歲","女","台中市","網購社媒手機迷"
"e65c8b78","36-40歲","女","新竹縣","健康愛家定存控"
"6786a988","36-40歲","男","新竹縣","物質享樂衝購族"
"a7c88b75","61-65歲","女","台北市","運動科技潮人"
"53374413","41-45歲","女","新竹市","網購社媒手機迷"
"3bbc8ece","26-30歲","女","苗栗縣","樂動廣告品牌控"
"09f6af09","46-50歲","女","新北市","網購社媒手機迷"
"3517967b","26-30歲","男","花蓮縣","樂動廣告品牌控"
"2424680b","36-40歲","女","台南市","傳統保健理財族"
"0896876f","31-35歲","女","台中市","健康愛家定存控"
"9daba4d5","31-35歲","女","台中市","物質享樂衝購族"
"ba260c9a","46-50歲","男","新北市","運動科技潮人"
"735ab177","36-40歲","男","嘉義縣","運動科技潮人"
"b8b6b305","46-50歲","女","新竹縣","品味養生理財貴族"
"01491b46","31-35歲","女","花蓮縣","物質享樂衝購族"
"fac7d36e","61-65歲","女","台北市","健康愛家定存控"
"4391cabc","31-35歲","女","苗栗縣","網購社媒手機迷"
"8c646aaf","36-40歲","女","新竹縣","物質享樂衝購族"
"53bb4a11","31-35歲","女","花蓮縣","物質享樂衝購族"
"89e34818","41-45歲","女","新北市","運動科技潮人"
"9be719f1","26-30歲","女","新竹縣","獨立愛遊理財新手"
"fff1049a","41-45歲","女","新竹縣","健康愛家定存控"
"6dbbea92","31-35歲","女","新竹縣","運動科技潮人"
"4834b229","41-45歲","女","彰化縣","傳統保健理財族"
"c48263c0","41-45歲","女","苗栗縣","樂動廣告品牌控"
"93d3bbc7","31-35歲","女","台中市","物質享樂衝購族"
"239e0ea3","31-35歲","女","新北市","物質享樂衝購族"
"5511b261","31-35歲","女","彰化縣","健康愛家定存控"
"9aa6562c","26-30歲","女","南投縣","樂動廣告品牌控"
"78a052b0","46-50歲","女","花蓮縣","品味養生理財貴族"
"a9dc5ab3","36-40歲","女","彰化縣","物質享樂衝購族"
"2b7b93c2","31-35歲","女","彰化縣","健康愛家定存控"
"4d269527","31-35歲","男","新竹縣","運動科技潮人"
"60e22699","26-30歲","男","南投縣","運動科技潮人"
"0057ff92","41-45歲","女","南投縣","物質享樂衝購族"
"6fe67c1d","26-30歲","男","彰化縣","樂動廣告品牌控"
"bbdf6063","31-35歲","男","新北市","運動科技潮人"
"5e32bce1","46-50歲","女","新竹縣","樂動廣告品牌控"
"83eb84fa","31-35歲","女","台北市","健康愛家定存控"
"9c594db6","41-45歲","女","新北市","獨立愛遊理財新手"
"3a5ced3a","26-30歲","女","台南市","健康愛家定存控"
"2d56d7ee","36-40歲","女","新北市","物質享樂衝購族"
"69d1fb1e","31-35歲","女","台北市","運動科技潮人"
"ce258717","36-40歲","女","新竹市","健康愛家定存控"
"6c5240d9","51-55歲","男","新北市","運動科技潮人"
"86e059b2","36-40歲","女","台北市","獨立愛遊理財新手"
"144c8ec0","41-45歲","女","台中市","樂動廣告品牌控"
"ceb1cd03","41-45歲","女","新北市","運動科技潮人"
"43c485c2","46-50歲","女","台南市","傳統保健理財族"
"f6d9c701","46-50歲","男","新竹縣","樂動廣告品牌控"
"aa0954d0","31-35歲","女","台中市","物質享樂衝購族"
"c79bdcf0","36-40歲","女","台中市","健康愛家定存控"
"3a388a01","46-50歲","女","台北市","運動科技潮人"
"170594d7","41-45歲","女","新北市","網購社媒手機迷"
"624fbb96","41-45歲","女","新北市","樂動廣告品牌控"
"949ce3de","56-60歲","女","台中市","傳統保健理財族"
"7d580af5","51-55歲","男","台北市","健康愛家定存控"
"f60a60be","51-55歲","女","台中市","品味養生理財貴族"
"525fcd6c","36-40歲","女","新北市","健康愛家定存控"
"c5409e82","46-50歲","男","新北市","運動科技潮人"
"0ebeccdf","36-40歲","男","高雄市","運動科技潮人"
"09114a1a","36-40歲","女","新北市","運動科技潮人"
"63a24f15","51-55歲","女","新竹縣","傳統保健理財族"
"94df89fc","51-55歲","女","新北市","品味養生理財貴族"
"39d8e5b2","46-50歲","女","新北市","樂動廣告品牌控"
"22133686","41-45歲","女","苗栗縣","品味養生理財貴族"
"091a146f","26-30歲","女","新北市","獨立愛遊理財新手"
"b77491fd","36-40歲","女","彰化縣","健康愛家定存控"
"9b78ed2d","41-45歲","男","苗栗縣","樂動廣告品牌控"
"0d4bfff9","31-35歲","男","新竹縣","運動科技潮人"
"9aa67709","36-40歲","女","台中市","物質享樂衝購族"
"33b2a118","41-45歲","女","屏東縣","網購社媒手機迷"
"bc0a8cd0","46-50歲","女","台南市","網購社媒手機迷"
"c2ffc4d6","51-55歲","女","台北市","品味養生理財貴族"
"e505cc03","46-50歲","女","嘉義縣","品味養生理財貴族"
"4c2c2d87","31-35歲","女","桃園市","網購社媒手機迷"
"dc81313d","36-40歲","女","桃園市","樂動廣告品牌控"
"9caccf7b","41-45歲","男","台北市","樂動廣告品牌控"
"b71139a7","51-55歲","女","新竹縣","物質享樂衝購族"
"0c1dc193","26-30歲","女","台北市","運動科技潮人"
"01b13346","41-45歲","女","新北市","獨立愛遊理財新手"
"859a7d49","41-45歲","男","新竹縣","運動科技潮人"
"79ef6388","46-50歲","男","苗栗縣","樂動廣告品牌控"
"e94ebb60","41-45歲","男","台南市","樂動廣告品牌控"
"328ca424","26-30歲","女","高雄市","獨立愛遊理財新手"
"6edcac52","41-45歲","女","新北市","健康愛家定存控"
"e3dd824c","36-40歲","女","雲林縣","健康愛家定存控"
"ff58abf7","26-30歲","女","高雄市","健康愛家定存控"
"5a18034b","31-35歲","女","苗栗縣","網購社媒手機迷"
"90423115","46-50歲","女","新北市","物質享樂衝購族"
"011beb20","46-50歲","女","苗栗縣","樂動廣告品牌控"
"c095d32a","31-35歲","男","宜蘭縣","樂動廣告品牌控"
"430fd94e","41-45歲","女","新北市","品味養生理財貴族"
"da404a44","31-35歲","女","屏東縣","物質享樂衝購族"
"9eceb6ed","26-30歲","男","台中市","運動科技潮人"
"01ca1371","56-60歲","女","台南市","網購社媒手機迷"
"540f492c","26-30歲","女","苗栗縣","樂動廣告品牌控"
"86eb3973","36-40歲","女","新北市","運動科技潮人"
"fa7ea8ed","36-40歲","女","彰化縣","網購社媒手機迷"
"bf80ea68","36-40歲","女","新北市","網購社媒手機迷"
"49d40519","31-35歲","女","新竹市","獨立愛遊理財新手"
"75ccc33d","41-45歲","女","新北市","品味養生理財貴族"
"a81a2245","36-40歲","女","苗栗縣","樂動廣告品牌控"
"767ebea9","36-40歲","女","台南市","網購社媒手機迷"
"841ac1b5","51-55歲","女","台北市","品味養生理財貴族"
"6fbae15a","36-40歲","女","桃園市","愛搜愛比網購客"
"fc883746","26-30歲","男","高雄市","運動科技潮人"
"115d6623","41-45歲","男","新竹市","運動科技潮人"
"ec332129","41-45歲","女","花蓮縣","網購社媒手機迷"
"03e8d18a","41-45歲","女","桃園市","網購社媒手機迷"
"d49c4504","46-50歲","男","台北市","樂動廣告品牌控"
"54132fd9","31-35歲","女","台北市","獨立愛遊理財新手"
"216b6d95","31-35歲","男","苗栗縣","運動科技潮人"
"929e70f2","36-40歲","女","台北市","健康愛家定存控"
"265880c0","36-40歲","男","台中市","運動科技潮人"
"0bef4b28","36-40歲","女","新竹縣","網購社媒手機迷"
"152b6857","31-35歲","女","新北市","網購社媒手機迷"
"46fb9b19","41-45歲","女","台南市","網購社媒手機迷"
"21917fe4","41-45歲","女","苗栗縣","健康愛家定存控"
"8d23b527","56-60歲","女","新北市","樂動廣告品牌控"
"f4effe07","56-60歲","女","花蓮縣","獨立愛遊理財新手"
"7c132ba1","46-50歲","女","桃園市","網購社媒手機迷"
"f517d51b","41-45歲","女","台北市","運動科技潮人"
"b1bc09c6","36-40歲","女","新竹縣","健康愛家定存控"
"2635ee5a","36-40歲","女","花蓮縣","品味養生理財貴族"
"dbeb2105","31-35歲","男","彰化縣","運動科技潮人"
"142b5821","46-50歲","男","台中市","健康愛家定存控"
"a3fce964","36-40歲","女","新北市","品味養生理財貴族"
"f8be2e8c","51-55歲","男","台北市","樂動廣告品牌控"
"8689e816","46-50歲","女","花蓮縣","健康愛家定存控"
"2c37902b","56-60歲","女","新竹縣","品味養生理財貴族"
"8c164578","51-55歲","女","新竹縣","樂動廣告品牌控"
"40a38123","66以上","女","台北市","網購社媒手機迷"
"c6f8f027","46-50歲","女","彰化縣","健康愛家定存控"
"c2990533","56-60歲","女","台北市","傳統保健理財族"
"b90d8b5e","56-60歲","男","苗栗縣","愛搜愛比網購客"
"56e37336","26-30歲","女","台中市","獨立愛遊理財新手"
"3f26c150","31-35歲","女","台中市","樂動廣告品牌控"
"f8ca20e3","26-30歲","女","新北市","物質享樂衝購族"
"0f5fa0fa","41-45歲","女","花蓮縣","品味養生理財貴族"
"620b5079","21-25歲","男","新竹縣","樂動廣告品牌控"
"b49cd890","31-35歲","女","苗栗縣","物質享樂衝購族"
"aa9a53a0","26-30歲","女","桃園市","健康愛家定存控"
"9ef100bc","36-40歲","女","屏東縣","物質享樂衝購族"
"f8cd2b2f","41-45歲","女","台北市","品味養生理財貴族"
"d67ba2f2","36-40歲","女","台中市","健康愛家定存控"
"87d22837","36-40歲","男","新竹縣","愛搜愛比網購客"
"838e07aa","41-45歲","女","台北市","物質享樂衝購族"
"fee15115","36-40歲","男","桃園市","樂動廣告品牌控"
"36db53b3","41-45歲","女","花蓮縣","愛搜愛比網購客"
"af25639d","51-55歲","男","新北市","運動科技潮人"
"cdc9663e","41-45歲","男","台中市","運動科技潮人"
"2642c11f","36-40歲","女","苗栗縣","健康愛家定存控"
"8d10fffb","21-25歲","男","新竹縣","運動科技潮人"
"915e7a9e","36-40歲","女","嘉義市","網購社媒手機迷"
"1a5d924f","41-45歲","女","桃園市","獨立愛遊理財新手"
"2ad8bc43","46-50歲","女","南投縣","愛搜愛比網購客"
"48f7cdf3","41-45歲","男","苗栗縣","愛搜愛比網購客"
"73685c1a","51-55歲","女","新北市","獨立愛遊理財新手"
"7bd88fd6","46-50歲","女","新竹市","物質享樂衝購族"
"d5d65d21","31-35歲","女","新北市","運動科技潮人"
"03f0ee6e","46-50歲","男","新竹縣","運動科技潮人"
"15639bcb","51-55歲","男","嘉義市","健康愛家定存控"
"20cdc282","51-55歲","女","台中市","樂動廣告品牌控"
"7e7d7424","41-45歲","女","台中市","物質享樂衝購族"
"981f7357","41-45歲","男","新竹縣","愛搜愛比網購客"
"1df1f2a3","36-40歲","女","新竹縣","物質享樂衝購族"
"646d5e97","46-50歲","男","新竹縣","愛搜愛比網購客"
"136cf02b","36-40歲","女","高雄市","物質享樂衝購族"
"18ab6f29","36-40歲","女","南投縣","物質享樂衝購族"
"2eff1997","46-50歲","男","苗栗縣","運動科技潮人"
"7d8f891d","46-50歲","女","桃園市","品味養生理財貴族"
"60ad4a1b","41-45歲","女","新北市","物質享樂衝購族"
"c6abbfd8","31-35歲","女","苗栗縣","健康愛家定存控"
"059cd3c4","51-55歲","女","新北市","健康愛家定存控"
"013ddc71","51-55歲","男","苗栗縣","運動科技潮人"
"e69ad262","46-50歲","女","花蓮縣","健康愛家定存控"
"2a85521e","41-45歲","女","台中市","獨立愛遊理財新手"
"34c54734","31-35歲","女","彰化縣","健康愛家定存控"
"e5bcbe79","51-55歲","女","新北市","傳統保健理財族"
"6077ca5a","31-35歲","女","台中市","物質享樂衝購族"
"063cba86","41-45歲","男","苗栗縣","運動科技潮人"
"9b0ed832","41-45歲","女","新北市","愛搜愛比網購客"
"c8fd4d5e","56-60歲","女","新北市","獨立愛遊理財新手"
"3773b381","31-35歲","女","苗栗縣","健康愛家定存控"
"4966d6ef","36-40歲","男","南投縣","運動科技潮人"
"1b82a36e","31-35歲","女","新北市","物質享樂衝購族"
"213022bc","41-45歲","女","新北市","品味養生理財貴族"
"b43a29de","51-55歲","男","新北市","愛搜愛比網購客"
"a2740d30","36-40歲","女","台中市","傳統保健理財族"
"fa60f565","36-40歲","女","新北市","物質享樂衝購族"
"b4320cf5","46-50歲","男","高雄市","運動科技潮人"
"35ee5a6a","56-60歲","女","台中市","樂動廣告品牌控"
"dc8a8a5e","41-45歲","男","新北市","運動科技潮人"
"e6818c98","26-30歲","女","台中市","獨立愛遊理財新手"
"8bd6ec0e","26-30歲","女","新竹縣","物質享樂衝購族"
"b80f1a4d","26-30歲","女","新北市","物質享樂衝購族"
"f864697a","26-30歲","女","新竹縣","獨立愛遊理財新手"
"a870fc79","36-40歲","女","新北市","品味養生理財貴族"
"b3de2a29","36-40歲","男","花蓮縣","運動科技潮人"
"a31939ae","56-60歲","女","新竹縣","傳統保健理財族"
"b9c56a51","36-40歲","女","花蓮縣","品味養生理財貴族"
"cc377d09","31-35歲","男","桃園市","運動科技潮人"
"318082fb","26-30歲","女","桃園市","網購社媒手機迷"
"fac80d4d","51-55歲","女","新北市","品味養生理財貴族"
"b9490233","56-60歲","男","台南市","愛搜愛比網購客"
"555314a2","31-35歲","男","桃園市","健康愛家定存控"
"bdf1489c","41-45歲","女","新竹縣","愛搜愛比網購客"
"7e95a32b","41-45歲","女","苗栗縣","健康愛家定存控"
"202365b6","26-30歲","女","新北市","網購社媒手機迷"
"e430874f","41-45歲","女","台北市","運動科技潮人"
"528ca038","36-40歲","女","台北市","品味養生理財貴族"
"dca6513b","36-40歲","女","新北市","物質享樂衝購族"
"d9d6f170","36-40歲","女","新竹縣","健康愛家定存控"
"c275077f","31-35歲","女","新竹縣","獨立愛遊理財新手"
"94f006d8","26-30歲","女","新竹縣","健康愛家定存控"
"db2a8db0","46-50歲","女","台南市","獨立愛遊理財新手"
"9731469f","36-40歲","女","新竹縣","網購社媒手機迷"
"820f27c6","46-50歲","女","台中市","網購社媒手機迷"
"90c01ca3","61-65歲","女","新竹縣","樂動廣告品牌控"
"7bf91951","31-35歲","女","台中市","網購社媒手機迷"
"820564d0","46-50歲","女","台北市","網購社媒手機迷"
"4782d395","41-45歲","女","花蓮縣","愛搜愛比網購客"
"6767e769","46-50歲","女","新北市","獨立愛遊理財新手"
"5602fc5d","56-60歲","女","台中市","愛搜愛比網購客"
"9dc37a04","36-40歲","女","新竹縣","健康愛家定存控"
"1239c5b3","46-50歲","男","台中市","物質享樂衝購族"
"40c0fefc","46-50歲","女","新北市","網購社媒手機迷"
"571f0069","36-40歲","女","桃園市","傳統保健理財族"
"dc8651e7","36-40歲","女","台中市","健康愛家定存控"
"10a6ba1d","46-50歲","女","台南市","品味養生理財貴族"
"3638f5ae","41-45歲","男","新竹縣","運動科技潮人"
"26ac9b82","36-40歲","男","新北市","運動科技潮人"
"ff843a88","51-55歲","女","彰化縣","健康愛家定存控"
"64074561","56-60歲","女","新北市","傳統保健理財族"
"0db8e189","41-45歲","男","高雄市","運動科技潮人"
"543b2185","36-40歲","女","新竹市","物質享樂衝購族"
"7dd31349","51-55歲","女","新竹市","品味養生理財貴族"
"e65f6f18","41-45歲","女","新北市","健康愛家定存控"
"28893915","36-40歲","男","台南市","樂動廣告品牌控"
"33902b1b","36-40歲","男","花蓮縣","物質享樂衝購族"
"6b246c05","31-35歲","女","新北市","健康愛家定存控"
"72979ab5","46-50歲","女","新竹縣","健康愛家定存控"
"b7a03761","46-50歲","女","台中市","樂動廣告品牌控"
"0993920a","46-50歲","女","彰化縣","品味養生理財貴族"
"84119e75","51-55歲","女","新北市","品味養生理財貴族"
"38f68be6","26-30歲","女","新竹縣","健康愛家定存控"
"47f3f6d4","46-50歲","女","新北市","網購社媒手機迷"
"f19c37a0","51-55歲","男","新北市","運動科技潮人"
"875a200c","36-40歲","女","新竹市","品味養生理財貴族"
"26007b28","31-35歲","女","台中市","樂動廣告品牌控"
"8e3ddb2e","46-50歲","男","苗栗縣","運動科技潮人"
"13a86d0b","46-50歲","女","新竹縣","愛搜愛比網購客"
"2669af9a","31-35歲","女","新北市","健康愛家定存控"
"1528df78","41-45歲","女","台南市","健康愛家定存控"
"681a1f9f","56-60歲","男","新竹縣","樂動廣告品牌控"
"09edc8ba","36-40歲","男","台南市","樂動廣告品牌控"
"09bbcae1","41-45歲","男","桃園市","運動科技潮人"
"28f61e6e","31-35歲","男","高雄市","樂動廣告品牌控"
"bc8b353c","46-50歲","男","台北市","愛搜愛比網購客"
"061805f8","36-40歲","女","新北市","樂動廣告品牌控"
"2b6e2194","36-40歲","女","台北市","網購社媒手機迷"
"9e07146e","46-50歲","女","新竹市","運動科技潮人"
"51462508","46-50歲","女","台北市","獨立愛遊理財新手"
"bd3fce68","31-35歲","女","新竹縣","物質享樂衝購族"
"2f8c88a3","56-60歲","女","台東縣","樂動廣告品牌控"
"bd9b5290","41-45歲","女","台北市","運動科技潮人"
"085f2875","41-45歲","女","新北市","運動科技潮人"
"9989cb6a","36-40歲","男","新北市","運動科技潮人"
"8d1fe17d","36-40歲","男","台中市","樂動廣告品牌控"
"1192305a","46-50歲","男","台北市","運動科技潮人"
"0eee4130","41-45歲","男","苗栗縣","運動科技潮人"
"c1154a32","26-30歲","女","台北市","獨立愛遊理財新手"
"c6d6686a","41-45歲","女","台南市","獨立愛遊理財新手"
"f70a1254","46-50歲","女","新北市","品味養生理財貴族"
"c3b52deb","41-45歲","男","桃園市","運動科技潮人"
"019cd5dd","51-55歲","女","桃園市","健康愛家定存控"
"90e21d1f","31-35歲","男","新竹縣","樂動廣告品牌控"
"0afe1f33","31-35歲","女","台南市","健康愛家定存控"
"5691b741","36-40歲","女","新北市","品味養生理財貴族"
"72e1b521","31-35歲","女","新竹縣","獨立愛遊理財新手"
"73aa6120","26-30歲","男","桃園市","樂動廣告品牌控"
"87096707","46-50歲","男","新竹縣","運動科技潮人"
"6dd61300","26-30歲","女","桃園市","物質享樂衝購族"
"0a0538a0","41-45歲","男","台中市","樂動廣告品牌控"
"8970f41a","31-35歲","男","新北市","運動科技潮人"
"069e4650","26-30歲","女","新北市","獨立愛遊理財新手"
"b3e1a387","41-45歲","女","花蓮縣","物質享樂衝購族"
"f9ffb16f","36-40歲","女","花蓮縣","物質享樂衝購族"
"d09c5cda","26-30歲","男","苗栗縣","健康愛家定存控"
"c7e36952","56-60歲","女","台中市","健康愛家定存控"
"8e4b3219","61-65歲","男","新北市","愛搜愛比網購客"
"abe79f3b","31-35歲","女","南投縣","網購社媒手機迷"
"4f805b6c","36-40歲","女","台南市","樂動廣告品牌控"
"dc468aa2","56-60歲","女","新北市","品味養生理財貴族"
"ea23f25c","41-45歲","女","彰化縣","健康愛家定存控"
"d6913c61","46-50歲","女","新北市","品味養生理財貴族"
"0a4db230","51-55歲","女","台北市","網購社媒手機迷"
"8403d1b0","31-35歲","女","新竹縣","物質享樂衝購族"
"b892166c","36-40歲","女","台北市","網購社媒手機迷"
"d80f6d9c","51-55歲","男","新北市","運動科技潮人"
"c2ec0ad3","31-35歲","女","新北市","物質享樂衝購族"
"593e1d76","51-55歲","男","南投縣","傳統保健理財族"
"e74bed14","46-50歲","女","新北市","獨立愛遊理財新手"
"0ebf396c","46-50歲","男","新竹縣","運動科技潮人"
"a7da2250","46-50歲","女","苗栗縣","網購社媒手機迷"
"92eba851","56-60歲","女","台北市","品味養生理財貴族"
"96a73e26","31-35歲","女","台北市","樂動廣告品牌控"
"91aec013","31-35歲","男","屏東縣","運動科技潮人"
"26673146","36-40歲","男","新北市","運動科技潮人"
"b0baf599","41-45歲","女","台北市","樂動廣告品牌控"
"9693ca21","36-40歲","女","花蓮縣","樂動廣告品牌控"
"3916f562","36-40歲","女","彰化縣","傳統保健理財族"
"e502b98d","46-50歲","女","台中市","品味養生理財貴族"
"2f6ff02c","31-35歲","男","新北市","運動科技潮人"
"2dbdca86","31-35歲","女","台中市","健康愛家定存控"
"84a9d822","41-45歲","女","桃園市","品味養生理財貴族"
"7cda0193","31-35歲","男","台北市","運動科技潮人"
"09338457","36-40歲","男","苗栗縣","運動科技潮人"
"b16866b8","56-60歲","女","苗栗縣","物質享樂衝購族"
"ee535127","26-30歲","女","新北市","獨立愛遊理財新手"
"8fb137ec","36-40歲","男","台中市","樂動廣告品牌控"
"81b994ab","46-50歲","男","南投縣","樂動廣告品牌控"
"5b38b865","46-50歲","女","新竹縣","愛搜愛比網購客"
"f9332784","31-35歲","女","新北市","網購社媒手機迷"
"26b27ff8","41-45歲","女","台南市","愛搜愛比網購客"
"e33b2fbd","41-45歲","女","苗栗縣","物質享樂衝購族"
"30dd9631","31-35歲","女","台中市","獨立愛遊理財新手"
"77c07662","26-30歲","女","彰化縣","獨立愛遊理財新手"
"55b238a7","36-40歲","女","台中市","物質享樂衝購族"
"795de0fe","51-55歲","女","彰化縣","物質享樂衝購族"
"4d849d93","46-50歲","女","台北市","獨立愛遊理財新手"
"0b615306","46-50歲","女","高雄市","樂動廣告品牌控"
"9b22cdd9","41-45歲","女","新竹市","網購社媒手機迷"
"da3456f0","36-40歲","女","新竹縣","物質享樂衝購族"
"86a06b1e","26-30歲","女","苗栗縣","獨立愛遊理財新手"
"d746761d","36-40歲","女","新竹縣","獨立愛遊理財新手"
"126ff820","26-30歲","男","台北市","運動科技潮人"
"745c8d67","26-30歲","女","苗栗縣","獨立愛遊理財新手"
"8ced6beb","36-40歲","男","新竹縣","樂動廣告品牌控"
"8f9b3c9e","36-40歲","女","桃園市","健康愛家定存控"
"ce49b8e2","41-45歲","女","台北市","健康愛家定存控"
"458bf75c","26-30歲","男","台北市","網購社媒手機迷"
"e41c0229","56-60歲","女","苗栗縣","樂動廣告品牌控"
"33c2c008","56-60歲","男","新北市","健康愛家定存控"
"9db6fdad","46-50歲","女","新竹縣","運動科技潮人"
"a36302b6","31-35歲","女","桃園市","樂動廣告品牌控"
"0befb26c","31-35歲","男","台中市","運動科技潮人"
"73e12978","41-45歲","女","彰化縣","物質享樂衝購族"
"9269702e","46-50歲","女","新竹縣","品味養生理財貴族"
"e98075ec","36-40歲","女","高雄市","樂動廣告品牌控"
"9a5fb7b9","26-30歲","女","台中市","獨立愛遊理財新手"
"78b536c0","36-40歲","男","彰化縣","運動科技潮人"
"b3480130","36-40歲","女","彰化縣","品味養生理財貴族"
"97e2b0f6","36-40歲","女","台北市","獨立愛遊理財新手"
"437cce2b","56-60歲","女","台北市","網購社媒手機迷"
"a4777d6f","41-45歲","女","南投縣","網購社媒手機迷"
"a3ac23f6","66以上","男","桃園市","健康愛家定存控"
"ed3dc900","36-40歲","女","高雄市","網購社媒手機迷"
"f11c3917","36-40歲","男","苗栗縣","網購社媒手機迷"
"c81fe8eb","41-45歲","男","新北市","運動科技潮人"
"e16e6294","46-50歲","女","新北市","健康愛家定存控"
"5866072e","56-60歲","女","台北市","健康愛家定存控"
"1b1820b0","36-40歲","女","台北市","物質享樂衝購族"
"6e3f1fbe","51-55歲","女","新北市","愛搜愛比網購客"
"d3f953e4","26-30歲","女","台中市","物質享樂衝購族"
"61c23f91","46-50歲","女","桃園市","獨立愛遊理財新手"
"5bc2fd49","46-50歲","女","台中市","物質享樂衝購族"
"85d2854b","46-50歲","女","苗栗縣","物質享樂衝購族"
"fbfef18b","36-40歲","女","台中市","品味養生理財貴族"
"7677922e","26-30歲","女","台北市","運動科技潮人"
"9d6a5976","36-40歲","男","桃園市","運動科技潮人"
"6ec45442","26-30歲","女","台中市","物質享樂衝購族"
"590f01da","36-40歲","女","花蓮縣","健康愛家定存控"
"f7825230","36-40歲","女","台北市","樂動廣告品牌控"
"21da8d93","26-30歲","女","台南市","獨立愛遊理財新手"
"e2f5d2cd","46-50歲","女","彰化縣","樂動廣告品牌控"
"ad62e816","31-35歲","女","桃園市","健康愛家定存控"
"74a2b121","36-40歲","女","彰化縣","健康愛家定存控"
"058faaeb","36-40歲","女","新竹市","品味養生理財貴族"
"e1078ec1","41-45歲","女","新竹市","樂動廣告品牌控"
"da8a6dc2","31-35歲","男","台中市","樂動廣告品牌控"
"d62e42aa","26-30歲","男","新竹縣","獨立愛遊理財新手"
"346d0fc2","41-45歲","女","苗栗縣","傳統保健理財族"
"e684b2c6","26-30歲","女","高雄市","健康愛家定存控"
"3eb9f077","36-40歲","女","高雄市","物質享樂衝購族"
"cf1c0aed","41-45歲","女","新北市","網購社媒手機迷"
"75e1cb02","31-35歲","女","彰化縣","健康愛家定存控"
"25464c06","51-55歲","女","花蓮縣","物質享樂衝購族"
"ffed1c83","31-35歲","女","花蓮縣","物質享樂衝購族"
"64662e7e","31-35歲","女","台東縣","網購社媒手機迷"
"c58302d2","61-65歲","女","台北市","品味養生理財貴族"
"5f2323d7","46-50歲","男","新北市","運動科技潮人"
"444d92e7","36-40歲","女","花蓮縣","獨立愛遊理財新手"
"acf3d4b0","31-35歲","男","台南市","運動科技潮人"
"6da5e514","41-45歲","女","新竹縣","網購社媒手機迷"
"fff13244","46-50歲","男","新竹縣","樂動廣告品牌控"
"251c3458","51-55歲","女","新北市","網購社媒手機迷"
"1625411b","56-60歲","女","高雄市","品味養生理財貴族"
"f8d8414d","26-30歲","女","南投縣","健康愛家定存控"
"74fd77ad","31-35歲","男","彰化縣","樂動廣告品牌控"
"367850a7","56-60歲","女","桃園市","樂動廣告品牌控"
"4975e6bb","56-60歲","女","新竹縣","品味養生理財貴族"
"39c353ec","26-30歲","女","新竹市","健康愛家定存控"
"dd1777b7","61-65歲","女","新竹縣","運動科技潮人"
"d509984d","36-40歲","女","台南市","獨立愛遊理財新手"
"eab12022","46-50歲","女","新北市","樂動廣告品牌控"
"6ccd9458","26-30歲","女","新竹縣","獨立愛遊理財新手"
"6f757bec","46-50歲","女","新北市","運動科技潮人"
"e40c6da5","36-40歲","女","苗栗縣","網購社媒手機迷"
"6a29a59a","31-35歲","女","苗栗縣","樂動廣告品牌控"
"00b1f760","51-55歲","女","台南市","物質享樂衝購族"
"86b96fda","31-35歲","女","新北市","健康愛家定存控"
"b1856274","41-45歲","女","苗栗縣","健康愛家定存控"
"9fc485fa","31-35歲","女","新竹縣","物質享樂衝購族"
"98ff22fb","41-45歲","女","台南市","網購社媒手機迷"
"5cb7949e","26-30歲","男","苗栗縣","運動科技潮人"
"e03fb3ab","26-30歲","女","台中市","健康愛家定存控"
"277118e4","36-40歲","女","台中市","物質享樂衝購族"
"c359de16","36-40歲","女","高雄市","網購社媒手機迷"
"7242bb91","31-35歲","女","新竹縣","獨立愛遊理財新手"
"eae26b1b","36-40歲","女","苗栗縣","物質享樂衝購族"
"b0859263","46-50歲","女","新北市","獨立愛遊理財新手"
"1c966638","26-30歲","女","台中市","健康愛家定存控"
"1a39a49f","31-35歲","女","台中市","物質享樂衝購族"
"30d157cb","31-35歲","男","新竹縣","運動科技潮人"
"ba20b6be","31-35歲","女","苗栗縣","物質享樂衝購族"
"aabb8a99","31-35歲","女","新竹縣","物質享樂衝購族"
"aaa42f0f","26-30歲","女","桃園市","物質享樂衝購族"
"5afe3c2c","46-50歲","女","彰化縣","獨立愛遊理財新手"
"41ae89cb","41-45歲","女","彰化縣","網購社媒手機迷"
"7375a071","31-35歲","女","新北市","獨立愛遊理財新手"
"1ae93042","46-50歲","女","台北市","健康愛家定存控"
"2ac21658","46-50歲","女","新北市","健康愛家定存控"
"f3475f34","31-35歲","女","新竹縣","物質享樂衝購族"
"e651eaeb","51-55歲","女","新北市","運動科技潮人"
"8bf2d1fd","51-55歲","女","台北市","運動科技潮人"
"5cd71e4a","46-50歲","女","花蓮縣","樂動廣告品牌控"
"b1349283","41-45歲","女","新竹縣","健康愛家定存控"
"53725f7e","26-30歲","女","嘉義市","健康愛家定存控"
"94faf446","46-50歲","女","新竹縣","物質享樂衝購族"
"abd482f4","51-55歲","男","台北市","運動科技潮人"
"f5007acc","31-35歲","男","高雄市","運動科技潮人"
"2e53f8f7","36-40歲","女","苗栗縣","健康愛家定存控"
"0226cd36","51-55歲","女","台中市","品味養生理財貴族"
"e6fb5707","31-35歲","男","新竹縣","樂動廣告品牌控"
"d5fcebeb","46-50歲","男","苗栗縣","樂動廣告品牌控"
"a95dc67d","46-50歲","男","台南市","運動科技潮人"
"c284ac45","36-40歲","女","台北市","物質享樂衝購族"
"af74db70","41-45歲","女","台北市","獨立愛遊理財新手"
"462e1ddf","26-30歲","女","新竹市","獨立愛遊理財新手"
"7bfb6932","26-30歲","女","桃園市","物質享樂衝購族"
"fd165e1f","51-55歲","男","花蓮縣","愛搜愛比網購客"
"524adbf0","31-35歲","女","高雄市","物質享樂衝購族"
"bf217b22","41-45歲","男","新北市","運動科技潮人"
"ef1cb391","31-35歲","女","新竹縣","品味養生理財貴族"
"2e7149fd","51-55歲","女","台中市","品味養生理財貴族"
"7646b581","31-35歲","女","台中市","物質享樂衝購族"
"3c488129","36-40歲","女","新北市","物質享樂衝購族"
"26fe2545","31-35歲","女","彰化縣","健康愛家定存控"
"c6d87922","41-45歲","男","台北市","運動科技潮人"
"f4132611","41-45歲","男","桃園市","運動科技潮人"
"a5cb5a1d","31-35歲","女","台中市","物質享樂衝購族"
"a22533b7","31-35歲","女","新竹縣","運動科技潮人"
"61f4dabb","36-40歲","女","台中市","物質享樂衝購族"
"6a996a51","31-35歲","女","苗栗縣","品味養生理財貴族"
"e26e052c","51-55歲","男","新竹市","運動科技潮人"
"5718289a","36-40歲","男","新北市","運動科技潮人"
"69d09957","26-30歲","女","彰化縣","網購社媒手機迷"
"84b5c22b","31-35歲","女","花蓮縣","獨立愛遊理財新手"
"a54acdc7","36-40歲","男","新竹縣","運動科技潮人"
"3c68b4e7","36-40歲","女","新竹市","網購社媒手機迷"
"24973ed4","46-50歲","女","苗栗縣","愛搜愛比網購客"
"e3944568","46-50歲","女","花蓮縣","傳統保健理財族"
"1e181a5c","51-55歲","男","花蓮縣","運動科技潮人"
"66d37fee","31-35歲","女","新竹市","物質享樂衝購族"
"a981da00","31-35歲","女","花蓮縣","獨立愛遊理財新手"
"892b967f","36-40歲","女","彰化縣","健康愛家定存控"
"0a969ec2","31-35歲","女","台中市","樂動廣告品牌控"
"abc0ce43","26-30歲","女","彰化縣","品味養生理財貴族"
"8775a1a3","46-50歲","女","新北市","樂動廣告品牌控"
"43f71f9d","26-30歲","女","新北市","健康愛家定存控"
"d924ceea","31-35歲","女","新北市","運動科技潮人"
"bf0efd9b","46-50歲","女","台北市","運動科技潮人"
"91b94f8a","36-40歲","女","台南市","健康愛家定存控"
"cf22e862","46-50歲","男","新北市","樂動廣告品牌控"
"c7ddb8be","26-30歲","女","新北市","物質享樂衝購族"
"95d375cf","41-45歲","女","台南市","愛搜愛比網購客"
"9d5dfb78","46-50歲","女","彰化縣","健康愛家定存控"
"5a40d154","31-35歲","女","台南市","物質享樂衝購族"
"01603c1f","41-45歲","女","台北市","品味養生理財貴族"
"d2516d00","46-50歲","女","宜蘭縣","獨立愛遊理財新手"
"dc18fe59","31-35歲","男","新北市","樂動廣告品牌控"
"450ecc2c","46-50歲","男","彰化縣","樂動廣告品牌控"
"b3134b05","61-65歲","女","台北市","品味養生理財貴族"
"fb4f9fa8","51-55歲","女","彰化縣","健康愛家定存控"
"b06ed855","36-40歲","女","南投縣","健康愛家定存控"
"42e13beb","41-45歲","女","花蓮縣","樂動廣告品牌控"
"19eb4be7","51-55歲","男","高雄市","樂動廣告品牌控"
"8be8c4cd","41-45歲","女","新竹縣","品味養生理財貴族"
"47d00d47","26-30歲","女","南投縣","網購社媒手機迷"
"46fafcfc","46-50歲","女","台北市","品味養生理財貴族"
"08631fbc","41-45歲","男","新竹縣","運動科技潮人"
"7ae4916b","51-55歲","男","台中市","樂動廣告品牌控"
"44f174dd","46-50歲","女","新北市","品味養生理財貴族"
"40af3845","26-30歲","女","台北市","獨立愛遊理財新手"
"245a92b1","46-50歲","女","新竹縣","物質享樂衝購族"
"0532301e","31-35歲","女","新竹市","物質享樂衝購族"
"1c50a6fb","26-30歲","女","新竹縣","獨立愛遊理財新手"
"02d39550","61-65歲","男","台北市","愛搜愛比網購客"
"2229b1ee","36-40歲","女","台中市","物質享樂衝購族"
"9aac292d","36-40歲","女","台北市","獨立愛遊理財新手"
"f4908973","46-50歲","女","新北市","品味養生理財貴族"
"e8155fee","31-35歲","女","台中市","網購社媒手機迷"
"838a0b23","46-50歲","女","新竹縣","網購社媒手機迷"
"7b319ebd","61-65歲","女","宜蘭縣","網購社媒手機迷"
"bf39aada","46-50歲","女","新北市","樂動廣告品牌控"
"c30570d7","46-50歲","女","高雄市","網購社媒手機迷"
"7458cc83","61-65歲","女","苗栗縣","獨立愛遊理財新手"
"a7780f2c","41-45歲","男","苗栗縣","樂動廣告品牌控"
"f665e713","56-60歲","女","新竹縣","愛搜愛比網購客"
"cf29575f","41-45歲","女","新北市","品味養生理財貴族"
"91667fb6","36-40歲","女","台北市","樂動廣告品牌控"
"44d2d6ac","66以上","女","台北市","傳統保健理財族"
"cb0e6246","51-55歲","女","新竹縣","樂動廣告品牌控"
"e0be7bee","36-40歲","女","台北市","獨立愛遊理財新手"
"72baea12","46-50歲","男","新北市","獨立愛遊理財新手"
"176819ba","31-35歲","女","台北市","物質享樂衝購族"
"1c9c1303","41-45歲","女","苗栗縣","品味養生理財貴族"
"c34672f3","31-35歲","女","新竹縣","樂動廣告品牌控"
"18d86544","31-35歲","女","台中市","物質享樂衝購族"
"0c23182e","46-50歲","女","新竹縣","物質享樂衝購族"
"d1cdd1cc","56-60歲","女","新竹縣","樂動廣告品牌控"
"d5a4b2cf","41-45歲","女","台北市","網購社媒手機迷"
"b907984b","41-45歲","男","新竹縣","樂動廣告品牌控"
"44080f9c","31-35歲","女","新北市","物質享樂衝購族"
"0d741fa4","41-45歲","男","高雄市","運動科技潮人"
"9d2d9f71","66以上","女","台北市","品味養生理財貴族"
"eeb9c4a4","31-35歲","女","台中市","物質享樂衝購族"
"5483301e","41-45歲","男","新竹縣","愛搜愛比網購客"
"c383a44a","46-50歲","女","新北市","網購社媒手機迷"
"6c3ae9c4","61-65歲","女","彰化縣","愛搜愛比網購客"
"ca1a5f9d","46-50歲","男","台南市","樂動廣告品牌控"
"18262cd8","31-35歲","女","台南市","健康愛家定存控"
"ebad899d","36-40歲","女","新北市","健康愛家定存控"
"49bdbda3","41-45歲","女","花蓮縣","樂動廣告品牌控"
"7fca5671","41-45歲","女","新竹縣","愛搜愛比網購客"
"9dd4390a","36-40歲","男","台中市","運動科技潮人"
"0f832bab","31-35歲","女","新竹縣","健康愛家定存控"
"f5436e04","51-55歲","男","南投縣","愛搜愛比網購客"
"9f12e2fd","36-40歲","男","台中市","樂動廣告品牌控"
"b8e33ff0","41-45歲","女","新竹縣","品味養生理財貴族"
"1d53708b","31-35歲","女","新北市","傳統保健理財族"
"8e5c7c4f","41-45歲","女","台北市","獨立愛遊理財新手"
"c04e5500","31-35歲","女","苗栗縣","物質享樂衝購族"
"e0028c84","51-55歲","女","台北市","樂動廣告品牌控"
"579d92d7","31-35歲","男","彰化縣","運動科技潮人"
"5eba1dad","51-55歲","男","宜蘭縣","愛搜愛比網購客"
"4629c330","31-35歲","女","苗栗縣","健康愛家定存控"
"c1e3a4b0","26-30歲","女","新竹市","物質享樂衝購族"
"80330d05","46-50歲","女","新竹縣","獨立愛遊理財新手"
"92ac3ddf","31-35歲","女","桃園市","網購社媒手機迷"
"8989ddc1","36-40歲","男","桃園市","樂動廣告品牌控"
"2fc47705","41-45歲","女","花蓮縣","品味養生理財貴族"
"ea37ae55","41-45歲","女","桃園市","傳統保健理財族"
"23e74755","41-45歲","女","新北市","樂動廣告品牌控"
"7cb4006d","36-40歲","男","新北市","運動科技潮人"
"5dcd97d1","41-45歲","女","雲林縣","愛搜愛比網購客"
"05b9ded8","41-45歲","女","南投縣","傳統保健理財族"
"69040c7b","36-40歲","女","台北市","品味養生理財貴族"
"60cac342","46-50歲","女","台北市","網購社媒手機迷"
"205f60f2","36-40歲","女","新北市","品味養生理財貴族"
"9db441a4","51-55歲","女","彰化縣","愛搜愛比網購客"
"6f9e524a","31-35歲","女","新北市","網購社媒手機迷"
"4afedc3b","31-35歲","男","高雄市","運動科技潮人"
"888994d5","36-40歲","女","新北市","網購社媒手機迷"
"f04a3289","31-35歲","女","雲林縣","獨立愛遊理財新手"
"d7fe4f04","31-35歲","女","新竹縣","健康愛家定存控"
"6a4e04ae","36-40歲","男","新北市","運動科技潮人"
"f95ea87e","56-60歲","女","台中市","健康愛家定存控"
"0e435223","41-45歲","男","嘉義縣","樂動廣告品牌控"
"bd437c61","26-30歲","女","桃園市","健康愛家定存控"
"04bdc7e4","36-40歲","女","新竹縣","獨立愛遊理財新手"
"1d0eaf55","46-50歲","男","台中市","運動科技潮人"
"0abc92f9","51-55歲","女","台北市","健康愛家定存控"
"9d659b45","51-55歲","男","新北市","愛搜愛比網購客"
"9bc2c659","36-40歲","女","台中市","網購社媒手機迷"
"0699da2a","61-65歲","女","高雄市","網購社媒手機迷"
"c1e0d9cc","31-35歲","男","台中市","運動科技潮人"
"888770cd","36-40歲","女","高雄市","健康愛家定存控"
"f37e4508","36-40歲","女","台中市","健康愛家定存控"
"10bc0954","26-30歲","女","台北市","獨立愛遊理財新手"
"daaaad5f","31-35歲","女","花蓮縣","傳統保健理財族"
"008b67a9","36-40歲","女","新北市","獨立愛遊理財新手"
"c41e72c4","31-35歲","女","花蓮縣","物質享樂衝購族"
"1c49f1a2","31-35歲","女","新北市","品味養生理財貴族"
"b209afea","41-45歲","女","台南市","獨立愛遊理財新手"
"f5c61c0c","31-35歲","女","南投縣","物質享樂衝購族"
"6f3b3aa3","31-35歲","女","新北市","物質享樂衝購族"
"696c6181","36-40歲","女","苗栗縣","樂動廣告品牌控"
"ad4c2be2","41-45歲","女","新北市","品味養生理財貴族"
"a680c080","31-35歲","女","彰化縣","健康愛家定存控"
"3f5505d6","41-45歲","女","苗栗縣","愛搜愛比網購客"
"9e759056","31-35歲","女","基隆市","物質享樂衝購族"
"7756e952","31-35歲","女","新北市","健康愛家定存控"
"77280877","21-25歲","女","新竹市","物質享樂衝購族"
"7bf0b38e","41-45歲","女","苗栗縣","網購社媒手機迷"
"17820979","31-35歲","女","台中市","物質享樂衝購族"
"e4270eed","31-35歲","女","彰化縣","健康愛家定存控"
"51b08e22","41-45歲","女","苗栗縣","健康愛家定存控"
"fcc4ae54","36-40歲","女","台北市","運動科技潮人"
"475348a2","41-45歲","女","台中市","運動科技潮人"
"35c3aaeb","26-30歲","女","台南市","樂動廣告品牌控"
"6f47baa6","31-35歲","女","新竹縣","健康愛家定存控"
"578a1dab","46-50歲","女","新竹縣","品味養生理財貴族"
"07909200","31-35歲","男","新竹縣","運動科技潮人"
"4504a5ab","36-40歲","女","台中市","物質享樂衝購族"
"3d9a9f08","56-60歲","女","花蓮縣","品味養生理財貴族"
"9a3990c6","41-45歲","女","苗栗縣","健康愛家定存控"
"05e5536a","56-60歲","女","台中市","品味養生理財貴族"
"52f0b619","46-50歲","女","新竹縣","物質享樂衝購族"
"593ccb89","46-50歲","女","新竹縣","品味養生理財貴族"
"a4014435","51-55歲","女","新竹市","傳統保健理財族"
"55033f00","31-35歲","女","台北市","獨立愛遊理財新手"
"45f01b05","41-45歲","男","新北市","傳統保健理財族"
"c90d3161","31-35歲","女","新竹縣","獨立愛遊理財新手"
"81cde93a","41-45歲","男","台北市","健康愛家定存控"
"6bef5681","46-50歲","女","台北市","運動科技潮人"
"899e9e92","31-35歲","女","新竹縣","物質享樂衝購族"
"b61b1db3","36-40歲","女","新竹縣","物質享樂衝購族"
"d42ad24a","51-55歲","女","新北市","品味養生理財貴族"
"11f341fa","51-55歲","女","新竹市","樂動廣告品牌控"
"031860c6","31-35歲","男","台北市","運動科技潮人"
"b21c3eab","46-50歲","女","新北市","網購社媒手機迷"
"7af5024d","51-55歲","女","新竹市","網購社媒手機迷"
"d01ea8e1","46-50歲","女","高雄市","品味養生理財貴族"
"bb0f52d6","36-40歲","男","新北市","樂動廣告品牌控"
"72021aab","56-60歲","女","苗栗縣","樂動廣告品牌控"
"447ac268","26-30歲","女","桃園市","物質享樂衝購族"
"43b32aef","51-55歲","女","新竹市","品味養生理財貴族"
"748a03da","51-55歲","男","桃園市","運動科技潮人"
"5824954d","26-30歲","女","苗栗縣","健康愛家定存控"
"8f36c855","26-30歲","女","新竹縣","物質享樂衝購族"
"c98930aa","36-40歲","男","台北市","健康愛家定存控"
"7b70d48b","26-30歲","女","桃園市","健康愛家定存控"
"f44326f8","46-50歲","女","台南市","物質享樂衝購族"
"529ad763","46-50歲","男","新北市","愛搜愛比網購客"
"f3c87c23","26-30歲","女","新北市","物質享樂衝購族"
"f85c90f3","26-30歲","女","新北市","獨立愛遊理財新手"
"2ac98702","31-35歲","女","彰化縣","物質享樂衝購族"
"c547a7b5","36-40歲","女","新竹縣","網購社媒手機迷"
"963e926f","31-35歲","女","高雄市","樂動廣告品牌控"
"66dea0c8","41-45歲","男","台北市","愛搜愛比網購客"
"28d629bf","41-45歲","女","台北市","愛搜愛比網購客"
"438ae11b","41-45歲","男","台南市","樂動廣告品牌控"
"eb556bef","36-40歲","女","新北市","運動科技潮人"
"ce1eb31d","31-35歲","女","宜蘭縣","網購社媒手機迷"
"a5cdd767","31-35歲","男","苗栗縣","運動科技潮人"
"3de5221d","26-30歲","女","台南市","健康愛家定存控"
"ed870224","51-55歲","女","台中市","愛搜愛比網購客"
"4a5f7e5a","36-40歲","女","彰化縣","樂動廣告品牌控"
"d8bd24a2","36-40歲","女","桃園市","健康愛家定存控"
"3b6a3ba2","41-45歲","女","新竹縣","健康愛家定存控"
"6e26902a","41-45歲","女","新北市","品味養生理財貴族"
"b0c549d0","26-30歲","女","台北市","物質享樂衝購族"
"abee9312","41-45歲","男","彰化縣","運動科技潮人"
"9f3610af","36-40歲","女","台北市","運動科技潮人"
"07920a2b","51-55歲","男","花蓮縣","愛搜愛比網購客"
"dcabf72b","31-35歲","女","新竹縣","健康愛家定存控"
"e4a2b0ef","46-50歲","女","台北市","傳統保健理財族"
"12b2f8f4","41-45歲","男","苗栗縣","運動科技潮人"
"c9a0ea7c","46-50歲","女","宜蘭縣","獨立愛遊理財新手"
"bfe37ef1","46-50歲","女","新竹縣","樂動廣告品牌控"
"e98da1af","46-50歲","女","新竹市","健康愛家定存控"
"e518e9f1","51-55歲","女","新北市","健康愛家定存控"
"32f50121","41-45歲","女","台中市","網購社媒手機迷"
"139dcd7e","41-45歲","男","基隆市","運動科技潮人"
"0ddea55b","36-40歲","女","新竹縣","物質享樂衝購族"
"ae397096","31-35歲","女","新北市","物質享樂衝購族"
"197760e9","46-50歲","女","台北市","健康愛家定存控"
"137e4126","26-30歲","女","南投縣","健康愛家定存控"
"ccc91409","46-50歲","男","新北市","運動科技潮人"
"534c98c8","31-35歲","女","新北市","運動科技潮人"
"06300838","41-45歲","女","台北市","品味養生理財貴族"
"537fc6b6","46-50歲","女","苗栗縣","健康愛家定存控"
"6fc19a2a","46-50歲","女","新竹縣","品味養生理財貴族"
"baf658ea","21-25歲","女","新竹縣","健康愛家定存控"
"e0d31b66","51-55歲","男","新竹市","運動科技潮人"
"e69bbec8","36-40歲","女","桃園市","健康愛家定存控"
"0940d3ff","31-35歲","女","苗栗縣","獨立愛遊理財新手"
"bb957b0f","41-45歲","女","新北市","傳統保健理財族"
"aa777d32","51-55歲","男","高雄市","樂動廣告品牌控"
"87b7a984","36-40歲","男","新北市","運動科技潮人"
"9c1f324a","46-50歲","女","桃園市","愛搜愛比網購客"
"37e527cc","31-35歲","女","台中市","健康愛家定存控"
"41195422","36-40歲","女","新北市","網購社媒手機迷"
"f3c194fa","36-40歲","男","新北市","運動科技潮人"
"dbae2d13","36-40歲","女","宜蘭縣","網購社媒手機迷"
"0057f15f","41-45歲","女","苗栗縣","網購社媒手機迷"
"6be095f2","26-30歲","女","新竹市","物質享樂衝購族"
"86a68c8a","36-40歲","男","彰化縣","樂動廣告品牌控"
"56b85265","41-45歲","男","台中市","樂動廣告品牌控"
"f8051d66","46-50歲","男","高雄市","健康愛家定存控"
"21994520","51-55歲","女","桃園市","傳統保健理財族"
"90126c2f","56-60歲","女","桃園市","樂動廣告品牌控"
"feebf546","51-55歲","男","新竹縣","健康愛家定存控"
"61c54931","26-30歲","女","苗栗縣","網購社媒手機迷"
"260236d8","41-45歲","女","花蓮縣","品味養生理財貴族"
"8b02c007","21-25歲","女","澎湖縣","物質享樂衝購族"
"e82a219c","41-45歲","男","苗栗縣","樂動廣告品牌控"
"1fea2bc5","51-55歲","女","台北市","品味養生理財貴族"
"9059efb3","31-35歲","男","台中市","運動科技潮人"
"13e43959","26-30歲","女","新竹縣","物質享樂衝購族"
"79c2003a","41-45歲","女","台南市","網購社媒手機迷"
"02b08c3c","26-30歲","女","桃園市","網購社媒手機迷"
"67f5398f","36-40歲","女","新竹縣","網購社媒手機迷"
"0201050e","36-40歲","女","新竹縣","獨立愛遊理財新手"
"d93e2aad","56-60歲","男","彰化縣","愛搜愛比網購客"
"7a6b10ca","26-30歲","女","新竹市","健康愛家定存控"
"609ad3b2","36-40歲","女","台北市","健康愛家定存控"
"5f6f3381","36-40歲","女","新竹市","品味養生理財貴族"
"3383ac82","41-45歲","男","苗栗縣","樂動廣告品牌控"
"e4201e51","31-35歲","女","台北市","健康愛家定存控"
"a39847fd","51-55歲","女","新北市","傳統保健理財族"
"0ad02b30","46-50歲","女","苗栗縣","傳統保健理財族"
"1f109220","51-55歲","男","台中市","愛搜愛比網購客"
"0a791c75","31-35歲","女","新竹縣","網購社媒手機迷"
"6fc1d5ee","56-60歲","男","新北市","健康愛家定存控"
"f1616311","31-35歲","女","彰化縣","物質享樂衝購族"
"7b1385c1","26-30歲","女","台北市","物質享樂衝購族"
"7c8752fd","46-50歲","女","花蓮縣","獨立愛遊理財新手"
"a630ae20","31-35歲","女","台北市","獨立愛遊理財新手"
"6e9c9212","26-30歲","男","新北市","運動科技潮人"
"498f88ea","36-40歲","男","台中市","運動科技潮人"
"2a198bee","46-50歲","女","桃園市","健康愛家定存控"
"c7ce4507","36-40歲","女","高雄市","健康愛家定存控"
"95352f75","46-50歲","女","新竹市","品味養生理財貴族"
"49378c5c","46-50歲","男","台南市","樂動廣告品牌控"
"6617ea82","46-50歲","女","台北市","物質享樂衝購族"
"0879d9c4","36-40歲","女","新竹市","物質享樂衝購族"
"3c37621d","36-40歲","女","屏東縣","網購社媒手機迷"
"3e0959b1","56-60歲","女","台北市","網購社媒手機迷"
"db65b3fd","51-55歲","男","新竹縣","樂動廣告品牌控"
"117c89ff","51-55歲","男","新竹縣","樂動廣告品牌控"
"b7831122","46-50歲","男","台中市","運動科技潮人"
"13b0e517","31-35歲","女","新北市","物質享樂衝購族"
"26d32085","36-40歲","女","花蓮縣","樂動廣告品牌控"
"690027d9","46-50歲","男","台北市","運動科技潮人"
"2eb88135","41-45歲","男","台中市","愛搜愛比網購客"
"713c6d6b","36-40歲","女","彰化縣","健康愛家定存控"
"cd5519b7","41-45歲","男","新北市","運動科技潮人"
"ca872bf7","36-40歲","女","台中市","物質享樂衝購族"
"24ce4e73","31-35歲","女","新竹縣","物質享樂衝購族"
"30044e21","26-30歲","女","台中市","健康愛家定存控"
"3640d7ba","36-40歲","女","台北市","品味養生理財貴族"
"7542f2e9","21-25歲","女","屏東縣","健康愛家定存控"
"94ca4f8e","46-50歲","女","新竹縣","傳統保健理財族"
"255ab907","46-50歲","男","台中市","樂動廣告品牌控"
"09c5221c","46-50歲","女","新北市","物質享樂衝購族"
"7c3e6ff5","26-30歲","女","台北市","健康愛家定存控"
"b598148a","26-30歲","女","新北市","健康愛家定存控"
"ecf2ebd8","46-50歲","男","雲林縣","樂動廣告品牌控"
"0eb6d6a4","31-35歲","女","新北市","健康愛家定存控"
"8d3e8590","46-50歲","女","新竹縣","物質享樂衝購族"
"b2bb891f","51-55歲","女","新竹縣","品味養生理財貴族"
"181e08a6","51-55歲","女","新竹縣","品味養生理財貴族"
"a582bd24","36-40歲","女","雲林縣","網購社媒手機迷"
"829c75c8","41-45歲","男","台中市","運動科技潮人"
"89b81052","46-50歲","女","新竹縣","樂動廣告品牌控"
"bc781aa1","31-35歲","女","彰化縣","物質享樂衝購族"
"1e415eb3","41-45歲","女","新北市","品味養生理財貴族"
"83d7a62b","31-35歲","女","新北市","獨立愛遊理財新手"
"92c5cdfb","26-30歲","女","台中市","健康愛家定存控"
"1022e25e","26-30歲","女","台北市","獨立愛遊理財新手"
"3ab5e41e","46-50歲","女","新北市","品味養生理財貴族"
"f9c41537","51-55歲","女","台中市","健康愛家定存控"
"cdfa0265","51-55歲","女","南投縣","獨立愛遊理財新手"
"1fa70188","31-35歲","男","新北市","樂動廣告品牌控"
"1a845ec8","26-30歲","女","花蓮縣","物質享樂衝購族"
"4e0c27b3","36-40歲","女","新竹縣","物質享樂衝購族"
"ed7a51a8","66以上","女","高雄市","傳統保健理財族"
"3333dfc8","46-50歲","男","台中市","樂動廣告品牌控"
"c3068969","26-30歲","女","苗栗縣","物質享樂衝購族"
"b4745079","41-45歲","女","新北市","愛搜愛比網購客"
"0192ba4c","26-30歲","男","苗栗縣","樂動廣告品牌控"
"c84eef8c","31-35歲","女","花蓮縣","健康愛家定存控"
"b62ff8c7","31-35歲","女","新北市","健康愛家定存控"
"835c3584","41-45歲","女","彰化縣","物質享樂衝購族"
"ca4e97cf","26-30歲","女","新竹縣","健康愛家定存控"
"3d37f179","41-45歲","男","彰化縣","物質享樂衝購族"
"03a24ecb","31-35歲","男","新竹市","運動科技潮人"
"3ff89479","46-50歲","女","台北市","網購社媒手機迷"
"f8eba947","46-50歲","女","桃園市","傳統保健理財族"
"68a7e525","46-50歲","女","新北市","品味養生理財貴族"
"0a970085","36-40歲","女","高雄市","物質享樂衝購族"
"6432366b","26-30歲","女","新北市","物質享樂衝購族"
"4435fef5","31-35歲","女","苗栗縣","健康愛家定存控"
"6bfd69e4","31-35歲","女","花蓮縣","物質享樂衝購族"
"0e7d83ba","41-45歲","女","台北市","獨立愛遊理財新手"
"67533cdf","56-60歲","男","台北市","愛搜愛比網購客"
"15505c94","41-45歲","男","宜蘭縣","運動科技潮人"
"8b1cc6d6","36-40歲","女","苗栗縣","樂動廣告品牌控"
"f78aa08b","36-40歲","女","台南市","物質享樂衝購族"
"24d1f736","26-30歲","男","新北市","運動科技潮人"
"dd4bdcfe","31-35歲","女","新竹縣","樂動廣告品牌控"
"4810eac4","46-50歲","女","台中市","愛搜愛比網購客"
"99a773b8","41-45歲","男","苗栗縣","運動科技潮人"
"144f89c7","46-50歲","女","新竹縣","運動科技潮人"
"b7183a64","41-45歲","女","新竹縣","品味養生理財貴族"
"96f26a3d","46-50歲","女","嘉義縣","樂動廣告品牌控"
"bc5e3902","36-40歲","男","台中市","運動科技潮人"
"db24e0bc","36-40歲","女","桃園市","網購社媒手機迷"
"4f5ba5ca","36-40歲","女","雲林縣","傳統保健理財族"
"c84106f7","46-50歲","男","新竹縣","運動科技潮人"
"7e2b6282","36-40歲","女","台南市","樂動廣告品牌控"
"acac89f2","26-30歲","女","新竹縣","健康愛家定存控"
"79db4044","51-55歲","女","台北市","獨立愛遊理財新手"
"709eca70","26-30歲","男","桃園市","物質享樂衝購族"
"86b3be32","46-50歲","男","台北市","樂動廣告品牌控"
"b3aeea79","41-45歲","男","台南市","樂動廣告品牌控"
"1ae1c9bf","31-35歲","女","桃園市","健康愛家定存控"
"9c2549e8","51-55歲","女","苗栗縣","網購社媒手機迷"
"1731d046","46-50歲","女","苗栗縣","物質享樂衝購族"
"3a2394c7","51-55歲","女","台北市","獨立愛遊理財新手"
"3cda26ce","41-45歲","女","新竹縣","獨立愛遊理財新手"
"bc79fa82","46-50歲","女","屏東縣","品味養生理財貴族"
"aeed99fd","26-30歲","女","苗栗縣","健康愛家定存控"
"40742bd8","26-30歲","女","花蓮縣","獨立愛遊理財新手"
"3b490c27","31-35歲","女","台東縣","獨立愛遊理財新手"
"45b281da","51-55歲","男","台中市","愛搜愛比網購客"
"274e9c91","41-45歲","女","彰化縣","樂動廣告品牌控"
"50480a7c","26-30歲","女","台中市","健康愛家定存控"
"74a7a39b","36-40歲","男","新竹市","運動科技潮人"
"7ac955bd","31-35歲","男","新北市","運動科技潮人"
"c7016b07","31-35歲","女","基隆市","物質享樂衝購族"
"6d2bbd49","31-35歲","女","花蓮縣","網購社媒手機迷"
"4c9e74b5","41-45歲","女","雲林縣","獨立愛遊理財新手"
"0e693583","36-40歲","女","高雄市","網購社媒手機迷"
"8aed2af4","41-45歲","男","新北市","愛搜愛比網購客"
"768dfd7f","36-40歲","女","花蓮縣","樂動廣告品牌控"
"7dcd73e3","51-55歲","女","新竹縣","樂動廣告品牌控"
"bfb0e92f","41-45歲","男","台北市","運動科技潮人"
"b8228fa3","36-40歲","男","台北市","運動科技潮人"
"8b6fcba0","51-55歲","女","苗栗縣","網購社媒手機迷"
"2f3afb88","26-30歲","女","高雄市","獨立愛遊理財新手"
"bb59fb36","41-45歲","女","苗栗縣","網購社媒手機迷"
"989a69fe","36-40歲","男","高雄市","健康愛家定存控"
"4d877175","26-30歲","女","台中市","獨立愛遊理財新手"
"7128f647","31-35歲","女","台北市","物質享樂衝購族"
"2f24da2a","41-45歲","女","台南市","網購社媒手機迷"
"82822f17","31-35歲","女","苗栗縣","網購社媒手機迷"
"430f7a45","41-45歲","女","花蓮縣","愛搜愛比網購客"
"56f95358","46-50歲","女","苗栗縣","樂動廣告品牌控"
"4f883235","41-45歲","女","新北市","品味養生理財貴族"
"d4fcd8aa","41-45歲","女","新北市","運動科技潮人"
"5ac790b5","31-35歲","男","新竹縣","運動科技潮人"
"4457a457","51-55歲","女","台中市","品味養生理財貴族"
"ab595f23","56-60歲","男","台南市","愛搜愛比網購客"
"d2ef1917","31-35歲","女","新竹縣","獨立愛遊理財新手"
"3fad9bdc","66以上","女","新北市","網購社媒手機迷"
"3316ea6a","51-55歲","女","新北市","愛搜愛比網購客"
"3ad2d877","41-45歲","女","台南市","物質享樂衝購族"
"aa0d61da","31-35歲","男","雲林縣","樂動廣告品牌控"
"47da84f1","31-35歲","女","台中市","網購社媒手機迷"
"75166d4d","61-65歲","女","花蓮縣","健康愛家定存控"
"a09fa309","41-45歲","女","新竹縣","運動科技潮人"
"469397a8","56-60歲","女","新竹縣","獨立愛遊理財新手"
"39fce306","36-40歲","男","新竹縣","運動科技潮人"
"ca34c816","36-40歲","男","新北市","樂動廣告品牌控"
"5645ff91","36-40歲","女","新竹縣","品味養生理財貴族"
"f905d4ba","21-25歲","女","台北市","物質享樂衝購族"
"12172011","41-45歲","女","新北市","健康愛家定存控"
"1d5c9701","31-35歲","女","高雄市","品味養生理財貴族"
"cb594f15","46-50歲","女","苗栗縣","運動科技潮人"
"66d66ccd","46-50歲","女","彰化縣","獨立愛遊理財新手"
"a436e508","46-50歲","女","新竹縣","品味養生理財貴族"
"a3432865","61-65歲","女","彰化縣","網購社媒手機迷"
"d092d956","61-65歲","男","苗栗縣","愛搜愛比網購客"
"5f2cc956","26-30歲","女","南投縣","網購社媒手機迷"
"01a6e78f","26-30歲","女","桃園市","獨立愛遊理財新手"
"29ddc184","41-45歲","女","新竹縣","網購社媒手機迷"
"9bf49db3","36-40歲","女","台北市","運動科技潮人"
"8c8a0bed","36-40歲","女","新竹縣","獨立愛遊理財新手"
"797c335c","21-25歲","女","新竹市","網購社媒手機迷"
"8153c13e","36-40歲","女","新竹縣","品味養生理財貴族"
"9413d204","36-40歲","女","新竹市","品味養生理財貴族"
"cb11cd2e","26-30歲","女","新北市","健康愛家定存控"
"fb16d0b1","41-45歲","女","雲林縣","網購社媒手機迷"
"2b8fd58d","46-50歲","女","花蓮縣","健康愛家定存控"
"f4a758d3","46-50歲","男","彰化縣","樂動廣告品牌控"
"95f767f0","26-30歲","女","台北市","健康愛家定存控"
"0f9e7703","41-45歲","女","台南市","物質享樂衝購族"
"6a3ddbf7","41-45歲","女","台北市","運動科技潮人"
"96f1f371","31-35歲","男","苗栗縣","運動科技潮人"
"51334930","31-35歲","男","基隆市","運動科技潮人"
"29e9edd4","41-45歲","女","台北市","運動科技潮人"
"96fdafde","31-35歲","女","苗栗縣","傳統保健理財族"
"73f6f8b0","36-40歲","男","台南市","愛搜愛比網購客"
"74bb17a9","56-60歲","男","桃園市","樂動廣告品牌控"
"030ecfbd","31-35歲","女","新竹縣","物質享樂衝購族"
"3ea5c7d8","46-50歲","女","苗栗縣","傳統保健理財族"
"5ee81a81","41-45歲","女","台北市","健康愛家定存控"
"8ad1cd32","31-35歲","女","新竹縣","獨立愛遊理財新手"
"c2e3418f","31-35歲","女","新竹縣","運動科技潮人"
"aa9e7da4","36-40歲","女","苗栗縣","健康愛家定存控"
"790b3d39","31-35歲","女","花蓮縣","樂動廣告品牌控"
"435c9e0c","41-45歲","女","新竹縣","健康愛家定存控"
"c41e6d68","46-50歲","女","台北市","品味養生理財貴族"
"97e49b38","26-30歲","女","新竹縣","健康愛家定存控"
"22e47a25","61-65歲","女","新竹縣","網購社媒手機迷"
"d3590591","31-35歲","男","台北市","運動科技潮人"
"c8a583a2","41-45歲","男","苗栗縣","愛搜愛比網購客"
"19fdd70d","26-30歲","女","苗栗縣","獨立愛遊理財新手"
"5e7814c1","56-60歲","女","新北市","傳統保健理財族"
"b9ef8d7d","46-50歲","女","彰化縣","物質享樂衝購族"
"af14ea71","31-35歲","男","高雄市","樂動廣告品牌控"
"1abf8c5d","46-50歲","男","台中市","運動科技潮人"
"24ec3d25","31-35歲","女","苗栗縣","獨立愛遊理財新手"
"59784e95","36-40歲","女","新北市","樂動廣告品牌控"
"2cac97d2","41-45歲","女","新竹縣","樂動廣告品牌控"
"aad084d6","46-50歲","女","台中市","品味養生理財貴族"
"7997504f","41-45歲","女","苗栗縣","網購社媒手機迷"
"2e57e5e2","36-40歲","女","新竹縣","物質享樂衝購族"
"4c4ed998","36-40歲","男","宜蘭縣","網購社媒手機迷"
"ac4687d3","31-35歲","男","新北市","健康愛家定存控"
"24073404","41-45歲","男","台中市","樂動廣告品牌控"
"0f538ba8","56-60歲","女","台北市","品味養生理財貴族"
"09c26422","46-50歲","女","苗栗縣","網購社媒手機迷"
"554c6324","51-55歲","女","彰化縣","品味養生理財貴族"
"67e132ef","61-65歲","女","新北市","品味養生理財貴族"
"3f11086a","36-40歲","女","新北市","樂動廣告品牌控"
"da976984","36-40歲","女","新竹縣","獨立愛遊理財新手"
"ad025adb","46-50歲","男","台北市","運動科技潮人"
"aa32c5b7","26-30歲","女","嘉義市","健康愛家定存控"
"5210ed11","36-40歲","女","台北市","健康愛家定存控"
"8cc70bcf","46-50歲","男","新竹縣","運動科技潮人"
"744862e5","31-35歲","女","桃園市","網購社媒手機迷"
"92ad2194","41-45歲","女","新竹縣","健康愛家定存控"
"2897cd11","26-30歲","女","新竹市","獨立愛遊理財新手"
"08393b15","31-35歲","女","台北市","健康愛家定存控"
"c8dd92f6","46-50歲","女","台北市","傳統保健理財族"
"d4212475","41-45歲","女","新北市","網購社媒手機迷"
"fbe6036c","31-35歲","女","新北市","樂動廣告品牌控"
"eb995189","31-35歲","女","台北市","獨立愛遊理財新手"
"228f38da","46-50歲","女","新竹縣","傳統保健理財族"
"b6a274ea","51-55歲","女","台北市","品味養生理財貴族"
"4a1ef933","46-50歲","女","台北市","品味養生理財貴族"
"08061dba","31-35歲","男","新竹市","運動科技潮人"
"9bd2e1e9","51-55歲","女","高雄市","網購社媒手機迷"
"1c82cdc7","31-35歲","男","台中市","樂動廣告品牌控"
"a6645d66","46-50歲","男","台北市","運動科技潮人"
"f6f85824","41-45歲","女","苗栗縣","樂動廣告品牌控"
"892891f9","26-30歲","女","新竹縣","獨立愛遊理財新手"
"47feb89f","46-50歲","女","高雄市","傳統保健理財族"
"3c774fdf","51-55歲","女","桃園市","品味養生理財貴族"
"4295bb85","36-40歲","女","彰化縣","健康愛家定存控"
"11bfac82","31-35歲","女","台中市","健康愛家定存控"
"98c82164","36-40歲","女","台北市","運動科技潮人"
"41654184","51-55歲","男","台北市","運動科技潮人"
"8e1f048b","26-30歲","女","台中市","健康愛家定存控"
"79c6580b","56-60歲","女","桃園市","品味養生理財貴族"
"a0bbb6f0","46-50歲","女","彰化縣","網購社媒手機迷"
"d3d64e23","41-45歲","女","彰化縣","網購社媒手機迷"
"1c50d1a6","36-40歲","女","新竹縣","獨立愛遊理財新手"
"74f3cf14","46-50歲","女","花蓮縣","品味養生理財貴族"
"525db8df","26-30歲","男","台南市","健康愛家定存控"
"18760e25","26-30歲","女","高雄市","物質享樂衝購族"
"9e41730f","46-50歲","女","苗栗縣","健康愛家定存控"
"52ea8f1a","51-55歲","女","花蓮縣","網購社媒手機迷"
"d4538c77","46-50歲","女","新北市","傳統保健理財族"
"4fa58c04","51-55歲","女","苗栗縣","樂動廣告品牌控"
"b559e643","41-45歲","女","新竹縣","網購社媒手機迷"
"f6962c76","36-40歲","女","新竹市","健康愛家定存控"
"8454d4a1","51-55歲","男","新北市","運動科技潮人"
"247e079d","26-30歲","女","台中市","運動科技潮人"
"3a137338","51-55歲","女","桃園市","品味養生理財貴族"
"a519af23","36-40歲","女","新北市","樂動廣告品牌控"
"4736d8c4","51-55歲","女","新竹縣","獨立愛遊理財新手"
"7942f90c","46-50歲","女","新竹市","健康愛家定存控"
"f2497e44","26-30歲","女","高雄市","物質享樂衝購族"
"91777c6b","41-45歲","女","新竹市","運動科技潮人"
"1418e8bd","31-35歲","男","花蓮縣","樂動廣告品牌控"
"9f2b77e3","31-35歲","女","花蓮縣","網購社媒手機迷"
"22727348","31-35歲","女","苗栗縣","物質享樂衝購族"
"b8756025","56-60歲","女","嘉義市","樂動廣告品牌控"
"45d93202","46-50歲","男","新北市","樂動廣告品牌控"
"40c0d0af","36-40歲","女","宜蘭縣","獨立愛遊理財新手"
"01d2b741","51-55歲","女","台中市","品味養生理財貴族"
"6297a436","41-45歲","女","桃園市","物質享樂衝購族"
"db3afce0","31-35歲","女","台北市","樂動廣告品牌控"
"27c6f135","31-35歲","女","新竹縣","健康愛家定存控"
"25f28623","41-45歲","女","台北市","健康愛家定存控"
"3e6f81f7","51-55歲","女","苗栗縣","品味養生理財貴族"
"47b74101","26-30歲","女","桃園市","物質享樂衝購族"
"811d171a","31-35歲","女","台中市","樂動廣告品牌控"
"9f11617c","41-45歲","女","新北市","網購社媒手機迷"
"a38485c1","46-50歲","女","苗栗縣","樂動廣告品牌控"
"fc0d0634","41-45歲","男","彰化縣","運動科技潮人"
"493cdc12","26-30歲","女","新竹縣","網購社媒手機迷"
"9618c239","26-30歲","女","新北市","健康愛家定存控"
"2fa3e39f","31-35歲","女","新北市","運動科技潮人"
"aec5b662","31-35歲","女","高雄市","物質享樂衝購族"
"6853fe79","36-40歲","女","苗栗縣","物質享樂衝購族"
"9afe24a9","41-45歲","女","台北市","運動科技潮人"
"daffe7b4","26-30歲","女","新竹縣","物質享樂衝購族"
"abb0c259","31-35歲","女","彰化縣","網購社媒手機迷"
"e2966721","41-45歲","女","台南市","品味養生理財貴族"
"69213c3e","26-30歲","女","台中市","物質享樂衝購族"
"c8179820","61-65歲","女","台北市","品味養生理財貴族"
"199315e4","31-35歲","女","新竹縣","樂動廣告品牌控"
"28082c7f","41-45歲","女","台北市","傳統保健理財族"
"01206157","41-45歲","女","彰化縣","網購社媒手機迷"
"fa2d8568","41-45歲","男","新竹縣","運動科技潮人"
"e5fbe423","46-50歲","女","新北市","品味養生理財貴族"
"8a70e4e7","41-45歲","女","桃園市","品味養生理財貴族"
"3636f40a","46-50歲","女","新竹市","品味養生理財貴族"
"b45f7fb6","31-35歲","女","台北市","健康愛家定存控"
"cdd94a49","46-50歲","女","屏東縣","健康愛家定存控"
"e839e30a","31-35歲","男","台北市","健康愛家定存控"
"0dad57cb","26-30歲","女","彰化縣","健康愛家定存控"
"8225fb48","26-30歲","女","新竹縣","樂動廣告品牌控"
"d42ebc16","51-55歲","女","苗栗縣","品味養生理財貴族"
"9c62a30a","26-30歲","女","苗栗縣","物質享樂衝購族"
"b9bc673b","31-35歲","男","台中市","樂動廣告品牌控"
"95eabefc","31-35歲","女","台南市","物質享樂衝購族"
"39bf0d9d","36-40歲","女","台南市","物質享樂衝購族"
"4ac204f6","26-30歲","女","桃園市","物質享樂衝購族"
"003e9871","26-30歲","女","台中市","物質享樂衝購族"
"d7dd3f19","31-35歲","女","新北市","網購社媒手機迷"
"d924897c","31-35歲","女","台北市","獨立愛遊理財新手"
"966407c7","46-50歲","女","台南市","網購社媒手機迷"
"2c4a2315","26-30歲","男","宜蘭縣","樂動廣告品牌控"
"ef68cd26","31-35歲","女","新北市","健康愛家定存控"
"baf9dfee","26-30歲","男","新竹縣","樂動廣告品牌控"
"192712e4","36-40歲","男","台北市","運動科技潮人"
"c5417c54","31-35歲","女","新北市","獨立愛遊理財新手"
"4e5b0f64","56-60歲","男","新北市","運動科技潮人"
"9483382a","46-50歲","女","新北市","運動科技潮人"
"1c510245","31-35歲","男","新竹縣","運動科技潮人"
"6cb38cfa","51-55歲","女","台北市","運動科技潮人"
"eae8e144","36-40歲","女","高雄市","網購社媒手機迷"
"d549fa0e","46-50歲","女","高雄市","愛搜愛比網購客"
"d5778ec3","41-45歲","女","花蓮縣","品味養生理財貴族"
"610db511","46-50歲","女","台北市","傳統保健理財族"
"8af0342a","41-45歲","女","花蓮縣","品味養生理財貴族"
"a590d603","41-45歲","女","台中市","物質享樂衝購族"
"631e40be","41-45歲","男","彰化縣","樂動廣告品牌控"
"a7ef09a7","36-40歲","女","新北市","品味養生理財貴族"
"24cc28c7","51-55歲","男","新竹縣","運動科技潮人"
"8d562f89","31-35歲","男","桃園市","樂動廣告品牌控"
"9846ab0c","46-50歲","女","新竹市","健康愛家定存控"
"c297a526","41-45歲","女","新竹縣","運動科技潮人"
"895d82c1","46-50歲","男","台中市","運動科技潮人"
"d36f5b26","31-35歲","女","新北市","網購社媒手機迷"
"9fd296a1","31-35歲","女","彰化縣","健康愛家定存控"
"88ec78e9","31-35歲","女","新北市","物質享樂衝購族"
"23ddda78","21-25歲","女","新竹縣","獨立愛遊理財新手"
"b1b5f597","41-45歲","女","桃園市","物質享樂衝購族"
"b915adec","36-40歲","女","桃園市","獨立愛遊理財新手"
"050016f7","41-45歲","女","新北市","傳統保健理財族"
"4b74dfab","36-40歲","女","台南市","健康愛家定存控"
"c6e010ae","31-35歲","女","新竹市","健康愛家定存控"
"9b0b60c1","51-55歲","女","新竹市","樂動廣告品牌控"
"d43213a9","61-65歲","女","新北市","樂動廣告品牌控"
"adba7803","46-50歲","女","新竹縣","愛搜愛比網購客"
"8244ce9a","46-50歲","女","新竹縣","樂動廣告品牌控"
"4f54a29c","41-45歲","女","台中市","樂動廣告品牌控"
"a20436c3","51-55歲","男","桃園市","運動科技潮人"
"47a1fb97","41-45歲","男","高雄市","運動科技潮人"
"cacd8433","46-50歲","女","台北市","網購社媒手機迷"
"733e7808","36-40歲","女","高雄市","網購社媒手機迷"
"39e25b12","41-45歲","男","嘉義縣","運動科技潮人"
"89bf291d","26-30歲","女","新竹縣","物質享樂衝購族"
"8974b492","36-40歲","女","桃園市","傳統保健理財族"
"2343792d","46-50歲","女","彰化縣","獨立愛遊理財新手"
"15efa82a","26-30歲","女","高雄市","獨立愛遊理財新手"
"79f897a8","31-35歲","女","新竹縣","物質享樂衝購族"
"77b4182c","36-40歲","男","新竹市","運動科技潮人"
"b41c65de","41-45歲","男","新竹縣","獨立愛遊理財新手"
"55d06255","41-45歲","男","台南市","運動科技潮人"
"85abb78f","51-55歲","男","台南市","運動科技潮人"
"0ec6cbff","31-35歲","男","高雄市","樂動廣告品牌控"
"718b1715","56-60歲","女","台中市","健康愛家定存控"
"a032062c","41-45歲","男","苗栗縣","愛搜愛比網購客"
"9604e5bf","31-35歲","女","新北市","健康愛家定存控"
"35bea02a","41-45歲","女","台北市","品味養生理財貴族"
"1a12936b","36-40歲","女","台中市","健康愛家定存控"
"70539b5e","31-35歲","女","桃園市","物質享樂衝購族"
"d084cb33","31-35歲","男","新竹市","運動科技潮人"
"b44cd3ea","31-35歲","女","台北市","運動科技潮人"
"2a097261","36-40歲","女","新北市","健康愛家定存控"
"f5c2d87f","36-40歲","女","新北市","健康愛家定存控"
"01058836","36-40歲","女","台北市","品味養生理財貴族"
"e314f265","41-45歲","女","台南市","品味養生理財貴族"
"e98a7b29","41-45歲","女","台南市","健康愛家定存控"
"eeb26bf3","31-35歲","男","新竹縣","運動科技潮人"
"ee05b54b","31-35歲","女","新北市","健康愛家定存控"
"37fc7557","41-45歲","女","台中市","網購社媒手機迷"
"c0cebb23","41-45歲","女","高雄市","健康愛家定存控"
"765c570f","36-40歲","女","台北市","樂動廣告品牌控"
"010e4c80","46-50歲","男","台北市","運動科技潮人"
"a7ffb955","61-65歲","女","新北市","品味養生理財貴族"
"18247877","46-50歲","女","新竹縣","樂動廣告品牌控"
"2bce3528","46-50歲","男","新竹縣","物質享樂衝購族"
"3402978a","20以下","女","新竹縣","獨立愛遊理財新手"
"199f1a22","31-35歲","女","台中市","網購社媒手機迷"
"cad0ed6e","36-40歲","男","苗栗縣","樂動廣告品牌控"
"b2cd3b83","46-50歲","女","新竹縣","物質享樂衝購族"
"5646af36","26-30歲","女","苗栗縣","樂動廣告品牌控"
"77512422","21-25歲","女","高雄市","健康愛家定存控"
"ab90f88a","46-50歲","男","台南市","愛搜愛比網購客"
"0f7880d1","51-55歲","女","台東縣","物質享樂衝購族"
"6589568f","31-35歲","女","新北市","獨立愛遊理財新手"
"ea34a830","46-50歲","女","苗栗縣","網購社媒手機迷"
"d5d2c61a","36-40歲","女","台中市","物質享樂衝購族"
"4829a94e","41-45歲","女","新北市","品味養生理財貴族"
"c6ea1df1","46-50歲","女","彰化縣","樂動廣告品牌控"
"02ac8826","26-30歲","女","台中市","健康愛家定存控"
"36d0fda3","31-35歲","女","新北市","獨立愛遊理財新手"
"4bc113b5","46-50歲","男","新北市","健康愛家定存控"
"d80d07c0","36-40歲","女","彰化縣","物質享樂衝購族"
"136b8f5f","51-55歲","女","新竹縣","獨立愛遊理財新手"
"c7b6b769","36-40歲","女","新北市","網購社媒手機迷"
"45149ece","41-45歲","男","台中市","樂動廣告品牌控"
"1b622c0f","61-65歲","女","新北市","獨立愛遊理財新手"
"cf1c02e7","26-30歲","女","花蓮縣","獨立愛遊理財新手"
"f16f8f72","41-45歲","男","彰化縣","運動科技潮人"
"cfbcec08","36-40歲","女","新竹市","物質享樂衝購族"
"17379499","46-50歲","女","台北市","獨立愛遊理財新手"
"2fad8d95","26-30歲","女","台北市","物質享樂衝購族"
"1fffe35f","51-55歲","女","台南市","網購社媒手機迷"
"5f237760","41-45歲","男","新竹縣","樂動廣告品牌控"
"56402898","31-35歲","女","苗栗縣","健康愛家定存控"
"a763f975","31-35歲","女","桃園市","獨立愛遊理財新手"
"e86576cb","41-45歲","女","台中市","物質享樂衝購族"
"a9731db4","21-25歲","女","新北市","健康愛家定存控"
"76b4a41c","46-50歲","女","苗栗縣","物質享樂衝購族"
"b3383beb","41-45歲","女","台北市","傳統保健理財族"
"9d9f63f4","36-40歲","女","苗栗縣","物質享樂衝購族"
"dd44e74b","31-35歲","女","苗栗縣","物質享樂衝購族"
"0e9e33ba","31-35歲","女","台南市","物質享樂衝購族"
"dfe63bbc","41-45歲","女","雲林縣","物質享樂衝購族"
"51d08735","26-30歲","男","苗栗縣","樂動廣告品牌控"
"3ec01434","36-40歲","女","台北市","運動科技潮人"
"83a05d70","46-50歲","女","新竹縣","物質享樂衝購族"
"68c1b182","41-45歲","女","台中市","物質享樂衝購族"
"ae1f2813","36-40歲","男","宜蘭縣","樂動廣告品牌控"
"4bffb248","31-35歲","女","台中市","健康愛家定存控"
"1368bd67","46-50歲","女","台北市","運動科技潮人"
"db5cc919","51-55歲","女","台北市","傳統保健理財族"
"3efd4c64","36-40歲","男","台北市","健康愛家定存控"
"e0a61d8f","41-45歲","女","新北市","物質享樂衝購族"
"afe34f7f","31-35歲","女","彰化縣","物質享樂衝購族"
"476fd117","31-35歲","男","新竹市","運動科技潮人"
"cc6a2230","36-40歲","女","台中市","品味養生理財貴族"
"a42f4085","51-55歲","男","台北市","運動科技潮人"
"4a150059","36-40歲","女","台南市","獨立愛遊理財新手"
"67211f07","31-35歲","男","台中市","樂動廣告品牌控"
"e90928ba","46-50歲","女","台北市","品味養生理財貴族"
"a16e2fcb","31-35歲","男","台中市","樂動廣告品牌控"
"6c948978","36-40歲","男","新竹市","運動科技潮人"
"5c8966a3","26-30歲","女","台北市","物質享樂衝購族"
"8a937cfd","46-50歲","女","新北市","健康愛家定存控"
"0e936b2a","41-45歲","男","新竹縣","運動科技潮人"
"87adbdb2","46-50歲","女","新竹縣","樂動廣告品牌控"
"82b979b1","51-55歲","女","雲林縣","健康愛家定存控"
"46415b92","41-45歲","女","新竹市","物質享樂衝購族"
"977266cc","46-50歲","男","台中市","樂動廣告品牌控"
"ed380837","31-35歲","男","屏東縣","樂動廣告品牌控"
"52a96abf","41-45歲","男","新北市","運動科技潮人"
"c04da9b9","31-35歲","男","彰化縣","樂動廣告品牌控"
"e93096de","46-50歲","女","花蓮縣","物質享樂衝購族"
"ae7c7250","36-40歲","女","桃園市","品味養生理財貴族"
"35eb72b9","36-40歲","女","桃園市","品味養生理財貴族"
"61d3a155","31-35歲","女","台中市","健康愛家定存控"
"7db9421b","36-40歲","女","台中市","網購社媒手機迷"
"760b3aaf","31-35歲","女","南投縣","健康愛家定存控"
"c920cf97","41-45歲","男","台中市","運動科技潮人"
"a50022c4","21-25歲","女","花蓮縣","健康愛家定存控"
"0c43af2e","41-45歲","女","新北市","品味養生理財貴族"
"06d0d868","36-40歲","女","新竹縣","物質享樂衝購族"
"9d2ab2a7","36-40歲","男","台中市","運動科技潮人"
"4ba98595","36-40歲","女","新竹縣","網購社媒手機迷"
"beecccda","46-50歲","女","新北市","物質享樂衝購族"
"5f389f26","41-45歲","女","新北市","愛搜愛比網購客"
"081f8f64","51-55歲","女","台中市","傳統保健理財族"
"6cf849b4","36-40歲","男","新竹縣","樂動廣告品牌控"
"77cb3aec","41-45歲","女","苗栗縣","網購社媒手機迷"
"463e576a","46-50歲","女","台中市","品味養生理財貴族"
"e0be8eda","46-50歲","男","台北市","樂動廣告品牌控"
"fdd0806a","41-45歲","女","新北市","獨立愛遊理財新手"
"dba849be","36-40歲","女","台中市","物質享樂衝購族"
"ffd0d2ee","41-45歲","女","高雄市","健康愛家定存控"
"5562db81","31-35歲","男","高雄市","樂動廣告品牌控"
"9de98b74","26-30歲","女","桃園市","健康愛家定存控"
"7034e09f","61-65歲","男","苗栗縣","樂動廣告品牌控"
"6cfc9bb0","31-35歲","男","高雄市","運動科技潮人"
"ad589d3c","21-25歲","女","新竹縣","健康愛家定存控"
"9137913a","46-50歲","女","台南市","物質享樂衝購族"
"bdb52a0d","56-60歲","女","彰化縣","健康愛家定存控"
"29334fdc","26-30歲","女","花蓮縣","網購社媒手機迷"
"8b22f060","31-35歲","男","台北市","運動科技潮人"
"3d8fb6be","36-40歲","女","台北市","運動科技潮人"
"1a20c1a9","36-40歲","女","新北市","運動科技潮人"
"5ac09443","51-55歲","男","台北市","運動科技潮人"
"084b8a49","31-35歲","女","台北市","樂動廣告品牌控"
"fa777b55","31-35歲","男","新北市","物質享樂衝購族"
"82f19cf0","46-50歲","女","彰化縣","網購社媒手機迷"
"a0744116","31-35歲","女","台中市","網購社媒手機迷"
"09bbcf30","41-45歲","女","苗栗縣","網購社媒手機迷"
"94ecf1de","56-60歲","女","新北市","網購社媒手機迷"
"f4eb985e","36-40歲","女","台中市","網購社媒手機迷"
"66cca4f9","51-55歲","女","嘉義縣","物質享樂衝購族"
"7303c7b3","41-45歲","男","台北市","運動科技潮人"
"8d353e9a","31-35歲","女","台北市","健康愛家定存控"
"7a146ef6","36-40歲","男","高雄市","運動科技潮人"
"c542bf5b","41-45歲","女","彰化縣","品味養生理財貴族"
"813d7bc5","26-30歲","男","屏東縣","物質享樂衝購族"
"9360b94d","41-45歲","女","台南市","獨立愛遊理財新手"
"d092bbb2","36-40歲","女","彰化縣","獨立愛遊理財新手"
"b14c23ee","36-40歲","女","新北市","健康愛家定存控"
"756f6542","31-35歲","女","南投縣","健康愛家定存控"
"db10c60a","46-50歲","女","新北市","運動科技潮人"
"eb7a73e1","36-40歲","男","台南市","運動科技潮人"
"4704640e","36-40歲","女","雲林縣","獨立愛遊理財新手"
"6ca034db","41-45歲","女","新北市","品味養生理財貴族"
"45643ecb","46-50歲","女","台南市","網購社媒手機迷"
"a5e2e036","51-55歲","女","台中市","健康愛家定存控"
"acfdbb64","31-35歲","女","台南市","運動科技潮人"
"0bee6759","56-60歲","女","新北市","獨立愛遊理財新手"
"3175d6a5","36-40歲","男","台北市","運動科技潮人"
"70176223","36-40歲","女","台北市","品味養生理財貴族"
"678880f8","31-35歲","女","雲林縣","健康愛家定存控"
"79686d18","56-60歲","女","新北市","品味養生理財貴族"
"5020c1a5","51-55歲","女","新北市","網購社媒手機迷"
"e8a29d66","26-30歲","男","台中市","樂動廣告品牌控"
"9c62960a","36-40歲","男","台南市","樂動廣告品牌控"
"e25911ec","56-60歲","女","台中市","愛搜愛比網購客"
"95566821","36-40歲","女","台中市","品味養生理財貴族"
"39df2fb8","56-60歲","女","高雄市","品味養生理財貴族"
"5a4feba4","31-35歲","男","新北市","運動科技潮人"
"9d791113","41-45歲","女","台北市","樂動廣告品牌控"
"0c911b32","46-50歲","女","新北市","樂動廣告品牌控"
"6b9ca662","36-40歲","女","新竹市","健康愛家定存控"
"1af17888","46-50歲","男","台中市","愛搜愛比網購客"
"f60f62af","41-45歲","女","苗栗縣","傳統保健理財族"
"00459c93","41-45歲","女","台南市","健康愛家定存控"
"df8afb09","46-50歲","男","新北市","運動科技潮人"
"098e3a9f","31-35歲","女","新竹縣","網購社媒手機迷"
"f1564308","31-35歲","女","苗栗縣","物質享樂衝購族"
"53fe1c17","41-45歲","女","雲林縣","獨立愛遊理財新手"
"a10b75da","36-40歲","女","新北市","傳統保健理財族"
"fad3fa34","36-40歲","男","新北市","樂動廣告品牌控"
"d43e37b2","46-50歲","女","台中市","品味養生理財貴族"
"d3a237da","51-55歲","女","新北市","愛搜愛比網購客"
"d1e7f162","46-50歲","女","台北市","品味養生理財貴族"
"9ef06064","51-55歲","男","新北市","樂動廣告品牌控"
"15a5ee8f","31-35歲","女","高雄市","網購社媒手機迷"
"c6c0add8","41-45歲","女","新竹市","網購社媒手機迷"
"f850774b","31-35歲","女","新北市","品味養生理財貴族"
"a0df96a4","46-50歲","女","台中市","愛搜愛比網購客"
"45e5bb95","31-35歲","女","桃園市","健康愛家定存控"
"bbe6415d","41-45歲","女","新北市","網購社媒手機迷"
"f388fc95","31-35歲","女","新北市","健康愛家定存控"
"fbdafa6d","46-50歲","女","台北市","運動科技潮人"
"9109fb13","41-45歲","女","台南市","健康愛家定存控"
"ccbb6abd","46-50歲","女","彰化縣","網購社媒手機迷"
"e6e79dc1","31-35歲","女","新竹縣","獨立愛遊理財新手"
"a1882ff3","31-35歲","女","花蓮縣","網購社媒手機迷"
"f67557c4","46-50歲","女","新北市","傳統保健理財族"
"41e3d2c5","31-35歲","女","高雄市","網購社媒手機迷"
"d13e0019","41-45歲","男","台北市","運動科技潮人"
"fba1c212","31-35歲","女","台北市","運動科技潮人"
"e2612544","26-30歲","女","苗栗縣","物質享樂衝購族"
"f5a1ce51","41-45歲","男","新北市","運動科技潮人"
"38176723","51-55歲","女","花蓮縣","品味養生理財貴族"
"c2acb800","46-50歲","女","彰化縣","品味養生理財貴族"
"bf969945","41-45歲","女","雲林縣","健康愛家定存控"
"2c757cbe","51-55歲","女","新北市","品味養生理財貴族"
"bd426c09","31-35歲","女","彰化縣","健康愛家定存控"
"9ec3edb3","46-50歲","女","新北市","物質享樂衝購族"
"b90148b1","36-40歲","女","新北市","物質享樂衝購族"
"89c219b9","41-45歲","男","桃園市","運動科技潮人"
"8466932c","36-40歲","女","新北市","品味養生理財貴族"
"db2c4b54","36-40歲","女","桃園市","網購社媒手機迷"
"d763122a","41-45歲","女","苗栗縣","網購社媒手機迷"
"e3965a2a","56-60歲","女","台北市","愛搜愛比網購客"
"60854aea","41-45歲","女","南投縣","健康愛家定存控"
"e592f5ae","46-50歲","女","雲林縣","獨立愛遊理財新手"
"38b474a3","56-60歲","女","苗栗縣","樂動廣告品牌控"
"453a0ba2","31-35歲","男","高雄市","運動科技潮人"
"ad95b36a","61-65歲","男","台北市","樂動廣告品牌控"
"410162c8","31-35歲","女","苗栗縣","網購社媒手機迷"
"8d495938","41-45歲","女","新竹市","網購社媒手機迷"
"216b2b00","31-35歲","男","新北市","健康愛家定存控"
"2dc8625e","36-40歲","女","新竹縣","樂動廣告品牌控"
"679c25f9","46-50歲","男","新北市","運動科技潮人"
"059fb0b5","36-40歲","女","花蓮縣","傳統保健理財族"
"bf18b3eb","21-25歲","女","苗栗縣","獨立愛遊理財新手"
"7970dd33","31-35歲","男","新竹縣","運動科技潮人"
"9776a257","31-35歲","女","苗栗縣","健康愛家定存控"
"4589b371","36-40歲","男","新竹市","運動科技潮人"
"cc991ba4","51-55歲","男","台中市","樂動廣告品牌控"
"a2321592","41-45歲","女","苗栗縣","品味養生理財貴族"
"5d2ff8c9","36-40歲","女","新北市","愛搜愛比網購客"
"f4037ee3","26-30歲","女","桃園市","健康愛家定存控"
"0db4c560","41-45歲","女","彰化縣","健康愛家定存控"
"fff10b67","41-45歲","男","花蓮縣","運動科技潮人"
"3e71696c","36-40歲","女","新竹縣","樂動廣告品牌控"
"bea4fff8","51-55歲","女","新北市","網購社媒手機迷"
"940e8745","41-45歲","女","新竹縣","網購社媒手機迷"
"e803da7f","31-35歲","女","桃園市","獨立愛遊理財新手"
"fea8c4f1","31-35歲","男","高雄市","運動科技潮人"
"657156c8","51-55歲","男","台中市","樂動廣告品牌控"
"6f727614","41-45歲","女","台中市","品味養生理財貴族"
"7f1c822f","41-45歲","女","新竹縣","物質享樂衝購族"
"6fe8447d","41-45歲","女","桃園市","網購社媒手機迷"
"a75da480","41-45歲","男","高雄市","樂動廣告品牌控"
"3f3a85f7","36-40歲","男","台中市","運動科技潮人"
"443d6cd2","56-60歲","女","新北市","品味養生理財貴族"
"207a0d99","26-30歲","女","台中市","健康愛家定存控"
"04eeea4c","46-50歲","女","新竹縣","樂動廣告品牌控"
"fe6bdcb3","31-35歲","女","高雄市","網購社媒手機迷"
"d3bee4d8","41-45歲","女","台北市","網購社媒手機迷"
"8a9a82c9","31-35歲","女","台中市","物質享樂衝購族"
"4b14ed17","36-40歲","女","新竹市","網購社媒手機迷"
"e0b39b64","46-50歲","男","高雄市","運動科技潮人"
"75b1b3aa","36-40歲","女","台中市","網購社媒手機迷"
"478bc5c7","46-50歲","男","台中市","健康愛家定存控"
"42e31f9a","41-45歲","男","新竹縣","運動科技潮人"
"c5a0cbb7","41-45歲","男","花蓮縣","愛搜愛比網購客"
"277ee039","31-35歲","男","台北市","運動科技潮人"
"7442a129","26-30歲","女","花蓮縣","物質享樂衝購族"
"e66e7d03","46-50歲","男","台中市","樂動廣告品牌控"
"0e94e11d","41-45歲","女","彰化縣","物質享樂衝購族"
"ecb7c343","56-60歲","女","花蓮縣","樂動廣告品牌控"
"bae34002","26-30歲","男","新北市","運動科技潮人"
"437935e8","41-45歲","女","台北市","網購社媒手機迷"
"0fbe7994","36-40歲","女","新竹縣","物質享樂衝購族"
"992bc2a7","31-35歲","女","新北市","獨立愛遊理財新手"
"868105dd","31-35歲","女","苗栗縣","物質享樂衝購族"
"64240880","46-50歲","男","新竹縣","愛搜愛比網購客"
"b1d0ebe4","36-40歲","女","台北市","運動科技潮人"
"355b05c1","51-55歲","女","新竹市","愛搜愛比網購客"
"3eb28b5a","56-60歲","男","台北市","運動科技潮人"
"7969706e","41-45歲","女","台北市","樂動廣告品牌控"
"96f41d81","46-50歲","女","苗栗縣","愛搜愛比網購客"
"fff17e41","51-55歲","女","花蓮縣","品味養生理財貴族"
"09ea79d3","41-45歲","女","新竹市","樂動廣告品牌控"
"d4a52ed1","46-50歲","女","台中市","健康愛家定存控"
"9a627954","41-45歲","女","新北市","網購社媒手機迷"
"0fad68f6","46-50歲","女","台南市","愛搜愛比網購客"
"643d6470","56-60歲","女","新北市","品味養生理財貴族"
"8dc0ae77","41-45歲","女","新竹縣","健康愛家定存控"
"5c197c34","21-25歲","男","高雄市","樂動廣告品牌控"
"31c04e6b","51-55歲","女","新竹縣","物質享樂衝購族"
"ad293677","36-40歲","女","新竹縣","網購社媒手機迷"
"d569eb0f","41-45歲","女","新北市","網購社媒手機迷"
"ce88bf99","31-35歲","女","苗栗縣","健康愛家定存控"
"0ede3a29","41-45歲","女","台南市","愛搜愛比網購客"
"11cd6dbd","26-30歲","女","新北市","網購社媒手機迷"
"5826da27","31-35歲","女","台南市","傳統保健理財族"
"755bbfa2","46-50歲","男","台中市","愛搜愛比網購客"
"219b7ee0","56-60歲","男","桃園市","愛搜愛比網購客"
"f73e234d","41-45歲","女","台中市","愛搜愛比網購客"
"8df345f6","51-55歲","女","新竹縣","傳統保健理財族"
"b5b8e7bc","61-65歲","女","新竹縣","健康愛家定存控"
"7c462b1b","41-45歲","女","宜蘭縣","健康愛家定存控"
"d3f377f7","46-50歲","女","新北市","獨立愛遊理財新手"
"8b3e50e1","51-55歲","女","台北市","品味養生理財貴族"
"72f413ca","31-35歲","女","基隆市","健康愛家定存控"
"01afe943","56-60歲","女","台中市","網購社媒手機迷"
"f82c81b9","41-45歲","男","台中市","愛搜愛比網購客"
"24170554","41-45歲","男","新北市","樂動廣告品牌控"
"eab8a242","61-65歲","女","台北市","物質享樂衝購族"
"29d6d619","41-45歲","女","新竹縣","品味養生理財貴族"
"8850847f","46-50歲","女","桃園市","獨立愛遊理財新手"
"241fbd7a","26-30歲","女","基隆市","獨立愛遊理財新手"
"1479847e","31-35歲","男","宜蘭縣","運動科技潮人"
"2954c560","46-50歲","女","新北市","品味養生理財貴族"
"1df6701d","31-35歲","女","新北市","網購社媒手機迷"
"704f61d0","26-30歲","男","南投縣","健康愛家定存控"
"aa3b2c1d","41-45歲","女","花蓮縣","物質享樂衝購族"
"c8c5a998","61-65歲","女","桃園市","網購社媒手機迷"
"6b105d3b","41-45歲","男","新北市","愛搜愛比網購客"
"2284279a","46-50歲","男","新竹市","運動科技潮人"
"5e8cff47","36-40歲","男","台中市","樂動廣告品牌控"
"a506c64a","41-45歲","女","宜蘭縣","物質享樂衝購族"
"909b12df","56-60歲","女","新北市","樂動廣告品牌控"
"b27ba7ba","51-55歲","男","新北市","運動科技潮人"
"04219211","31-35歲","女","新北市","品味養生理財貴族"
"2f17dd50","26-30歲","女","新北市","健康愛家定存控"
"c21d312e","41-45歲","男","台南市","樂動廣告品牌控"
"667e6d1d","51-55歲","女","彰化縣","網購社媒手機迷"
"ce316a47","36-40歲","男","台北市","運動科技潮人"
"4a647be8","41-45歲","女","台北市","品味養生理財貴族"
"87415f50","36-40歲","女","台中市","物質享樂衝購族"
"8275a6e5","31-35歲","女","台北市","運動科技潮人"
"8b460a3c","36-40歲","男","花蓮縣","愛搜愛比網購客"
"7a650e68","46-50歲","女","新北市","品味養生理財貴族"
"a710e010","31-35歲","女","基隆市","健康愛家定存控"
"3707a104","41-45歲","女","苗栗縣","樂動廣告品牌控"
"b8c1a854","36-40歲","女","雲林縣","樂動廣告品牌控"
"78a21e0f","51-55歲","女","新北市","品味養生理財貴族"
"bdb64722","46-50歲","男","新北市","運動科技潮人"
"37cd195f","41-45歲","女","新竹縣","品味養生理財貴族"
"facb21e7","36-40歲","女","新北市","運動科技潮人"
"af780852","31-35歲","女","台北市","網購社媒手機迷"
"6188333e","31-35歲","女","彰化縣","健康愛家定存控"
"19a52004","36-40歲","女","苗栗縣","網購社媒手機迷"
"82e43ab3","41-45歲","女","台中市","樂動廣告品牌控"
"98a8ce99","31-35歲","女","花蓮縣","品味養生理財貴族"
"ab7799e9","31-35歲","女","苗栗縣","物質享樂衝購族"
"70bf80a0","31-35歲","女","新竹縣","物質享樂衝購族"
"9c6ad61e","36-40歲","女","新北市","健康愛家定存控"
"a73dbaf2","41-45歲","女","花蓮縣","品味養生理財貴族"
"a98a5d44","41-45歲","女","新北市","網購社媒手機迷"
"7f5ab53b","41-45歲","女","新北市","網購社媒手機迷"
"aabf1131","41-45歲","女","新北市","網購社媒手機迷"
"20cd4adf","26-30歲","女","新北市","物質享樂衝購族"
"37641f5e","66以上","男","台北市","運動科技潮人"
"e2b4549d","51-55歲","女","桃園市","品味養生理財貴族"
"56ecc824","56-60歲","男","苗栗縣","樂動廣告品牌控"
"142cce29","41-45歲","女","新竹市","品味養生理財貴族"
"90bf9059","51-55歲","女","新北市","運動科技潮人"
"1e0e8d27","51-55歲","男","新竹市","樂動廣告品牌控"
"17f3678f","36-40歲","男","台中市","樂動廣告品牌控"
"da621725","46-50歲","女","新北市","運動科技潮人"
"0d90e641","56-60歲","女","新北市","健康愛家定存控"
"cfe464e1","31-35歲","女","雲林縣","物質享樂衝購族"
"60ebdac2","36-40歲","男","彰化縣","樂動廣告品牌控"
"797f25b3","51-55歲","女","新北市","品味養生理財貴族"
"1a344beb","31-35歲","男","新竹縣","健康愛家定存控"
"d7afee30","36-40歲","女","新竹縣","物質享樂衝購族"
"326a8a1d","46-50歲","女","彰化縣","健康愛家定存控"
"d8489aff","31-35歲","女","桃園市","品味養生理財貴族"
"bb1858d4","36-40歲","女","桃園市","網購社媒手機迷"
"46f6671d","36-40歲","男","高雄市","健康愛家定存控"
"d41a2585","41-45歲","女","花蓮縣","網購社媒手機迷"
"798d71a3","46-50歲","女","台北市","運動科技潮人"
"28fd1261","46-50歲","女","新竹縣","傳統保健理財族"
"ac4e23a0","26-30歲","女","新北市","獨立愛遊理財新手"
"684e49a3","36-40歲","女","苗栗縣","網購社媒手機迷"
"1077c792","31-35歲","女","新北市","物質享樂衝購族"
"72e2622a","26-30歲","女","花蓮縣","健康愛家定存控"
"64a9deca","46-50歲","女","新竹市","樂動廣告品牌控"
"894a4c46","36-40歲","女","新竹縣","樂動廣告品牌控"
"f700731c","36-40歲","女","新北市","物質享樂衝購族"
"83eafb02","56-60歲","男","苗栗縣","愛搜愛比網購客"
"41111ae6","36-40歲","女","桃園市","樂動廣告品牌控"
"3f740f0d","31-35歲","女","彰化縣","物質享樂衝購族"
"8cf58c71","41-45歲","女","苗栗縣","健康愛家定存控"
"2e01bf93","31-35歲","女","台北市","運動科技潮人"
"63ee40b9","36-40歲","女","新北市","傳統保健理財族"
"16266a50","61-65歲","女","高雄市","品味養生理財貴族"
"cf00d5c1","31-35歲","女","新竹縣","健康愛家定存控"
"dca46954","41-45歲","女","花蓮縣","樂動廣告品牌控"
"ec009677","46-50歲","女","台北市","傳統保健理財族"
"38787486","41-45歲","女","新竹縣","樂動廣告品牌控"
"1807cda2","46-50歲","女","新北市","樂動廣告品牌控"
"0771f77f","31-35歲","女","新竹市","物質享樂衝購族"
"7bbbf8cd","46-50歲","男","台中市","運動科技潮人"
"fa93ebf9","41-45歲","男","新北市","樂動廣告品牌控"
"78ff7883","31-35歲","女","南投縣","健康愛家定存控"
"aab9b9c8","36-40歲","女","新北市","物質享樂衝購族"
"0a47252c","26-30歲","女","桃園市","健康愛家定存控"
"52ee0783","21-25歲","女","苗栗縣","獨立愛遊理財新手"
"9805233d","41-45歲","男","新北市","樂動廣告品牌控"
"9104733f","36-40歲","女","台中市","樂動廣告品牌控"
"de4baae6","31-35歲","男","彰化縣","樂動廣告品牌控"
"5ac416ab","46-50歲","女","桃園市","品味養生理財貴族"
"c0296d03","41-45歲","女","嘉義市","品味養生理財貴族"
"8cf57c1a","51-55歲","女","新北市","品味養生理財貴族"
"b427a326","26-30歲","女","新竹縣","健康愛家定存控"
"e598ee46","36-40歲","女","苗栗縣","健康愛家定存控"
"b5eb13af","51-55歲","女","新竹縣","健康愛家定存控"
"8c6fb3b2","41-45歲","女","花蓮縣","健康愛家定存控"
"044c43e3","36-40歲","女","桃園市","健康愛家定存控"
"9ede54ca","51-55歲","女","南投縣","網購社媒手機迷"
"ab729679","56-60歲","女","新北市","網購社媒手機迷"
"90272e3c","46-50歲","男","苗栗縣","運動科技潮人"
"ec63b532","46-50歲","男","苗栗縣","愛搜愛比網購客"
"593d54c4","51-55歲","女","台北市","愛搜愛比網購客"
"8d296879","41-45歲","女","宜蘭縣","獨立愛遊理財新手"
"db0a1a17","41-45歲","女","基隆市","網購社媒手機迷"
"9dd46d68","41-45歲","女","宜蘭縣","品味養生理財貴族"
"3aacdabf","26-30歲","女","新北市","獨立愛遊理財新手"
"750684c9","21-25歲","女","台北市","健康愛家定存控"
"f8d1a92f","31-35歲","女","桃園市","樂動廣告品牌控"
"82380b57","31-35歲","男","高雄市","運動科技潮人"
"ce4a72da","51-55歲","女","台中市","品味養生理財貴族"
"34bd7146","31-35歲","女","雲林縣","網購社媒手機迷"
"01cc1bd3","36-40歲","男","苗栗縣","樂動廣告品牌控"
"7fefac15","31-35歲","女","苗栗縣","健康愛家定存控"
"129af1fe","41-45歲","女","桃園市","品味養生理財貴族"
"a99009f5","26-30歲","女","新竹縣","健康愛家定存控"
"9c126cdc","51-55歲","女","台南市","愛搜愛比網購客"
"15121403","31-35歲","女","台中市","運動科技潮人"
"cbdbc885","36-40歲","女","桃園市","樂動廣告品牌控"
"cc6b2bdd","41-45歲","女","高雄市","物質享樂衝購族"
"d03d5c06","56-60歲","女","花蓮縣","網購社媒手機迷"
"764aba95","26-30歲","女","新北市","物質享樂衝購族"
"01ef1f0d","41-45歲","女","花蓮縣","獨立愛遊理財新手"
"fbb64c24","36-40歲","男","苗栗縣","運動科技潮人"
"0bf983e1","31-35歲","女","台北市","運動科技潮人"
"3958cf4c","51-55歲","男","新竹縣","運動科技潮人"
"183e6eba","46-50歲","女","台北市","品味養生理財貴族"
"f3500733","51-55歲","女","苗栗縣","物質享樂衝購族"
"21739c10","36-40歲","女","新北市","網購社媒手機迷"
"03c6bf14","56-60歲","女","花蓮縣","樂動廣告品牌控"
"854a52dc","41-45歲","女","新竹縣","物質享樂衝購族"
"06e286e5","61-65歲","男","台中市","樂動廣告品牌控"
"fe0938eb","41-45歲","女","彰化縣","樂動廣告品牌控"
"c5fa5e2c","61-65歲","女","台南市","網購社媒手機迷"
"955999d5","36-40歲","女","新竹縣","健康愛家定存控"
"cef2edb8","31-35歲","女","台北市","獨立愛遊理財新手"
"26f7dab8","31-35歲","女","宜蘭縣","物質享樂衝購族"
"22946db6","26-30歲","女","新竹縣","健康愛家定存控"
"084a4453","41-45歲","女","新北市","品味養生理財貴族"
"f84fbc03","31-35歲","男","苗栗縣","樂動廣告品牌控"
"469aba28","41-45歲","女","新北市","品味養生理財貴族"
"e096b9b7","51-55歲","女","新北市","樂動廣告品牌控"
"80b735a0","36-40歲","女","台北市","樂動廣告品牌控"
"38934b4e","36-40歲","女","新竹縣","樂動廣告品牌控"
"4ac9bac4","36-40歲","女","苗栗縣","網購社媒手機迷"
"2e3d8b3d","56-60歲","女","新竹市","樂動廣告品牌控"
"3c66d12d","46-50歲","女","台南市","品味養生理財貴族"
"a5f205d6","41-45歲","女","台北市","健康愛家定存控"
"407d5832","46-50歲","女","彰化縣","傳統保健理財族"
"4e230c17","26-30歲","女","桃園市","健康愛家定存控"
"78fa0415","66以上","女","高雄市","品味養生理財貴族"
"412cf840","26-30歲","女","苗栗縣","樂動廣告品牌控"
"6ecb8ae5","41-45歲","女","彰化縣","品味養生理財貴族"
"5a180e96","51-55歲","女","新北市","健康愛家定存控"
"6beb47ee","36-40歲","女","台北市","健康愛家定存控"
"5934c81d","31-35歲","女","新竹縣","網購社媒手機迷"
"258845e7","41-45歲","女","新竹縣","樂動廣告品牌控"
"4a17717c","36-40歲","女","台中市","物質享樂衝購族"
"0f96c230","41-45歲","男","台中市","愛搜愛比網購客"
"29224255","31-35歲","男","桃園市","樂動廣告品牌控"
"c82ac46d","56-60歲","男","台中市","愛搜愛比網購客"
"764d2b37","36-40歲","女","彰化縣","健康愛家定存控"
"e883538b","41-45歲","女","新竹縣","物質享樂衝購族"
"46def5a6","51-55歲","男","新竹縣","運動科技潮人"
"b8bf8a97","26-30歲","男","高雄市","樂動廣告品牌控"
"d859173c","36-40歲","女","桃園市","物質享樂衝購族"
"cabfa421","51-55歲","女","新北市","網購社媒手機迷"
"7a9ea00f","46-50歲","女","台北市","健康愛家定存控"
"d3e992e0","36-40歲","女","桃園市","獨立愛遊理財新手"
"9f3762f7","41-45歲","女","彰化縣","樂動廣告品牌控"
"99bab60a","46-50歲","女","高雄市","網購社媒手機迷"
"203a815c","31-35歲","女","新竹縣","健康愛家定存控"
"d2c19ea9","41-45歲","女","新竹縣","獨立愛遊理財新手"
"39f0bd33","41-45歲","男","台北市","運動科技潮人"
"1c7a1079","31-35歲","女","高雄市","獨立愛遊理財新手"
"a7c7169f","46-50歲","女","嘉義縣","品味養生理財貴族"
"26b01fcc","46-50歲","女","基隆市","愛搜愛比網購客"
"4953c6d5","26-30歲","男","台中市","獨立愛遊理財新手"
"c4b06da5","36-40歲","女","雲林縣","物質享樂衝購族"
"6bddc9eb","61-65歲","女","新北市","品味養生理財貴族"
"6b8646fd","56-60歲","女","新竹縣","品味養生理財貴族"
"f9869186","31-35歲","女","高雄市","物質享樂衝購族"
"d4beb612","56-60歲","女","新北市","愛搜愛比網購客"
"94fafaa9","36-40歲","男","台北市","運動科技潮人"
"d8a4ac96","36-40歲","男","苗栗縣","樂動廣告品牌控"
"4b8dd93d","41-45歲","男","台南市","健康愛家定存控"
"73067f22","46-50歲","女","新竹縣","品味養生理財貴族"
"d13dc509","51-55歲","女","台北市","健康愛家定存控"
"c845aab0","31-35歲","男","高雄市","健康愛家定存控"
"bd914258","41-45歲","女","新竹縣","獨立愛遊理財新手"
"29343786","36-40歲","女","彰化縣","網購社媒手機迷"
"717dfc78","46-50歲","男","高雄市","愛搜愛比網購客"
"961199a1","36-40歲","女","苗栗縣","物質享樂衝購族"
"aff77f49","31-35歲","女","新竹縣","物質享樂衝購族"
"208a70ac","51-55歲","女","雲林縣","獨立愛遊理財新手"
"c5b20aa6","41-45歲","女","台中市","品味養生理財貴族"
"c5f796f7","36-40歲","男","新北市","樂動廣告品牌控"
"f90fb5f5","46-50歲","女","台北市","品味養生理財貴族"
"fc60c024","46-50歲","女","新竹縣","獨立愛遊理財新手"
"01288db2","36-40歲","女","台中市","健康愛家定存控"
"26566575","36-40歲","男","苗栗縣","運動科技潮人"
"9034c3c1","26-30歲","女","桃園市","物質享樂衝購族"
"692f14bd","36-40歲","男","新北市","運動科技潮人"
"b1f7d7a8","41-45歲","女","新竹縣","樂動廣告品牌控"
"d3d8e6d3","46-50歲","女","苗栗縣","樂動廣告品牌控"
"132fc541","46-50歲","男","台北市","愛搜愛比網購客"
"26f5dabf","46-50歲","女","新北市","愛搜愛比網購客"
"a3873829","46-50歲","女","台中市","運動科技潮人"
"8f9cac32","41-45歲","男","新竹縣","愛搜愛比網購客"
"0b548dcc","51-55歲","女","桃園市","獨立愛遊理財新手"
"681d4b19","41-45歲","女","新北市","物質享樂衝購族"
"45b81738","31-35歲","男","新北市","運動科技潮人"
"c0df938e","51-55歲","男","彰化縣","樂動廣告品牌控"
"1a384193","51-55歲","男","雲林縣","傳統保健理財族"
"d06aec06","46-50歲","男","基隆市","愛搜愛比網購客"
"5218ead3","51-55歲","女","台中市","傳統保健理財族"
"48a60ee9","41-45歲","男","新北市","運動科技潮人"
"b705307e","36-40歲","女","桃園市","運動科技潮人"
"d5e7c76d","21-25歲","女","苗栗縣","物質享樂衝購族"
"501fc9bd","31-35歲","女","新北市","物質享樂衝購族"
"aae5a660","51-55歲","女","嘉義市","品味養生理財貴族"
"cc9a57c3","36-40歲","男","新竹縣","樂動廣告品牌控"
"b727a654","31-35歲","女","苗栗縣","物質享樂衝購族"
"7a7527fb","31-35歲","女","台中市","物質享樂衝購族"
"d85f1e8b","41-45歲","男","高雄市","愛搜愛比網購客"
"2740b4f8","46-50歲","男","台中市","樂動廣告品牌控"
"35cf3cc7","31-35歲","女","苗栗縣","獨立愛遊理財新手"
"2786a8ec","31-35歲","女","高雄市","健康愛家定存控"
"00773a5e","41-45歲","女","新北市","樂動廣告品牌控"
"067e68d6","36-40歲","女","新竹縣","網購社媒手機迷"
"2530bd9d","26-30歲","男","台南市","健康愛家定存控"
"76bb767e","41-45歲","男","新竹縣","運動科技潮人"
"dcebd07e","46-50歲","女","新竹市","品味養生理財貴族"
"8e94affa","46-50歲","女","新竹縣","健康愛家定存控"
"926ecb12","46-50歲","女","苗栗縣","網購社媒手機迷"
"d82f6cc9","36-40歲","女","台中市","樂動廣告品牌控"
"562f6397","36-40歲","女","雲林縣","傳統保健理財族"
"9f4c0094","41-45歲","女","新北市","愛搜愛比網購客"
"327e1d40","31-35歲","女","嘉義縣","樂動廣告品牌控"
"78aa9228","41-45歲","女","新北市","網購社媒手機迷"
"bc061d63","41-45歲","女","新北市","網購社媒手機迷"
"615ec57a","21-25歲","女","新竹縣","品味養生理財貴族"
"899951fe","61-65歲","女","台南市","網購社媒手機迷"
"166887a6","41-45歲","女","彰化縣","健康愛家定存控"
"4051a848","51-55歲","女","雲林縣","樂動廣告品牌控"
"cd1c3458","41-45歲","女","台南市","樂動廣告品牌控"
"37b40841","36-40歲","男","新北市","運動科技潮人"
"e0a9e192","41-45歲","女","彰化縣","健康愛家定存控"
"0879f818","41-45歲","女","新竹縣","獨立愛遊理財新手"
"cb6e4a76","26-30歲","女","新北市","獨立愛遊理財新手"
"944c9836","36-40歲","女","台中市","樂動廣告品牌控"
"204f6d67","31-35歲","女","彰化縣","網購社媒手機迷"
"520c9043","41-45歲","女","新北市","傳統保健理財族"
"2634a060","36-40歲","女","新竹縣","運動科技潮人"
"64220096","46-50歲","女","台中市","物質享樂衝購族"
"e5c3bf65","41-45歲","女","新竹縣","獨立愛遊理財新手"
"9f9aba56","66以上","男","宜蘭縣","愛搜愛比網購客"
"f7d54048","26-30歲","男","新竹縣","運動科技潮人"
"d31c22d7","36-40歲","女","台中市","愛搜愛比網購客"
"9d87f5c7","61-65歲","女","台北市","品味養生理財貴族"
"3084c2ed","56-60歲","女","桃園市","健康愛家定存控"
"d2e7f452","41-45歲","女","新竹縣","物質享樂衝購族"
"eb2ac062","36-40歲","女","高雄市","健康愛家定存控"
"bd1c5d59","41-45歲","女","新竹縣","健康愛家定存控"
"25a93d24","41-45歲","女","新竹縣","愛搜愛比網購客"
"7e8a9a70","66以上","女","新北市","樂動廣告品牌控"
"f9a30865","56-60歲","女","新北市","品味養生理財貴族"
"86b87ee8","41-45歲","女","台北市","健康愛家定存控"
"7805055b","31-35歲","女","台中市","品味養生理財貴族"
"4d85727b","41-45歲","女","台中市","物質享樂衝購族"
"1622b56a","41-45歲","女","新北市","物質享樂衝購族"
"863d7068","46-50歲","女","新北市","網購社媒手機迷"
"2e977404","46-50歲","男","嘉義市","樂動廣告品牌控"
"32d1626b","26-30歲","女","苗栗縣","健康愛家定存控"
"3ef0c2a2","31-35歲","女","新北市","網購社媒手機迷"
"a3fc41a9","46-50歲","女","新北市","運動科技潮人"
"9094716a","36-40歲","女","花蓮縣","網購社媒手機迷"
"10825d0b","36-40歲","女","台北市","健康愛家定存控"
"86ff1ab2","46-50歲","女","苗栗縣","樂動廣告品牌控"
"61bb5e4b","41-45歲","女","新竹縣","物質享樂衝購族"
"aca5e2a5","61-65歲","女","新竹市","健康愛家定存控"
"485787d6","56-60歲","女","花蓮縣","品味養生理財貴族"
"8fb7cbdd","31-35歲","男","台中市","運動科技潮人"
"f9fbc6ec","31-35歲","女","雲林縣","物質享樂衝購族"
"c6558d7f","31-35歲","女","高雄市","網購社媒手機迷"
"a50c663a","31-35歲","女","彰化縣","獨立愛遊理財新手"
"e37aaddc","36-40歲","男","新北市","運動科技潮人"
"8325bbb4","26-30歲","女","苗栗縣","物質享樂衝購族"
"da8f330b","36-40歲","女","苗栗縣","網購社媒手機迷"
"f26991c7","31-35歲","男","新竹縣","運動科技潮人"
"9d3856a1","56-60歲","女","新北市","傳統保健理財族"
"afc05d8f","41-45歲","女","彰化縣","物質享樂衝購族"
"2c2551e2","26-30歲","女","台中市","物質享樂衝購族"
"269b9fd3","31-35歲","女","嘉義市","物質享樂衝購族"
"158e87a2","51-55歲","女","高雄市","樂動廣告品牌控"
"77f7426c","41-45歲","女","雲林縣","品味養生理財貴族"
"e0ff1700","41-45歲","女","新竹縣","品味養生理財貴族"
"bd222425","51-55歲","男","高雄市","愛搜愛比網購客"
"b3332f9f","36-40歲","女","台中市","物質享樂衝購族"
"8b6a0175","31-35歲","男","高雄市","運動科技潮人"
"d5c9e4d2","51-55歲","男","花蓮縣","愛搜愛比網購客"
"afbe46b7","41-45歲","女","台北市","樂動廣告品牌控"
"bcd6b2da","31-35歲","女","花蓮縣","網購社媒手機迷"
"ad9ed17e","31-35歲","女","苗栗縣","健康愛家定存控"
"fd52afe3","41-45歲","女","台中市","獨立愛遊理財新手"
"4e9d8194","51-55歲","女","新竹縣","樂動廣告品牌控"
"91a00aaa","56-60歲","女","新北市","傳統保健理財族"
"551f2b85","26-30歲","女","新竹縣","物質享樂衝購族"
"dc02e506","61-65歲","女","台中市","品味養生理財貴族"
"3e7dd581","36-40歲","女","台中市","物質享樂衝購族"
"d373ffa0","41-45歲","女","苗栗縣","網購社媒手機迷"
"0802cbb0","46-50歲","男","苗栗縣","樂動廣告品牌控"
"44306651","41-45歲","女","彰化縣","網購社媒手機迷"
"fc54cc8f","31-35歲","女","台中市","物質享樂衝購族"
"15727435","31-35歲","女","台中市","物質享樂衝購族"
"7dc50e14","46-50歲","女","台北市","網購社媒手機迷"
"fea4bbce","31-35歲","男","台北市","運動科技潮人"
"91650b8b","46-50歲","女","台北市","運動科技潮人"
"fbf96640","56-60歲","女","桃園市","網購社媒手機迷"
"45d7e1d9","41-45歲","女","南投縣","樂動廣告品牌控"
"23d0028b","36-40歲","男","新北市","物質享樂衝購族"
"e749a222","36-40歲","男","彰化縣","健康愛家定存控"
"ee8fa554","46-50歲","女","高雄市","物質享樂衝購族"
"7206f938","31-35歲","女","新北市","物質享樂衝購族"
"defd87dc","66以上","女","新北市","品味養生理財貴族"
"7a3f11f4","31-35歲","女","台中市","物質享樂衝購族"
"7ae6154f","36-40歲","女","新竹縣","樂動廣告品牌控"
"679f784b","36-40歲","女","南投縣","樂動廣告品牌控"
"9208d5ee","36-40歲","男","台中市","運動科技潮人"
"5c378856","31-35歲","女","台中市","健康愛家定存控"
"24a5d8bc","41-45歲","女","高雄市","品味養生理財貴族"
"a0bc3c68","41-45歲","男","桃園市","健康愛家定存控"
"fc54b975","31-35歲","男","苗栗縣","運動科技潮人"
"cd416ce0","36-40歲","女","台南市","網購社媒手機迷"
"b259654d","31-35歲","男","台南市","運動科技潮人"
"c96ff881","41-45歲","女","高雄市","網購社媒手機迷"
"40ee6f8a","26-30歲","女","新竹市","健康愛家定存控"
"31da1cb1","36-40歲","女","新竹縣","網購社媒手機迷"
"ec4e2c65","46-50歲","女","台中市","樂動廣告品牌控"
"31733094","46-50歲","女","桃園市","獨立愛遊理財新手"
"cfa6da90","51-55歲","女","高雄市","健康愛家定存控"
"0df3cc90","31-35歲","女","高雄市","獨立愛遊理財新手"
"89bbbc4b","46-50歲","女","高雄市","健康愛家定存控"
"adcc49a6","31-35歲","男","台中市","運動科技潮人"
"4406e86c","41-45歲","女","新北市","獨立愛遊理財新手"
"340b3ecc","51-55歲","女","苗栗縣","獨立愛遊理財新手"
"d7d281d2","41-45歲","女","新竹縣","物質享樂衝購族"
"d84339eb","46-50歲","男","新北市","運動科技潮人"
"f0640c63","36-40歲","女","新竹縣","物質享樂衝購族"
"810ec7e2","51-55歲","女","新北市","健康愛家定存控"
"c8cc2619","56-60歲","女","新竹縣","健康愛家定存控"
"b0915a6f","36-40歲","男","桃園市","樂動廣告品牌控"
"71dfabd2","51-55歲","男","新竹縣","運動科技潮人"
"d82235ad","31-35歲","女","新竹縣","物質享樂衝購族"
"ed8cfaaf","51-55歲","女","花蓮縣","品味養生理財貴族"
"ea60b2e6","31-35歲","女","台南市","獨立愛遊理財新手"
"fe3e1ec8","31-35歲","女","苗栗縣","網購社媒手機迷"
"903fb667","26-30歲","男","苗栗縣","物質享樂衝購族"
"93c4a6bc","26-30歲","女","新竹縣","物質享樂衝購族"
"581737df","51-55歲","女","新北市","網購社媒手機迷"
"f51530b0","41-45歲","男","宜蘭縣","運動科技潮人"
"f62bf4b1","46-50歲","女","台中市","物質享樂衝購族"
"825ac093","36-40歲","女","桃園市","健康愛家定存控"
"93c9b7cb","36-40歲","男","新竹市","網購社媒手機迷"
"7a7ca32b","36-40歲","女","台中市","網購社媒手機迷"
"e6525277","26-30歲","女","新竹縣","健康愛家定存控"
"9f73bee0","46-50歲","女","苗栗縣","網購社媒手機迷"
"a6d61917","41-45歲","女","台北市","健康愛家定存控"
"27fadc9f","31-35歲","女","新北市","運動科技潮人"
"2d75e05c","51-55歲","女","新北市","品味養生理財貴族"
"82865b97","26-30歲","女","台北市","物質享樂衝購族"
"ccbd0d92","46-50歲","男","新北市","獨立愛遊理財新手"
"984070be","26-30歲","女","新北市","獨立愛遊理財新手"
"60ec4a4e","36-40歲","女","花蓮縣","物質享樂衝購族"
"4a9e185c","26-30歲","女","台中市","健康愛家定存控"
"376a22c5","41-45歲","女","新竹縣","物質享樂衝購族"
"c6183cd6","46-50歲","女","台中市","品味養生理財貴族"
"df66e5d0","56-60歲","女","新竹縣","愛搜愛比網購客"
"ef35500c","31-35歲","女","新北市","物質享樂衝購族"
"8d76282e","36-40歲","女","高雄市","品味養生理財貴族"
"2416b910","66以上","女","新北市","品味養生理財貴族"
"37fbedea","41-45歲","男","彰化縣","樂動廣告品牌控"
"f8f9ef2c","56-60歲","女","新竹縣","網購社媒手機迷"
"3ab95841","31-35歲","男","台北市","運動科技潮人"
"56fcf840","56-60歲","女","花蓮縣","品味養生理財貴族"
"3e433db5","26-30歲","女","台北市","健康愛家定存控"
"1956b3fd","26-30歲","女","花蓮縣","健康愛家定存控"
"1515497c","31-35歲","女","高雄市","健康愛家定存控"
"3cbc51ac","36-40歲","女","台中市","品味養生理財貴族"
"88265623","56-60歲","女","台北市","樂動廣告品牌控"
"cee46d0f","36-40歲","女","台中市","健康愛家定存控"
"630a9ef0","51-55歲","女","台中市","品味養生理財貴族"
"2279ca90","36-40歲","女","彰化縣","網購社媒手機迷"
"27d1ddbb","36-40歲","女","高雄市","物質享樂衝購族"
"cb55dfeb","31-35歲","女","南投縣","物質享樂衝購族"
"21ae0f96","41-45歲","女","苗栗縣","獨立愛遊理財新手"
"2dddf95e","36-40歲","男","宜蘭縣","樂動廣告品牌控"
"23262005","36-40歲","男","台中市","運動科技潮人"
"6448e9bc","46-50歲","男","新竹市","樂動廣告品牌控"
"b75b38ab","41-45歲","女","嘉義縣","獨立愛遊理財新手"
"48b602dc","26-30歲","男","新北市","運動科技潮人"
"38bb41a9","56-60歲","女","新北市","獨立愛遊理財新手"
"6a628cb4","46-50歲","女","彰化縣","獨立愛遊理財新手"
"286293a1","31-35歲","女","台南市","物質享樂衝購族"
"14274dd5","36-40歲","女","新北市","健康愛家定存控"
"9dad66ea","36-40歲","女","彰化縣","物質享樂衝購族"
"74d01cbe","31-35歲","女","台中市","獨立愛遊理財新手"
"47ca8226","31-35歲","女","新竹縣","網購社媒手機迷"
"da607d06","41-45歲","女","苗栗縣","健康愛家定存控"
"2df870e7","36-40歲","女","苗栗縣","健康愛家定存控"
"4d11ad31","41-45歲","女","苗栗縣","品味養生理財貴族"
"7edc0097","26-30歲","女","新北市","物質享樂衝購族"
"aa46d87d","46-50歲","女","花蓮縣","樂動廣告品牌控"
"53ee0aa8","51-55歲","女","台中市","品味養生理財貴族"
"f2617287","56-60歲","女","台北市","品味養生理財貴族"
"acc9f17e","36-40歲","女","高雄市","健康愛家定存控"
"e67b1f80","41-45歲","女","台北市","樂動廣告品牌控"
"dd30d30d","31-35歲","男","台中市","健康愛家定存控"
"d94c0ebb","56-60歲","女","新竹縣","健康愛家定存控"
"ddd03747","46-50歲","女","台南市","愛搜愛比網購客"
"6bdd6d07","46-50歲","女","花蓮縣","網購社媒手機迷"
"f773f1a0","41-45歲","女","台中市","傳統保健理財族"
"fd0139a2","31-35歲","女","新北市","物質享樂衝購族"
"5ba37418","51-55歲","女","新竹縣","愛搜愛比網購客"
"10aabe1f","61-65歲","女","台中市","健康愛家定存控"
"a4d3edb7","31-35歲","男","彰化縣","運動科技潮人"
"6f0d1c93","46-50歲","男","新北市","樂動廣告品牌控"
"617768f5","26-30歲","女","屏東縣","健康愛家定存控"
"9ed65efc","26-30歲","女","花蓮縣","健康愛家定存控"
"c64df08c","41-45歲","女","台中市","品味養生理財貴族"
"0ab9201b","36-40歲","女","彰化縣","物質享樂衝購族"
"f58d9a6b","41-45歲","男","台北市","網購社媒手機迷"
"cab70db4","26-30歲","女","屏東縣","物質享樂衝購族"
"b0d97973","51-55歲","女","台北市","健康愛家定存控"
"fbe3de9b","31-35歲","男","高雄市","運動科技潮人"
"8fef8581","36-40歲","女","新竹市","樂動廣告品牌控"
"41f20414","31-35歲","女","台中市","運動科技潮人"
"c71325b1","61-65歲","男","台中市","樂動廣告品牌控"
"44b2f1e5","41-45歲","女","台中市","健康愛家定存控"
"79f9f88c","31-35歲","女","新竹縣","獨立愛遊理財新手"
"de7c29b6","46-50歲","女","新北市","網購社媒手機迷"
"0216c744","31-35歲","男","新竹縣","運動科技潮人"
"89e338d7","56-60歲","男","台中市","樂動廣告品牌控"
"c307944e","36-40歲","女","新北市","物質享樂衝購族"
"347dbc3c","51-55歲","女","花蓮縣","網購社媒手機迷"
"d6eb8dda","61-65歲","男","高雄市","樂動廣告品牌控"
"32f8f297","51-55歲","女","台北市","獨立愛遊理財新手"
"e464d586","41-45歲","女","新北市","網購社媒手機迷"
"9c4adfd6","41-45歲","女","苗栗縣","網購社媒手機迷"
"c35b6aa7","36-40歲","女","台中市","物質享樂衝購族"
"80c34c3f","41-45歲","女","苗栗縣","樂動廣告品牌控"
"3c0d30f5","31-35歲","女","新北市","物質享樂衝購族"
"4aaf3d07","31-35歲","女","彰化縣","獨立愛遊理財新手"
"18611166","51-55歲","女","苗栗縣","傳統保健理財族"
"07bee0ad","41-45歲","女","台中市","獨立愛遊理財新手"
"5e92e38b","46-50歲","男","新北市","運動科技潮人"
"9892433e","36-40歲","男","台北市","運動科技潮人"
"aec22b88","36-40歲","男","台南市","樂動廣告品牌控"
"ed2d57c7","41-45歲","女","新竹市","運動科技潮人"
"c5717bfd","36-40歲","女","苗栗縣","物質享樂衝購族"
"2ef819a8","31-35歲","女","台北市","物質享樂衝購族"
"4bf637b6","46-50歲","女","新竹縣","網購社媒手機迷"
"bebc0592","41-45歲","女","新北市","獨立愛遊理財新手"
"48189ee6","31-35歲","女","新北市","網購社媒手機迷"
"1287e2e2","46-50歲","女","桃園市","物質享樂衝購族"
"ea51c262","56-60歲","女","新北市","運動科技潮人"
"54e5b9d2","26-30歲","女","南投縣","樂動廣告品牌控"
"ed6ff3d9","51-55歲","女","宜蘭縣","網購社媒手機迷"
"74ea7510","31-35歲","女","苗栗縣","物質享樂衝購族"
"dbfa3427","26-30歲","男","雲林縣","獨立愛遊理財新手"
"018028c8","36-40歲","男","新北市","運動科技潮人"
"ab2811d9","41-45歲","女","台南市","網購社媒手機迷"
"1dba9360","41-45歲","女","宜蘭縣","樂動廣告品牌控"
"d9a6eba4","36-40歲","男","苗栗縣","物質享樂衝購族"
"3c637ac1","36-40歲","男","新竹市","運動科技潮人"
"71fbce48","41-45歲","女","新竹縣","物質享樂衝購族"
"17f6da8b","36-40歲","女","新北市","運動科技潮人"
"70c95a87","26-30歲","女","台北市","健康愛家定存控"
"4f25f4cb","31-35歲","男","宜蘭縣","運動科技潮人"
"b8b9a7be","36-40歲","女","台中市","獨立愛遊理財新手"
"3ce038c3","31-35歲","女","南投縣","物質享樂衝購族"
"8363b327","31-35歲","女","新北市","運動科技潮人"
"cb2af835","26-30歲","女","苗栗縣","網購社媒手機迷"
"6ff519a6","51-55歲","男","新竹縣","愛搜愛比網購客"
"4378d2b1","41-45歲","女","桃園市","獨立愛遊理財新手"
"57263a6a","26-30歲","女","新竹市","物質享樂衝購族"
"afa0da26","51-55歲","女","彰化縣","網購社媒手機迷"
"3aa542f9","31-35歲","女","彰化縣","獨立愛遊理財新手"
"8eeefa76","46-50歲","女","新北市","運動科技潮人"
"a52921ee","31-35歲","女","台南市","物質享樂衝購族"
"336668ec","31-35歲","女","桃園市","網購社媒手機迷"
"79b7d803","46-50歲","女","新北市","運動科技潮人"
"2ec6b40d","36-40歲","女","宜蘭縣","網購社媒手機迷"
"31058793","66以上","女","花蓮縣","品味養生理財貴族"
"99200224","41-45歲","女","高雄市","傳統保健理財族"
"da2b5285","31-35歲","女","新北市","網購社媒手機迷"
"feb4a7c8","51-55歲","女","高雄市","運動科技潮人"
"e8d68b49","46-50歲","女","高雄市","網購社媒手機迷"
"8ef18606","41-45歲","男","彰化縣","樂動廣告品牌控"
"ce3f929f","41-45歲","男","台北市","運動科技潮人"
"e6c2c2b3","36-40歲","男","新北市","運動科技潮人"
"6ae5ffa0","46-50歲","女","台北市","愛搜愛比網購客"
"b99650b6","36-40歲","女","嘉義市","品味養生理財貴族"
"9146bdcc","26-30歲","女","新竹縣","獨立愛遊理財新手"
"cd303842","41-45歲","女","新北市","品味養生理財貴族"
"c57483db","41-45歲","女","宜蘭縣","網購社媒手機迷"
"a37c774b","41-45歲","男","台中市","運動科技潮人"
"fd983b6b","36-40歲","女","新竹縣","物質享樂衝購族"
"342c627f","31-35歲","男","新竹縣","運動科技潮人"
"4b3d9d8b","61-65歲","女","新北市","品味養生理財貴族"
"c23279f6","31-35歲","女","台南市","樂動廣告品牌控"
"67f506f2","41-45歲","女","花蓮縣","物質享樂衝購族"
"21525f00","31-35歲","女","新竹縣","健康愛家定存控"
"15b84c8d","41-45歲","女","花蓮縣","網購社媒手機迷"
"8474891d","51-55歲","女","苗栗縣","網購社媒手機迷"
"cee04bf3","36-40歲","男","宜蘭縣","樂動廣告品牌控"
"5ef7d1e1","36-40歲","女","新北市","物質享樂衝購族"
"78052ce5","51-55歲","女","新北市","網購社媒手機迷"
"e3e2a2d3","31-35歲","女","新北市","網購社媒手機迷"
"59ea17eb","41-45歲","女","新北市","品味養生理財貴族"
"a3f6e61f","61-65歲","女","花蓮縣","品味養生理財貴族"
"ef5ed689","36-40歲","女","台中市","健康愛家定存控"
"42555bc3","46-50歲","女","台中市","樂動廣告品牌控"
"85149680","41-45歲","女","台北市","品味養生理財貴族"
"1b5d5f0e","26-30歲","女","高雄市","健康愛家定存控"
"21e7ab35","41-45歲","女","台南市","網購社媒手機迷"
"ac95239f","36-40歲","女","新竹縣","獨立愛遊理財新手"
"976667e6","26-30歲","女","桃園市","網購社媒手機迷"
"2bdaf1c3","61-65歲","女","彰化縣","傳統保健理財族"
"b6f1e5da","41-45歲","女","高雄市","物質享樂衝購族"
"916a84a5","46-50歲","女","新北市","樂動廣告品牌控"
"bedfbe31","31-35歲","女","新北市","物質享樂衝購族"
"51bea005","61-65歲","女","花蓮縣","樂動廣告品牌控"
"6beed1ce","51-55歲","女","桃園市","獨立愛遊理財新手"
"b2913809","31-35歲","男","台北市","運動科技潮人"
"1771d2de","36-40歲","男","台中市","樂動廣告品牌控"
"072a7b8b","61-65歲","男","新竹縣","樂動廣告品牌控"
"286d7409","61-65歲","女","台中市","網購社媒手機迷"
"6821c38f","51-55歲","女","新北市","樂動廣告品牌控"
"f4d5aa8f","31-35歲","女","台北市","運動科技潮人"
"8ac83c85","41-45歲","女","新竹縣","獨立愛遊理財新手"
"d6a8722e","36-40歲","女","台中市","健康愛家定存控"
"b69114a5","41-45歲","女","新北市","樂動廣告品牌控"
"55ad7e56","36-40歲","女","新竹縣","獨立愛遊理財新手"
"cb6fd038","26-30歲","女","苗栗縣","健康愛家定存控"
"ec84ca7c","36-40歲","女","台北市","品味養生理財貴族"
"8ea9791c","36-40歲","女","台南市","網購社媒手機迷"
"99bb9b7a","36-40歲","女","台北市","品味養生理財貴族"
"4c883e12","56-60歲","男","新竹縣","樂動廣告品牌控"
"8fba4fb3","31-35歲","男","高雄市","運動科技潮人"
"30e6e2a9","56-60歲","女","台北市","網購社媒手機迷"
"4f676ed4","41-45歲","女","彰化縣","品味養生理財貴族"
"3f2d6452","26-30歲","男","高雄市","樂動廣告品牌控"
"4e61cc5d","26-30歲","女","台南市","物質享樂衝購族"
"e61ce5f9","41-45歲","女","新竹縣","網購社媒手機迷"
"a43ce0c3","56-60歲","女","新竹縣","愛搜愛比網購客"
"09059426","41-45歲","男","台南市","樂動廣告品牌控"
"186d1767","36-40歲","男","新北市","網購社媒手機迷"
"2e9232a4","46-50歲","女","台北市","運動科技潮人"
"82b5b6b8","31-35歲","女","苗栗縣","獨立愛遊理財新手"
"d5fbef6b","61-65歲","女","桃園市","樂動廣告品牌控"
"88af8d61","51-55歲","男","苗栗縣","運動科技潮人"
"ef60e629","31-35歲","女","台北市","樂動廣告品牌控"
"e7f8f0f5","41-45歲","女","桃園市","網購社媒手機迷"
"c1c8b562","56-60歲","男","花蓮縣","愛搜愛比網購客"
"22c10b3d","41-45歲","男","新北市","愛搜愛比網購客"
"7bd5e744","46-50歲","女","新竹縣","健康愛家定存控"
"88bf6822","41-45歲","女","桃園市","品味養生理財貴族"
"66867616","51-55歲","男","台北市","運動科技潮人"
"9b4a8e1a","31-35歲","女","苗栗縣","物質享樂衝購族"
"32cea4a7","56-60歲","男","新北市","健康愛家定存控"
"e65029f9","36-40歲","女","彰化縣","樂動廣告品牌控"
"49e806d2","36-40歲","女","新北市","健康愛家定存控"
"0789ec0b","41-45歲","女","台中市","傳統保健理財族"
"f75f6158","31-35歲","女","新北市","運動科技潮人"
"931d4961","36-40歲","女","台中市","品味養生理財貴族"
"97bd87a6","41-45歲","女","台南市","品味養生理財貴族"
"1ede0ace","46-50歲","女","新竹縣","物質享樂衝購族"
"cfce7e02","46-50歲","男","台北市","運動科技潮人"
"5940f201","36-40歲","男","新竹縣","健康愛家定存控"
"5ecb73ca","36-40歲","男","高雄市","運動科技潮人"
"5346eeb2","36-40歲","女","新竹縣","網購社媒手機迷"
"acadf9a9","51-55歲","女","桃園市","健康愛家定存控"
"208b5841","26-30歲","女","高雄市","健康愛家定存控"
"7582924f","46-50歲","女","台中市","物質享樂衝購族"
"e2676798","31-35歲","女","桃園市","樂動廣告品牌控"
"b2f332bb","51-55歲","女","新竹縣","物質享樂衝購族"
"4014b9ad","56-60歲","女","新竹縣","健康愛家定存控"
"563dc450","31-35歲","女","新竹市","物質享樂衝購族"
"4c708972","46-50歲","女","桃園市","獨立愛遊理財新手"
"b29db12c","61-65歲","女","新北市","獨立愛遊理財新手"
"2baecb72","26-30歲","女","新北市","物質享樂衝購族"
"8629c049","46-50歲","男","台北市","運動科技潮人"
"41bebfb6","31-35歲","女","新北市","物質享樂衝購族"
"ca843a0a","31-35歲","女","高雄市","獨立愛遊理財新手"
"3c6865b9","26-30歲","女","新竹市","品味養生理財貴族"
"f941dddf","46-50歲","女","彰化縣","品味養生理財貴族"
"322d7312","46-50歲","女","新竹縣","獨立愛遊理財新手"
"104270f6","36-40歲","女","彰化縣","網購社媒手機迷"
"c6291726","41-45歲","男","台北市","樂動廣告品牌控"
"47fbb7f5","31-35歲","女","新竹縣","物質享樂衝購族"
"344d65f1","56-60歲","女","新竹市","樂動廣告品牌控"
"9f5d9df3","31-35歲","女","南投縣","樂動廣告品牌控"
"f06eba20","36-40歲","女","台中市","品味養生理財貴族"
"3fa6fd52","51-55歲","男","台中市","愛搜愛比網購客"
"62e36367","36-40歲","女","彰化縣","健康愛家定存控"
"e8b0134d","31-35歲","女","台中市","健康愛家定存控"
"15167395","36-40歲","女","新竹縣","獨立愛遊理財新手"
"4c4a0edc","26-30歲","女","高雄市","樂動廣告品牌控"
"f9d2a518","56-60歲","女","宜蘭縣","健康愛家定存控"
"87b2863c","36-40歲","女","桃園市","樂動廣告品牌控"
"53cb64a7","41-45歲","男","台北市","樂動廣告品牌控"
"cadf14c3","46-50歲","男","苗栗縣","樂動廣告品牌控"
"657d9087","61-65歲","女","新竹縣","傳統保健理財族"
"bb39927e","41-45歲","男","台中市","運動科技潮人"
"f2e37811","41-45歲","男","新竹縣","樂動廣告品牌控"
"fc60b05a","46-50歲","男","彰化縣","樂動廣告品牌控"
"c8ddfdf2","36-40歲","女","新竹市","品味養生理財貴族"
"145345ca","36-40歲","男","台北市","運動科技潮人"
"d648a3a9","36-40歲","女","新北市","網購社媒手機迷"
"691e871c","56-60歲","女","新北市","傳統保健理財族"
"0c264c84","41-45歲","女","新竹縣","健康愛家定存控"
"ed0014c5","36-40歲","女","台中市","品味養生理財貴族"
"90f14f86","31-35歲","女","苗栗縣","物質享樂衝購族"
"399e37fa","31-35歲","女","新北市","運動科技潮人"
"c44a38eb","36-40歲","男","台南市","樂動廣告品牌控"
"627607ae","46-50歲","女","彰化縣","獨立愛遊理財新手"
"fd3fc8f7","46-50歲","女","新竹市","愛搜愛比網購客"
"fbdee4d0","26-30歲","女","高雄市","網購社媒手機迷"
"4fdd24b9","41-45歲","女","台北市","樂動廣告品牌控"
"118e9209","36-40歲","男","台北市","運動科技潮人"
"d16774e0","56-60歲","女","新北市","健康愛家定存控"
"11c62a3d","26-30歲","女","苗栗縣","健康愛家定存控"
"9e414b71","31-35歲","男","台中市","運動科技潮人"
"9828a22d","41-45歲","男","新北市","運動科技潮人"
"58869317","61-65歲","女","台中市","愛搜愛比網購客"
"8caaf064","41-45歲","女","新北市","網購社媒手機迷"
"9e59eb81","31-35歲","女","台北市","健康愛家定存控"
"e365d59c","41-45歲","女","新北市","品味養生理財貴族"
"e2df97e1","31-35歲","男","台中市","樂動廣告品牌控"
"f7d25bb4","26-30歲","男","新竹縣","健康愛家定存控"
"699412f0","31-35歲","女","花蓮縣","網購社媒手機迷"
"87f5e8c3","51-55歲","女","台中市","網購社媒手機迷"
"0f607241","41-45歲","女","新竹縣","傳統保健理財族"
"ece82450","56-60歲","男","台南市","運動科技潮人"
"d939041f","36-40歲","女","台中市","網購社媒手機迷"
"c5318c1c","31-35歲","女","台北市","健康愛家定存控"
"8af70bb2","36-40歲","女","花蓮縣","傳統保健理財族"
"4ab12b79","41-45歲","女","雲林縣","獨立愛遊理財新手"
"6989c3c4","36-40歲","男","台中市","運動科技潮人"
"dface96c","51-55歲","男","苗栗縣","愛搜愛比網購客"
"94653067","36-40歲","女","新竹縣","網購社媒手機迷"
"1aadf6d2","36-40歲","女","苗栗縣","物質享樂衝購族"
"0c363758","41-45歲","男","桃園市","運動科技潮人"
"f96eeed3","31-35歲","女","新北市","品味養生理財貴族"
"f692f7dc","31-35歲","女","新竹縣","物質享樂衝購族"
"17574fed","31-35歲","女","苗栗縣","網購社媒手機迷"
"876b79c2","41-45歲","女","台北市","獨立愛遊理財新手"
"552d132b","31-35歲","女","新竹縣","健康愛家定存控"
"0509b6f9","26-30歲","女","台中市","網購社媒手機迷"
"3dfa4bb0","36-40歲","女","新北市","運動科技潮人"
"6981796c","41-45歲","女","新竹縣","物質享樂衝購族"
"26a46160","46-50歲","女","花蓮縣","傳統保健理財族"
"44f377f2","46-50歲","女","新北市","愛搜愛比網購客"
"44ed4cea","26-30歲","男","新竹縣","物質享樂衝購族"
"c3dc6f6b","41-45歲","女","台北市","品味養生理財貴族"
"32b6dea1","56-60歲","女","苗栗縣","傳統保健理財族"
"49501ac5","36-40歲","女","新北市","健康愛家定存控"
"49cc0fcc","46-50歲","女","台北市","品味養生理財貴族"
"a954ffdd","31-35歲","男","苗栗縣","健康愛家定存控"
"084ea2df","31-35歲","女","苗栗縣","健康愛家定存控"
"91733db3","41-45歲","女","嘉義縣","愛搜愛比網購客"
"f1e1641a","41-45歲","男","台東縣","運動科技潮人"
"945f4b23","31-35歲","女","新竹縣","健康愛家定存控"
"034e277a","36-40歲","女","台中市","獨立愛遊理財新手"
"cb541bef","31-35歲","女","高雄市","網購社媒手機迷"
"9bbc57ac","46-50歲","女","新北市","物質享樂衝購族"
"f66cd3fe","36-40歲","女","桃園市","物質享樂衝購族"
"5c747378","46-50歲","女","新竹縣","傳統保健理財族"
"38ddab3c","46-50歲","男","新北市","樂動廣告品牌控"
"3ad3e755","41-45歲","女","新北市","品味養生理財貴族"
"4aeef140","21-25歲","女","台南市","物質享樂衝購族"
"ef704e16","36-40歲","女","新竹縣","獨立愛遊理財新手"
"36051d77","26-30歲","女","新北市","健康愛家定存控"
"3a7eff2a","26-30歲","女","新北市","樂動廣告品牌控"
"47069fa4","56-60歲","女","台中市","品味養生理財貴族"
"636961e3","36-40歲","女","台南市","品味養生理財貴族"
"261bed6a","41-45歲","女","新北市","物質享樂衝購族"
"43e8525f","31-35歲","男","台中市","運動科技潮人"
"eb9db292","41-45歲","女","台中市","健康愛家定存控"
"10c6a0fd","31-35歲","女","新北市","運動科技潮人"
"c6aecb9f","36-40歲","女","新北市","品味養生理財貴族"
"43124284","41-45歲","女","台北市","品味養生理財貴族"
"6149cc30","41-45歲","女","新北市","健康愛家定存控"
"8f393331","46-50歲","女","台南市","健康愛家定存控"
"43fbd620","51-55歲","女","台北市","傳統保健理財族"
"01402ee2","46-50歲","女","嘉義縣","愛搜愛比網購客"
"062ad9c1","41-45歲","男","桃園市","樂動廣告品牌控"
"cae37a7d","51-55歲","男","台北市","愛搜愛比網購客"
"265a120e","26-30歲","女","新北市","網購社媒手機迷"
"4b705bd9","36-40歲","女","苗栗縣","物質享樂衝購族"
"b96a7e3a","41-45歲","女","新北市","物質享樂衝購族"
"86189c93","41-45歲","女","桃園市","品味養生理財貴族"
"c4a4a5ca","41-45歲","男","彰化縣","健康愛家定存控"
"f0a96583","46-50歲","女","苗栗縣","品味養生理財貴族"
"e91b510f","46-50歲","男","南投縣","運動科技潮人"
"ae336f4a","31-35歲","女","新竹市","運動科技潮人"
"38c65e24","46-50歲","女","台南市","網購社媒手機迷"
"3dee9d7d","56-60歲","女","新竹縣","傳統保健理財族"
"1fc3cd62","51-55歲","女","新北市","傳統保健理財族"
"5d3d05ee","41-45歲","女","雲林縣","品味養生理財貴族"
"6873b8ec","31-35歲","男","彰化縣","樂動廣告品牌控"
"f452d894","41-45歲","女","新竹縣","傳統保健理財族"
"dab3725a","31-35歲","女","高雄市","獨立愛遊理財新手"
"0082324b","46-50歲","女","南投縣","健康愛家定存控"
"80462b00","66以上","女","新北市","品味養生理財貴族"
"3c38c845","26-30歲","女","新竹縣","健康愛家定存控"
"0c130f56","36-40歲","女","新竹縣","傳統保健理財族"
"db041c7e","41-45歲","女","新北市","運動科技潮人"
"ab4f4adb","36-40歲","女","台南市","樂動廣告品牌控"
"9b51ac7a","36-40歲","男","彰化縣","樂動廣告品牌控"
"e4888241","51-55歲","男","新竹市","樂動廣告品牌控"
"f7854fac","41-45歲","女","新竹縣","樂動廣告品牌控"
"650b12af","36-40歲","女","新北市","物質享樂衝購族"
"859132a4","36-40歲","女","台中市","品味養生理財貴族"
"7a0a7b01","41-45歲","女","基隆市","網購社媒手機迷"
"f8406110","31-35歲","女","新竹市","健康愛家定存控"
"44c4e512","36-40歲","女","台南市","網購社媒手機迷"
"68d3a945","36-40歲","女","桃園市","樂動廣告品牌控"
"603806c5","31-35歲","女","彰化縣","網購社媒手機迷"
"b18c0f00","51-55歲","男","台北市","運動科技潮人"
"e6b0aa4c","31-35歲","女","高雄市","獨立愛遊理財新手"
"30241bde","36-40歲","男","苗栗縣","運動科技潮人"
"124f93c0","26-30歲","女","新北市","獨立愛遊理財新手"
"d62b1402","56-60歲","女","新北市","品味養生理財貴族"
"e902e374","41-45歲","女","台南市","網購社媒手機迷"
"96ed477b","31-35歲","女","桃園市","健康愛家定存控"
"c5279998","41-45歲","男","屏東縣","樂動廣告品牌控"
"f35dbc5b","41-45歲","女","新北市","運動科技潮人"
"e6f69de9","51-55歲","女","台南市","愛搜愛比網購客"
"ffb5f842","56-60歲","女","桃園市","健康愛家定存控"
"7cf56c26","46-50歲","女","台中市","傳統保健理財族"
"f183fba1","26-30歲","女","苗栗縣","獨立愛遊理財新手"
"dbf6d343","31-35歲","女","台中市","樂動廣告品牌控"
"480f263a","36-40歲","男","新北市","樂動廣告品牌控"
"d29668e6","36-40歲","女","新北市","網購社媒手機迷"
"f7a3a0d2","51-55歲","女","桃園市","健康愛家定存控"
"ed0ed40a","46-50歲","女","台中市","傳統保健理財族"
"b39354c0","31-35歲","女","高雄市","獨立愛遊理財新手"
"b23a3515","31-35歲","女","台東縣","獨立愛遊理財新手"
"7f0f1317","36-40歲","女","高雄市","獨立愛遊理財新手"
"a6dc793f","26-30歲","女","桃園市","網購社媒手機迷"
"38560d8c","31-35歲","女","新竹縣","健康愛家定存控"
"8a9d04ce","26-30歲","女","新竹市","健康愛家定存控"
"40a43121","36-40歲","男","南投縣","樂動廣告品牌控"
"afbeb14b","51-55歲","男","台北市","運動科技潮人"
"62b6cbbe","26-30歲","女","台中市","健康愛家定存控"
"85f5f1bf","36-40歲","女","彰化縣","物質享樂衝購族"
"bfe60553","26-30歲","女","高雄市","物質享樂衝購族"
"54b533c9","26-30歲","女","新北市","健康愛家定存控"
"bd48ef13","41-45歲","女","台中市","獨立愛遊理財新手"
"21384b77","51-55歲","男","台中市","運動科技潮人"
"6dae5eea","41-45歲","女","台南市","健康愛家定存控"
"cb71c27a","51-55歲","男","新北市","網購社媒手機迷"
"a61b3125","41-45歲","男","台北市","樂動廣告品牌控"
"0860368b","31-35歲","女","台北市","獨立愛遊理財新手"
"d54dfe3e","36-40歲","女","苗栗縣","物質享樂衝購族"
"15c84695","41-45歲","男","新竹縣","愛搜愛比網購客"
"cf17476e","31-35歲","女","桃園市","網購社媒手機迷"
"6c308fb5","41-45歲","女","新竹縣","健康愛家定存控"
"14a924b1","31-35歲","女","桃園市","健康愛家定存控"
"d3a41d93","51-55歲","男","苗栗縣","運動科技潮人"
"0395f97f","46-50歲","女","苗栗縣","網購社媒手機迷"
"00528b45","31-35歲","女","新竹縣","物質享樂衝購族"
"9adf0307","36-40歲","女","桃園市","物質享樂衝購族"
"2d77b92c","41-45歲","女","桃園市","網購社媒手機迷"
"c566259d","31-35歲","女","彰化縣","物質享樂衝購族"
"4882d7da","41-45歲","男","台中市","運動科技潮人"
"50b51997","61-65歲","男","桃園市","愛搜愛比網購客"
"5f3e2645","46-50歲","男","新北市","運動科技潮人"
"704ff243","31-35歲","男","彰化縣","樂動廣告品牌控"
"97865abb","26-30歲","女","台南市","樂動廣告品牌控"
"5751d5ef","41-45歲","男","新竹市","運動科技潮人"
"d33f8ac6","41-45歲","女","新北市","網購社媒手機迷"
"3f62effc","61-65歲","女","花蓮縣","品味養生理財貴族"
"0822aa0d","31-35歲","男","苗栗縣","運動科技潮人"
"9070c1b3","41-45歲","女","新竹市","運動科技潮人"
"f2504c4d","26-30歲","女","苗栗縣","健康愛家定存控"
"ea8a573d","51-55歲","男","花蓮縣","樂動廣告品牌控"
"486d434e","31-35歲","女","台北市","物質享樂衝購族"
"ca618d5b","46-50歲","男","台南市","愛搜愛比網購客"
"e8ed3350","36-40歲","女","台北市","獨立愛遊理財新手"
"7bc1b303","51-55歲","男","新北市","樂動廣告品牌控"
"18541a5d","36-40歲","女","新竹縣","物質享樂衝購族"
"d9d9225b","31-35歲","女","台北市","運動科技潮人"
"8168e8f7","36-40歲","女","屏東縣","物質享樂衝購族"
"3cc39a95","26-30歲","女","新竹縣","健康愛家定存控"
"46e278b9","36-40歲","女","台中市","物質享樂衝購族"
"bc4e42a0","46-50歲","女","桃園市","運動科技潮人"
"5e323c06","31-35歲","女","新竹縣","健康愛家定存控"
"72b31a5b","36-40歲","女","苗栗縣","物質享樂衝購族"
"bb1fa785","36-40歲","男","台中市","樂動廣告品牌控"
"b3c8ec1e","31-35歲","女","新北市","健康愛家定存控"
"9c8abbf3","36-40歲","女","新竹縣","樂動廣告品牌控"
"e9890618","31-35歲","女","新竹縣","健康愛家定存控"
"2f54189a","51-55歲","女","新竹縣","物質享樂衝購族"
"f36615b2","31-35歲","女","新竹縣","物質享樂衝購族"
"300f2b2b","51-55歲","男","台中市","樂動廣告品牌控"
"249c4b13","26-30歲","女","新竹縣","物質享樂衝購族"
"eaf4c7af","31-35歲","女","新北市","樂動廣告品牌控"
"21a1d25e","41-45歲","男","新竹縣","運動科技潮人"
"acf09609","36-40歲","男","桃園市","運動科技潮人"
"fcc05b0f","26-30歲","女","嘉義縣","健康愛家定存控"
"4d9375ab","31-35歲","女","新竹縣","樂動廣告品牌控"
"4c1fa7bb","31-35歲","女","台中市","物質享樂衝購族"
"0ec105a7","41-45歲","女","新竹縣","樂動廣告品牌控"
"3ef73ced","46-50歲","女","新竹縣","樂動廣告品牌控"
"2490cbeb","46-50歲","女","台南市","品味養生理財貴族"
"1059ae2d","31-35歲","女","台北市","健康愛家定存控"
"c030088e","51-55歲","男","台南市","運動科技潮人"
"2fb3e843","41-45歲","女","新竹縣","物質享樂衝購族"
"c7e0d910","36-40歲","女","新北市","樂動廣告品牌控"
"29f1c8e2","26-30歲","女","新北市","運動科技潮人"
"770e0435","46-50歲","女","彰化縣","健康愛家定存控"
"5b3ee1ac","51-55歲","男","台中市","運動科技潮人"
"9744cc48","51-55歲","女","新北市","健康愛家定存控"
"bee0ec9b","41-45歲","女","彰化縣","物質享樂衝購族"
"9da7a50c","46-50歲","女","苗栗縣","獨立愛遊理財新手"
"7968f985","41-45歲","男","彰化縣","健康愛家定存控"
"3216a389","31-35歲","女","新北市","健康愛家定存控"
"b8def00a","26-30歲","女","新竹縣","獨立愛遊理財新手"
"e71fd238","31-35歲","女","桃園市","網購社媒手機迷"
"a806ba1f","31-35歲","女","彰化縣","物質享樂衝購族"
"777934d0","36-40歲","女","新北市","網購社媒手機迷"
"3275029c","31-35歲","女","新竹縣","健康愛家定存控"
"a4853109","41-45歲","女","高雄市","品味養生理財貴族"
"cfe22c60","36-40歲","女","桃園市","品味養生理財貴族"
"c7e38f8e","31-35歲","男","台北市","運動科技潮人"
"721dc368","31-35歲","男","新竹縣","運動科技潮人"
"bcca6198","41-45歲","女","高雄市","網購社媒手機迷"
"a44ab674","46-50歲","女","新竹縣","樂動廣告品牌控"
"f6a16218","41-45歲","女","苗栗縣","健康愛家定存控"
"42a09d00","36-40歲","女","彰化縣","物質享樂衝購族"
"bb2ff6c2","36-40歲","男","新竹縣","物質享樂衝購族"
"917b181e","36-40歲","女","新北市","健康愛家定存控"
"eadf4cdb","26-30歲","女","苗栗縣","網購社媒手機迷"
"0b36c456","41-45歲","女","新竹縣","健康愛家定存控"
"e6e0c4dd","31-35歲","女","桃園市","運動科技潮人"
"3188c20b","41-45歲","女","苗栗縣","傳統保健理財族"
"7db37188","31-35歲","男","彰化縣","樂動廣告品牌控"
"ada32e76","46-50歲","女","彰化縣","品味養生理財貴族"
"0ff22f4b","36-40歲","女","新竹縣","獨立愛遊理財新手"
"5d14ef47","41-45歲","女","新北市","品味養生理財貴族"
"9607d780","41-45歲","男","新北市","樂動廣告品牌控"
"a6268c09","26-30歲","男","新竹縣","樂動廣告品牌控"
"3a113b12","61-65歲","男","台北市","愛搜愛比網購客"
"e8be037a","51-55歲","女","台中市","健康愛家定存控"
"61a9a949","31-35歲","男","新北市","運動科技潮人"
"ba2e7939","31-35歲","女","苗栗縣","物質享樂衝購族"
"0dfb5c04","36-40歲","女","台中市","物質享樂衝購族"
"bbeafa1b","46-50歲","女","台中市","網購社媒手機迷"
"f0ec0f4b","41-45歲","男","新竹縣","運動科技潮人"
"08d2f297","46-50歲","男","新竹市","運動科技潮人"
"9187e0c4","31-35歲","女","桃園市","健康愛家定存控"
"a26cc3fe","31-35歲","男","苗栗縣","運動科技潮人"
"1831eedf","46-50歲","男","台中市","樂動廣告品牌控"
"789da9db","31-35歲","男","新北市","運動科技潮人"
"f7f77212","26-30歲","女","新竹縣","物質享樂衝購族"
"7ce747a2","31-35歲","男","桃園市","樂動廣告品牌控"
"a3dd3d56","46-50歲","女","台南市","品味養生理財貴族"
"f37dd485","51-55歲","女","新竹縣","網購社媒手機迷"
"3a931bed","31-35歲","女","台北市","物質享樂衝購族"
"65111013","31-35歲","女","台中市","獨立愛遊理財新手"
"94dee1dc","36-40歲","男","新竹縣","樂動廣告品牌控"
"cf2966b6","31-35歲","男","台南市","樂動廣告品牌控"
"3a8fa544","46-50歲","女","新北市","愛搜愛比網購客"
"65cf6136","31-35歲","女","屏東縣","網購社媒手機迷"
"ae0aa132","46-50歲","女","新北市","物質享樂衝購族"
"9acf0ced","31-35歲","女","桃園市","健康愛家定存控"
"ac4d40e8","51-55歲","男","新北市","網購社媒手機迷"
"08e1c62b","26-30歲","女","桃園市","物質享樂衝購族"
"bb5d163e","31-35歲","男","台南市","樂動廣告品牌控"
"07c2702a","41-45歲","女","台中市","品味養生理財貴族"
"83e5e9c2","31-35歲","男","新北市","運動科技潮人"
"869a97ff","46-50歲","女","新北市","運動科技潮人"
"3ca03d0a","31-35歲","女","桃園市","物質享樂衝購族"
"d9a9909f","46-50歲","女","彰化縣","健康愛家定存控"
"7ccb410e","41-45歲","女","新竹市","傳統保健理財族"
"538c3dc4","61-65歲","女","新竹縣","品味養生理財貴族"
"1c00f850","36-40歲","女","新竹縣","品味養生理財貴族"
"8baaa529","41-45歲","女","宜蘭縣","健康愛家定存控"
"7945b3df","41-45歲","女","台北市","品味養生理財貴族"
"de3f72c1","21-25歲","女","台北市","網購社媒手機迷"
"fc89294a","21-25歲","男","南投縣","獨立愛遊理財新手"
"aaf4fefe","36-40歲","男","新竹市","運動科技潮人"
"67b6b78a","46-50歲","男","苗栗縣","樂動廣告品牌控"
"12f0d7cc","36-40歲","女","台中市","獨立愛遊理財新手"
"5679f73e","31-35歲","女","新竹縣","物質享樂衝購族"
"3a06df9a","31-35歲","女","新竹市","網購社媒手機迷"
"50a36af0","26-30歲","女","高雄市","健康愛家定存控"
"e6547435","46-50歲","女","台北市","運動科技潮人"
"548187c6","46-50歲","女","高雄市","樂動廣告品牌控"
"23c79382","36-40歲","女","宜蘭縣","健康愛家定存控"
"15be0027","31-35歲","女","新竹縣","品味養生理財貴族"
"9407216a","36-40歲","女","桃園市","傳統保健理財族"
"5d199b76","31-35歲","女","新北市","物質享樂衝購族"
"f38e4f9f","26-30歲","女","台中市","物質享樂衝購族"
"5da0f667","36-40歲","男","花蓮縣","運動科技潮人"
"dec68cb6","41-45歲","男","新竹縣","運動科技潮人"
"1aba8178","41-45歲","男","新北市","愛搜愛比網購客"
"fc04d23c","51-55歲","女","新北市","傳統保健理財族"
"09571274","31-35歲","女","高雄市","物質享樂衝購族"
"5ad8de70","31-35歲","女","苗栗縣","健康愛家定存控"
"0fbf57c9","56-60歲","女","新北市","網購社媒手機迷"
"462ef1aa","36-40歲","男","台中市","網購社媒手機迷"
"50c30335","36-40歲","女","新北市","品味養生理財貴族"
"14ae79c8","46-50歲","男","台南市","樂動廣告品牌控"
"005549cd","31-35歲","女","台中市","獨立愛遊理財新手"
"80b43f66","41-45歲","女","彰化縣","物質享樂衝購族"
"d54a5812","41-45歲","男","台中市","運動科技潮人"
"486af4d8","41-45歲","女","台南市","物質享樂衝購族"
"d99d63f6","56-60歲","女","新北市","網購社媒手機迷"
"580183f3","26-30歲","男","彰化縣","獨立愛遊理財新手"
"875feb31","51-55歲","女","新北市","愛搜愛比網購客"
"14aa614b","36-40歲","女","桃園市","網購社媒手機迷"
"9abcc205","46-50歲","女","台中市","愛搜愛比網購客"
"a938a910","31-35歲","男","彰化縣","運動科技潮人"
"b54d8df7","51-55歲","男","高雄市","愛搜愛比網購客"
"1841136f","26-30歲","男","苗栗縣","運動科技潮人"
"36fff923","26-30歲","女","苗栗縣","物質享樂衝購族"
"c28f1fcf","31-35歲","女","新竹縣","樂動廣告品牌控"
"193b8a34","36-40歲","女","新北市","健康愛家定存控"
"7bb693b5","31-35歲","男","新北市","運動科技潮人"
"f6752f09","51-55歲","男","台南市","健康愛家定存控"
"bfb5cb9d","26-30歲","女","新竹縣","健康愛家定存控"
"dc2d9a22","31-35歲","男","桃園市","運動科技潮人"
"d47bc67b","41-45歲","女","高雄市","獨立愛遊理財新手"
"5fbf7a41","31-35歲","女","雲林縣","健康愛家定存控"
"56d0845c","36-40歲","女","新北市","傳統保健理財族"
"68c96cbc","46-50歲","女","新北市","網購社媒手機迷"
"090c8f41","26-30歲","女","新竹縣","物質享樂衝購族"
"19ebb6f5","36-40歲","女","新竹縣","物質享樂衝購族"
"6fdee849","41-45歲","女","台北市","運動科技潮人"
"71c8629d","51-55歲","女","台中市","樂動廣告品牌控"
"9bff3c4c","26-30歲","女","新竹縣","物質享樂衝購族"
"6dd1cbff","36-40歲","女","新竹縣","物質享樂衝購族"
"7c82e1b3","41-45歲","女","台南市","物質享樂衝購族"
"6a5f2df5","36-40歲","女","台北市","物質享樂衝購族"
"01581a01","41-45歲","女","新竹縣","獨立愛遊理財新手"
"52d03ea7","31-35歲","女","桃園市","物質享樂衝購族"
"1120579c","41-45歲","女","台北市","品味養生理財貴族"
"8c6f6256","46-50歲","女","台中市","物質享樂衝購族"
"873a6788","41-45歲","女","新北市","運動科技潮人"
"402f5123","26-30歲","女","台北市","獨立愛遊理財新手"
"1f570346","31-35歲","男","新竹縣","運動科技潮人"
"f862f51c","46-50歲","女","台南市","健康愛家定存控"
"109aec48","56-60歲","男","桃園市","樂動廣告品牌控"
"4575f9b1","41-45歲","男","新竹市","運動科技潮人"
"b379b6ad","36-40歲","女","台北市","網購社媒手機迷"
"f11eadb7","56-60歲","男","台中市","樂動廣告品牌控"
"d47e6d2a","41-45歲","女","新北市","品味養生理財貴族"
"325dba01","46-50歲","女","台中市","健康愛家定存控"
"60d91d31","46-50歲","男","新北市","愛搜愛比網購客"
"b0c215ab","46-50歲","女","台北市","品味養生理財貴族"
"f8e370c3","26-30歲","男","台南市","運動科技潮人"
"781532fb","41-45歲","女","桃園市","品味養生理財貴族"
"08ffed40","26-30歲","男","嘉義縣","樂動廣告品牌控"
"e58b8ae7","36-40歲","女","台中市","健康愛家定存控"
"c5bb5335","31-35歲","女","新北市","樂動廣告品牌控"
"49936e83","41-45歲","男","苗栗縣","運動科技潮人"
"c2015ba8","46-50歲","女","新北市","品味養生理財貴族"
"a8ee4f76","41-45歲","女","新北市","傳統保健理財族"
"52bab7e0","46-50歲","女","新北市","樂動廣告品牌控"
"b8d536df","46-50歲","男","台北市","樂動廣告品牌控"
"f01722cf","31-35歲","男","新竹縣","樂動廣告品牌控"
"8803ab38","26-30歲","女","彰化縣","物質享樂衝購族"
"2108c182","46-50歲","女","台北市","愛搜愛比網購客"
"7b0aa5ce","31-35歲","男","桃園市","運動科技潮人"
"fcdc3e8d","41-45歲","女","台北市","獨立愛遊理財新手"
"812c8740","36-40歲","男","南投縣","健康愛家定存控"
"9fb2807f","36-40歲","男","雲林縣","運動科技潮人"
"76eaf6cf","31-35歲","男","台中市","運動科技潮人"
"6f3cc69d","41-45歲","女","台北市","品味養生理財貴族"
"e8fc7f8e","36-40歲","女","新竹縣","樂動廣告品牌控"
"7e3affaa","41-45歲","男","南投縣","健康愛家定存控"
"068e7e1d","31-35歲","女","苗栗縣","物質享樂衝購族"
"dffb784d","26-30歲","女","苗栗縣","健康愛家定存控"
"65b4f731","46-50歲","女","苗栗縣","物質享樂衝購族"
"1586a0cc","31-35歲","女","台南市","物質享樂衝購族"
"ebe0fd1a","56-60歲","女","台南市","品味養生理財貴族"
"45df5890","31-35歲","女","台北市","健康愛家定存控"
"d716e926","36-40歲","男","台中市","樂動廣告品牌控"
"525d207c","31-35歲","男","新北市","運動科技潮人"
"e0e076bc","31-35歲","女","苗栗縣","網購社媒手機迷"
"a1904859","31-35歲","女","彰化縣","物質享樂衝購族"
"9018d342","36-40歲","女","新北市","傳統保健理財族"
"0f70732f","41-45歲","女","台中市","品味養生理財貴族"
"884ae73f","46-50歲","女","雲林縣","健康愛家定存控"
"7efac278","51-55歲","女","苗栗縣","品味養生理財貴族"
"298ec7bd","31-35歲","女","新竹市","獨立愛遊理財新手"
"fb7ebe50","41-45歲","女","彰化縣","品味養生理財貴族"
"0a616c83","41-45歲","男","雲林縣","運動科技潮人"
"63c4990f","41-45歲","女","台中市","運動科技潮人"
"283c60cd","31-35歲","女","台中市","物質享樂衝購族"
"2bae3536","31-35歲","女","高雄市","物質享樂衝購族"
"8d140d33","41-45歲","女","新竹縣","健康愛家定存控"
"1f5125b8","31-35歲","女","桃園市","運動科技潮人"
"10416f88","46-50歲","女","台南市","健康愛家定存控"
"ab6f51ff","41-45歲","女","台中市","傳統保健理財族"
"7e0a8f43","46-50歲","男","新北市","運動科技潮人"
"e2ff8e6b","31-35歲","女","桃園市","物質享樂衝購族"
"5ed187c4","31-35歲","女","桃園市","健康愛家定存控"
"260ff991","51-55歲","女","花蓮縣","傳統保健理財族"
"2fa13d9e","46-50歲","女","台中市","樂動廣告品牌控"
"6ec88831","46-50歲","女","台北市","物質享樂衝購族"
"0ba2be41","61-65歲","女","台北市","樂動廣告品牌控"
"c159333d","61-65歲","女","苗栗縣","獨立愛遊理財新手"
"343a6e0d","36-40歲","女","苗栗縣","樂動廣告品牌控"
"02e9d904","46-50歲","女","苗栗縣","傳統保健理財族"
"7fa5c2b8","36-40歲","女","新竹縣","物質享樂衝購族"
"fc207c25","41-45歲","女","新北市","物質享樂衝購族"
"166d93bb","31-35歲","女","新竹縣","物質享樂衝購族"
"c6ad483c","46-50歲","女","新北市","網購社媒手機迷"
"b54c292b","46-50歲","女","新竹縣","品味養生理財貴族"
"76a431ae","36-40歲","女","台北市","物質享樂衝購族"
"144389d6","26-30歲","女","新竹縣","物質享樂衝購族"
"f08d6973","31-35歲","男","新竹市","運動科技潮人"
"45e3ec7a","26-30歲","女","新竹市","健康愛家定存控"
"08c828b8","36-40歲","女","新北市","健康愛家定存控"
"db40b636","41-45歲","女","新竹縣","物質享樂衝購族"
"f8aae650","36-40歲","女","台北市","運動科技潮人"
"4a019da6","36-40歲","女","高雄市","健康愛家定存控"
"eb17318b","61-65歲","女","台北市","樂動廣告品牌控"
"48331042","46-50歲","女","新竹縣","物質享樂衝購族"
"6c9b06c9","41-45歲","女","嘉義市","樂動廣告品牌控"
"6a3a637e","31-35歲","女","新竹市","獨立愛遊理財新手"
"e264f462","31-35歲","女","台中市","物質享樂衝購族"
"0b6dcb76","56-60歲","男","台中市","愛搜愛比網購客"
"646f67a8","26-30歲","男","新北市","樂動廣告品牌控"
"a9080a2a","56-60歲","女","新北市","樂動廣告品牌控"
"48409254","41-45歲","女","苗栗縣","物質享樂衝購族"
"662e490a","26-30歲","女","新竹縣","健康愛家定存控"
"7820971c","51-55歲","女","新竹縣","物質享樂衝購族"
"3ca7c6ed","41-45歲","女","新北市","品味養生理財貴族"
"9e9efc54","51-55歲","女","新竹縣","網購社媒手機迷"
"5558168f","51-55歲","女","台北市","健康愛家定存控"
"10d2ea1f","36-40歲","女","新北市","健康愛家定存控"
"55ed5eda","46-50歲","女","屏東縣","物質享樂衝購族"
"53ca0ccf","26-30歲","女","彰化縣","網購社媒手機迷"
"22187d0e","46-50歲","女","新北市","獨立愛遊理財新手"
"3af5b7fe","51-55歲","女","台北市","傳統保健理財族"
"d19e7e8d","31-35歲","女","新竹市","物質享樂衝購族"
"bbc2b607","56-60歲","女","台中市","愛搜愛比網購客"
"7f406dd2","46-50歲","女","台北市","運動科技潮人"
"4f5dfce6","41-45歲","男","新北市","運動科技潮人"
"e03753ef","41-45歲","女","台中市","網購社媒手機迷"
"aa5495e6","41-45歲","女","台南市","傳統保健理財族"
"427a09fc","26-30歲","女","新竹縣","物質享樂衝購族"
"61ec180d","36-40歲","女","新竹縣","健康愛家定存控"
"5eb77a7e","36-40歲","女","台中市","健康愛家定存控"
"24ad2a91","41-45歲","女","新北市","品味養生理財貴族"
"6a13283e","26-30歲","女","苗栗縣","獨立愛遊理財新手"
"4903bee1","21-25歲","女","台中市","物質享樂衝購族"
"f8ddcc03","36-40歲","男","台中市","樂動廣告品牌控"
"e1fe9253","26-30歲","女","新竹市","物質享樂衝購族"
"2abf0398","51-55歲","女","花蓮縣","愛搜愛比網購客"
"50fa9e72","41-45歲","女","新北市","網購社媒手機迷"
"2fb6e3c7","51-55歲","女","新竹縣","樂動廣告品牌控"
"56697017","46-50歲","男","台中市","運動科技潮人"
"6f2ccf49","36-40歲","女","新北市","物質享樂衝購族"
"fe003678","56-60歲","女","嘉義市","品味養生理財貴族"
"878b061a","36-40歲","女","雲林縣","物質享樂衝購族"
"822ce2ad","31-35歲","男","桃園市","運動科技潮人"
"8d43ab44","31-35歲","女","桃園市","健康愛家定存控"
"89585303","51-55歲","女","新竹縣","愛搜愛比網購客"
"272c4269","46-50歲","女","花蓮縣","傳統保健理財族"
"cbf9dab2","51-55歲","女","台北市","品味養生理財貴族"
"82b39366","36-40歲","女","新竹縣","物質享樂衝購族"
"0302010e","41-45歲","女","台北市","傳統保健理財族"
"050473ef","41-45歲","女","台南市","樂動廣告品牌控"
"e28c4d89","36-40歲","女","新竹市","物質享樂衝購族"
"bba631e2","36-40歲","男","新竹市","運動科技潮人"
"2e38b186","46-50歲","女","苗栗縣","愛搜愛比網購客"
"93bd94c9","31-35歲","女","台北市","物質享樂衝購族"
"29d595d4","31-35歲","女","彰化縣","物質享樂衝購族"
"aa534d39","31-35歲","女","新北市","物質享樂衝購族"
"607b1a68","41-45歲","男","台北市","運動科技潮人"
"fcd70068","26-30歲","女","台北市","健康愛家定存控"
"82a8616e","26-30歲","女","桃園市","獨立愛遊理財新手"
"24a10eb3","36-40歲","女","雲林縣","物質享樂衝購族"
"240ad898","31-35歲","男","台北市","運動科技潮人"
"c533f5d2","36-40歲","女","新竹縣","樂動廣告品牌控"
"7d0f4bb8","31-35歲","男","新北市","樂動廣告品牌控"
"34f52514","36-40歲","女","彰化縣","網購社媒手機迷"
"18b9fb7f","31-35歲","女","彰化縣","物質享樂衝購族"
"835c1e58","46-50歲","女","桃園市","品味養生理財貴族"
"5cf531ed","26-30歲","男","新竹縣","運動科技潮人"
"b393f00e","36-40歲","男","台北市","運動科技潮人"
"60534f1e","31-35歲","男","新竹市","運動科技潮人"
"5b34b095","31-35歲","女","宜蘭縣","網購社媒手機迷"
"bdc23ccf","36-40歲","女","高雄市","傳統保健理財族"
"c3176ce2","36-40歲","女","苗栗縣","網購社媒手機迷"
"ed374717","56-60歲","男","基隆市","運動科技潮人"
"0e85fd59","66以上","男","桃園市","樂動廣告品牌控"
"fb7975dd","36-40歲","女","台中市","物質享樂衝購族"
"e52708de","26-30歲","女","新北市","健康愛家定存控"
"ea56c815","26-30歲","女","苗栗縣","物質享樂衝購族"
"96a9f6c4","46-50歲","男","桃園市","樂動廣告品牌控"
"f2646ae6","46-50歲","女","台南市","品味養生理財貴族"
"ee0bd54e","51-55歲","女","台南市","傳統保健理財族"
"162a6028","46-50歲","女","台北市","愛搜愛比網購客"
"e10af147","31-35歲","男","新北市","運動科技潮人"
"1404d515","41-45歲","女","雲林縣","網購社媒手機迷"
"47ec866f","31-35歲","女","台北市","網購社媒手機迷"
"4d8fb07c","41-45歲","女","台南市","網購社媒手機迷"
"d1cf63fb","51-55歲","女","新竹縣","品味養生理財貴族"
"2b6ba759","26-30歲","男","新竹縣","樂動廣告品牌控"
"71249b55","46-50歲","男","新竹縣","運動科技潮人"
"7125101a","36-40歲","女","新竹縣","物質享樂衝購族"
"a8201008","36-40歲","女","桃園市","物質享樂衝購族"
"05bf12e0","31-35歲","女","苗栗縣","物質享樂衝購族"
"6dd6915c","36-40歲","女","台南市","物質享樂衝購族"
"a9b89f7c","36-40歲","女","新竹縣","物質享樂衝購族"
"1bed8f45","36-40歲","女","台北市","運動科技潮人"
"c517a153","26-30歲","女","南投縣","健康愛家定存控"
"563139cc","36-40歲","女","高雄市","樂動廣告品牌控"
"e1fb47f7","41-45歲","女","台中市","健康愛家定存控"
"31ef92ae","51-55歲","女","新竹縣","健康愛家定存控"
"b086e18c","51-55歲","女","苗栗縣","品味養生理財貴族"
"9054ae94","41-45歲","男","台中市","運動科技潮人"
"db73a0a0","51-55歲","女","花蓮縣","品味養生理財貴族"
"6a4e01fe","51-55歲","女","屏東縣","品味養生理財貴族"
"02af7691","26-30歲","女","新竹縣","物質享樂衝購族"
"aad2df7f","31-35歲","女","新北市","物質享樂衝購族"
"2fbaead3","51-55歲","女","台北市","愛搜愛比網購客"
"bb54f06a","31-35歲","女","高雄市","物質享樂衝購族"
"9a6aaee1","41-45歲","女","台中市","傳統保健理財族"
"7b49b34a","36-40歲","女","新北市","品味養生理財貴族"
"f766371e","21-25歲","女","台南市","獨立愛遊理財新手"
"15da737c","41-45歲","男","桃園市","運動科技潮人"
"80934e4c","41-45歲","女","新竹縣","物質享樂衝購族"
"da0f6a02","26-30歲","女","苗栗縣","物質享樂衝購族"
"96f63d1f","46-50歲","男","台北市","運動科技潮人"
"0d343d03","51-55歲","女","苗栗縣","獨立愛遊理財新手"
"09064c3f","41-45歲","女","苗栗縣","獨立愛遊理財新手"
"037d5d9f","31-35歲","男","新竹縣","運動科技潮人"
"b791b053","31-35歲","女","桃園市","健康愛家定存控"
"4a81dbcf","51-55歲","女","苗栗縣","樂動廣告品牌控"
"d6ba5b50","41-45歲","女","桃園市","網購社媒手機迷"
"15af0c5e","36-40歲","女","新竹縣","網購社媒手機迷"
"c7214760","36-40歲","女","台北市","品味養生理財貴族"
"560cc304","31-35歲","女","新竹市","物質享樂衝購族"
"5beec13f","46-50歲","男","新竹縣","運動科技潮人"
"e5f209ec","46-50歲","女","台北市","網購社媒手機迷"
"7cfefa12","31-35歲","男","新竹縣","運動科技潮人"
"b1999f3c","41-45歲","女","新竹縣","傳統保健理財族"
"fa787e89","41-45歲","男","新竹縣","樂動廣告品牌控"
"364b9e19","51-55歲","男","新北市","運動科技潮人"
"b467ed14","51-55歲","女","新北市","網購社媒手機迷"
"e82363b3","46-50歲","女","新竹縣","樂動廣告品牌控"
"47185dd7","51-55歲","女","新北市","樂動廣告品牌控"
"05a4d1cd","26-30歲","女","桃園市","運動科技潮人"
"df484724","26-30歲","女","花蓮縣","獨立愛遊理財新手"
"ee4462c9","41-45歲","女","台北市","獨立愛遊理財新手"
"78271f06","61-65歲","女","台北市","品味養生理財貴族"
"a7a3a8fa","51-55歲","女","台南市","品味養生理財貴族"
"40df4539","36-40歲","女","新竹縣","品味養生理財貴族"
"fa35366c","31-35歲","女","台北市","物質享樂衝購族"
"01851e2a","31-35歲","男","桃園市","運動科技潮人"
"c8c39373","56-60歲","女","苗栗縣","品味養生理財貴族"
"93c89fa8","36-40歲","女","新竹縣","物質享樂衝購族"
"984e28fe","46-50歲","女","新北市","獨立愛遊理財新手"
"1c3cfda9","36-40歲","女","新竹縣","傳統保健理財族"
"badbe43d","36-40歲","女","新北市","健康愛家定存控"
"369985c0","21-25歲","男","花蓮縣","運動科技潮人"
"fa0d413d","46-50歲","男","台北市","運動科技潮人"
"da2fc01d","41-45歲","女","台北市","品味養生理財貴族"
"07d86930","26-30歲","女","新北市","物質享樂衝購族"
"8e4cd8d6","36-40歲","男","台南市","樂動廣告品牌控"
"b7742808","31-35歲","女","新北市","健康愛家定存控"
"40a4aa20","41-45歲","女","台北市","獨立愛遊理財新手"
"54109298","36-40歲","女","台北市","獨立愛遊理財新手"
"ce75f0ed","36-40歲","女","南投縣","物質享樂衝購族"
"e360d44c","31-35歲","男","新竹縣","運動科技潮人"
"43ced509","31-35歲","女","桃園市","傳統保健理財族"
"7d71687e","36-40歲","女","新北市","品味養生理財貴族"
"f3fd4895","56-60歲","女","台北市","物質享樂衝購族"
"87a9f714","26-30歲","男","新竹縣","樂動廣告品牌控"
"67dd0a28","46-50歲","女","嘉義市","品味養生理財貴族"
"9eb8414f","36-40歲","女","新竹市","網購社媒手機迷"
"47711771","41-45歲","女","台中市","獨立愛遊理財新手"
"4e4dd101","26-30歲","女","新北市","健康愛家定存控"
"8ecacacc","31-35歲","女","桃園市","運動科技潮人"
"bd718bb1","41-45歲","女","台北市","品味養生理財貴族"
"d74217bc","41-45歲","女","新北市","物質享樂衝購族"
"9cb91419","31-35歲","女","台北市","健康愛家定存控"
"5404733a","61-65歲","女","台北市","獨立愛遊理財新手"
"e1880703","41-45歲","女","台中市","品味養生理財貴族"
"a2485ecd","31-35歲","女","台中市","健康愛家定存控"
"0277824b","36-40歲","女","新竹縣","健康愛家定存控"
"2538a209","26-30歲","男","苗栗縣","健康愛家定存控"
"fac7e1a6","46-50歲","女","台南市","健康愛家定存控"
"22141145","51-55歲","女","新竹縣","網購社媒手機迷"
"94776e98","56-60歲","女","台北市","品味養生理財貴族"
"49ea6c26","46-50歲","女","彰化縣","獨立愛遊理財新手"
"4b179c47","26-30歲","男","花蓮縣","獨立愛遊理財新手"
"c21798f5","46-50歲","女","台南市","物質享樂衝購族"
"70f96976","46-50歲","女","新北市","獨立愛遊理財新手"
"9bde8cf1","46-50歲","女","彰化縣","傳統保健理財族"
"b68d3c43","51-55歲","男","台北市","運動科技潮人"
"bffdd2b6","26-30歲","女","新竹縣","健康愛家定存控"
"af2ff28e","36-40歲","男","台中市","運動科技潮人"
"b5e41291","31-35歲","女","苗栗縣","物質享樂衝購族"
"1f655617","51-55歲","男","新北市","健康愛家定存控"
"621f9773","41-45歲","女","花蓮縣","樂動廣告品牌控"
"5ee8e484","51-55歲","女","花蓮縣","健康愛家定存控"
"475a5cf3","36-40歲","女","台北市","運動科技潮人"
"edf76803","41-45歲","女","彰化縣","獨立愛遊理財新手"
"b1333c51","51-55歲","女","新北市","品味養生理財貴族"
"d9964475","36-40歲","女","新北市","物質享樂衝購族"
"0e38c794","56-60歲","女","苗栗縣","樂動廣告品牌控"
"813d91ee","46-50歲","女","新竹市","物質享樂衝購族"
"91faf76d","56-60歲","女","桃園市","樂動廣告品牌控"
"370149e8","26-30歲","女","新北市","健康愛家定存控"
"6d6fafe1","41-45歲","女","新竹縣","愛搜愛比網購客"
"0849d47e","36-40歲","女","花蓮縣","樂動廣告品牌控"
"eb6b0f8c","46-50歲","女","花蓮縣","獨立愛遊理財新手"
"e6e2a5ca","41-45歲","女","新北市","網購社媒手機迷"
"897c2163","26-30歲","男","彰化縣","健康愛家定存控"
"91f11bce","26-30歲","女","嘉義縣","獨立愛遊理財新手"
"33df473f","36-40歲","女","新竹縣","物質享樂衝購族"
"8f9325f1","21-25歲","女","高雄市","網購社媒手機迷"
"83ed7092","26-30歲","女","彰化縣","健康愛家定存控"
"31f58029","26-30歲","女","台北市","健康愛家定存控"
"fd83c87b","31-35歲","男","桃園市","運動科技潮人"
"fdd0cb9b","36-40歲","男","台中市","樂動廣告品牌控"
"21bbc1ca","41-45歲","男","新竹縣","愛搜愛比網購客"
"40642365","36-40歲","女","南投縣","品味養生理財貴族"
"e2cd6f39","31-35歲","女","桃園市","健康愛家定存控"
"e89234a2","41-45歲","女","桃園市","獨立愛遊理財新手"
"181ba282","26-30歲","女","新竹市","物質享樂衝購族"
"45c729b8","26-30歲","男","台中市","運動科技潮人"
"55756eb5","36-40歲","女","花蓮縣","樂動廣告品牌控"
"b715b202","56-60歲","女","花蓮縣","傳統保健理財族"
"3ad7ae40","36-40歲","女","新竹縣","物質享樂衝購族"
"ffa24245","51-55歲","女","台北市","傳統保健理財族"
"43b5d68a","31-35歲","男","桃園市","運動科技潮人"
"d0a7c096","26-30歲","女","新竹縣","物質享樂衝購族"
"1375118c","41-45歲","男","新竹縣","健康愛家定存控"
"ab6c49c3","41-45歲","男","彰化縣","樂動廣告品牌控"
"12fb2fba","41-45歲","女","新竹縣","物質享樂衝購族"
"2c89dd43","31-35歲","女","新北市","健康愛家定存控"
"a515db51","41-45歲","男","新北市","運動科技潮人"
"984e3b10","31-35歲","女","新竹縣","物質享樂衝購族"
"a955d9d3","26-30歲","男","苗栗縣","樂動廣告品牌控"
"7a916c11","51-55歲","女","花蓮縣","獨立愛遊理財新手"
"c207a38e","41-45歲","女","桃園市","運動科技潮人"
"8fe62956","46-50歲","女","花蓮縣","物質享樂衝購族"
"d6ec6cec","31-35歲","女","宜蘭縣","健康愛家定存控"
"8a23beb7","41-45歲","女","台北市","獨立愛遊理財新手"
"2b8580db","26-30歲","女","台北市","健康愛家定存控"
"387667d6","46-50歲","女","新北市","獨立愛遊理財新手"
"692dc65d","56-60歲","女","彰化縣","健康愛家定存控"
"9dd6415f","31-35歲","女","新竹縣","物質享樂衝購族"
"b53f1061","36-40歲","女","南投縣","樂動廣告品牌控"
"834e5498","31-35歲","女","台北市","健康愛家定存控"
"b52e9f69","61-65歲","女","新北市","健康愛家定存控"
"6f0b4271","41-45歲","女","苗栗縣","物質享樂衝購族"
"fd88d063","46-50歲","男","屏東縣","愛搜愛比網購客"
"25eed11f","36-40歲","女","高雄市","健康愛家定存控"
"9d542ed5","31-35歲","女","新竹縣","物質享樂衝購族"
"60639c1e","46-50歲","女","桃園市","物質享樂衝購族"
"036e8478","31-35歲","男","新北市","運動科技潮人"
"4a55acaa","56-60歲","女","台北市","傳統保健理財族"
"813522e3","46-50歲","女","台南市","物質享樂衝購族"
"f9428f25","31-35歲","女","桃園市","健康愛家定存控"
"c7ec78f5","31-35歲","女","台南市","網購社媒手機迷"
"8022897a","41-45歲","女","新竹縣","網購社媒手機迷"
"fce897ee","51-55歲","男","新北市","運動科技潮人"
"e96abff3","41-45歲","男","苗栗縣","運動科技潮人"
"3e675bbe","31-35歲","女","宜蘭縣","運動科技潮人"
"1fce9b49","31-35歲","女","彰化縣","健康愛家定存控"
"ec5520ff","41-45歲","男","高雄市","愛搜愛比網購客"
"ec362713","31-35歲","女","新北市","運動科技潮人"
"d24f8f55","36-40歲","女","台中市","物質享樂衝購族"
"649fb6bb","36-40歲","女","彰化縣","物質享樂衝購族"
"6675ea04","41-45歲","女","台北市","物質享樂衝購族"
"4237f5ab","46-50歲","男","高雄市","愛搜愛比網購客"
"9cb02be5","41-45歲","男","高雄市","運動科技潮人"
"d66b5438","36-40歲","女","新竹縣","物質享樂衝購族"
"d14db745","41-45歲","男","嘉義市","愛搜愛比網購客"
"868300b0","26-30歲","女","花蓮縣","獨立愛遊理財新手"
"161b0838","26-30歲","女","花蓮縣","獨立愛遊理財新手"
"3dfede79","31-35歲","女","宜蘭縣","獨立愛遊理財新手"
"f84cb38e","31-35歲","女","新北市","樂動廣告品牌控"
"f028c8f6","26-30歲","女","台中市","獨立愛遊理財新手"
"6d88a6f1","51-55歲","男","新北市","愛搜愛比網購客"
"e1c89f96","31-35歲","女","彰化縣","物質享樂衝購族"
"7d1bcac8","41-45歲","女","台南市","物質享樂衝購族"
"3fdaef88","56-60歲","男","苗栗縣","健康愛家定存控"
"3f30e331","26-30歲","男","新竹縣","運動科技潮人"
"5b6ed391","41-45歲","男","台北市","樂動廣告品牌控"
"b204259f","36-40歲","女","新竹縣","傳統保健理財族"
"062898b0","36-40歲","男","屏東縣","運動科技潮人"
"b1ad1699","51-55歲","男","新北市","健康愛家定存控"
"e98afa6a","41-45歲","女","苗栗縣","獨立愛遊理財新手"
"74052cc3","41-45歲","女","台北市","品味養生理財貴族"
"cd87bcef","66以上","女","台中市","健康愛家定存控"
"07b561d8","51-55歲","女","台南市","品味養生理財貴族"
"69d729bc","31-35歲","女","新竹市","運動科技潮人"
"e6b99fe0","36-40歲","女","新北市","傳統保健理財族"
"ed7b1782","51-55歲","女","高雄市","網購社媒手機迷"
"4b389636","31-35歲","女","台中市","物質享樂衝購族"
"f717ddc1","31-35歲","女","台中市","物質享樂衝購族"
"301c28c1","31-35歲","男","新北市","運動科技潮人"
"bc38f25d","46-50歲","女","新北市","網購社媒手機迷"
"fc0806ec","31-35歲","男","台北市","運動科技潮人"
"b4d6b7ee","26-30歲","男","基隆市","運動科技潮人"
"9d37719d","41-45歲","女","花蓮縣","物質享樂衝購族"
"1ee9e9f9","31-35歲","女","高雄市","物質享樂衝購族"
"fa56285a","41-45歲","男","彰化縣","運動科技潮人"
"f3f8f3dd","36-40歲","女","雲林縣","網購社媒手機迷"
"aa03d7f8","26-30歲","女","苗栗縣","物質享樂衝購族"
"c12729a4","46-50歲","女","新北市","愛搜愛比網購客"
"19102ee3","46-50歲","女","苗栗縣","網購社媒手機迷"
"ff5c731a","36-40歲","男","新北市","樂動廣告品牌控"
"64bc72a5","36-40歲","女","新北市","網購社媒手機迷"
"551f387c","41-45歲","女","花蓮縣","網購社媒手機迷"
"783b46b4","46-50歲","男","新北市","運動科技潮人"
"164da658","46-50歲","女","台北市","品味養生理財貴族"
"5317992b","46-50歲","女","嘉義市","品味養生理財貴族"
"a62c0f9b","36-40歲","男","台中市","樂動廣告品牌控"
"0ab2fe93","26-30歲","女","台北市","網購社媒手機迷"
"d85715d0","31-35歲","女","新北市","運動科技潮人"
"c6378c49","46-50歲","女","新竹縣","獨立愛遊理財新手"
"b838ff1c","41-45歲","女","桃園市","獨立愛遊理財新手"
"0e825083","46-50歲","女","台中市","品味養生理財貴族"
"24e89ad8","41-45歲","女","台北市","物質享樂衝購族"
"d1dfab01","46-50歲","女","新北市","物質享樂衝購族"
"5ff6508e","41-45歲","男","新竹縣","運動科技潮人"
"64dcad11","36-40歲","女","台中市","網購社媒手機迷"
"afd46fb1","41-45歲","女","台中市","網購社媒手機迷"
"f8f59ee4","51-55歲","女","新竹縣","傳統保健理財族"
"a38f9ae5","31-35歲","女","桃園市","樂動廣告品牌控"
"4f4b5e7b","36-40歲","女","台中市","品味養生理財貴族"
"4c08e50d","36-40歲","女","台中市","物質享樂衝購族"
"ec72118c","31-35歲","女","新北市","健康愛家定存控"
"dac39027","41-45歲","女","新竹縣","傳統保健理財族"
"99212cbe","31-35歲","女","桃園市","獨立愛遊理財新手"
"79cadeb7","41-45歲","男","高雄市","樂動廣告品牌控"
"7b1a9a4f","66以上","女","台北市","品味養生理財貴族"
"355646ec","46-50歲","女","台中市","愛搜愛比網購客"
"87ca35cd","36-40歲","女","新北市","品味養生理財貴族"
"6d471cc2","26-30歲","女","新北市","網購社媒手機迷"
"d77be075","26-30歲","女","台南市","獨立愛遊理財新手"
"68305ed8","36-40歲","女","新北市","運動科技潮人"
"8b32e71e","41-45歲","女","新北市","品味養生理財貴族"
"3e40f7d8","31-35歲","男","新竹市","運動科技潮人"
"5d2b6e31","51-55歲","女","台中市","品味養生理財貴族"
"8d5440bd","56-60歲","男","新北市","健康愛家定存控"
"d6807c3d","36-40歲","女","台北市","運動科技潮人"
"7e404e02","36-40歲","女","台中市","樂動廣告品牌控"
"dacf05f8","41-45歲","女","台北市","健康愛家定存控"
"c2eb342f","31-35歲","女","台中市","樂動廣告品牌控"
"5cdbaf9d","56-60歲","女","台中市","健康愛家定存控"
"f364bacc","26-30歲","女","苗栗縣","健康愛家定存控"
"54427208","51-55歲","男","台中市","樂動廣告品牌控"
"ec3c2204","51-55歲","女","宜蘭縣","獨立愛遊理財新手"
"bbb9fe4e","26-30歲","女","苗栗縣","網購社媒手機迷"
"b7caa078","36-40歲","女","台北市","健康愛家定存控"
"029f639a","41-45歲","女","宜蘭縣","物質享樂衝購族"
"4072b56d","41-45歲","女","新竹縣","樂動廣告品牌控"
"3e7df1ae","56-60歲","女","彰化縣","健康愛家定存控"
"6b35e58f","36-40歲","男","南投縣","運動科技潮人"
"28cf5fa4","36-40歲","男","新竹縣","運動科技潮人"
"25140204","46-50歲","男","苗栗縣","物質享樂衝購族"
"11360fcc","41-45歲","女","台北市","樂動廣告品牌控"
"5deee355","26-30歲","女","新竹市","樂動廣告品牌控"
"1446c34f","41-45歲","女","新北市","網購社媒手機迷"
"8a7744bd","41-45歲","女","新竹縣","樂動廣告品牌控"
"16335303","46-50歲","女","彰化縣","物質享樂衝購族"
"4519c9cb","46-50歲","女","新竹縣","樂動廣告品牌控"
"5f0949f9","41-45歲","女","新竹縣","健康愛家定存控"
"39a967f0","41-45歲","女","台中市","網購社媒手機迷"
"13b2b3ec","46-50歲","男","新北市","愛搜愛比網購客"
"982459c2","41-45歲","女","苗栗縣","樂動廣告品牌控"
"164503e4","26-30歲","男","新竹縣","運動科技潮人"
"c35f16c9","31-35歲","女","台北市","獨立愛遊理財新手"
"b2e95ac0","36-40歲","男","高雄市","運動科技潮人"
"59699b7a","36-40歲","女","新竹市","健康愛家定存控"
"8e7c1cb1","51-55歲","男","新竹縣","運動科技潮人"
"83721065","31-35歲","女","新竹縣","網購社媒手機迷"
"e2f0f9f0","56-60歲","女","彰化縣","愛搜愛比網購客"
"5d237730","36-40歲","女","台中市","健康愛家定存控"
"c38c5cb0","41-45歲","男","屏東縣","樂動廣告品牌控"
"140f3cac","51-55歲","女","新竹縣","物質享樂衝購族"
"507750d4","31-35歲","女","新北市","健康愛家定存控"
"4a784e67","46-50歲","男","台北市","樂動廣告品牌控"
"e54b9c2d","26-30歲","女","新竹縣","獨立愛遊理財新手"
"e045014e","41-45歲","男","基隆市","運動科技潮人"
"a35422d7","31-35歲","女","高雄市","樂動廣告品牌控"
"d50368a4","46-50歲","女","新竹縣","傳統保健理財族"
"a9d4dfb0","51-55歲","女","新北市","網購社媒手機迷"
"c8ee94dc","41-45歲","女","新竹縣","獨立愛遊理財新手"
"799bed58","41-45歲","男","新北市","愛搜愛比網購客"
"0a361c08","31-35歲","女","苗栗縣","健康愛家定存控"
"a8314f83","41-45歲","女","新竹縣","健康愛家定存控"
"7c48367d","36-40歲","女","苗栗縣","物質享樂衝購族"
"54ba28df","31-35歲","女","嘉義縣","健康愛家定存控"
"f1422768","36-40歲","女","新北市","網購社媒手機迷"
"b24061cb","46-50歲","女","高雄市","品味養生理財貴族"
"ae6195e4","46-50歲","女","新竹縣","品味養生理財貴族"
"917d9cad","61-65歲","男","台北市","愛搜愛比網購客"
"3bf2eaad","41-45歲","女","台中市","獨立愛遊理財新手"
"734cd94f","46-50歲","女","苗栗縣","網購社媒手機迷"
"4c9fb0be","41-45歲","女","新竹縣","樂動廣告品牌控"
"0d21b339","51-55歲","女","花蓮縣","物質享樂衝購族"
"6503f8ae","41-45歲","男","台北市","運動科技潮人"
"074df25b","41-45歲","女","苗栗縣","健康愛家定存控"
"f5cfbfa8","31-35歲","女","桃園市","健康愛家定存控"
"7244ed5f","41-45歲","男","新竹縣","運動科技潮人"
"89417ad6","26-30歲","男","台北市","樂動廣告品牌控"
"334c892b","51-55歲","女","新北市","愛搜愛比網購客"
"bee09ee3","61-65歲","男","苗栗縣","樂動廣告品牌控"
"a07fbaf0","46-50歲","女","宜蘭縣","健康愛家定存控"
"22c2bc82","31-35歲","女","彰化縣","網購社媒手機迷"
"99f278b0","46-50歲","女","台南市","網購社媒手機迷"
"cf60a604","56-60歲","女","新北市","樂動廣告品牌控"
"5bee67cb","41-45歲","男","桃園市","運動科技潮人"
"f4f08c72","41-45歲","女","苗栗縣","物質享樂衝購族"
"799d40e3","26-30歲","女","苗栗縣","獨立愛遊理財新手"
"907c29b8","31-35歲","男","新北市","運動科技潮人"
"ff5fddf9","36-40歲","男","台南市","健康愛家定存控"
"9f2d71cf","41-45歲","女","苗栗縣","獨立愛遊理財新手"
"d5386466","41-45歲","男","台中市","樂動廣告品牌控"
"2c45ae02","51-55歲","女","新北市","樂動廣告品牌控"
"f8303c9e","26-30歲","男","台北市","運動科技潮人"
"004c7b92","51-55歲","女","台北市","樂動廣告品牌控"
"9a8c9222","31-35歲","女","新北市","樂動廣告品牌控"
"f55e90a2","31-35歲","女","新北市","健康愛家定存控"
"6f5d1a21","41-45歲","男","台中市","運動科技潮人"
"1306e497","26-30歲","女","新竹市","健康愛家定存控"
"daf35955","26-30歲","女","台中市","健康愛家定存控"
"bd2df0b3","46-50歲","女","新北市","物質享樂衝購族"
"d9e549f5","26-30歲","男","新北市","運動科技潮人"
"47cfba5f","46-50歲","男","雲林縣","樂動廣告品牌控"
"e05c3842","26-30歲","女","台中市","獨立愛遊理財新手"
"76d9d6fe","51-55歲","女","桃園市","品味養生理財貴族"
"8287feb9","31-35歲","女","桃園市","物質享樂衝購族"
"edfad30b","36-40歲","男","宜蘭縣","樂動廣告品牌控"
"e694e37e","46-50歲","女","新竹縣","健康愛家定存控"
"827d88ca","31-35歲","男","新竹縣","樂動廣告品牌控"
"e6fb37c8","36-40歲","女","台中市","健康愛家定存控"
"417cc944","41-45歲","女","新北市","運動科技潮人"
"0e721a74","61-65歲","女","台南市","品味養生理財貴族"
"b8895863","41-45歲","男","宜蘭縣","運動科技潮人"
"79bc9dac","26-30歲","女","高雄市","物質享樂衝購族"
"027fa3b5","36-40歲","男","彰化縣","樂動廣告品牌控"
"4bcf02b9","51-55歲","女","花蓮縣","網購社媒手機迷"
"2207e7a2","41-45歲","女","台北市","物質享樂衝購族"
"9e050721","46-50歲","女","新北市","傳統保健理財族"
"7ee6d7f9","36-40歲","女","新北市","物質享樂衝購族"
"3be1bdcb","26-30歲","女","台中市","物質享樂衝購族"
"9e4598e4","41-45歲","女","新北市","物質享樂衝購族"
"947006d1","26-30歲","女","宜蘭縣","獨立愛遊理財新手"
"2970f949","61-65歲","女","台北市","品味養生理財貴族"
"1dad3db0","46-50歲","女","台中市","品味養生理財貴族"
"8791cf40","56-60歲","女","台北市","健康愛家定存控"
"0a87ad4f","56-60歲","男","桃園市","愛搜愛比網購客"
"6d267c79","26-30歲","女","基隆市","網購社媒手機迷"
"050227f2","56-60歲","女","新北市","網購社媒手機迷"
"780eb363","31-35歲","女","台中市","獨立愛遊理財新手"
"8b5060e3","46-50歲","女","桃園市","運動科技潮人"
"c2c82304","31-35歲","男","台中市","運動科技潮人"
"8b76f5f6","56-60歲","女","桃園市","健康愛家定存控"
"c5c155cf","36-40歲","女","新竹縣","樂動廣告品牌控"
"083011de","46-50歲","女","花蓮縣","樂動廣告品牌控"
"8cf44165","46-50歲","女","台中市","品味養生理財貴族"
"9fc70265","36-40歲","女","新北市","網購社媒手機迷"
"aff13a5b","46-50歲","女","新北市","傳統保健理財族"
"02c2b9e1","31-35歲","男","台中市","運動科技潮人"
"7a677ea6","51-55歲","女","花蓮縣","愛搜愛比網購客"
"0965a136","51-55歲","女","花蓮縣","網購社媒手機迷"
"f8c38843","36-40歲","男","台北市","運動科技潮人"
"e6e10f0d","51-55歲","女","高雄市","網購社媒手機迷"
"44126cfc","46-50歲","女","苗栗縣","樂動廣告品牌控"
"d5249f61","46-50歲","女","新北市","品味養生理財貴族"
"ca4dffde","31-35歲","男","台中市","運動科技潮人"
"bf6f1920","36-40歲","女","高雄市","網購社媒手機迷"
"683ca975","36-40歲","女","新北市","網購社媒手機迷"
"3d253735","31-35歲","女","新竹縣","樂動廣告品牌控"
"ab48c475","31-35歲","女","彰化縣","獨立愛遊理財新手"
"2aa1df5a","31-35歲","女","台南市","物質享樂衝購族"
"66b34cbc","46-50歲","女","花蓮縣","品味養生理財貴族"
"0bb6257b","46-50歲","女","花蓮縣","獨立愛遊理財新手"
"b5fe56ba","51-55歲","女","台北市","健康愛家定存控"
"06eceea4","31-35歲","女","苗栗縣","網購社媒手機迷"
"d94f2f55","46-50歲","男","彰化縣","愛搜愛比網購客"
"bac1667b","36-40歲","女","新北市","網購社媒手機迷"
"928dbffe","56-60歲","女","台北市","網購社媒手機迷"
"7c1f9926","36-40歲","女","新竹市","物質享樂衝購族"
"d17e513c","51-55歲","女","新竹縣","品味養生理財貴族"
"d92950ab","26-30歲","女","新竹縣","健康愛家定存控"
"0427e11c","46-50歲","男","台南市","運動科技潮人"
"4dfbeda6","36-40歲","男","新竹市","物質享樂衝購族"
"8fa6cbdc","36-40歲","女","桃園市","健康愛家定存控"
"5de6969b","36-40歲","女","新竹縣","樂動廣告品牌控"
"ae046116","46-50歲","女","台中市","樂動廣告品牌控"
"8b577158","46-50歲","男","台南市","樂動廣告品牌控"
"16d2b02b","46-50歲","女","台北市","網購社媒手機迷"
"2ca2edaf","36-40歲","男","新北市","運動科技潮人"
"e4a3322e","31-35歲","女","桃園市","獨立愛遊理財新手"
"02fa71d9","36-40歲","男","桃園市","運動科技潮人"
"d087a42a","41-45歲","女","新竹縣","物質享樂衝購族"
"837924ed","41-45歲","女","新北市","健康愛家定存控"
"73c872ad","41-45歲","男","新竹縣","運動科技潮人"
"388f4e66","36-40歲","女","新竹縣","物質享樂衝購族"
"e204cf1a","46-50歲","女","高雄市","健康愛家定存控"
"bf44c26a","31-35歲","女","新北市","物質享樂衝購族"
"a204c8d3","41-45歲","女","新竹市","品味養生理財貴族"
"fb301e38","36-40歲","女","台北市","物質享樂衝購族"
"a7eec014","41-45歲","女","新竹縣","物質享樂衝購族"
"86d566f6","51-55歲","女","新北市","愛搜愛比網購客"
"e34c08bb","56-60歲","女","台北市","樂動廣告品牌控"
"f0c75249","26-30歲","女","新竹縣","獨立愛遊理財新手"
"f4be605f","46-50歲","女","苗栗縣","獨立愛遊理財新手"
"60d1f081","46-50歲","女","新北市","健康愛家定存控"
"47a8181d","41-45歲","男","新竹市","運動科技潮人"
"5f98496c","41-45歲","男","花蓮縣","獨立愛遊理財新手"
"30e71106","31-35歲","女","新竹縣","物質享樂衝購族"
"beb89295","46-50歲","女","新北市","品味養生理財貴族"
"bcac9633","31-35歲","女","花蓮縣","健康愛家定存控"
"9203a9e1","36-40歲","女","新竹市","物質享樂衝購族"
"502cf2f9","46-50歲","男","新北市","愛搜愛比網購客"
"f7251a99","46-50歲","男","台南市","愛搜愛比網購客"
"9e74cdd8","41-45歲","女","苗栗縣","獨立愛遊理財新手"
"b9f7ca92","26-30歲","女","高雄市","健康愛家定存控"
"c40b4c32","61-65歲","女","台北市","傳統保健理財族"
"83bdbaba","51-55歲","男","台中市","健康愛家定存控"
"76489f78","26-30歲","男","台中市","物質享樂衝購族"
"48dede6c","41-45歲","女","桃園市","網購社媒手機迷"
"8d23a481","41-45歲","女","彰化縣","物質享樂衝購族"
"e41a0252","36-40歲","女","新北市","物質享樂衝購族"
"0b0da8a3","31-35歲","女","新北市","獨立愛遊理財新手"
"0fed8c5c","31-35歲","男","高雄市","樂動廣告品牌控"
"bafbd957","36-40歲","女","台北市","品味養生理財貴族"
"0e7b1305","36-40歲","女","新北市","傳統保健理財族"
"121c4473","61-65歲","女","台北市","傳統保健理財族"
"dc1d1fd6","36-40歲","女","台北市","運動科技潮人"
"ff10a824","36-40歲","女","花蓮縣","品味養生理財貴族"
"8a4e1947","56-60歲","男","新北市","樂動廣告品牌控"
"9a0ddf08","36-40歲","男","新竹縣","運動科技潮人"
"498ac3df","31-35歲","女","雲林縣","健康愛家定存控"
"9ba75eb9","41-45歲","男","台北市","運動科技潮人"
"07d14dfe","41-45歲","女","桃園市","獨立愛遊理財新手"
"af9be23d","51-55歲","女","台中市","品味養生理財貴族"
"c29e6bce","51-55歲","女","台南市","物質享樂衝購族"
"e175ecfb","41-45歲","女","台北市","網購社媒手機迷"
"44718099","26-30歲","女","新竹縣","健康愛家定存控"
"7304e7d4","41-45歲","女","台中市","網購社媒手機迷"
"270cdc82","41-45歲","女","高雄市","品味養生理財貴族"
"1f06fc0c","31-35歲","女","台中市","網購社媒手機迷"
"a43b78a2","26-30歲","男","花蓮縣","樂動廣告品牌控"
"1b587ff5","56-60歲","女","基隆市","獨立愛遊理財新手"
"cfcc4eee","46-50歲","女","台北市","傳統保健理財族"
"798a9206","46-50歲","女","新竹縣","品味養生理財貴族"
"78ef5fb2","31-35歲","男","台北市","運動科技潮人"
"fae7f0e2","46-50歲","女","新北市","品味養生理財貴族"
"aba65a65","31-35歲","男","花蓮縣","運動科技潮人"
"b46f25e9","46-50歲","女","桃園市","品味養生理財貴族"
"888bbb2b","46-50歲","女","台中市","傳統保健理財族"
"d7882028","46-50歲","女","新北市","健康愛家定存控"
"520fe3ed","41-45歲","女","台中市","傳統保健理財族"
"01149517","41-45歲","女","台中市","樂動廣告品牌控"
"e1fff5d3","61-65歲","女","台中市","愛搜愛比網購客"
"e3c79578","51-55歲","女","苗栗縣","樂動廣告品牌控"
"358f53e0","36-40歲","女","新北市","健康愛家定存控"
"0be6bb61","36-40歲","女","苗栗縣","物質享樂衝購族"
"dbbc615f","31-35歲","女","台中市","健康愛家定存控"
"a3e5a934","46-50歲","女","台北市","傳統保健理財族"
"d6513d0a","56-60歲","男","桃園市","樂動廣告品牌控"
"a6344c5b","36-40歲","女","台中市","物質享樂衝購族"
"1faeb0d5","36-40歲","女","花蓮縣","網購社媒手機迷"
"baaccbe2","36-40歲","女","苗栗縣","運動科技潮人"
"0ead0821","46-50歲","男","台南市","樂動廣告品牌控"
"9d423fbc","26-30歲","男","新北市","樂動廣告品牌控"
"5faff887","41-45歲","女","台中市","愛搜愛比網購客"
"14c4a6bb","41-45歲","女","高雄市","物質享樂衝購族"
"8bcc969a","46-50歲","女","雲林縣","獨立愛遊理財新手"
"c99684fb","41-45歲","男","台北市","愛搜愛比網購客"
"2dba0ce3","36-40歲","女","台北市","網購社媒手機迷"
"6fd4c9de","51-55歲","女","台南市","愛搜愛比網購客"
"d5594787","41-45歲","女","新竹縣","網購社媒手機迷"
"32fa5c88","36-40歲","女","宜蘭縣","健康愛家定存控"
"056f8ffa","61-65歲","女","苗栗縣","樂動廣告品牌控"
"a51c049e","31-35歲","女","新竹縣","獨立愛遊理財新手"
"06290d0a","26-30歲","女","桃園市","獨立愛遊理財新手"
"6299c2ca","26-30歲","女","新北市","網購社媒手機迷"
"4914ad40","46-50歲","女","台北市","健康愛家定存控"
"b8c96572","41-45歲","女","台中市","網購社媒手機迷"
"9d7202af","41-45歲","女","台北市","運動科技潮人"
"5fafaba0","31-35歲","女","台中市","網購社媒手機迷"
"5dbdaf73","36-40歲","女","新竹縣","物質享樂衝購族"
"a0f5f781","41-45歲","女","桃園市","健康愛家定存控"
"e54edabc","31-35歲","女","新竹縣","物質享樂衝購族"
"a7ac5857","31-35歲","女","新竹縣","獨立愛遊理財新手"
"0f5a4e35","36-40歲","女","新竹縣","傳統保健理財族"
"3e45a589","41-45歲","女","台中市","網購社媒手機迷"
"a574bd13","41-45歲","女","苗栗縣","物質享樂衝購族"
"12124201","36-40歲","女","新北市","健康愛家定存控"
"c901d8b5","41-45歲","女","台中市","樂動廣告品牌控"
"0d20cbb1","31-35歲","男","苗栗縣","樂動廣告品牌控"
"f590a120","31-35歲","男","新北市","網購社媒手機迷"
"8624e712","46-50歲","女","台中市","傳統保健理財族"
"fd1daa24","41-45歲","男","台南市","樂動廣告品牌控"
"62b0b4fa","31-35歲","女","台北市","健康愛家定存控"
"1096a1f8","31-35歲","男","苗栗縣","運動科技潮人"
"179c753c","36-40歲","女","台南市","樂動廣告品牌控"
"fc757167","41-45歲","女","新北市","樂動廣告品牌控"
"a68a30d0","51-55歲","女","台北市","獨立愛遊理財新手"
"a0216d53","31-35歲","女","新竹縣","健康愛家定存控"
"35317c38","36-40歲","女","台北市","獨立愛遊理財新手"
"22fbd858","36-40歲","女","嘉義縣","樂動廣告品牌控"
"3f71fe92","26-30歲","女","桃園市","網購社媒手機迷"
"77929a5a","51-55歲","女","苗栗縣","物質享樂衝購族"
"e51584df","61-65歲","女","高雄市","健康愛家定存控"
"61eb17dd","31-35歲","女","新北市","健康愛家定存控"
"94fd29f1","56-60歲","女","高雄市","品味養生理財貴族"
"4da88bbd","31-35歲","女","台中市","網購社媒手機迷"
"4f81512f","41-45歲","女","花蓮縣","品味養生理財貴族"
"a128eceb","41-45歲","女","高雄市","網購社媒手機迷"
"7b07e640","41-45歲","女","新竹市","網購社媒手機迷"
"ec18748e","36-40歲","女","台中市","健康愛家定存控"
"e77a8f67","36-40歲","女","台中市","健康愛家定存控"
"981ec4df","36-40歲","女","台北市","獨立愛遊理財新手"
"22d0ab94","36-40歲","女","花蓮縣","健康愛家定存控"
"e18df92c","51-55歲","女","彰化縣","愛搜愛比網購客"
"d4dd0b39","21-25歲","女","新竹縣","健康愛家定存控"
"46c19c45","41-45歲","女","台北市","品味養生理財貴族"
"418bf09c","31-35歲","女","台中市","物質享樂衝購族"
"436ac163","46-50歲","男","苗栗縣","運動科技潮人"
"f054895b","41-45歲","女","台南市","獨立愛遊理財新手"
"4fda6267","31-35歲","女","台中市","健康愛家定存控"
"c76a2898","31-35歲","女","台中市","物質享樂衝購族"
"ae56697d","36-40歲","女","宜蘭縣","健康愛家定存控"
"25c60a58","41-45歲","女","嘉義縣","樂動廣告品牌控"
"dd5cb3ad","31-35歲","女","新竹縣","健康愛家定存控"
"0d118d3d","56-60歲","男","花蓮縣","獨立愛遊理財新手"
"218da3eb","36-40歲","女","南投縣","獨立愛遊理財新手"
"89231eef","46-50歲","女","台中市","網購社媒手機迷"
"cd634f28","56-60歲","女","台中市","品味養生理財貴族"
"b73b0229","31-35歲","男","新北市","健康愛家定存控"
"56ac7559","51-55歲","女","彰化縣","健康愛家定存控"
"5723de73","46-50歲","男","新北市","愛搜愛比網購客"
"525d6115","36-40歲","女","新竹縣","樂動廣告品牌控"
"0282ab78","56-60歲","男","彰化縣","樂動廣告品牌控"
"b8eb0189","31-35歲","女","台北市","物質享樂衝購族"
"8c0c5d54","41-45歲","女","新竹市","運動科技潮人"
"4b8f31b2","36-40歲","女","台北市","運動科技潮人"
"9094552e","36-40歲","男","宜蘭縣","樂動廣告品牌控"
"ba82ff22","56-60歲","女","台北市","健康愛家定存控"
"a9941a30","36-40歲","女","新北市","樂動廣告品牌控"
"38015898","31-35歲","男","花蓮縣","運動科技潮人"
"e1d23b5d","46-50歲","女","苗栗縣","網購社媒手機迷"
"5fbe8b64","31-35歲","男","苗栗縣","運動科技潮人"
"b8140f31","51-55歲","男","新竹市","運動科技潮人"
"156c6d7e","31-35歲","女","苗栗縣","健康愛家定存控"
"0e185967","41-45歲","男","台北市","樂動廣告品牌控"
"644352a8","46-50歲","女","新北市","樂動廣告品牌控"
"9b03b407","31-35歲","女","新竹市","健康愛家定存控"
"3862eb70","41-45歲","女","新北市","愛搜愛比網購客"
"e00af266","41-45歲","女","新竹縣","品味養生理財貴族"
"909dc3b7","31-35歲","女","花蓮縣","物質享樂衝購族"
"0f0c37b3","51-55歲","女","新北市","愛搜愛比網購客"
"3ac7592d","31-35歲","女","苗栗縣","運動科技潮人"
"16b33eba","41-45歲","女","新竹縣","網購社媒手機迷"
"96ffc6b3","21-25歲","男","桃園市","獨立愛遊理財新手"
"e800124b","31-35歲","女","苗栗縣","健康愛家定存控"
"c5d0e13b","51-55歲","男","新竹市","運動科技潮人"
"77c98aa5","46-50歲","女","新北市","物質享樂衝購族"
"0a44f5d6","41-45歲","女","雲林縣","物質享樂衝購族"
"222c728d","56-60歲","男","桃園市","愛搜愛比網購客"
"3ba050ef","21-25歲","女","新竹市","物質享樂衝購族"
"22f73ad9","41-45歲","女","花蓮縣","物質享樂衝購族"
"3d4090af","51-55歲","女","台中市","健康愛家定存控"
"57266a2f","46-50歲","男","台中市","愛搜愛比網購客"
"edec7a2c","31-35歲","男","新北市","運動科技潮人"
"9e114ca0","41-45歲","女","台中市","品味養生理財貴族"
"b178365d","36-40歲","女","高雄市","健康愛家定存控"
"a72a1368","26-30歲","女","台中市","樂動廣告品牌控"
"1584edd1","41-45歲","女","台南市","網購社媒手機迷"
"41d0c51c","31-35歲","女","台南市","樂動廣告品牌控"
"a1076227","41-45歲","女","台中市","品味養生理財貴族"
"57395711","26-30歲","女","花蓮縣","樂動廣告品牌控"
"4875bf16","36-40歲","女","新竹縣","物質享樂衝購族"
"8f2a7362","46-50歲","女","花蓮縣","傳統保健理財族"
"6061aa1d","26-30歲","女","台中市","網購社媒手機迷"
"8c48a050","51-55歲","女","花蓮縣","傳統保健理財族"
"1b8406d6","61-65歲","男","新北市","運動科技潮人"
"a04f9881","56-60歲","男","苗栗縣","品味養生理財貴族"
"60ad3695","31-35歲","女","苗栗縣","樂動廣告品牌控"
"47009cad","36-40歲","女","桃園市","樂動廣告品牌控"
"5aff93f0","36-40歲","男","高雄市","運動科技潮人"
"0186cf18","26-30歲","女","新竹縣","健康愛家定存控"
"fbc85df9","26-30歲","女","台北市","物質享樂衝購族"
"c1ab577c","31-35歲","女","高雄市","獨立愛遊理財新手"
"ce285c3a","26-30歲","男","新竹縣","運動科技潮人"
"5079d7ba","26-30歲","女","嘉義市","物質享樂衝購族"
"6ff22092","31-35歲","女","彰化縣","獨立愛遊理財新手"
"8b94e62e","36-40歲","女","新竹縣","傳統保健理財族"
"11ec5788","36-40歲","男","彰化縣","樂動廣告品牌控"
"b6d98229","36-40歲","女","新北市","物質享樂衝購族"
"3287e36e","41-45歲","女","新竹縣","物質享樂衝購族"
"cdc18584","36-40歲","男","新北市","運動科技潮人"
"34d92ab5","36-40歲","女","台北市","獨立愛遊理財新手"
"debeef3a","36-40歲","男","苗栗縣","運動科技潮人"
"13b6ebd1","56-60歲","女","台北市","品味養生理財貴族"
"0992c667","31-35歲","女","台中市","物質享樂衝購族"
"e7c42622","46-50歲","女","花蓮縣","品味養生理財貴族"
"c7899980","41-45歲","女","台北市","品味養生理財貴族"
"dbfe8d4e","41-45歲","女","苗栗縣","物質享樂衝購族"
"49c28a05","41-45歲","男","高雄市","運動科技潮人"
"49c3cdb6","56-60歲","男","新竹縣","運動科技潮人"
"4486acd4","36-40歲","女","新北市","物質享樂衝購族"
"8956ee61","36-40歲","女","新北市","獨立愛遊理財新手"
"97968855","51-55歲","女","苗栗縣","物質享樂衝購族"
"ade82dfa","41-45歲","女","彰化縣","物質享樂衝購族"
"c8d4ad36","46-50歲","男","彰化縣","樂動廣告品牌控"
"2079029d","36-40歲","男","彰化縣","樂動廣告品牌控"
"5654192f","26-30歲","女","台中市","健康愛家定存控"
"aff19b4f","41-45歲","女","新竹縣","物質享樂衝購族"
"de5edc61","31-35歲","女","彰化縣","網購社媒手機迷"
"312cb815","41-45歲","女","嘉義縣","傳統保健理財族"
"6a060012","41-45歲","女","台南市","品味養生理財貴族"
"477b771f","41-45歲","女","台中市","網購社媒手機迷"
"36f69fd3","36-40歲","女","桃園市","物質享樂衝購族"
"98da1521","41-45歲","女","新北市","品味養生理財貴族"
"1933c11c","31-35歲","女","台中市","運動科技潮人"
"fc41fbb2","51-55歲","女","台北市","樂動廣告品牌控"
"d36e8f5e","31-35歲","男","彰化縣","運動科技潮人"
"8ac3d0b7","26-30歲","女","台中市","健康愛家定存控"
"f90064a0","66以上","女","台北市","樂動廣告品牌控"
"04279658","41-45歲","女","桃園市","物質享樂衝購族"
"b8bdf16a","31-35歲","女","桃園市","物質享樂衝購族"
"30e40ef5","31-35歲","女","台中市","健康愛家定存控"
"56f488c0","46-50歲","女","南投縣","網購社媒手機迷"
"26adf049","41-45歲","男","苗栗縣","運動科技潮人"
"5bd78aec","46-50歲","女","新竹縣","健康愛家定存控"
"09886669","46-50歲","女","台中市","愛搜愛比網購客"
"0d80286b","36-40歲","男","新竹縣","運動科技潮人"
"82eb6d87","56-60歲","女","新北市","樂動廣告品牌控"
"deff9318","46-50歲","男","台南市","愛搜愛比網購客"
"38e9cc43","36-40歲","女","彰化縣","物質享樂衝購族"
"ea260cf1","36-40歲","男","台中市","樂動廣告品牌控"
"65c3e16d","56-60歲","女","新北市","樂動廣告品牌控"
"dc03b379","36-40歲","男","新北市","運動科技潮人"
"4d24458f","31-35歲","女","新竹縣","健康愛家定存控"
"41b4406c","26-30歲","女","新北市","物質享樂衝購族"
"0f004d5c","51-55歲","女","台北市","運動科技潮人"
"9b0a03ed","41-45歲","女","高雄市","傳統保健理財族"
"57339fec","41-45歲","女","基隆市","品味養生理財貴族"
"a40d7e43","51-55歲","女","花蓮縣","物質享樂衝購族"
"83fb6afe","46-50歲","女","台中市","愛搜愛比網購客"
"228ce12c","31-35歲","女","新竹縣","健康愛家定存控"
"00551696","56-60歲","女","桃園市","網購社媒手機迷"
"995ab6d0","36-40歲","男","新竹縣","運動科技潮人"
"a61a05f3","36-40歲","女","高雄市","網購社媒手機迷"
"227dd02c","41-45歲","女","台南市","網購社媒手機迷"
"67ecca02","56-60歲","女","新北市","品味養生理財貴族"
"1bb0755e","26-30歲","女","新北市","網購社媒手機迷"
"0d72834d","46-50歲","女","台北市","運動科技潮人"
"832883d0","31-35歲","女","新竹市","物質享樂衝購族"
"5d079f22","46-50歲","女","台中市","樂動廣告品牌控"
"a1bead97","31-35歲","男","苗栗縣","運動科技潮人"
"1f4557a4","36-40歲","女","嘉義縣","樂動廣告品牌控"
"835a3304","31-35歲","女","彰化縣","健康愛家定存控"
"e9b82973","36-40歲","女","嘉義市","健康愛家定存控"
"74ba0e84","36-40歲","女","苗栗縣","物質享樂衝購族"
"2153a9ed","41-45歲","女","新竹縣","物質享樂衝購族"
"0cd42c89","51-55歲","女","苗栗縣","健康愛家定存控"
"6df5d37e","31-35歲","女","新竹縣","物質享樂衝購族"
"2520d5f3","51-55歲","女","台中市","網購社媒手機迷"
"e22cf16b","61-65歲","女","新竹縣","健康愛家定存控"
"b288e0e8","31-35歲","女","台中市","獨立愛遊理財新手"
"c6d38cab","26-30歲","女","新竹市","健康愛家定存控"
"d167137c","41-45歲","女","台中市","物質享樂衝購族"
"4849da6f","26-30歲","女","台中市","物質享樂衝購族"
"6c403415","46-50歲","女","新北市","獨立愛遊理財新手"
"a2f0f587","36-40歲","女","桃園市","品味養生理財貴族"
"5dc4c3fa","41-45歲","女","新竹縣","物質享樂衝購族"
"2121376a","56-60歲","男","台北市","運動科技潮人"
"297a39f6","31-35歲","男","台中市","樂動廣告品牌控"
"63c62d57","51-55歲","男","台北市","樂動廣告品牌控"
"e7578521","51-55歲","男","新北市","運動科技潮人"
"43c61e3c","46-50歲","女","新竹市","網購社媒手機迷"
"50acc423","31-35歲","女","台北市","運動科技潮人"
"1f4cd94c","46-50歲","女","台北市","網購社媒手機迷"
"5b82b500","36-40歲","男","新北市","樂動廣告品牌控"
"3b4c49e8","31-35歲","女","苗栗縣","健康愛家定存控"
"e0f4d677","36-40歲","女","台南市","獨立愛遊理財新手"
"7b3e8428","41-45歲","男","新竹縣","愛搜愛比網購客"
"d32f5da6","46-50歲","女","花蓮縣","物質享樂衝購族"
"c12c5277","36-40歲","女","苗栗縣","物質享樂衝購族"
"50829694","31-35歲","男","新北市","運動科技潮人"
"5a93b70d","41-45歲","女","新竹縣","物質享樂衝購族"
"ab29b0a9","41-45歲","女","台北市","物質享樂衝購族"
"88c2d9cf","41-45歲","女","台南市","樂動廣告品牌控"
"f160fc1d","31-35歲","女","桃園市","運動科技潮人"
"7bcf45f8","36-40歲","女","新竹縣","傳統保健理財族"
"e9213d81","51-55歲","女","台北市","傳統保健理財族"
"2dfdbb56","36-40歲","女","高雄市","物質享樂衝購族"
"5a9754e2","46-50歲","男","新北市","運動科技潮人"
"9d03059d","66以上","女","花蓮縣","健康愛家定存控"
"62097b08","41-45歲","女","新北市","樂動廣告品牌控"
"b1f338a8","36-40歲","女","雲林縣","物質享樂衝購族"
"57fa955b","31-35歲","女","嘉義縣","物質享樂衝購族"
"fb863c9b","36-40歲","男","新竹縣","運動科技潮人"
"530175e1","56-60歲","女","新竹縣","愛搜愛比網購客"
"9719f27a","36-40歲","女","雲林縣","獨立愛遊理財新手"
"664314af","46-50歲","男","新北市","運動科技潮人"
"35a3f724","41-45歲","女","台南市","品味養生理財貴族"
"d21b3473","46-50歲","女","台北市","健康愛家定存控"
"395312db","36-40歲","男","新竹縣","樂動廣告品牌控"
"b64736be","31-35歲","女","新北市","健康愛家定存控"
"9cef93ea","41-45歲","女","台中市","傳統保健理財族"
"f7889ac6","36-40歲","女","新北市","健康愛家定存控"
"45b9c80f","36-40歲","女","苗栗縣","物質享樂衝購族"
"bf46a728","36-40歲","女","苗栗縣","網購社媒手機迷"
"0ee8d47d","36-40歲","男","花蓮縣","樂動廣告品牌控"
"a515d31a","26-30歲","女","台中市","健康愛家定存控"
"a564ca73","36-40歲","女","新北市","品味養生理財貴族"
"d6508d0e","41-45歲","女","新竹縣","品味養生理財貴族"
"33dc12dc","36-40歲","女","新北市","運動科技潮人"
"964458a6","36-40歲","女","台中市","網購社媒手機迷"
"00b779ce","36-40歲","男","台中市","運動科技潮人"
"006adddb","61-65歲","女","新北市","網購社媒手機迷"
"0c6aa198","46-50歲","女","新北市","品味養生理財貴族"
"72ab8dea","36-40歲","女","花蓮縣","樂動廣告品牌控"
"0a70dfd3","31-35歲","女","宜蘭縣","健康愛家定存控"
"59f27e96","41-45歲","女","新北市","物質享樂衝購族"
"68b4a302","51-55歲","女","台南市","網購社媒手機迷"
"e8773d46","36-40歲","女","苗栗縣","獨立愛遊理財新手"
"a9cc6f75","46-50歲","女","宜蘭縣","樂動廣告品牌控"
"f7c1ff2d","41-45歲","女","高雄市","網購社媒手機迷"
"4e263de2","36-40歲","女","苗栗縣","健康愛家定存控"
"1402bcdf","31-35歲","女","新竹縣","獨立愛遊理財新手"
"c2c89931","46-50歲","男","台中市","樂動廣告品牌控"
"5d87ac4a","66以上","男","台北市","運動科技潮人"
"42f54c19","41-45歲","女","南投縣","品味養生理財貴族"
"6dee0f20","41-45歲","女","台中市","健康愛家定存控"
"3186d587","36-40歲","女","台南市","物質享樂衝購族"
"1ab41f93","41-45歲","女","台北市","傳統保健理財族"
"2ccc5d79","56-60歲","女","新北市","品味養生理財貴族"
"0ab482c9","31-35歲","女","台中市","運動科技潮人"
"aa6a3c23","26-30歲","女","新竹縣","獨立愛遊理財新手"
"c6283e6a","36-40歲","女","苗栗縣","健康愛家定存控"
"48330298","31-35歲","女","台北市","運動科技潮人"
"34662ff0","46-50歲","男","新北市","樂動廣告品牌控"
"2f98582f","31-35歲","女","彰化縣","健康愛家定存控"
"4bd55ef5","26-30歲","女","台北市","獨立愛遊理財新手"
"fd8859dd","46-50歲","女","新北市","網購社媒手機迷"
"27ac8e99","36-40歲","女","台中市","網購社媒手機迷"
"2a7ea427","31-35歲","女","桃園市","網購社媒手機迷"
"7930ec10","41-45歲","男","新北市","運動科技潮人"
"59d3b65e","31-35歲","女","苗栗縣","物質享樂衝購族"
"3bb0ea11","41-45歲","女","台北市","網購社媒手機迷"
"0c0ce317","46-50歲","女","台中市","物質享樂衝購族"
"e1482709","46-50歲","女","台南市","品味養生理財貴族"
"002e629b","36-40歲","男","高雄市","運動科技潮人"
"f07a5db7","56-60歲","女","苗栗縣","樂動廣告品牌控"
"e10a0b28","36-40歲","男","新竹縣","運動科技潮人"
"7e610833","31-35歲","男","新竹市","運動科技潮人"
"3de9f03e","41-45歲","女","新北市","傳統保健理財族"
"839de87b","31-35歲","女","台北市","健康愛家定存控"
"90d7007e","56-60歲","女","台北市","獨立愛遊理財新手"
"726fdebb","36-40歲","女","新竹縣","健康愛家定存控"
"8ab6b0c0","36-40歲","女","屏東縣","健康愛家定存控"
"2e04687e","41-45歲","女","雲林縣","愛搜愛比網購客"
"37af69a3","31-35歲","男","高雄市","樂動廣告品牌控"
"b3587ef9","31-35歲","女","台南市","健康愛家定存控"
"54b67318","21-25歲","男","台北市","健康愛家定存控"
"81809407","36-40歲","女","新竹縣","樂動廣告品牌控"
"8dcb8234","21-25歲","男","新竹縣","樂動廣告品牌控"
"69c81564","41-45歲","男","台北市","運動科技潮人"
"44038bb8","31-35歲","女","台東縣","獨立愛遊理財新手"
"d1ca8e8b","41-45歲","男","桃園市","樂動廣告品牌控"
"8a1c89b3","56-60歲","女","苗栗縣","品味養生理財貴族"
"8bd3aacc","31-35歲","男","新竹縣","樂動廣告品牌控"
"02287969","41-45歲","男","新北市","愛搜愛比網購客"
"d37a0b35","36-40歲","女","新竹縣","樂動廣告品牌控"
"00c3314e","26-30歲","男","彰化縣","獨立愛遊理財新手"
"2c3de818","46-50歲","女","宜蘭縣","品味養生理財貴族"
"a4cb5208","36-40歲","女","彰化縣","物質享樂衝購族"
"5ca30b54","36-40歲","女","苗栗縣","網購社媒手機迷"
"4316c97b","26-30歲","女","雲林縣","網購社媒手機迷"
"463decf4","36-40歲","男","高雄市","運動科技潮人"
"75af94ac","41-45歲","女","台南市","健康愛家定存控"
"89276674","41-45歲","女","桃園市","健康愛家定存控"
"5f0ad71e","41-45歲","女","桃園市","品味養生理財貴族"
"fe914c3c","46-50歲","男","苗栗縣","物質享樂衝購族"
"045ede7d","36-40歲","男","花蓮縣","健康愛家定存控"
"08f42d09","41-45歲","男","苗栗縣","運動科技潮人"
"7ecc648c","36-40歲","女","台中市","健康愛家定存控"
"9e3f763a","46-50歲","女","台北市","獨立愛遊理財新手"
"a1322d6c","56-60歲","男","新北市","愛搜愛比網購客"
"0b7eaac3","46-50歲","男","彰化縣","運動科技潮人"
"ace92912","31-35歲","男","台中市","獨立愛遊理財新手"
"bb65e7ff","26-30歲","男","嘉義市","樂動廣告品牌控"
"704b17f1","36-40歲","女","新竹縣","物質享樂衝購族"
"381fd48e","41-45歲","男","台北市","運動科技潮人"
"041ec3da","31-35歲","女","新北市","物質享樂衝購族"
"6186068e","51-55歲","男","屏東縣","樂動廣告品牌控"
"e0f49975","46-50歲","女","彰化縣","樂動廣告品牌控"
"aefda135","46-50歲","男","桃園市","運動科技潮人"
"8c495e11","31-35歲","女","台北市","獨立愛遊理財新手"
"de345e12","46-50歲","女","苗栗縣","健康愛家定存控"
"2230ceef","36-40歲","女","新北市","健康愛家定存控"
"50f3857e","51-55歲","男","台北市","運動科技潮人"
"21729543","56-60歲","女","宜蘭縣","愛搜愛比網購客"
"e2db0b85","26-30歲","女","台中市","健康愛家定存控"
"d259165f","51-55歲","男","雲林縣","樂動廣告品牌控"
"37f8627d","46-50歲","女","苗栗縣","健康愛家定存控"
"a51434ee","46-50歲","女","花蓮縣","網購社媒手機迷"
"f5600c94","36-40歲","女","台中市","網購社媒手機迷"
"34b0a608","21-25歲","女","新竹市","獨立愛遊理財新手"
"3b169a2e","31-35歲","女","新竹市","健康愛家定存控"
"603957a3","31-35歲","女","台中市","網購社媒手機迷"
"5ef1c6f5","46-50歲","女","台北市","獨立愛遊理財新手"
"ddc44247","26-30歲","女","高雄市","健康愛家定存控"
"80636876","41-45歲","女","苗栗縣","運動科技潮人"
"13325df0","31-35歲","男","台中市","運動科技潮人"
"2b20b513","31-35歲","女","台中市","品味養生理財貴族"
"e5431b88","36-40歲","女","台中市","健康愛家定存控"
"bd81ce75","31-35歲","女","宜蘭縣","網購社媒手機迷"
"a5a141b8","51-55歲","女","台北市","品味養生理財貴族"
"abfad8ff","41-45歲","男","新北市","運動科技潮人"
"4768f351","26-30歲","女","新竹市","健康愛家定存控"
"d678d3f5","36-40歲","女","台中市","樂動廣告品牌控"
"552632e9","26-30歲","女","新北市","獨立愛遊理財新手"
"1d9cd745","31-35歲","女","新竹縣","網購社媒手機迷"
"e5f69da4","36-40歲","男","台中市","樂動廣告品牌控"
"a9260fe7","41-45歲","女","基隆市","樂動廣告品牌控"
"23b72923","26-30歲","男","花蓮縣","樂動廣告品牌控"
"1fcc9fbd","51-55歲","女","新北市","網購社媒手機迷"
"9faf7c92","41-45歲","女","新竹市","網購社媒手機迷"
"10034a8c","26-30歲","女","台北市","網購社媒手機迷"
"2f66d1af","46-50歲","男","台北市","樂動廣告品牌控"
"67da298e","31-35歲","女","新竹縣","物質享樂衝購族"
"6cc40a57","36-40歲","女","新北市","品味養生理財貴族"
"e1eb6397","31-35歲","女","新北市","網購社媒手機迷"
"0fbd27d9","46-50歲","女","台北市","品味養生理財貴族"
"a797deae","46-50歲","女","彰化縣","網購社媒手機迷"
"e8bb7675","36-40歲","男","台中市","樂動廣告品牌控"
"9443d7f6","41-45歲","女","新竹縣","物質享樂衝購族"
"c1138484","56-60歲","女","雲林縣","傳統保健理財族"
"a4bd234d","31-35歲","女","苗栗縣","健康愛家定存控"
"5c803b8d","41-45歲","女","台中市","傳統保健理財族"
"1a4a8a2e","31-35歲","女","桃園市","物質享樂衝購族"
"fa207d59","31-35歲","女","新竹縣","物質享樂衝購族"
"7e73f1d4","46-50歲","女","南投縣","健康愛家定存控"
"9e0b4c74","41-45歲","女","高雄市","網購社媒手機迷"
"42646192","41-45歲","女","新竹縣","網購社媒手機迷"
"2b46df41","36-40歲","男","台北市","運動科技潮人"
"135b43df","56-60歲","男","新北市","愛搜愛比網購客"
"46e16820","46-50歲","女","花蓮縣","品味養生理財貴族"
"7a2df490","31-35歲","女","苗栗縣","獨立愛遊理財新手"
"f99969ce","46-50歲","女","新竹市","健康愛家定存控"
"4e2c9cf6","31-35歲","女","台北市","物質享樂衝購族"
"042d6dc4","56-60歲","女","台北市","運動科技潮人"
"d38cf921","51-55歲","女","嘉義市","網購社媒手機迷"
"63c2eb38","46-50歲","女","桃園市","傳統保健理財族"
"385e445c","31-35歲","男","台南市","樂動廣告品牌控"
"e23800c4","36-40歲","女","台中市","物質享樂衝購族"
"6ad0bc8d","36-40歲","女","新北市","物質享樂衝購族"
"6a67419e","31-35歲","男","新竹縣","樂動廣告品牌控"
"25e0cbd2","31-35歲","女","新竹縣","健康愛家定存控"
"40793f8e","36-40歲","女","高雄市","健康愛家定存控"
"02a32cbe","56-60歲","女","台北市","品味養生理財貴族"
"055cde07","31-35歲","女","苗栗縣","健康愛家定存控"
"6340f93d","56-60歲","男","苗栗縣","愛搜愛比網購客"
"67bd2051","31-35歲","女","台中市","網購社媒手機迷"
"84376cdf","41-45歲","男","苗栗縣","運動科技潮人"
"6187cb1e","46-50歲","男","新竹縣","運動科技潮人"
"8db2f2a8","26-30歲","女","苗栗縣","網購社媒手機迷"
"4ea831c2","31-35歲","女","桃園市","運動科技潮人"
"16643136","41-45歲","女","高雄市","物質享樂衝購族"
"2499947b","36-40歲","女","宜蘭縣","健康愛家定存控"
"c3b93cc3","56-60歲","女","台北市","傳統保健理財族"
"6f6bf385","36-40歲","女","新北市","獨立愛遊理財新手"
"b593b98f","31-35歲","女","台中市","樂動廣告品牌控"
"09cf57cc","41-45歲","女","彰化縣","健康愛家定存控"
"7622e0e5","46-50歲","女","新竹市","品味養生理財貴族"
"cb371c0f","36-40歲","女","台中市","獨立愛遊理財新手"
"1cf76dc2","51-55歲","女","彰化縣","傳統保健理財族"
"b9d38d01","36-40歲","女","新竹市","健康愛家定存控"
"59d2eb8e","26-30歲","女","彰化縣","物質享樂衝購族"
"017425b8","46-50歲","男","彰化縣","樂動廣告品牌控"
"fe381d10","46-50歲","女","苗栗縣","網購社媒手機迷"
"2f0e8a3a","46-50歲","女","花蓮縣","傳統保健理財族"
"8cbd4346","41-45歲","女","新竹縣","物質享樂衝購族"
"a5b733f1","31-35歲","女","台北市","運動科技潮人"
"e6e3f694","46-50歲","男","新北市","運動科技潮人"
"07b02d73","46-50歲","女","宜蘭縣","健康愛家定存控"
"b858c8f8","36-40歲","男","新北市","運動科技潮人"
"559c8232","36-40歲","男","新北市","運動科技潮人"
"e908bf5a","31-35歲","男","台南市","樂動廣告品牌控"
"dfd3f982","36-40歲","女","新北市","健康愛家定存控"
"21a09a84","36-40歲","女","桃園市","健康愛家定存控"
"9e7a2580","31-35歲","女","高雄市","傳統保健理財族"
"d3c23bd3","31-35歲","女","新北市","樂動廣告品牌控"
"f2f82cfc","31-35歲","男","新竹縣","運動科技潮人"
"89a1ca08","31-35歲","女","彰化縣","樂動廣告品牌控"
"378f18b6","41-45歲","女","新竹縣","品味養生理財貴族"
"3ee9bc10","56-60歲","女","苗栗縣","獨立愛遊理財新手"
"56c45215","41-45歲","男","新竹縣","樂動廣告品牌控"
"b5042efc","51-55歲","女","台北市","品味養生理財貴族"
"7990d2c8","41-45歲","女","苗栗縣","樂動廣告品牌控"
"01f9dd1b","46-50歲","女","新竹縣","物質享樂衝購族"
"9420519f","31-35歲","女","新竹縣","物質享樂衝購族"
"41ba85d9","31-35歲","女","金門縣","健康愛家定存控"
"5a06595d","41-45歲","女","嘉義市","樂動廣告品牌控"
"e32b5bb2","56-60歲","女","新北市","傳統保健理財族"
"fc5c3662","56-60歲","女","台中市","品味養生理財貴族"
"b0607705","41-45歲","女","台中市","愛搜愛比網購客"
"c2139072","51-55歲","女","新北市","品味養生理財貴族"
"aa298a16","31-35歲","男","高雄市","運動科技潮人"
"dec01b60","31-35歲","女","台中市","獨立愛遊理財新手"
"84241cf4","36-40歲","女","高雄市","獨立愛遊理財新手"
"f746f3b4","26-30歲","女","嘉義市","健康愛家定存控"
"ab5d09a3","36-40歲","女","新北市","健康愛家定存控"
"f647c2cd","46-50歲","男","新竹縣","樂動廣告品牌控"
"aae0fa1e","41-45歲","女","台北市","品味養生理財貴族"
"40345fc1","31-35歲","男","桃園市","運動科技潮人"
"38bbe0f7","36-40歲","女","台北市","傳統保健理財族"
"ff7eb833","36-40歲","男","新竹縣","運動科技潮人"
"fa58cbff","36-40歲","女","新竹市","品味養生理財貴族"
"adc5a122","41-45歲","女","台中市","健康愛家定存控"
"72034c52","26-30歲","男","新北市","運動科技潮人"
"9efb8832","36-40歲","女","台北市","物質享樂衝購族"
"9c200a03","31-35歲","女","新竹縣","物質享樂衝購族"
"31fceece","41-45歲","女","台北市","運動科技潮人"
"242abc90","31-35歲","男","台南市","樂動廣告品牌控"
"e634731c","46-50歲","女","新竹市","物質享樂衝購族"
"9fffc5d9","26-30歲","女","台北市","傳統保健理財族"
"8c93aab1","36-40歲","男","台中市","樂動廣告品牌控"
"9adff0a2","46-50歲","男","台中市","樂動廣告品牌控"
"33596257","51-55歲","女","台中市","網購社媒手機迷"
"9a4c04bf","36-40歲","男","新竹縣","運動科技潮人"
"d6b87f6d","41-45歲","女","台南市","健康愛家定存控"
"28ab4d10","61-65歲","女","台北市","品味養生理財貴族"
"7c95cbad","36-40歲","男","桃園市","運動科技潮人"
"e2a4773a","51-55歲","女","彰化縣","網購社媒手機迷"
"1ae573bb","26-30歲","女","新竹縣","物質享樂衝購族"
"01cb3b1f","31-35歲","女","台中市","健康愛家定存控"
"e12a976e","56-60歲","女","苗栗縣","愛搜愛比網購客"
"77b08794","56-60歲","男","新竹縣","樂動廣告品牌控"
"33c6d4a6","36-40歲","女","台中市","健康愛家定存控"
"55970e21","46-50歲","男","台北市","運動科技潮人"
"36052b12","21-25歲","男","台北市","運動科技潮人"
"1e268408","26-30歲","女","桃園市","獨立愛遊理財新手"
"b43e43c9","26-30歲","女","苗栗縣","健康愛家定存控"
"ff6d01d2","26-30歲","女","彰化縣","網購社媒手機迷"
"a873d0b8","26-30歲","女","台南市","健康愛家定存控"
"b3acc0f9","41-45歲","女","台中市","物質享樂衝購族"
"6feb71ab","36-40歲","女","新北市","運動科技潮人"
"eeb517e1","31-35歲","女","苗栗縣","網購社媒手機迷"
"1f66905a","31-35歲","男","高雄市","運動科技潮人"
"0dd734a2","41-45歲","女","花蓮縣","健康愛家定存控"
"7730a110","31-35歲","女","苗栗縣","獨立愛遊理財新手"
"9f1acf3b","26-30歲","男","桃園市","樂動廣告品牌控"
"34f54bcb","46-50歲","男","台中市","傳統保健理財族"
"27cb4bd1","41-45歲","女","桃園市","網購社媒手機迷"
"cb0c94e0","26-30歲","男","新竹縣","運動科技潮人"
"b4b357c7","41-45歲","女","台南市","網購社媒手機迷"
"dbd5d727","41-45歲","女","桃園市","品味養生理財貴族"
"f3936874","41-45歲","女","花蓮縣","物質享樂衝購族"
"2f347a3c","36-40歲","女","新北市","健康愛家定存控"
"f5505139","46-50歲","男","高雄市","愛搜愛比網購客"
"5f25aebf","51-55歲","男","新竹縣","運動科技潮人"
"2514237d","31-35歲","女","苗栗縣","健康愛家定存控"
"e6d18d51","36-40歲","男","台南市","樂動廣告品牌控"
"61a6cff8","56-60歲","女","台北市","愛搜愛比網購客"
"6e8c29cf","26-30歲","女","新北市","物質享樂衝購族"
"dedebdd6","36-40歲","女","屏東縣","健康愛家定存控"
"05321194","41-45歲","女","南投縣","物質享樂衝購族"
"e9918fd6","46-50歲","女","新北市","網購社媒手機迷"
"6d5bfa5b","26-30歲","男","新北市","樂動廣告品牌控"
"14af9d4a","46-50歲","男","台北市","樂動廣告品牌控"
"d0e7d2b3","31-35歲","女","桃園市","獨立愛遊理財新手"
"1f8aea98","36-40歲","女","新竹縣","獨立愛遊理財新手"
"913fa2f1","31-35歲","女","彰化縣","物質享樂衝購族"
"193483da","41-45歲","女","新北市","品味養生理財貴族"
"74096353","41-45歲","男","台北市","運動科技潮人"
"a0eed752","26-30歲","女","新竹縣","健康愛家定存控"
"cf56cfe5","31-35歲","女","桃園市","運動科技潮人"
"991f9ff6","41-45歲","女","新竹縣","網購社媒手機迷"
"4d15057e","41-45歲","女","台北市","健康愛家定存控"
"d955b6aa","21-25歲","女","台中市","健康愛家定存控"
"39514217","41-45歲","男","台北市","運動科技潮人"
"8aa1f1f4","26-30歲","女","南投縣","物質享樂衝購族"
"72503db6","31-35歲","女","新北市","運動科技潮人"
"fe1b0cd7","46-50歲","女","台北市","傳統保健理財族"
"496f62c1","51-55歲","女","台北市","網購社媒手機迷"
"35550cfd","31-35歲","女","屏東縣","物質享樂衝購族"
"4959da30","31-35歲","女","新北市","運動科技潮人"
"743d8d1d","36-40歲","男","新北市","網購社媒手機迷"
"2d00b6f8","36-40歲","男","台中市","運動科技潮人"
"7eb86e6b","41-45歲","男","台北市","愛搜愛比網購客"
"dd63d300","31-35歲","女","高雄市","健康愛家定存控"
"2c4abd23","36-40歲","男","桃園市","運動科技潮人"
"f21fa31e","46-50歲","男","台中市","運動科技潮人"
"e668cf85","31-35歲","女","台中市","健康愛家定存控"
"2f9cad0c","36-40歲","女","台中市","物質享樂衝購族"
"14406fb6","51-55歲","女","桃園市","愛搜愛比網購客"
"dcfb0378","26-30歲","男","新竹縣","健康愛家定存控"
"65f4bc0d","56-60歲","女","高雄市","健康愛家定存控"
"0fd9432a","26-30歲","女","台南市","物質享樂衝購族"
"81b85c7f","41-45歲","女","新北市","品味養生理財貴族"
"928ec6ed","46-50歲","女","桃園市","物質享樂衝購族"
"0b702e5b","46-50歲","男","新竹縣","運動科技潮人"
"a5b277c6","46-50歲","男","新竹縣","愛搜愛比網購客"
"6806a283","31-35歲","女","新北市","獨立愛遊理財新手"
"785af473","36-40歲","女","彰化縣","健康愛家定存控"
"76141cf1","26-30歲","女","宜蘭縣","獨立愛遊理財新手"
"ab83086d","31-35歲","女","台北市","物質享樂衝購族"
"e9adb34b","51-55歲","女","澎湖縣","獨立愛遊理財新手"
"bc4beef6","41-45歲","男","台中市","樂動廣告品牌控"
"703beca0","31-35歲","女","南投縣","健康愛家定存控"
"d3856e1a","51-55歲","女","台南市","樂動廣告品牌控"
"6f64f4f0","31-35歲","女","苗栗縣","健康愛家定存控"
"2ad027a9","51-55歲","女","台南市","健康愛家定存控"
"89cc6dbf","46-50歲","女","花蓮縣","品味養生理財貴族"
"d133732e","31-35歲","女","新竹縣","物質享樂衝購族"
"376e43a8","46-50歲","女","台南市","健康愛家定存控"
"a8bd306a","26-30歲","女","苗栗縣","物質享樂衝購族"
"a07cb5f9","26-30歲","男","台北市","運動科技潮人"
"7b396158","41-45歲","男","高雄市","運動科技潮人"
"ba889338","31-35歲","女","彰化縣","獨立愛遊理財新手"
"c33af987","36-40歲","女","花蓮縣","物質享樂衝購族"
"43dc9534","26-30歲","女","花蓮縣","健康愛家定存控"
"30253801","51-55歲","男","台北市","健康愛家定存控"
"6a1fa36b","36-40歲","女","台北市","運動科技潮人"
"0f7f8189","26-30歲","女","新北市","物質享樂衝購族"
"0d2dfdf7","56-60歲","女","新北市","網購社媒手機迷"
"682767e6","41-45歲","女","新竹縣","健康愛家定存控"
"b05b40eb","46-50歲","男","苗栗縣","愛搜愛比網購客"
"35808b55","36-40歲","女","新竹縣","物質享樂衝購族"
"198be624","41-45歲","女","台中市","樂動廣告品牌控"
"2af991b2","36-40歲","女","桃園市","獨立愛遊理財新手"
"5541f46d","51-55歲","女","新北市","傳統保健理財族"
"ec563490","36-40歲","男","新竹縣","運動科技潮人"
"4c749c58","26-30歲","女","新北市","運動科技潮人"
"370f89b4","36-40歲","女","新北市","品味養生理財貴族"
"11d5ff2f","61-65歲","男","新北市","愛搜愛比網購客"
"32690835","56-60歲","女","新竹縣","健康愛家定存控"
"44f8f5a0","36-40歲","女","苗栗縣","網購社媒手機迷"
"0e1ec78c","56-60歲","女","台南市","健康愛家定存控"
"d1f76981","31-35歲","女","新北市","物質享樂衝購族"
"65e09f00","46-50歲","女","嘉義市","網購社媒手機迷"
"c07f318e","31-35歲","男","宜蘭縣","樂動廣告品牌控"
"f7f3c54e","41-45歲","女","台中市","樂動廣告品牌控"
"a22f69e0","56-60歲","男","新竹縣","樂動廣告品牌控"
"86237fc7","46-50歲","女","台中市","品味養生理財貴族"
"5d695b9e","51-55歲","女","新竹縣","品味養生理財貴族"
"90586499","26-30歲","女","苗栗縣","物質享樂衝購族"
"d2a89282","31-35歲","女","新竹縣","物質享樂衝購族"
"e40cf3a0","46-50歲","女","彰化縣","物質享樂衝購族"
"87c29e72","41-45歲","女","新竹縣","健康愛家定存控"
"ccec04f3","51-55歲","女","台中市","物質享樂衝購族"
"ec2466da","61-65歲","女","台北市","樂動廣告品牌控"
"4b96c154","36-40歲","女","台中市","健康愛家定存控"
"de6abd10","41-45歲","女","高雄市","物質享樂衝購族"
"091d4a93","41-45歲","男","彰化縣","樂動廣告品牌控"
"90bf9dd1","36-40歲","女","新北市","品味養生理財貴族"
"f1405d07","51-55歲","女","新北市","品味養生理財貴族"
"d2dd5394","26-30歲","女","新竹縣","獨立愛遊理財新手"
"9e5af56b","36-40歲","女","新竹縣","傳統保健理財族"
"94017352","31-35歲","女","高雄市","網購社媒手機迷"
"e59d050d","31-35歲","女","新竹縣","網購社媒手機迷"
"dc0faa35","36-40歲","女","新北市","傳統保健理財族"
"69d9d6b4","51-55歲","女","新北市","健康愛家定存控"
"8102c41e","36-40歲","男","桃園市","運動科技潮人"
"3354beb9","26-30歲","女","新竹縣","物質享樂衝購族"
"f99e67e7","36-40歲","男","基隆市","運動科技潮人"
"329d61f9","41-45歲","女","台北市","健康愛家定存控"
"02efc0be","36-40歲","男","苗栗縣","樂動廣告品牌控"
"4b82b4be","61-65歲","女","新竹縣","品味養生理財貴族"
"f5838f97","36-40歲","女","花蓮縣","健康愛家定存控"
"939dd0cc","36-40歲","女","苗栗縣","網購社媒手機迷"
"bcd05dfb","41-45歲","女","新竹縣","愛搜愛比網購客"
"d3ceef75","26-30歲","女","高雄市","健康愛家定存控"
"503cb7fa","36-40歲","男","新竹市","運動科技潮人"
"768d7bcd","41-45歲","女","高雄市","網購社媒手機迷"
"2493342e","41-45歲","女","台中市","獨立愛遊理財新手"
"8c7b91a7","31-35歲","男","屏東縣","運動科技潮人"
"92a4478e","51-55歲","女","新竹縣","物質享樂衝購族"
"383d29c3","46-50歲","男","新北市","愛搜愛比網購客"
"24d9442d","36-40歲","女","新竹縣","網購社媒手機迷"
"81b18f78","26-30歲","女","台中市","獨立愛遊理財新手"
"fc0b6601","56-60歲","男","新北市","愛搜愛比網購客"
"c103b507","46-50歲","女","台北市","健康愛家定存控"
"d86587d2","46-50歲","女","新北市","網購社媒手機迷"
"acec96b6","31-35歲","女","台南市","健康愛家定存控"
"09187236","36-40歲","男","苗栗縣","運動科技潮人"
"055f4f7c","46-50歲","女","台中市","網購社媒手機迷"
"0935d440","36-40歲","女","高雄市","物質享樂衝購族"
"67799355","36-40歲","女","台北市","網購社媒手機迷"
"bb605523","36-40歲","女","新竹縣","獨立愛遊理財新手"
"71d71ec8","46-50歲","女","台北市","網購社媒手機迷"
"c63a2101","46-50歲","女","台中市","品味養生理財貴族"
"e7d46228","46-50歲","男","宜蘭縣","樂動廣告品牌控"
"bdb6a3c9","36-40歲","男","桃園市","運動科技潮人"
"f648e771","51-55歲","男","新竹市","傳統保健理財族"
"e8ee0655","46-50歲","女","新竹縣","運動科技潮人"
"f7ce254c","36-40歲","女","台中市","物質享樂衝購族"
"410ac255","36-40歲","女","台中市","樂動廣告品牌控"
"2a669ca9","36-40歲","男","新北市","運動科技潮人"
"334097a0","46-50歲","女","花蓮縣","健康愛家定存控"
"6ad89754","36-40歲","女","新北市","物質享樂衝購族"
"4cae3ac4","41-45歲","女","台中市","網購社媒手機迷"
"4c688d4f","51-55歲","男","新北市","樂動廣告品牌控"
"b56e5932","31-35歲","女","台北市","健康愛家定存控"
"388e2320","36-40歲","男","新竹縣","運動科技潮人"
"f7be13b1","26-30歲","男","新竹縣","樂動廣告品牌控"
"dfe14ce2","36-40歲","女","台北市","健康愛家定存控"
"0838419b","41-45歲","女","嘉義市","網購社媒手機迷"
"8cf6af0c","31-35歲","女","新北市","物質享樂衝購族"
"951b6018","51-55歲","女","新北市","樂動廣告品牌控"
"b9ea13b5","36-40歲","女","新北市","物質享樂衝購族"
"3e718e35","36-40歲","女","花蓮縣","品味養生理財貴族"
"c7a52a9e","36-40歲","女","苗栗縣","健康愛家定存控"
"e2a47edb","41-45歲","男","新北市","運動科技潮人"
"c026e8b2","56-60歲","男","彰化縣","愛搜愛比網購客"
"00939240","51-55歲","女","彰化縣","傳統保健理財族"
"d342432b","36-40歲","女","新北市","健康愛家定存控"
"c8ddc4e7","26-30歲","女","苗栗縣","健康愛家定存控"
"6f48a331","51-55歲","女","新北市","網購社媒手機迷"
"6f6cd729","31-35歲","男","彰化縣","物質享樂衝購族"
"d978d758","41-45歲","女","新北市","網購社媒手機迷"
"9f38222a","31-35歲","男","苗栗縣","健康愛家定存控"
"e96b4005","26-30歲","女","新北市","樂動廣告品牌控"
"30c0947f","46-50歲","女","台北市","運動科技潮人"
"92113c79","51-55歲","女","台中市","獨立愛遊理財新手"
"0be57268","46-50歲","男","新北市","運動科技潮人"
"559581df","46-50歲","男","新竹縣","運動科技潮人"
"712005ca","46-50歲","女","新北市","物質享樂衝購族"
"cd885488","46-50歲","男","桃園市","健康愛家定存控"
"3eab1b62","46-50歲","女","桃園市","健康愛家定存控"
"97d536e3","41-45歲","女","台南市","網購社媒手機迷"
"3ab4513e","41-45歲","男","花蓮縣","愛搜愛比網購客"
"4d3064fd","41-45歲","女","新北市","愛搜愛比網購客"
"9e79d659","36-40歲","女","基隆市","樂動廣告品牌控"
"c3f1cdd1","46-50歲","女","新北市","傳統保健理財族"
"b0dcd8ee","36-40歲","女","新北市","獨立愛遊理財新手"
"2f31ca2b","41-45歲","男","新北市","樂動廣告品牌控"
"653c33b4","41-45歲","女","桃園市","網購社媒手機迷"
"9ac51aa3","31-35歲","男","新竹縣","運動科技潮人"
"aa24c59a","31-35歲","女","新北市","網購社媒手機迷"
"0c1614b2","26-30歲","女","台南市","獨立愛遊理財新手"
"5b616653","31-35歲","女","新竹縣","物質享樂衝購族"
"199c2011","31-35歲","男","苗栗縣","運動科技潮人"
"36a52ac3","36-40歲","男","新北市","運動科技潮人"
"1500d241","46-50歲","女","高雄市","物質享樂衝購族"
"3b63884f","41-45歲","男","台北市","愛搜愛比網購客"
"db994ad9","36-40歲","女","花蓮縣","網購社媒手機迷"
"8b2b0ccb","41-45歲","女","桃園市","樂動廣告品牌控"
"f593e0ff","66以上","女","苗栗縣","網購社媒手機迷"
"7c1147cc","31-35歲","女","彰化縣","健康愛家定存控"
"a2c9b02a","56-60歲","女","台中市","物質享樂衝購族"
"4a89c7b8","46-50歲","男","苗栗縣","愛搜愛比網購客"
"539b9e77","51-55歲","女","台北市","傳統保健理財族"
"08e29421","31-35歲","女","苗栗縣","健康愛家定存控"
"cd7a3393","41-45歲","女","彰化縣","傳統保健理財族"
"26098b45","41-45歲","男","南投縣","運動科技潮人"
"81230578","36-40歲","女","南投縣","樂動廣告品牌控"
"dc2dbabc","51-55歲","女","台中市","健康愛家定存控"
"d0eebf1f","31-35歲","女","新北市","獨立愛遊理財新手"
"353d2202","31-35歲","男","新竹縣","運動科技潮人"
"4f62621d","56-60歲","女","台北市","物質享樂衝購族"
"6886ff87","31-35歲","女","高雄市","運動科技潮人"
"9223a0a8","41-45歲","女","新北市","獨立愛遊理財新手"
"da962e46","41-45歲","女","台中市","品味養生理財貴族"
"9299e191","36-40歲","男","台南市","樂動廣告品牌控"
"e72443a5","41-45歲","女","新北市","物質享樂衝購族"
"70e229a4","46-50歲","女","新竹市","品味養生理財貴族"
"bfd1a6e2","56-60歲","男","台北市","愛搜愛比網購客"
"6db89fe4","31-35歲","女","苗栗縣","物質享樂衝購族"
"1a639827","26-30歲","女","台中市","獨立愛遊理財新手"
"c160f8a2","51-55歲","女","新竹縣","愛搜愛比網購客"
"b6a9cfeb","31-35歲","女","新北市","運動科技潮人"
"a392aa8d","41-45歲","女","花蓮縣","健康愛家定存控"
"35d1f627","36-40歲","女","新竹市","愛搜愛比網購客"
"3bc4a697","21-25歲","女","新竹市","健康愛家定存控"
"88851a56","31-35歲","女","屏東縣","樂動廣告品牌控"
"8bbb6056","51-55歲","女","桃園市","傳統保健理財族"
"eb5701a5","26-30歲","女","苗栗縣","健康愛家定存控"
"a884f11d","46-50歲","男","宜蘭縣","運動科技潮人"
"a1fdb29a","41-45歲","女","台中市","傳統保健理財族"
"8a2e6a1c","41-45歲","女","苗栗縣","物質享樂衝購族"
"00a1b6a8","46-50歲","女","新北市","運動科技潮人"
"19af70ca","31-35歲","女","苗栗縣","網購社媒手機迷"
"df50f3a2","46-50歲","女","台南市","品味養生理財貴族"
"dd1f5ae5","31-35歲","女","彰化縣","物質享樂衝購族"
"6551f0cc","36-40歲","女","台中市","樂動廣告品牌控"
"b0348f09","36-40歲","女","新竹市","健康愛家定存控"
"7674bd86","31-35歲","女","台中市","健康愛家定存控"
"7e11d091","31-35歲","女","雲林縣","物質享樂衝購族"
"d357517f","41-45歲","女","花蓮縣","獨立愛遊理財新手"
"6e612781","41-45歲","男","新竹縣","愛搜愛比網購客"
"c7dee531","41-45歲","女","新北市","網購社媒手機迷"
"4c1eac57","41-45歲","男","新北市","愛搜愛比網購客"
"f201f722","51-55歲","女","花蓮縣","品味養生理財貴族"
"ccdb9bcc","26-30歲","女","苗栗縣","物質享樂衝購族"
"84d8b6da","41-45歲","女","新竹縣","健康愛家定存控"
"10c17856","41-45歲","女","新北市","愛搜愛比網購客"
"6f869676","46-50歲","女","屏東縣","健康愛家定存控"
"35ca9913","36-40歲","女","新北市","獨立愛遊理財新手"
"d1c15ad3","31-35歲","女","新北市","樂動廣告品牌控"
"b558e742","26-30歲","女","新北市","網購社媒手機迷"
"2350908c","31-35歲","女","新竹縣","網購社媒手機迷"
"cdb6d7fc","36-40歲","女","新北市","物質享樂衝購族"
"61ac5f52","41-45歲","男","台北市","運動科技潮人"
"251770e7","41-45歲","女","台中市","網購社媒手機迷"
"c72fd880","51-55歲","男","苗栗縣","樂動廣告品牌控"
"062121b8","51-55歲","女","台北市","傳統保健理財族"
"fb1408e3","36-40歲","女","台中市","樂動廣告品牌控"
"cbd86378","26-30歲","女","桃園市","健康愛家定存控"
"1da8e63f","41-45歲","男","台中市","健康愛家定存控"
"b0a00f31","61-65歲","女","台中市","樂動廣告品牌控"
"c52edc00","31-35歲","男","台中市","運動科技潮人"
"54167ad2","31-35歲","男","新北市","樂動廣告品牌控"
"930d0412","41-45歲","女","苗栗縣","樂動廣告品牌控"
"abe567ba","51-55歲","女","宜蘭縣","品味養生理財貴族"
"b1348e22","46-50歲","男","新竹縣","運動科技潮人"
"4e1e9354","26-30歲","女","新北市","物質享樂衝購族"
"982073db","31-35歲","女","彰化縣","健康愛家定存控"
"25b228c0","31-35歲","女","新竹縣","物質享樂衝購族"
"1fd55279","36-40歲","女","桃園市","獨立愛遊理財新手"
"89e312d5","31-35歲","女","屏東縣","傳統保健理財族"
"c7223105","36-40歲","女","苗栗縣","網購社媒手機迷"
"5f612446","31-35歲","男","彰化縣","健康愛家定存控"
"4a9a3e5e","41-45歲","女","台北市","獨立愛遊理財新手"
"09ea2fa2","61-65歲","女","台北市","健康愛家定存控"
"ab4c78a1","41-45歲","女","新竹縣","物質享樂衝購族"
"f1bfd12b","36-40歲","女","新北市","物質享樂衝購族"
"cf4e9f4c","41-45歲","女","台中市","物質享樂衝購族"
"49baff9b","36-40歲","女","嘉義縣","物質享樂衝購族"
"b729f7e2","26-30歲","女","新竹市","健康愛家定存控"
"231e8ade","26-30歲","女","苗栗縣","健康愛家定存控"
"b82e1e86","41-45歲","女","新北市","網購社媒手機迷"
"c8713e73","36-40歲","女","台北市","品味養生理財貴族"
"f2c12d21","61-65歲","女","新北市","愛搜愛比網購客"
"dfc21016","31-35歲","女","台中市","網購社媒手機迷"
"5d1d0fb7","56-60歲","男","台北市","運動科技潮人"
"1608ba11","31-35歲","女","台中市","運動科技潮人"
"7fe4ae9e","36-40歲","女","花蓮縣","品味養生理財貴族"
"209b0c6d","46-50歲","女","苗栗縣","樂動廣告品牌控"
"9c584809","46-50歲","男","台北市","健康愛家定存控"
"ef2253a1","36-40歲","男","新北市","健康愛家定存控"
"47ea98d1","31-35歲","女","新北市","品味養生理財貴族"
"0e1d9d2f","46-50歲","女","彰化縣","網購社媒手機迷"
"0cd598f2","51-55歲","男","苗栗縣","運動科技潮人"
"ead3de8b","26-30歲","男","新北市","樂動廣告品牌控"
"f2c0ac5e","36-40歲","女","花蓮縣","物質享樂衝購族"
"fc91adb5","41-45歲","女","桃園市","傳統保健理財族"
"a0ff41c1","46-50歲","女","新北市","樂動廣告品牌控"
"913f491c","26-30歲","男","台中市","樂動廣告品牌控"
"c2437e0a","41-45歲","女","台中市","物質享樂衝購族"
"134e73b3","26-30歲","女","花蓮縣","物質享樂衝購族"
"94356b7b","36-40歲","女","新北市","運動科技潮人"
"d20ddb3e","36-40歲","女","台北市","樂動廣告品牌控"
"3050549e","36-40歲","女","新北市","物質享樂衝購族"
"04f37b38","31-35歲","女","台中市","物質享樂衝購族"
"bc2e5a7e","31-35歲","男","雲林縣","運動科技潮人"
"5b35b236","31-35歲","女","新北市","健康愛家定存控"
"ba3d6b79","46-50歲","女","台北市","品味養生理財貴族"
"f8718cb4","31-35歲","女","彰化縣","網購社媒手機迷"
"49fe115e","26-30歲","女","新竹縣","健康愛家定存控"
"5b175d0f","36-40歲","女","高雄市","獨立愛遊理財新手"
"e6cd1947","51-55歲","女","台中市","健康愛家定存控"
"34827da2","31-35歲","女","台北市","健康愛家定存控"
"928c31f1","31-35歲","女","新北市","物質享樂衝購族"
"3a7ef6f3","31-35歲","女","花蓮縣","物質享樂衝購族"
"020701b0","51-55歲","男","苗栗縣","運動科技潮人"
"e55039b1","36-40歲","女","新竹縣","品味養生理財貴族"
"2f7999c8","51-55歲","女","新竹市","運動科技潮人"
"2d662243","66以上","女","台中市","樂動廣告品牌控"
"2021a90b","46-50歲","女","苗栗縣","物質享樂衝購族"
"5192d616","31-35歲","女","新竹縣","物質享樂衝購族"
"c2fa8d7a","41-45歲","女","新北市","物質享樂衝購族"
"ad78d459","36-40歲","女","台北市","品味養生理財貴族"
"8a7ed517","36-40歲","女","新竹市","物質享樂衝購族"
"138377b9","31-35歲","女","新北市","物質享樂衝購族"
"1ffba090","56-60歲","男","苗栗縣","傳統保健理財族"
"6e4acbde","46-50歲","男","台北市","運動科技潮人"
"263c0f9c","56-60歲","女","花蓮縣","傳統保健理財族"
"e19dd72a","21-25歲","男","新竹市","健康愛家定存控"
"184ea7aa","61-65歲","女","花蓮縣","品味養生理財貴族"
"1e5694fd","36-40歲","女","新北市","樂動廣告品牌控"
"5f1643d2","56-60歲","女","新竹縣","樂動廣告品牌控"
"a442cd96","46-50歲","女","台北市","健康愛家定存控"
"ec262d96","36-40歲","女","台北市","物質享樂衝購族"
"c677d3ad","36-40歲","男","新北市","樂動廣告品牌控"
"cc60d3a2","31-35歲","女","台中市","網購社媒手機迷"
"6f58833a","36-40歲","女","新北市","獨立愛遊理財新手"
"85108254","46-50歲","女","新北市","品味養生理財貴族"
"2cc740b3","51-55歲","女","新北市","健康愛家定存控"
"8b399616","31-35歲","女","台北市","健康愛家定存控"
"5cd08f0e","31-35歲","女","新竹縣","獨立愛遊理財新手"
"0eb59890","36-40歲","男","新竹縣","運動科技潮人"
"ff5394c0","26-30歲","女","新竹縣","獨立愛遊理財新手"
"9e6c3eab","36-40歲","男","台北市","運動科技潮人"
"d6544eed","46-50歲","男","苗栗縣","愛搜愛比網購客"
"2f575f08","36-40歲","女","台南市","網購社媒手機迷"
"70218b69","31-35歲","女","新北市","健康愛家定存控"
"04c45fda","41-45歲","男","彰化縣","樂動廣告品牌控"
"f0ecb70b","41-45歲","男","花蓮縣","傳統保健理財族"
"2770e440","31-35歲","女","台南市","健康愛家定存控"
"10743935","36-40歲","男","新竹市","健康愛家定存控"
"b6cac8b8","46-50歲","女","台中市","網購社媒手機迷"
"f504f7e1","31-35歲","女","新竹縣","物質享樂衝購族"
"49b4cf11","46-50歲","女","台北市","網購社媒手機迷"
"a212570f","41-45歲","女","高雄市","樂動廣告品牌控"
"6b557469","36-40歲","女","花蓮縣","品味養生理財貴族"
"b321499c","36-40歲","男","高雄市","運動科技潮人"
"c70608b0","51-55歲","女","新北市","網購社媒手機迷"
"66f02127","31-35歲","男","高雄市","物質享樂衝購族"
"6908af9e","41-45歲","女","新竹縣","網購社媒手機迷"
"702b1a4f","26-30歲","男","彰化縣","樂動廣告品牌控"
"114092ce","46-50歲","女","高雄市","品味養生理財貴族"
"96f4f4c0","51-55歲","女","新北市","品味養生理財貴族"
"aae7a3d6","41-45歲","女","新北市","品味養生理財貴族"
"42d5c5d6","41-45歲","男","桃園市","運動科技潮人"
"f4ca4d80","26-30歲","女","新北市","健康愛家定存控"
"08679fb2","41-45歲","女","台北市","網購社媒手機迷"
"32c85d67","41-45歲","女","新竹市","傳統保健理財族"
"b32e72b5","31-35歲","女","彰化縣","健康愛家定存控"
"4aa07177","46-50歲","女","台北市","樂動廣告品牌控"
"5ce3e23b","36-40歲","男","花蓮縣","健康愛家定存控"
"d0eda3fd","41-45歲","女","新竹縣","樂動廣告品牌控"
"a32195d9","31-35歲","男","苗栗縣","樂動廣告品牌控"
"aa31070b","36-40歲","男","桃園市","運動科技潮人"
"6746e9e4","46-50歲","女","苗栗縣","傳統保健理財族"
"7d7590bc","41-45歲","女","嘉義市","品味養生理財貴族"
"f0826620","41-45歲","男","花蓮縣","健康愛家定存控"
"971b012d","31-35歲","女","苗栗縣","物質享樂衝購族"
"ce8f90f7","46-50歲","男","新竹縣","傳統保健理財族"
"3d292fef","61-65歲","女","高雄市","健康愛家定存控"
"d05fef05","31-35歲","女","台中市","物質享樂衝購族"
"a20e14b4","26-30歲","女","苗栗縣","獨立愛遊理財新手"
"07fca741","56-60歲","女","花蓮縣","物質享樂衝購族"
"be6a32c0","21-25歲","女","新北市","獨立愛遊理財新手"
"02e11e53","41-45歲","男","高雄市","愛搜愛比網購客"
"69639771","31-35歲","女","雲林縣","物質享樂衝購族"
"6f85df4e","36-40歲","女","新竹縣","運動科技潮人"
"196bcfb1","41-45歲","女","台北市","健康愛家定存控"
"96a3dbfa","31-35歲","男","新竹縣","運動科技潮人"
"f3b8b01f","31-35歲","女","苗栗縣","健康愛家定存控"
"cce80a0f","41-45歲","女","台北市","網購社媒手機迷"
"d163dd96","26-30歲","女","嘉義市","健康愛家定存控"
"b987f6f2","31-35歲","男","彰化縣","健康愛家定存控"
"9427347b","46-50歲","女","高雄市","物質享樂衝購族"
"d71f75ca","36-40歲","男","台南市","運動科技潮人"
"d71b8fc2","46-50歲","女","新北市","品味養生理財貴族"
"a1171b1a","41-45歲","女","嘉義市","愛搜愛比網購客"
"a5429a42","26-30歲","女","台中市","物質享樂衝購族"
"7fe7e991","46-50歲","男","新竹縣","樂動廣告品牌控"
"7eb53912","41-45歲","女","新竹市","物質享樂衝購族"
"9e8cc0d7","46-50歲","男","花蓮縣","運動科技潮人"
"6841ae83","26-30歲","男","台南市","運動科技潮人"
"bb0e7932","26-30歲","女","台中市","網購社媒手機迷"
"0614ebd1","36-40歲","男","新北市","運動科技潮人"
"5412d57a","21-25歲","男","新竹市","運動科技潮人"
"099c6fcf","41-45歲","女","花蓮縣","品味養生理財貴族"
"15786c1f","56-60歲","女","台北市","網購社媒手機迷"
"e0373119","46-50歲","男","高雄市","愛搜愛比網購客"
"cedfd775","41-45歲","男","台中市","運動科技潮人"
"3d3d60c6","31-35歲","男","新北市","運動科技潮人"
"c6f141a8","51-55歲","女","台北市","網購社媒手機迷"
"26e798ab","36-40歲","男","苗栗縣","樂動廣告品牌控"
"ecf9484e","31-35歲","男","台中市","運動科技潮人"
"4196b693","51-55歲","女","新竹縣","樂動廣告品牌控"
"2dea5ea8","31-35歲","女","新北市","健康愛家定存控"
"df6dba3d","46-50歲","女","宜蘭縣","獨立愛遊理財新手"
"0b5c38c1","26-30歲","女","台中市","物質享樂衝購族"
"fbbc1196","31-35歲","女","台中市","物質享樂衝購族"
"44bcb98e","41-45歲","女","苗栗縣","愛搜愛比網購客"
"d08b380e","31-35歲","女","桃園市","網購社媒手機迷"
"111e1a26","56-60歲","女","新竹縣","品味養生理財貴族"
"f1d235e2","31-35歲","女","花蓮縣","獨立愛遊理財新手"
"5c02f84a","36-40歲","女","苗栗縣","獨立愛遊理財新手"
"d7691f81","31-35歲","男","苗栗縣","運動科技潮人"
"7801fcaf","41-45歲","女","新竹縣","網購社媒手機迷"
"547db34f","56-60歲","女","台中市","健康愛家定存控"
"51c6c36d","41-45歲","女","苗栗縣","網購社媒手機迷"
"44957490","31-35歲","男","桃園市","運動科技潮人"
"3982973b","31-35歲","女","新北市","健康愛家定存控"
"715df928","61-65歲","女","台北市","愛搜愛比網購客"
"63a2b606","41-45歲","女","新竹縣","品味養生理財貴族"
"fd5727ce","26-30歲","男","新竹市","運動科技潮人"
"d7a1a4ee","46-50歲","女","台中市","愛搜愛比網購客"
"3fa16cc5","41-45歲","女","新竹縣","品味養生理財貴族"
"55bba44b","26-30歲","女","新竹縣","健康愛家定存控"
"6e1e17e1","41-45歲","男","新北市","運動科技潮人"
"8f457e84","36-40歲","女","彰化縣","樂動廣告品牌控"
"89d78043","46-50歲","女","新北市","品味養生理財貴族"
"15030538","41-45歲","男","南投縣","樂動廣告品牌控"
"fc13ec7a","46-50歲","男","台北市","運動科技潮人"
"efd141b0","36-40歲","女","台中市","網購社媒手機迷"
"bfc93400","51-55歲","女","台北市","傳統保健理財族"
"e45c0ea7","46-50歲","男","新竹縣","傳統保健理財族"
"fdc02a4f","41-45歲","女","台北市","品味養生理財貴族"
"a74d1bf7","36-40歲","女","新竹縣","健康愛家定存控"
"f28d7335","41-45歲","女","台中市","物質享樂衝購族"
"b05adc8f","36-40歲","女","台中市","健康愛家定存控"
"4474e38b","31-35歲","女","新北市","健康愛家定存控"
"1fe16f86","41-45歲","女","台北市","運動科技潮人"
"24400178","46-50歲","女","台北市","愛搜愛比網購客"
"e2c21816","41-45歲","男","台中市","愛搜愛比網購客"
"e8698efd","26-30歲","女","南投縣","健康愛家定存控"
"2e265c53","51-55歲","女","台南市","愛搜愛比網購客"
"68848027","66以上","女","苗栗縣","獨立愛遊理財新手"
"7b90b0d6","26-30歲","女","台中市","物質享樂衝購族"
"f6b04d06","41-45歲","男","台北市","運動科技潮人"
"bbdb2fa8","21-25歲","男","苗栗縣","健康愛家定存控"
"ac3c8bd8","26-30歲","男","新北市","樂動廣告品牌控"
"86a571d3","61-65歲","女","新北市","傳統保健理財族"
"d7d93af3","26-30歲","男","高雄市","獨立愛遊理財新手"
"e8c21c90","46-50歲","女","台北市","樂動廣告品牌控"
"ab98d913","26-30歲","女","苗栗縣","樂動廣告品牌控"
"ef675387","36-40歲","男","台北市","運動科技潮人"
"28abf286","21-25歲","女","苗栗縣","物質享樂衝購族"
"a0797e22","36-40歲","女","台南市","物質享樂衝購族"
"29e3a058","51-55歲","女","台南市","健康愛家定存控"
"9d955ba9","46-50歲","女","嘉義市","品味養生理財貴族"
"f7889792","51-55歲","女","新北市","物質享樂衝購族"
"64430f99","31-35歲","男","台中市","健康愛家定存控"
"aeeb70fc","61-65歲","女","台北市","品味養生理財貴族"
"8257f177","41-45歲","女","台中市","網購社媒手機迷"
"fe676cb3","51-55歲","男","新北市","運動科技潮人"
"571c866c","41-45歲","女","苗栗縣","獨立愛遊理財新手"
"6f6414ad","36-40歲","女","雲林縣","物質享樂衝購族"
"4af32c4a","36-40歲","女","台北市","運動科技潮人"
"384fc882","41-45歲","女","台中市","健康愛家定存控"
"71cf7c07","41-45歲","男","新竹縣","樂動廣告品牌控"
"163689e9","41-45歲","女","新竹縣","健康愛家定存控"
"56f89341","41-45歲","女","新北市","健康愛家定存控"
"76ea9e26","31-35歲","女","新竹市","傳統保健理財族"
"cd96ccbf","41-45歲","男","新竹縣","運動科技潮人"
"bfe2ba64","36-40歲","女","新北市","運動科技潮人"
"1b7e58fe","31-35歲","女","台中市","物質享樂衝購族"
"f573b97c","31-35歲","女","台北市","運動科技潮人"
"dfb8e675","26-30歲","女","新北市","物質享樂衝購族"
"dc343b91","41-45歲","女","新竹縣","物質享樂衝購族"
"d1b227d1","46-50歲","女","新竹縣","品味養生理財貴族"
"3fdddab4","41-45歲","女","台中市","愛搜愛比網購客"
"5c1f62db","66以上","女","台北市","傳統保健理財族"
"d07f5ffc","36-40歲","女","新北市","健康愛家定存控"
"30929314","31-35歲","男","桃園市","運動科技潮人"
"74314625","36-40歲","男","新竹縣","樂動廣告品牌控"
"3e83a215","31-35歲","男","新北市","樂動廣告品牌控"
"8a6b6718","31-35歲","女","桃園市","網購社媒手機迷"
"805f7663","26-30歲","男","花蓮縣","運動科技潮人"
"2e2003e0","26-30歲","男","新竹縣","健康愛家定存控"
"0b8630d7","31-35歲","女","台中市","網購社媒手機迷"
"2b0d41bc","36-40歲","女","花蓮縣","健康愛家定存控"
"01eb6bf9","31-35歲","女","南投縣","健康愛家定存控"
"d8092f70","36-40歲","女","新北市","獨立愛遊理財新手"
"1afcf8f4","46-50歲","女","新北市","網購社媒手機迷"
"d19c5b1e","56-60歲","女","台中市","品味養生理財貴族"
"7d54b74f","46-50歲","女","新北市","傳統保健理財族"
"bb7a534e","26-30歲","女","台北市","健康愛家定存控"
"8425358e","36-40歲","女","新北市","健康愛家定存控"
"fa538b65","51-55歲","男","新竹縣","樂動廣告品牌控"
"9945124a","26-30歲","女","桃園市","網購社媒手機迷"
"3e218abb","36-40歲","男","苗栗縣","網購社媒手機迷"
"f70444dd","41-45歲","男","台中市","運動科技潮人"
"3f2cf4e2","26-30歲","女","花蓮縣","獨立愛遊理財新手"
"5dd998dc","51-55歲","女","苗栗縣","物質享樂衝購族"
"9f5814a1","46-50歲","女","台中市","物質享樂衝購族"
"ec5f3796","46-50歲","女","台中市","網購社媒手機迷"
"1bc95b50","46-50歲","男","台北市","網購社媒手機迷"
"8d40278f","31-35歲","女","新北市","物質享樂衝購族"
"32e09fe2","51-55歲","女","台中市","網購社媒手機迷"
"7bfc668b","36-40歲","女","苗栗縣","運動科技潮人"
"e324400c","51-55歲","女","台中市","傳統保健理財族"
"0414e5a5","41-45歲","女","彰化縣","獨立愛遊理財新手"
"1c6767e6","46-50歲","女","新竹縣","愛搜愛比網購客"
"d94513c7","31-35歲","女","苗栗縣","物質享樂衝購族"
"8e827bc1","46-50歲","女","新竹市","網購社媒手機迷"
"6057bf87","31-35歲","男","新北市","運動科技潮人"
"c215a6ef","36-40歲","男","台北市","運動科技潮人"
"da246ab9","56-60歲","男","基隆市","愛搜愛比網購客"
"11229efb","41-45歲","女","彰化縣","愛搜愛比網購客"
"f5ee2d32","41-45歲","女","新北市","網購社媒手機迷"
"42691a04","36-40歲","男","台中市","運動科技潮人"
"cb3ad714","36-40歲","女","彰化縣","獨立愛遊理財新手"
"add20b3d","31-35歲","女","台中市","網購社媒手機迷"
"d9987a37","31-35歲","女","台中市","健康愛家定存控"
"69dc39cc","36-40歲","女","桃園市","獨立愛遊理財新手"
"63d2a611","41-45歲","女","嘉義市","獨立愛遊理財新手"
"cbe545b2","26-30歲","男","苗栗縣","物質享樂衝購族"
"0ffb5825","46-50歲","男","桃園市","樂動廣告品牌控"
"67707bbc","56-60歲","女","台北市","愛搜愛比網購客"
"b8fade7c","46-50歲","女","台北市","品味養生理財貴族"
"75781509","36-40歲","男","彰化縣","樂動廣告品牌控"
"1eef788d","31-35歲","女","桃園市","運動科技潮人"
"ddfed69e","36-40歲","女","台南市","健康愛家定存控"
"943d2c51","51-55歲","女","桃園市","愛搜愛比網購客"
"0537ae38","36-40歲","女","台中市","網購社媒手機迷"
"e00aae11","31-35歲","女","台北市","健康愛家定存控"
"a947cbd7","41-45歲","女","台南市","物質享樂衝購族"
"7e8b1b02","36-40歲","男","台中市","運動科技潮人"
"94e497bc","36-40歲","女","雲林縣","物質享樂衝購族"
"91fabaef","41-45歲","女","新竹縣","網購社媒手機迷"
"37dc280d","46-50歲","男","高雄市","傳統保健理財族"
"44e677e8","41-45歲","女","苗栗縣","物質享樂衝購族"
"ff5d747b","36-40歲","女","新北市","品味養生理財貴族"
"c38398f8","46-50歲","女","彰化縣","物質享樂衝購族"
"ec3e9566","31-35歲","男","新北市","運動科技潮人"
"11748046","36-40歲","女","苗栗縣","物質享樂衝購族"
"7f1304b3","51-55歲","男","台北市","樂動廣告品牌控"
"84acbd8c","41-45歲","女","新北市","物質享樂衝購族"
"b85e0700","26-30歲","女","台北市","物質享樂衝購族"
"37aac14a","31-35歲","女","台中市","健康愛家定存控"
"a8bced26","36-40歲","女","高雄市","樂動廣告品牌控"
"e252effc","36-40歲","女","彰化縣","樂動廣告品牌控"
"8cff1b5d","31-35歲","女","新竹縣","物質享樂衝購族"
"d6ee2032","46-50歲","男","台北市","樂動廣告品牌控"
"8d614415","41-45歲","女","高雄市","運動科技潮人"
"defa3e32","36-40歲","女","新竹縣","品味養生理財貴族"
"37cfda0d","31-35歲","女","台東縣","物質享樂衝購族"
"cffb293c","41-45歲","男","台北市","運動科技潮人"
"56adc17e","36-40歲","男","台北市","運動科技潮人"
"ae15f836","31-35歲","男","新北市","運動科技潮人"
"f8ef7418","36-40歲","女","桃園市","樂動廣告品牌控"
"73c74051","46-50歲","女","高雄市","品味養生理財貴族"
"9c890bed","36-40歲","女","花蓮縣","物質享樂衝購族"
"77cc8cc4","46-50歲","女","台中市","愛搜愛比網購客"
"e13d1ffa","36-40歲","女","台中市","物質享樂衝購族"
"ec94cd41","41-45歲","女","高雄市","網購社媒手機迷"
"c5c062d7","61-65歲","女","新北市","樂動廣告品牌控"
"946305ba","51-55歲","女","新竹縣","獨立愛遊理財新手"
"190d820f","41-45歲","女","新北市","樂動廣告品牌控"
"41360ffd","61-65歲","女","新北市","樂動廣告品牌控"
"fdc8ec53","36-40歲","女","桃園市","網購社媒手機迷"
"8b716acb","36-40歲","女","台中市","傳統保健理財族"
"718b07f8","26-30歲","女","桃園市","物質享樂衝購族"
"4c45b5fa","41-45歲","女","苗栗縣","愛搜愛比網購客"
"67bc386e","36-40歲","女","新北市","健康愛家定存控"
"e4f29d5f","26-30歲","男","彰化縣","運動科技潮人"
"bf2f7912","31-35歲","女","新北市","運動科技潮人"
"5e281fa6","36-40歲","女","台中市","物質享樂衝購族"
"bf04c08d","51-55歲","男","新北市","運動科技潮人"
"95b894b4","46-50歲","女","新北市","獨立愛遊理財新手"
"0cd11f05","41-45歲","女","彰化縣","網購社媒手機迷"
"a60393b8","46-50歲","男","新竹縣","運動科技潮人"
"6be16a14","46-50歲","男","新竹市","樂動廣告品牌控"
"8d941856","51-55歲","女","新竹縣","獨立愛遊理財新手"
"a6b6d33e","56-60歲","女","台中市","樂動廣告品牌控"
"35bfd695","31-35歲","男","台南市","樂動廣告品牌控"
"4e0c76fc","51-55歲","女","台北市","健康愛家定存控"
"c80028ab","41-45歲","女","宜蘭縣","獨立愛遊理財新手"
"dffbf045","51-55歲","女","新北市","品味養生理財貴族"
"5cd3afc0","51-55歲","女","新北市","樂動廣告品牌控"
"1d4b544b","56-60歲","男","苗栗縣","運動科技潮人"
"a0e19820","36-40歲","女","新竹縣","物質享樂衝購族"
"7e50f534","31-35歲","男","台南市","運動科技潮人"
"5243969e","36-40歲","女","台中市","健康愛家定存控"
"377c6b65","31-35歲","女","新北市","網購社媒手機迷"
"9e8d516e","41-45歲","女","台中市","網購社媒手機迷"
"82fade88","31-35歲","女","新北市","網購社媒手機迷"
"ec326d83","36-40歲","女","新竹縣","健康愛家定存控"
"65170605","31-35歲","女","花蓮縣","網購社媒手機迷"
"a9ccaeb4","46-50歲","女","台中市","愛搜愛比網購客"
"8d30676b","31-35歲","男","桃園市","樂動廣告品牌控"
"e4998e3a","46-50歲","女","新北市","健康愛家定存控"
"dbbf8870","26-30歲","女","彰化縣","健康愛家定存控"
"fbcedb37","36-40歲","女","台北市","健康愛家定存控"
"d5ca49a3","46-50歲","女","新北市","樂動廣告品牌控"
"72cde46b","36-40歲","男","新北市","運動科技潮人"
"f023c753","51-55歲","女","苗栗縣","物質享樂衝購族"
"e7f1b1e4","41-45歲","女","嘉義市","網購社媒手機迷"
"101806ad","26-30歲","女","桃園市","健康愛家定存控"
"adbaf5fd","31-35歲","男","桃園市","運動科技潮人"
"3f3568ec","26-30歲","女","台中市","物質享樂衝購族"
"8ad1b079","41-45歲","女","台南市","網購社媒手機迷"
"c280fecf","41-45歲","女","新北市","樂動廣告品牌控"
"c09a2fb6","51-55歲","女","新竹縣","物質享樂衝購族"
"b6a84013","26-30歲","女","新竹縣","物質享樂衝購族"
"379c9258","OTHERS","男","台北市","健康愛家定存控"
"50ed3342","36-40歲","女","台中市","網購社媒手機迷"
"2d6d6c63","51-55歲","女","台北市","傳統保健理財族"
"fb526fa6","31-35歲","女","苗栗縣","網購社媒手機迷"
"28bfb13f","31-35歲","女","嘉義縣","健康愛家定存控"
"90bd2ad6","56-60歲","女","台南市","獨立愛遊理財新手"
"cdc65525","26-30歲","女","新竹縣","網購社媒手機迷"
"23ebce9e","56-60歲","女","台北市","品味養生理財貴族"
"5d235f3a","46-50歲","男","新北市","愛搜愛比網購客"
"32c89e24","41-45歲","女","台中市","物質享樂衝購族"
"238b66da","36-40歲","女","苗栗縣","樂動廣告品牌控"
"3038c306","36-40歲","女","新北市","網購社媒手機迷"
"73f610de","46-50歲","女","新北市","品味養生理財貴族"
"126e14a4","56-60歲","女","台北市","傳統保健理財族"
"aa0cf6ae","31-35歲","女","宜蘭縣","獨立愛遊理財新手"
"c041a04c","51-55歲","男","雲林縣","樂動廣告品牌控"
"622fb349","31-35歲","女","花蓮縣","物質享樂衝購族"
"213c7d22","36-40歲","男","苗栗縣","運動科技潮人"
"3efadf6f","46-50歲","女","苗栗縣","獨立愛遊理財新手"
"fe951235","31-35歲","男","新竹縣","運動科技潮人"
"854e9d9f","61-65歲","男","苗栗縣","樂動廣告品牌控"
"37154883","36-40歲","女","桃園市","物質享樂衝購族"
"5841991d","31-35歲","女","新竹縣","網購社媒手機迷"
"d2680ed5","41-45歲","女","彰化縣","品味養生理財貴族"
"7cb74628","51-55歲","女","雲林縣","品味養生理財貴族"
"a058746f","26-30歲","女","苗栗縣","健康愛家定存控"
"0fcc79bd","36-40歲","女","高雄市","網購社媒手機迷"
"76c4a593","36-40歲","男","新北市","樂動廣告品牌控"
"ab2bb691","41-45歲","女","基隆市","健康愛家定存控"
"86646bf0","36-40歲","女","新北市","品味養生理財貴族"
"711331d7","46-50歲","女","台中市","品味養生理財貴族"
"01930603","31-35歲","女","新北市","健康愛家定存控"
"a13629cb","36-40歲","女","台南市","健康愛家定存控"
"5543ad43","46-50歲","男","新竹市","運動科技潮人"
"3c262787","26-30歲","女","新北市","健康愛家定存控"
"7fa6e7c8","26-30歲","女","新北市","樂動廣告品牌控"
"a12bbae4","36-40歲","女","苗栗縣","樂動廣告品牌控"
"3a15cc3c","31-35歲","男","台中市","運動科技潮人"
"afd20877","51-55歲","女","新北市","品味養生理財貴族"
"a19dab33","41-45歲","女","彰化縣","網購社媒手機迷"
"743a7df3","21-25歲","女","台中市","運動科技潮人"
"45aae4fe","36-40歲","男","台北市","運動科技潮人"
"2c4ec596","41-45歲","女","桃園市","物質享樂衝購族"
"8ccde64b","41-45歲","男","新北市","愛搜愛比網購客"
"10d3e56e","41-45歲","女","台北市","品味養生理財貴族"
"42faa150","46-50歲","女","台中市","健康愛家定存控"
"c244fd76","31-35歲","女","新北市","物質享樂衝購族"
"ebf8868e","36-40歲","女","新北市","樂動廣告品牌控"
"d6288bee","31-35歲","男","南投縣","運動科技潮人"
"accd3513","41-45歲","女","花蓮縣","品味養生理財貴族"
"5dd92c5f","36-40歲","女","高雄市","獨立愛遊理財新手"
"b14b4ee2","36-40歲","女","台中市","樂動廣告品牌控"
"6e43902f","41-45歲","女","新北市","獨立愛遊理財新手"
"9c55364e","51-55歲","女","桃園市","品味養生理財貴族"
"5aa31a0b","31-35歲","男","新北市","獨立愛遊理財新手"
"9ded07c3","46-50歲","女","新北市","品味養生理財貴族"
"1b47535d","36-40歲","女","桃園市","品味養生理財貴族"
"a09bb1a4","36-40歲","女","新竹縣","樂動廣告品牌控"
"150c133f","31-35歲","男","台北市","運動科技潮人"
"2af4aec1","31-35歲","女","台北市","物質享樂衝購族"
"bebebbc4","31-35歲","男","高雄市","運動科技潮人"
"6950a80c","36-40歲","女","南投縣","網購社媒手機迷"
"6025af09","41-45歲","女","台中市","物質享樂衝購族"
"0baa440c","41-45歲","女","新北市","網購社媒手機迷"
"c96ac46e","46-50歲","女","桃園市","樂動廣告品牌控"
"641bf79b","36-40歲","男","苗栗縣","樂動廣告品牌控"
"96511a2c","36-40歲","女","台北市","樂動廣告品牌控"
"dd9fc3ea","21-25歲","女","苗栗縣","健康愛家定存控"
"e2ccb64e","41-45歲","男","台中市","運動科技潮人"
"ccc3a681","46-50歲","女","新竹縣","樂動廣告品牌控"
"fc43b884","56-60歲","女","新竹縣","愛搜愛比網購客"
"2563cc52","31-35歲","男","宜蘭縣","獨立愛遊理財新手"
"28736ff6","31-35歲","男","新竹市","運動科技潮人"
"ae432319","31-35歲","男","基隆市","樂動廣告品牌控"
"803b1297","46-50歲","女","花蓮縣","健康愛家定存控"
"90aa5af0","41-45歲","男","新北市","愛搜愛比網購客"
"9322b3d8","26-30歲","男","台北市","運動科技潮人"
"c9d5cee9","66以上","女","高雄市","網購社媒手機迷"
"4a5201d2","36-40歲","女","台北市","網購社媒手機迷"
"e1e33f8c","31-35歲","女","高雄市","健康愛家定存控"
"d182cfdf","51-55歲","女","彰化縣","物質享樂衝購族"
"7a92e28d","31-35歲","女","基隆市","健康愛家定存控"
"e69ee4cb","36-40歲","女","新竹縣","物質享樂衝購族"
"6be58fa2","51-55歲","女","新北市","物質享樂衝購族"
"ba5413aa","56-60歲","女","苗栗縣","品味養生理財貴族"
"436ae33c","26-30歲","女","新竹縣","物質享樂衝購族"
"7ed24452","56-60歲","未知","台南市","愛搜愛比網購客"
"b70d0b83","31-35歲","女","新竹縣","網購社媒手機迷"
"b35f7a3d","36-40歲","女","新竹縣","物質享樂衝購族"
"581ee985","41-45歲","女","宜蘭縣","樂動廣告品牌控"
"b1f86a9c","31-35歲","女","基隆市","物質享樂衝購族"
"59847c5a","31-35歲","男","台中市","運動科技潮人"
"edf4b847","31-35歲","女","台北市","運動科技潮人"
"181bbed7","61-65歲","男","苗栗縣","愛搜愛比網購客"
"62aaf457","26-30歲","女","花蓮縣","獨立愛遊理財新手"
"e3db40ca","31-35歲","女","苗栗縣","物質享樂衝購族"
"ed849f55","41-45歲","男","台南市","愛搜愛比網購客"
"e1af71e6","21-25歲","男","新竹縣","健康愛家定存控"
"1151fc4b","56-60歲","女","台北市","品味養生理財貴族"
"521bae60","66以上","女","台北市","健康愛家定存控"
"d48264f1","26-30歲","女","南投縣","物質享樂衝購族"
"b0befb62","36-40歲","女","桃園市","健康愛家定存控"
"ec857746","21-25歲","女","台北市","獨立愛遊理財新手"
"430d3e0e","56-60歲","女","新北市","傳統保健理財族"
"3b37d146","46-50歲","女","苗栗縣","健康愛家定存控"
"ea66a584","41-45歲","女","新北市","網購社媒手機迷"
"4b745d61","41-45歲","女","台中市","愛搜愛比網購客"
"d5e9590f","51-55歲","女","台南市","健康愛家定存控"
"8cd8605e","36-40歲","女","桃園市","健康愛家定存控"
"b70aae38","31-35歲","女","新北市","物質享樂衝購族"
"1d25df1f","51-55歲","女","雲林縣","健康愛家定存控"
"4973c669","26-30歲","女","新竹市","健康愛家定存控"
"f4626f64","41-45歲","男","台中市","運動科技潮人"
"b9c89e2f","46-50歲","男","台北市","運動科技潮人"
"b4e217f2","41-45歲","女","台北市","運動科技潮人"
"dba54cff","31-35歲","男","新竹縣","樂動廣告品牌控"
"5e9996db","51-55歲","女","台北市","網購社媒手機迷"
"3216d53a","51-55歲","女","台中市","運動科技潮人"
"34977e6b","31-35歲","女","台中市","物質享樂衝購族"
"655dbcd1","26-30歲","女","台中市","物質享樂衝購族"
"b16955f2","36-40歲","女","新北市","健康愛家定存控"
"444e2445","61-65歲","女","台北市","品味養生理財貴族"
"200b5c23","46-50歲","女","苗栗縣","運動科技潮人"
"6de3eedc","46-50歲","女","高雄市","物質享樂衝購族"
"b4816b89","31-35歲","女","花蓮縣","運動科技潮人"
"e51190a1","46-50歲","女","桃園市","網購社媒手機迷"
"1df54e11","31-35歲","女","桃園市","健康愛家定存控"
"7391caaf","46-50歲","女","苗栗縣","傳統保健理財族"
"eb22ec3f","56-60歲","男","新竹縣","運動科技潮人"
"68f9d6df","31-35歲","女","新竹市","物質享樂衝購族"
"0b9361db","31-35歲","男","彰化縣","物質享樂衝購族"
"ce047c02","36-40歲","女","苗栗縣","樂動廣告品牌控"
"7fc4e1c3","36-40歲","女","台中市","品味養生理財貴族"
"d280bf39","31-35歲","女","新北市","網購社媒手機迷"
"624e564f","51-55歲","女","高雄市","品味養生理財貴族"
"135e896d","31-35歲","女","台中市","樂動廣告品牌控"
"676e1562","56-60歲","男","苗栗縣","愛搜愛比網購客"
"cf1336ba","46-50歲","女","新北市","健康愛家定存控"
"9b806e73","41-45歲","女","台北市","品味養生理財貴族"
"92f56f4a","46-50歲","女","新北市","健康愛家定存控"
"f8b21e84","36-40歲","男","苗栗縣","運動科技潮人"
"f374e436","21-25歲","女","新竹市","健康愛家定存控"
"e9b8e041","51-55歲","女","台中市","愛搜愛比網購客"
"ac69947b","41-45歲","女","苗栗縣","健康愛家定存控"
"f9bf2033","26-30歲","女","苗栗縣","健康愛家定存控"
"0073d25f","31-35歲","女","新北市","獨立愛遊理財新手"
"f96d87c2","41-45歲","女","雲林縣","品味養生理財貴族"
"50e8f95b","41-45歲","女","新北市","運動科技潮人"
"ac92c7d9","51-55歲","女","桃園市","樂動廣告品牌控"
"9a1349b5","51-55歲","男","嘉義市","愛搜愛比網購客"
"33df3e44","41-45歲","女","彰化縣","網購社媒手機迷"
"b20638fa","36-40歲","女","台北市","健康愛家定存控"
"c3d39c29","41-45歲","男","苗栗縣","樂動廣告品牌控"
"fadc2428","41-45歲","女","新竹縣","傳統保健理財族"
"ed55998a","36-40歲","男","花蓮縣","運動科技潮人"
"412b446e","26-30歲","女","雲林縣","物質享樂衝購族"
"790f8f54","51-55歲","女","嘉義市","網購社媒手機迷"
"9e4b7761","36-40歲","女","新北市","健康愛家定存控"
"8e943764","36-40歲","女","台北市","傳統保健理財族"
"219c6506","41-45歲","男","台北市","運動科技潮人"
"bdbc080d","56-60歲","女","新北市","傳統保健理財族"
"0cb93f60","46-50歲","女","新竹市","獨立愛遊理財新手"
"8d22ecaa","31-35歲","女","新北市","物質享樂衝購族"
"5d44cfbd","41-45歲","女","桃園市","網購社媒手機迷"
"b920c92e","31-35歲","女","台中市","物質享樂衝購族"
"febdb14f","41-45歲","男","台北市","運動科技潮人"
"ab063660","36-40歲","女","基隆市","運動科技潮人"
"11ccb02f","31-35歲","女","苗栗縣","健康愛家定存控"
"30f67509","31-35歲","女","新北市","健康愛家定存控"
"b15786a2","31-35歲","女","苗栗縣","獨立愛遊理財新手"
"bd9eccd7","36-40歲","男","新竹縣","獨立愛遊理財新手"
"05f8ddb4","26-30歲","男","新竹縣","運動科技潮人"
"c0f8de33","61-65歲","女","台中市","運動科技潮人"
"7c2a234f","51-55歲","女","雲林縣","品味養生理財貴族"
"5e2f7cb8","36-40歲","男","新竹市","健康愛家定存控"
"b15fd49a","41-45歲","男","新北市","運動科技潮人"
"26338202","56-60歲","女","新北市","獨立愛遊理財新手"
"ee83d2b2","46-50歲","男","彰化縣","樂動廣告品牌控"
"e4d3e2bc","36-40歲","女","新北市","運動科技潮人"
"4a20adb0","36-40歲","女","高雄市","獨立愛遊理財新手"
"913e9196","31-35歲","女","新北市","獨立愛遊理財新手"
"5171fe4a","46-50歲","女","苗栗縣","物質享樂衝購族"
"4e66b616","36-40歲","女","苗栗縣","樂動廣告品牌控"
"13f32a22","46-50歲","女","新竹縣","品味養生理財貴族"
"537a2fe0","46-50歲","男","桃園市","樂動廣告品牌控"
"4863e27d","26-30歲","女","新北市","物質享樂衝購族"
"c83ae369","36-40歲","女","新北市","物質享樂衝購族"
"3eba5a60","41-45歲","女","桃園市","品味養生理財貴族"
"0d591c12","31-35歲","女","彰化縣","物質享樂衝購族"
"4f9884ae","36-40歲","男","基隆市","樂動廣告品牌控"
"87ba9462","41-45歲","女","桃園市","愛搜愛比網購客"
"2fbc44d4","51-55歲","男","新竹縣","健康愛家定存控"
"4136c025","41-45歲","女","新北市","品味養生理財貴族"
"91eb008b","31-35歲","男","新北市","運動科技潮人"
"34dfa02f","36-40歲","女","新北市","物質享樂衝購族"
"6fa079ee","31-35歲","女","新北市","健康愛家定存控"
"81a86507","36-40歲","女","桃園市","樂動廣告品牌控"
"a4ff9bd2","41-45歲","女","新北市","樂動廣告品牌控"
"fbbc46a7","41-45歲","男","花蓮縣","樂動廣告品牌控"
"eabc5a57","31-35歲","男","新北市","運動科技潮人"
"ccec90dc","41-45歲","男","新竹縣","樂動廣告品牌控"
"873a85f9","31-35歲","女","台北市","網購社媒手機迷"
"e584c48c","31-35歲","女","高雄市","樂動廣告品牌控"
"210ae07b","46-50歲","男","新竹市","運動科技潮人"
"ad2b1c40","36-40歲","女","新北市","運動科技潮人"
"839d5898","61-65歲","女","台北市","傳統保健理財族"
"269f8b08","46-50歲","女","台中市","傳統保健理財族"
"9dd27c65","36-40歲","男","彰化縣","運動科技潮人"
"4cf8824b","56-60歲","女","台南市","傳統保健理財族"
"88262bfb","36-40歲","女","台北市","品味養生理財貴族"
"7729f312","26-30歲","男","苗栗縣","運動科技潮人"
"f87dc28f","51-55歲","男","新竹縣","愛搜愛比網購客"
"b0cc6e69","36-40歲","女","高雄市","物質享樂衝購族"
"5c2463ac","51-55歲","女","彰化縣","傳統保健理財族"
"1b23c44c","56-60歲","女","台北市","運動科技潮人"
"a8501b9b","31-35歲","女","台北市","獨立愛遊理財新手"
"2e735c0d","41-45歲","女","台北市","樂動廣告品牌控"
"7fb6169f","36-40歲","女","台中市","傳統保健理財族"
"36f20cf0","46-50歲","女","新北市","獨立愛遊理財新手"
"2e1fc5f4","41-45歲","女","台中市","獨立愛遊理財新手"
"3623a496","46-50歲","男","彰化縣","愛搜愛比網購客"
"0c2aae12","36-40歲","男","台北市","健康愛家定存控"
"9d79fbb4","56-60歲","女","新北市","健康愛家定存控"
"057daaca","51-55歲","女","新北市","物質享樂衝購族"
"d4fc3093","31-35歲","女","新北市","物質享樂衝購族"
"bab99d53","31-35歲","女","高雄市","樂動廣告品牌控"
"0692b845","31-35歲","女","桃園市","健康愛家定存控"
"3041b8af","41-45歲","男","彰化縣","運動科技潮人"
"c8fe90dc","41-45歲","女","新竹市","運動科技潮人"
"4042c310","41-45歲","女","台南市","健康愛家定存控"
"f51b73f4","36-40歲","女","台南市","網購社媒手機迷"
"2fc5789b","41-45歲","女","新北市","網購社媒手機迷"
"13b2a393","41-45歲","男","桃園市","運動科技潮人"
"692af82b","41-45歲","男","台南市","運動科技潮人"
"1117d515","51-55歲","女","台中市","健康愛家定存控"
"b2a28a25","36-40歲","女","新北市","健康愛家定存控"
"0bebc516","41-45歲","女","桃園市","樂動廣告品牌控"
"af0df4a5","36-40歲","男","新竹縣","樂動廣告品牌控"
"243cf34b","26-30歲","女","台北市","物質享樂衝購族"
"e2869a0a","26-30歲","女","花蓮縣","網購社媒手機迷"
"2d3b3416","51-55歲","女","彰化縣","健康愛家定存控"
"1909763a","31-35歲","女","新竹縣","物質享樂衝購族"
"cfb39961","41-45歲","女","新竹縣","樂動廣告品牌控"
"db138491","51-55歲","女","新北市","樂動廣告品牌控"
"011de94e","36-40歲","女","桃園市","獨立愛遊理財新手"
"99f1cc6b","36-40歲","女","台中市","樂動廣告品牌控"
"c9545171","26-30歲","女","新竹縣","獨立愛遊理財新手"
"850584f0","46-50歲","女","台南市","健康愛家定存控"
"91f13db3","46-50歲","女","苗栗縣","物質享樂衝購族"
"ad5ffb2b","56-60歲","女","桃園市","健康愛家定存控"
"770f218f","26-30歲","女","台北市","傳統保健理財族"
"9e41737f","41-45歲","女","新北市","運動科技潮人"
"086c05fe","31-35歲","女","高雄市","獨立愛遊理財新手"
"f3858a73","46-50歲","女","台北市","品味養生理財貴族"
"6072012a","36-40歲","女","台中市","愛搜愛比網購客"
"293e0dca","36-40歲","女","台北市","樂動廣告品牌控"
"b8201ad2","41-45歲","女","新竹縣","傳統保健理財族"
"168d216a","41-45歲","女","台東縣","樂動廣告品牌控"
"2052e11f","46-50歲","女","桃園市","物質享樂衝購族"
"73797401","51-55歲","女","高雄市","健康愛家定存控"
"07a246df","36-40歲","男","新北市","運動科技潮人"
"93af8bb2","26-30歲","女","花蓮縣","物質享樂衝購族"
"5c553ebc","46-50歲","女","新竹市","傳統保健理財族"
"83bf23ac","36-40歲","女","花蓮縣","物質享樂衝購族"
"475dec79","56-60歲","女","台中市","傳統保健理財族"
"94472af0","36-40歲","女","台中市","物質享樂衝購族"
"0dd1b538","46-50歲","女","苗栗縣","樂動廣告品牌控"
"c9c915e1","46-50歲","女","苗栗縣","傳統保健理財族"
"160518f8","41-45歲","女","台中市","健康愛家定存控"
"5df35f13","36-40歲","男","台北市","運動科技潮人"
"93330a53","31-35歲","女","宜蘭縣","獨立愛遊理財新手"
"872c4149","41-45歲","女","台中市","愛搜愛比網購客"
"664266ce","41-45歲","女","台北市","運動科技潮人"
"c6a50496","36-40歲","男","嘉義縣","運動科技潮人"
"fd9b7dc8","46-50歲","女","台北市","傳統保健理財族"
"5ff275cc","36-40歲","女","苗栗縣","物質享樂衝購族"
"bbc3d9f0","41-45歲","女","高雄市","網購社媒手機迷"
"ef78b257","31-35歲","男","新北市","樂動廣告品牌控"
"8ff5f8b4","31-35歲","女","花蓮縣","物質享樂衝購族"
"81d55bce","26-30歲","女","新竹縣","健康愛家定存控"
"ad59e6c4","41-45歲","女","嘉義市","樂動廣告品牌控"
"1262d5a0","61-65歲","男","新北市","運動科技潮人"
"db403939","51-55歲","女","彰化縣","樂動廣告品牌控"
"037d19e1","26-30歲","女","台東縣","網購社媒手機迷"
"b5b9e0ca","56-60歲","女","花蓮縣","品味養生理財貴族"
"edc2e33a","46-50歲","女","苗栗縣","網購社媒手機迷"
"d1d905d2","46-50歲","女","台北市","運動科技潮人"
"7052a9d0","36-40歲","女","台南市","獨立愛遊理財新手"
"8d19ff58","41-45歲","女","新竹縣","運動科技潮人"
"ebc8ae9c","41-45歲","男","新北市","運動科技潮人"
"885dcf21","26-30歲","女","桃園市","物質享樂衝購族"
"4c07ea7b","46-50歲","女","苗栗縣","網購社媒手機迷"
"30356eda","36-40歲","男","新竹縣","運動科技潮人"
"270116e7","31-35歲","女","新北市","獨立愛遊理財新手"
"4acdb4ef","26-30歲","女","新北市","獨立愛遊理財新手"
"07aa6736","31-35歲","女","新北市","物質享樂衝購族"
"18360347","26-30歲","男","台東縣","運動科技潮人"
"58acda86","46-50歲","女","新竹縣","健康愛家定存控"
"2622ed71","36-40歲","女","花蓮縣","獨立愛遊理財新手"
"64705a3e","41-45歲","女","台北市","品味養生理財貴族"
"585a51ba","41-45歲","女","台東縣","網購社媒手機迷"
"fe4b10d3","31-35歲","男","新竹市","運動科技潮人"
"c6d8256a","31-35歲","女","新北市","物質享樂衝購族"
"10aaa43a","46-50歲","女","台南市","物質享樂衝購族"
"9a3f257d","26-30歲","女","桃園市","健康愛家定存控"
"cc7f0907","26-30歲","女","台北市","物質享樂衝購族"
"2e2b22fd","31-35歲","女","新北市","健康愛家定存控"
"157e2069","31-35歲","女","台南市","健康愛家定存控"
"15ad81b0","46-50歲","女","新竹市","網購社媒手機迷"
"3ae2c9f8","31-35歲","女","台中市","物質享樂衝購族"
"0c43ac7a","56-60歲","女","新竹縣","品味養生理財貴族"
"1201100f","31-35歲","女","桃園市","健康愛家定存控"
"780a834f","36-40歲","男","新北市","物質享樂衝購族"
"7dc958de","46-50歲","男","台南市","樂動廣告品牌控"
"f95ea4fe","26-30歲","女","新竹縣","健康愛家定存控"
"fe24dbab","41-45歲","女","苗栗縣","物質享樂衝購族"
"f80d37c7","51-55歲","女","台北市","獨立愛遊理財新手"
"0a771a53","31-35歲","男","台中市","運動科技潮人"
"1427c974","46-50歲","女","桃園市","網購社媒手機迷"
"b8935b84","36-40歲","女","新北市","網購社媒手機迷"
"c32bb700","41-45歲","女","台北市","品味養生理財貴族"
"2732e958","46-50歲","女","新北市","愛搜愛比網購客"
"a57ec31a","26-30歲","女","台南市","獨立愛遊理財新手"
"d120004e","36-40歲","女","台北市","運動科技潮人"
"cf8cac8f","36-40歲","女","彰化縣","網購社媒手機迷"
"731b5d6d","20以下","女","南投縣","獨立愛遊理財新手"
"6b630675","31-35歲","男","高雄市","運動科技潮人"
"ecf08a75","41-45歲","男","苗栗縣","運動科技潮人"
"4eb10660","41-45歲","女","苗栗縣","品味養生理財貴族"
"db30d7ce","46-50歲","女","新竹縣","品味養生理財貴族"
"1b5b957c","36-40歲","女","台南市","物質享樂衝購族"
"06915162","46-50歲","女","台中市","獨立愛遊理財新手"
"9a6098ba","41-45歲","女","苗栗縣","品味養生理財貴族"
"c38eda4f","36-40歲","男","高雄市","樂動廣告品牌控"
"a26d86d7","46-50歲","女","台北市","品味養生理財貴族"
"f3296d02","41-45歲","女","苗栗縣","健康愛家定存控"
"7104bd68","51-55歲","男","花蓮縣","樂動廣告品牌控"
"ddd35630","56-60歲","男","台中市","愛搜愛比網購客"
"7e3dc154","36-40歲","男","桃園市","運動科技潮人"
"e1ac8cea","41-45歲","男","台中市","健康愛家定存控"
"6bc7285f","56-60歲","女","台南市","愛搜愛比網購客"
"0c98c1e3","31-35歲","女","彰化縣","物質享樂衝購族"
"c4d5a624","56-60歲","女","新北市","品味養生理財貴族"
"29bee078","41-45歲","女","彰化縣","獨立愛遊理財新手"
"811035e8","31-35歲","女","台北市","獨立愛遊理財新手"
"9572b2c0","41-45歲","女","台中市","品味養生理財貴族"
"72c26e78","41-45歲","女","新北市","品味養生理財貴族"
"8304e329","26-30歲","女","桃園市","運動科技潮人"
"ced468d4","21-25歲","女","新竹縣","物質享樂衝購族"
"b0132f5a","26-30歲","女","新竹縣","健康愛家定存控"
"897913bb","31-35歲","女","高雄市","物質享樂衝購族"
"07b2034f","41-45歲","女","彰化縣","樂動廣告品牌控"
"ed7e8fa4","36-40歲","女","高雄市","健康愛家定存控"
"6591eba1","31-35歲","女","新竹縣","樂動廣告品牌控"
"ed58b7c6","46-50歲","女","新竹縣","樂動廣告品牌控"
"883baafb","56-60歲","男","新竹縣","健康愛家定存控"
"2b6f688d","51-55歲","女","台南市","樂動廣告品牌控"
"528c15a6","31-35歲","女","新北市","運動科技潮人"
"b5db8e74","41-45歲","女","新竹縣","樂動廣告品牌控"
"d75f79c0","51-55歲","女","台中市","愛搜愛比網購客"
"c22f4866","41-45歲","女","台中市","品味養生理財貴族"
"4ecb9d70","46-50歲","女","新竹縣","物質享樂衝購族"
"81a4dc42","31-35歲","女","新北市","樂動廣告品牌控"
"d1748b88","26-30歲","女","台北市","物質享樂衝購族"
"25041f7e","36-40歲","女","新竹縣","網購社媒手機迷"
"28a59a87","46-50歲","男","新竹縣","運動科技潮人"
"d0eea636","36-40歲","男","台中市","樂動廣告品牌控"
"db196a48","41-45歲","女","新竹縣","樂動廣告品牌控"
"9b9bf0bd","31-35歲","女","新北市","獨立愛遊理財新手"
"a054efbe","41-45歲","男","桃園市","樂動廣告品牌控"
"aab4db86","61-65歲","女","新北市","傳統保健理財族"
"3b1a43f6","46-50歲","女","苗栗縣","物質享樂衝購族"
"bed418cc","31-35歲","女","台北市","樂動廣告品牌控"
"0b471724","51-55歲","男","彰化縣","運動科技潮人"
"4c8e2616","41-45歲","女","台北市","品味養生理財貴族"
"2f1de556","31-35歲","男","苗栗縣","樂動廣告品牌控"
"e9f419b7","41-45歲","女","新竹縣","樂動廣告品牌控"
"88929d79","41-45歲","女","新北市","物質享樂衝購族"
"7a9bfe2c","46-50歲","女","花蓮縣","獨立愛遊理財新手"
"791f3672","31-35歲","女","花蓮縣","物質享樂衝購族"
"960883e1","36-40歲","男","台中市","樂動廣告品牌控"
"325e1707","51-55歲","女","新竹縣","樂動廣告品牌控"
"ad7ad46d","36-40歲","女","新竹縣","健康愛家定存控"
"5bb09837","61-65歲","男","新北市","愛搜愛比網購客"
"ad5f780d","46-50歲","女","新北市","健康愛家定存控"
"be0054ce","26-30歲","女","台北市","獨立愛遊理財新手"
"ec6d54b8","36-40歲","女","新竹縣","樂動廣告品牌控"
"7a7c433f","56-60歲","女","彰化縣","品味養生理財貴族"
"841d690a","46-50歲","女","台北市","網購社媒手機迷"
"79bca4f8","31-35歲","女","台中市","物質享樂衝購族"
"6fdb6232","41-45歲","女","新竹縣","物質享樂衝購族"
"f18b5faa","46-50歲","女","高雄市","物質享樂衝購族"
"45982aec","41-45歲","女","苗栗縣","物質享樂衝購族"
"1b7fa229","36-40歲","男","新竹縣","運動科技潮人"
"13bdff14","46-50歲","女","台北市","獨立愛遊理財新手"
"562352b7","41-45歲","女","嘉義縣","網購社媒手機迷"
"1844bd7f","31-35歲","女","新竹縣","品味養生理財貴族"
"376a2e50","46-50歲","女","新竹縣","傳統保健理財族"
"582461bf","41-45歲","女","新竹市","運動科技潮人"
"b17f09a5","41-45歲","女","台中市","傳統保健理財族"
"235a4437","36-40歲","男","台北市","運動科技潮人"
"40262cee","31-35歲","女","台中市","物質享樂衝購族"
"9b785946","51-55歲","女","桃園市","網購社媒手機迷"
"1e5d5a65","26-30歲","女","雲林縣","獨立愛遊理財新手"
"b9a24009","51-55歲","女","台東縣","樂動廣告品牌控"
"a1645faa","46-50歲","女","台北市","網購社媒手機迷"
"cf73ae0a","36-40歲","女","台北市","健康愛家定存控"
"fbeccecb","41-45歲","女","新北市","品味養生理財貴族"
"ada12365","36-40歲","女","台北市","物質享樂衝購族"
"bf0489c9","46-50歲","女","新竹縣","物質享樂衝購族"
"9c5329e2","26-30歲","女","彰化縣","健康愛家定存控"
"84d8de39","41-45歲","女","新北市","物質享樂衝購族"
"611f0660","56-60歲","女","新竹縣","樂動廣告品牌控"
"d80c37c5","36-40歲","女","花蓮縣","樂動廣告品牌控"
"f11c5062","31-35歲","女","新北市","網購社媒手機迷"
"bb3de12a","21-25歲","男","宜蘭縣","樂動廣告品牌控"
"600cd8d8","31-35歲","女","新北市","健康愛家定存控"
"e3ee8fa4","26-30歲","女","新竹縣","健康愛家定存控"
"a0f75d58","46-50歲","女","桃園市","樂動廣告品牌控"
"c5cbf7b9","56-60歲","女","新北市","愛搜愛比網購客"
"cd34aed7","36-40歲","女","台北市","傳統保健理財族"
"87669104","36-40歲","男","苗栗縣","運動科技潮人"
"99a8402d","36-40歲","男","苗栗縣","樂動廣告品牌控"
"d4ad996f","31-35歲","女","花蓮縣","物質享樂衝購族"
"96b73d45","36-40歲","女","新竹縣","健康愛家定存控"
"6d36ab5d","36-40歲","女","花蓮縣","健康愛家定存控"
"76336a5f","31-35歲","男","高雄市","運動科技潮人"
"64a123c8","36-40歲","女","高雄市","樂動廣告品牌控"
"3d6988e1","41-45歲","女","彰化縣","健康愛家定存控"
"cd879d0d","31-35歲","女","嘉義縣","健康愛家定存控"
"6889cfac","31-35歲","女","新北市","健康愛家定存控"
"7b68e4de","26-30歲","女","南投縣","健康愛家定存控"
"a2ce260e","56-60歲","女","桃園市","傳統保健理財族"
"6346b51c","41-45歲","女","苗栗縣","樂動廣告品牌控"
"7db4239d","26-30歲","男","桃園市","樂動廣告品牌控"
"88e23cbb","36-40歲","女","新竹縣","健康愛家定存控"
"4febb5da","31-35歲","女","新北市","物質享樂衝購族"
"5015479f","36-40歲","男","新北市","運動科技潮人"
"178d904f","31-35歲","女","台北市","運動科技潮人"
"84a54862","51-55歲","女","新北市","傳統保健理財族"
"153dc1f6","41-45歲","男","新北市","運動科技潮人"
"710fcc1b","51-55歲","男","台北市","愛搜愛比網購客"
"e1f13985","46-50歲","男","台北市","運動科技潮人"
"940badbb","31-35歲","女","苗栗縣","健康愛家定存控"
"d404822f","26-30歲","女","苗栗縣","健康愛家定存控"
"ab131868","36-40歲","女","桃園市","健康愛家定存控"
"a3a51280","26-30歲","女","桃園市","獨立愛遊理財新手"
"8acc9abf","41-45歲","男","新竹市","運動科技潮人"
"6118ce40","51-55歲","男","新北市","愛搜愛比網購客"
"d7621d8e","41-45歲","女","台北市","運動科技潮人"
"273120f1","41-45歲","男","新竹市","運動科技潮人"
"2e4d0183","56-60歲","女","彰化縣","傳統保健理財族"
"92076711","41-45歲","女","台中市","物質享樂衝購族"
"69974c9e","41-45歲","女","台中市","健康愛家定存控"
"1d1349b4","26-30歲","女","高雄市","獨立愛遊理財新手"
"5657e039","41-45歲","女","苗栗縣","網購社媒手機迷"
"9c58a364","36-40歲","女","新北市","運動科技潮人"
"e12a577b","36-40歲","女","苗栗縣","傳統保健理財族"
"b66fc4a4","46-50歲","男","台中市","樂動廣告品牌控"
"6d38d26d","46-50歲","女","台北市","品味養生理財貴族"
"3b2d816b","36-40歲","女","屏東縣","網購社媒手機迷"
"1069b761","41-45歲","女","新竹縣","愛搜愛比網購客"
"03abe205","31-35歲","女","新竹縣","物質享樂衝購族"
"aa7b4416","41-45歲","男","高雄市","樂動廣告品牌控"
"f564f11c","31-35歲","男","苗栗縣","網購社媒手機迷"
"dcf262f3","51-55歲","女","新北市","健康愛家定存控"
"a0ff44cd","41-45歲","女","新竹縣","網購社媒手機迷"
"3edbfd67","21-25歲","女","新竹縣","健康愛家定存控"
"018d2e22","46-50歲","女","台北市","品味養生理財貴族"
"da6a53b6","46-50歲","女","台中市","物質享樂衝購族"
"41f851ac","41-45歲","男","新竹縣","網購社媒手機迷"
"b54516f4","26-30歲","女","苗栗縣","樂動廣告品牌控"
"bcdae5f8","41-45歲","女","台北市","健康愛家定存控"
"35d20927","46-50歲","女","彰化縣","物質享樂衝購族"
"b3aed425","31-35歲","男","台北市","運動科技潮人"
"f9b33939","51-55歲","男","新北市","運動科技潮人"
"e49fddad","51-55歲","男","高雄市","樂動廣告品牌控"
"abda05a1","26-30歲","女","桃園市","樂動廣告品牌控"
"d7f824a4","46-50歲","男","台北市","運動科技潮人"
"61cb2cd1","46-50歲","女","新竹市","獨立愛遊理財新手"
"84709359","31-35歲","女","台南市","物質享樂衝購族"
"53bfaa3e","46-50歲","女","新竹縣","健康愛家定存控"
"2f40c610","36-40歲","女","新竹縣","物質享樂衝購族"
"1955b980","41-45歲","男","台北市","樂動廣告品牌控"
"278a25bd","46-50歲","女","新竹縣","物質享樂衝購族"
"1979ffdc","61-65歲","男","台北市","愛搜愛比網購客"
"2e76e74a","31-35歲","女","南投縣","健康愛家定存控"
"7f79af22","56-60歲","女","新北市","品味養生理財貴族"
"076493e9","36-40歲","女","桃園市","傳統保健理財族"
"6800dbf0","41-45歲","男","苗栗縣","樂動廣告品牌控"
"8eaf1c49","36-40歲","女","新北市","品味養生理財貴族"
"2c8223f8","51-55歲","女","台北市","傳統保健理財族"
"93db9a0f","51-55歲","女","雲林縣","健康愛家定存控"
"bea8ce67","31-35歲","女","彰化縣","獨立愛遊理財新手"
"e000b3ea","36-40歲","女","新竹縣","物質享樂衝購族"
"84712129","51-55歲","男","花蓮縣","樂動廣告品牌控"
"241a6983","41-45歲","女","桃園市","樂動廣告品牌控"
"b846b295","36-40歲","女","台中市","物質享樂衝購族"
"0fbac865","56-60歲","男","新竹縣","愛搜愛比網購客"
"5d880500","36-40歲","女","苗栗縣","獨立愛遊理財新手"
"ed717ed4","36-40歲","女","台北市","網購社媒手機迷"
"efc287e6","41-45歲","女","新竹縣","樂動廣告品牌控"
"990680bc","36-40歲","女","新竹縣","健康愛家定存控"
"38f21a63","36-40歲","女","花蓮縣","物質享樂衝購族"
"1ff3d71b","36-40歲","女","新北市","網購社媒手機迷"
"ec3a04ee","31-35歲","女","新竹市","物質享樂衝購族"
"9d970501","56-60歲","男","台北市","愛搜愛比網購客"
"7062e849","41-45歲","男","新竹縣","愛搜愛比網購客"
"2d1d7bcc","56-60歲","女","彰化縣","網購社媒手機迷"
"4d14690f","31-35歲","女","苗栗縣","物質享樂衝購族"
"817f0f87","56-60歲","男","新北市","愛搜愛比網購客"
"255ab8cf","36-40歲","男","新竹市","運動科技潮人"
"8ae4f950","26-30歲","女","桃園市","健康愛家定存控"
"8fab999b","41-45歲","男","桃園市","傳統保健理財族"
"728e9709","51-55歲","女","台南市","樂動廣告品牌控"
"7b8ad32d","51-55歲","女","彰化縣","傳統保健理財族"
"5a3fb729","31-35歲","女","嘉義市","健康愛家定存控"
"4b9520c7","56-60歲","女","新竹縣","傳統保健理財族"
"1b9c7cdc","46-50歲","女","新北市","品味養生理財貴族"
"5aec4278","61-65歲","女","新竹縣","網購社媒手機迷"
"e4931574","26-30歲","女","苗栗縣","健康愛家定存控"
"3ebe8c1b","36-40歲","男","台南市","運動科技潮人"
"f1a74f99","36-40歲","男","新北市","愛搜愛比網購客"
"bb3c17dd","51-55歲","女","嘉義縣","健康愛家定存控"
"96460b4c","51-55歲","女","台南市","網購社媒手機迷"
"c5c7aeff","51-55歲","男","台南市","愛搜愛比網購客"
"6507ae88","41-45歲","女","桃園市","品味養生理財貴族"
"14fe307f","41-45歲","女","新北市","運動科技潮人"
"18feae60","31-35歲","男","苗栗縣","運動科技潮人"
"4c193a4e","46-50歲","男","新竹縣","樂動廣告品牌控"
"11eb7ee7","56-60歲","男","苗栗縣","樂動廣告品牌控"
"c5cf649d","31-35歲","女","新北市","網購社媒手機迷"
"d32d8e96","26-30歲","女","台中市","獨立愛遊理財新手"
"807a70d5","31-35歲","女","彰化縣","網購社媒手機迷"
"f71ed4ed","31-35歲","女","桃園市","樂動廣告品牌控"
"6dcea4cd","31-35歲","女","台中市","健康愛家定存控"
"d3c97b6f","51-55歲","女","苗栗縣","傳統保健理財族"
"67ee076d","51-55歲","女","新北市","品味養生理財貴族"
"12f62caf","41-45歲","女","桃園市","品味養生理財貴族"
"e90277f1","61-65歲","女","嘉義市","愛搜愛比網購客"
"d8d97b17","46-50歲","女","新竹縣","品味養生理財貴族"
"ddf3dc46","41-45歲","女","台北市","愛搜愛比網購客"
"cf9e0117","46-50歲","女","桃園市","物質享樂衝購族"
"6022948d","46-50歲","女","台東縣","樂動廣告品牌控"
"43835836","51-55歲","女","台中市","獨立愛遊理財新手"
"97742eb8","26-30歲","女","新竹縣","健康愛家定存控"
"e34f8dc5","41-45歲","女","彰化縣","健康愛家定存控"
"0c4e4be4","51-55歲","女","台北市","獨立愛遊理財新手"
"60309d11","36-40歲","女","高雄市","品味養生理財貴族"
"7ac2f653","41-45歲","男","台中市","運動科技潮人"
"ab6b76f4","36-40歲","男","台中市","運動科技潮人"
"c6159ccd","41-45歲","男","台中市","運動科技潮人"
"9a9758e1","41-45歲","女","花蓮縣","物質享樂衝購族"
"79fa5ac5","51-55歲","女","新竹縣","品味養生理財貴族"
"f7074dd6","31-35歲","女","高雄市","物質享樂衝購族"
"3a44c126","46-50歲","女","台北市","品味養生理財貴族"
"bf93fb16","36-40歲","女","花蓮縣","健康愛家定存控"
"e0cfbe0e","36-40歲","男","新北市","運動科技潮人"
"cfc0903e","36-40歲","女","高雄市","網購社媒手機迷"
"e7278f16","41-45歲","女","台北市","樂動廣告品牌控"
"a9a1f3cf","31-35歲","女","台北市","獨立愛遊理財新手"
"e49da066","51-55歲","女","彰化縣","健康愛家定存控"
"5bce4166","41-45歲","女","新北市","運動科技潮人"
"4961af3b","46-50歲","女","彰化縣","物質享樂衝購族"
"48c7a141","31-35歲","女","新竹縣","物質享樂衝購族"
"73d90995","26-30歲","女","雲林縣","健康愛家定存控"
"4f6c8b8d","41-45歲","女","新北市","獨立愛遊理財新手"
"5706cfbd","31-35歲","女","台東縣","物質享樂衝購族"
"8d688bab","51-55歲","女","新北市","愛搜愛比網購客"
"b236f75d","31-35歲","女","台北市","健康愛家定存控"
"030bb053","36-40歲","女","桃園市","樂動廣告品牌控"
"5f117564","46-50歲","男","新北市","愛搜愛比網購客"
"518b3e25","46-50歲","女","桃園市","愛搜愛比網購客"
"14f9761f","36-40歲","女","新北市","品味養生理財貴族"
"6f9f9331","41-45歲","女","台北市","傳統保健理財族"
"8d3d273b","41-45歲","女","苗栗縣","傳統保健理財族"
"e4bd1e99","46-50歲","女","台中市","物質享樂衝購族"
"6e6e2ef5","56-60歲","女","高雄市","健康愛家定存控"
"9a9bf9b8","41-45歲","女","新北市","品味養生理財貴族"
"795ca01f","21-25歲","女","苗栗縣","物質享樂衝購族"
"6baff199","31-35歲","男","台中市","樂動廣告品牌控"
"b05703f0","36-40歲","女","台東縣","網購社媒手機迷"
"8b710c49","41-45歲","女","台北市","品味養生理財貴族"
"93ddb83a","51-55歲","女","新竹市","網購社媒手機迷"
"354ad6bd","46-50歲","女","新北市","品味養生理財貴族"
"d3575007","26-30歲","男","新竹縣","樂動廣告品牌控"
"0cb6f3ee","26-30歲","女","南投縣","物質享樂衝購族"
"c34b16e6","46-50歲","女","新北市","傳統保健理財族"
"3f470ac9","26-30歲","女","新北市","健康愛家定存控"
"6a8a0a29","51-55歲","女","新北市","物質享樂衝購族"
"0dcca19c","41-45歲","女","台北市","獨立愛遊理財新手"
"e3ce5aa2","46-50歲","女","嘉義縣","樂動廣告品牌控"
"bce806a0","56-60歲","女","新北市","樂動廣告品牌控"
"3c313d40","46-50歲","女","桃園市","物質享樂衝購族"
"5bc78637","26-30歲","女","台北市","健康愛家定存控"
"91bff175","41-45歲","女","新北市","樂動廣告品牌控"
"d116fa09","31-35歲","女","新竹縣","獨立愛遊理財新手"
"5fe4b431","36-40歲","女","台北市","品味養生理財貴族"
"c41522a2","36-40歲","女","苗栗縣","物質享樂衝購族"
"bb01477f","46-50歲","男","南投縣","樂動廣告品牌控"
"f2c79679","26-30歲","女","台北市","網購社媒手機迷"
"327f176a","36-40歲","女","花蓮縣","物質享樂衝購族"
"0d6048cc","41-45歲","女","桃園市","獨立愛遊理財新手"
"d979636e","36-40歲","女","台北市","運動科技潮人"
"02a716b8","31-35歲","女","花蓮縣","物質享樂衝購族"
"13fb218c","26-30歲","女","桃園市","獨立愛遊理財新手"
"79ca0c91","56-60歲","女","台北市","傳統保健理財族"
"333ea250","31-35歲","女","新北市","獨立愛遊理財新手"
"e46a6e78","46-50歲","男","南投縣","傳統保健理財族"
"a739daa9","41-45歲","女","台中市","健康愛家定存控"
"4f6c1799","31-35歲","女","新竹縣","健康愛家定存控"
"66701130","31-35歲","男","宜蘭縣","健康愛家定存控"
"59a156b9","41-45歲","女","台中市","健康愛家定存控"
"c2f3961f","41-45歲","男","雲林縣","運動科技潮人"
"a718a743","41-45歲","女","新北市","品味養生理財貴族"
"29924600","41-45歲","男","台北市","運動科技潮人"
"1cfa3660","31-35歲","女","新竹縣","物質享樂衝購族"
"3360838d","46-50歲","女","花蓮縣","品味養生理財貴族"
"a38c2c52","31-35歲","女","台中市","物質享樂衝購族"
"00646495","26-30歲","女","桃園市","物質享樂衝購族"
"4ee7c38b","46-50歲","女","新竹縣","傳統保健理財族"
"f0a31c11","36-40歲","女","花蓮縣","品味養生理財貴族"
"a798252b","36-40歲","女","彰化縣","獨立愛遊理財新手"
"8fc67771","46-50歲","男","新北市","運動科技潮人"
"f87cb706","26-30歲","女","新竹縣","獨立愛遊理財新手"
"b507f573","36-40歲","女","台北市","健康愛家定存控"
"46da3d02","31-35歲","男","新北市","運動科技潮人"
"28f5fc71","46-50歲","女","桃園市","獨立愛遊理財新手"
"7c96e53b","31-35歲","女","桃園市","樂動廣告品牌控"
"64cdf821","31-35歲","男","台中市","運動科技潮人"
"6905e46d","26-30歲","女","新竹縣","物質享樂衝購族"
"c50cba64","56-60歲","女","台中市","網購社媒手機迷"
"0384ecb0","36-40歲","女","嘉義市","樂動廣告品牌控"
"2662858e","31-35歲","女","高雄市","健康愛家定存控"
"75df73f5","26-30歲","女","台中市","健康愛家定存控"
"f4ddce97","36-40歲","女","台中市","健康愛家定存控"
"83d6548f","36-40歲","女","新北市","網購社媒手機迷"
"57ccc103","31-35歲","女","彰化縣","獨立愛遊理財新手"
"24c58aa0","26-30歲","女","台南市","網購社媒手機迷"
"9e31be40","31-35歲","女","新北市","健康愛家定存控"
"d538dc91","51-55歲","女","高雄市","樂動廣告品牌控"
"c831ca6d","46-50歲","女","桃園市","網購社媒手機迷"
"331736d9","56-60歲","男","桃園市","運動科技潮人"
"739cf9b9","56-60歲","女","新北市","網購社媒手機迷"
"dd6396c6","46-50歲","男","台南市","愛搜愛比網購客"
"7886218d","31-35歲","女","台中市","獨立愛遊理財新手"
"2a94b850","36-40歲","男","台北市","運動科技潮人"
"6bf64255","46-50歲","男","新竹縣","樂動廣告品牌控"
"6051ae0c","46-50歲","男","新北市","傳統保健理財族"
"84df17ef","41-45歲","女","新竹縣","傳統保健理財族"
"312c6d62","36-40歲","男","花蓮縣","樂動廣告品牌控"
"b8df2aaa","31-35歲","女","新北市","獨立愛遊理財新手"
"a57dc3fa","41-45歲","女","新北市","樂動廣告品牌控"
"c10642eb","46-50歲","女","台北市","獨立愛遊理財新手"
"15c40de6","41-45歲","男","花蓮縣","運動科技潮人"
"568c58fd","41-45歲","女","高雄市","愛搜愛比網購客"
"01a9321d","51-55歲","女","新北市","愛搜愛比網購客"
"c2fc8368","31-35歲","女","高雄市","物質享樂衝購族"
"0725f242","46-50歲","女","新北市","品味養生理財貴族"
"6884f445","41-45歲","女","桃園市","品味養生理財貴族"
"0db1f8eb","46-50歲","女","新北市","獨立愛遊理財新手"
"7e0de22b","41-45歲","女","新竹縣","物質享樂衝購族"
"4c7f2551","36-40歲","女","苗栗縣","網購社媒手機迷"
"018b5732","41-45歲","女","苗栗縣","網購社媒手機迷"
"80683db2","31-35歲","女","新北市","運動科技潮人"
"3f2259d1","46-50歲","男","高雄市","愛搜愛比網購客"
"04b395ba","46-50歲","女","苗栗縣","愛搜愛比網購客"
"1fe7b531","26-30歲","女","台北市","物質享樂衝購族"
"c352e610","36-40歲","女","花蓮縣","物質享樂衝購族"
"4338fd8f","41-45歲","女","台南市","品味養生理財貴族"
"d2604bec","46-50歲","男","台北市","運動科技潮人"
"222c7cc2","41-45歲","女","新竹縣","物質享樂衝購族"
"611ca7b7","66以上","女","台中市","傳統保健理財族"
"eb95b701","41-45歲","女","嘉義縣","傳統保健理財族"
"958a6b19","46-50歲","女","花蓮縣","樂動廣告品牌控"
"004a070b","36-40歲","女","台中市","樂動廣告品牌控"
"532d7e8b","46-50歲","女","桃園市","品味養生理財貴族"
"2ffda53b","46-50歲","女","台中市","品味養生理財貴族"
"a13bd652","46-50歲","女","高雄市","物質享樂衝購族"
"871ac189","31-35歲","女","台北市","健康愛家定存控"
"9f054ade","36-40歲","女","台中市","物質享樂衝購族"
"ad9a040c","46-50歲","男","新竹縣","愛搜愛比網購客"
"a2fa42f5","41-45歲","女","新竹縣","物質享樂衝購族"
"0cfcf836","31-35歲","女","宜蘭縣","物質享樂衝購族"
"13cfbe14","31-35歲","女","新竹縣","物質享樂衝購族"
"93dd526d","51-55歲","女","彰化縣","品味養生理財貴族"
"514b48b2","41-45歲","女","台中市","愛搜愛比網購客"
"37982298","36-40歲","女","台中市","物質享樂衝購族"
"f32130de","36-40歲","女","花蓮縣","品味養生理財貴族"
"3a446839","41-45歲","女","新竹縣","獨立愛遊理財新手"
"52d335f2","46-50歲","女","苗栗縣","傳統保健理財族"
"12cbd14e","46-50歲","女","台北市","品味養生理財貴族"
"b97f9053","66以上","女","花蓮縣","健康愛家定存控"
"012cef84","46-50歲","女","台東縣","獨立愛遊理財新手"
"0b446211","51-55歲","女","新北市","品味養生理財貴族"
"04d0495d","46-50歲","女","台北市","品味養生理財貴族"
"97b45ba3","31-35歲","女","桃園市","運動科技潮人"
"87dde7cf","41-45歲","女","花蓮縣","網購社媒手機迷"
"929ba386","41-45歲","女","新竹縣","品味養生理財貴族"
"ba694f2f","31-35歲","女","苗栗縣","物質享樂衝購族"
"04b29802","31-35歲","女","新北市","網購社媒手機迷"
"139f359d","46-50歲","女","新竹縣","獨立愛遊理財新手"
"c8ba78a0","61-65歲","女","台北市","樂動廣告品牌控"
"c0317e55","51-55歲","男","台中市","樂動廣告品牌控"
"4c05c725","46-50歲","女","新北市","品味養生理財貴族"
"95ebc2bd","51-55歲","女","新北市","物質享樂衝購族"
"a313912b","31-35歲","女","台北市","物質享樂衝購族"
"1d1928c3","41-45歲","男","新北市","運動科技潮人"
"83baa45a","26-30歲","女","台北市","物質享樂衝購族"
"8958ae31","31-35歲","男","桃園市","運動科技潮人"
"20c2e244","41-45歲","女","台北市","獨立愛遊理財新手"
"3e511c85","21-25歲","女","新竹縣","健康愛家定存控"
"e10512a1","36-40歲","女","台北市","品味養生理財貴族"
"8c76e211","46-50歲","男","桃園市","樂動廣告品牌控"
"aa7db9f7","26-30歲","女","新北市","物質享樂衝購族"
"5d0d71cb","41-45歲","男","嘉義市","運動科技潮人"
"bf59560f","41-45歲","男","台南市","網購社媒手機迷"
"4ff72ae0","26-30歲","女","苗栗縣","獨立愛遊理財新手"
"abd3b353","51-55歲","男","新北市","愛搜愛比網購客"
"7b8abeaa","51-55歲","女","彰化縣","愛搜愛比網購客"
"51ab0971","41-45歲","女","花蓮縣","獨立愛遊理財新手"
"57baa791","31-35歲","女","彰化縣","獨立愛遊理財新手"
"471eb53d","41-45歲","女","宜蘭縣","物質享樂衝購族"
"426ec831","31-35歲","女","新竹市","物質享樂衝購族"
"6ea82201","36-40歲","女","新北市","品味養生理財貴族"
"b3d5ddd6","61-65歲","女","台北市","愛搜愛比網購客"
"f3c0df88","31-35歲","女","苗栗縣","獨立愛遊理財新手"
"c453e8f5","31-35歲","女","新竹縣","物質享樂衝購族"
"03b56c2c","41-45歲","女","新北市","健康愛家定存控"
"cbdb00d8","26-30歲","女","台北市","物質享樂衝購族"
"574097f4","51-55歲","女","新北市","健康愛家定存控"
"5053c4d2","31-35歲","女","苗栗縣","物質享樂衝購族"
"4127a9c7","31-35歲","女","桃園市","網購社媒手機迷"
"4d342df6","51-55歲","女","苗栗縣","健康愛家定存控"
"f833f360","31-35歲","女","彰化縣","傳統保健理財族"
"53c22b51","46-50歲","女","新北市","獨立愛遊理財新手"
"d0a3396d","31-35歲","女","南投縣","物質享樂衝購族"
"966fbd22","31-35歲","女","桃園市","健康愛家定存控"
"e82ed9f6","56-60歲","女","苗栗縣","網購社媒手機迷"
"75d88e04","51-55歲","男","台中市","愛搜愛比網購客"
"8d9d98b1","41-45歲","女","花蓮縣","樂動廣告品牌控"
"fb22fb47","26-30歲","女","彰化縣","物質享樂衝購族"
"d19cca3e","31-35歲","女","桃園市","健康愛家定存控"
"1a12090c","51-55歲","男","台中市","愛搜愛比網購客"
"43161922","26-30歲","女","花蓮縣","獨立愛遊理財新手"
"16c2a16e","26-30歲","女","嘉義市","物質享樂衝購族"
"38964db7","26-30歲","女","南投縣","網購社媒手機迷"
"9d3b3253","46-50歲","女","嘉義縣","傳統保健理財族"
"21ea6737","51-55歲","男","新竹市","運動科技潮人"
"f44dd99b","46-50歲","女","雲林縣","品味養生理財貴族"
"bcd58f15","36-40歲","女","新竹縣","樂動廣告品牌控"
"e9393cba","51-55歲","男","台北市","運動科技潮人"
"49136b39","41-45歲","女","台中市","物質享樂衝購族"
"d8bb2774","21-25歲","女","新竹縣","物質享樂衝購族"
"fb2c8b15","31-35歲","女","台北市","網購社媒手機迷"
"35b6f5e1","31-35歲","男","新北市","運動科技潮人"
"0d63ce48","31-35歲","女","台中市","網購社媒手機迷"
"61bc8d1b","31-35歲","女","桃園市","網購社媒手機迷"
"30614f4d","41-45歲","女","新竹縣","健康愛家定存控"
"10685ea4","41-45歲","女","高雄市","物質享樂衝購族"
"772bba47","21-25歲","女","苗栗縣","健康愛家定存控"
"4137b882","46-50歲","女","台南市","健康愛家定存控"
"7872ab12","51-55歲","男","新北市","樂動廣告品牌控"
"f0af8f67","26-30歲","女","台北市","健康愛家定存控"
"945e5e13","46-50歲","女","桃園市","品味養生理財貴族"
"e4aca2c2","51-55歲","女","嘉義市","健康愛家定存控"
"bded3e16","31-35歲","女","台北市","獨立愛遊理財新手"
"791b1294","41-45歲","女","桃園市","網購社媒手機迷"
"89faa480","51-55歲","女","台北市","品味養生理財貴族"
"40f8efa9","36-40歲","女","新竹縣","獨立愛遊理財新手"
"fd7550bb","31-35歲","女","新竹市","健康愛家定存控"
"7249fb63","51-55歲","女","台東縣","樂動廣告品牌控"
"927bc25e","31-35歲","男","台北市","健康愛家定存控"
"b4efd6ae","36-40歲","女","新北市","獨立愛遊理財新手"
"600752dc","31-35歲","女","嘉義縣","網購社媒手機迷"
"955863c4","51-55歲","女","台中市","傳統保健理財族"
"bbba6d2a","46-50歲","女","桃園市","傳統保健理財族"
"01e12084","46-50歲","女","新竹縣","健康愛家定存控"
"8e2494e7","26-30歲","女","新竹縣","獨立愛遊理財新手"
"ed5bd94d","46-50歲","女","高雄市","品味養生理財貴族"
"b67775fd","51-55歲","女","苗栗縣","傳統保健理財族"
"992613b0","46-50歲","男","雲林縣","樂動廣告品牌控"
"b7b9201d","36-40歲","女","苗栗縣","網購社媒手機迷"
"30fbf6a2","41-45歲","女","嘉義市","物質享樂衝購族"
"a2bf9af7","21-25歲","女","苗栗縣","健康愛家定存控"
"8f55d36f","46-50歲","女","苗栗縣","傳統保健理財族"
"d55a7804","26-30歲","男","台南市","健康愛家定存控"
"51f00fcf","41-45歲","女","高雄市","網購社媒手機迷"
"373d1cfc","46-50歲","男","新北市","樂動廣告品牌控"
"d4e25b38","31-35歲","男","高雄市","樂動廣告品牌控"
"d8e9444d","26-30歲","女","新北市","物質享樂衝購族"
"8fa95aee","46-50歲","女","台中市","品味養生理財貴族"
"8af6cd1a","31-35歲","男","桃園市","運動科技潮人"
"a0a5a803","51-55歲","女","新竹縣","傳統保健理財族"
"86e21f3d","26-30歲","男","苗栗縣","樂動廣告品牌控"
"07ccc716","26-30歲","女","新竹縣","健康愛家定存控"
"35caaa78","41-45歲","女","新竹縣","健康愛家定存控"
"7b6fd66f","46-50歲","男","新北市","樂動廣告品牌控"
"4fc11d73","31-35歲","男","新竹縣","運動科技潮人"
"9746fa6e","31-35歲","女","新竹縣","網購社媒手機迷"
"e05dd142","56-60歲","女","新竹縣","健康愛家定存控"
"387e4545","56-60歲","女","新北市","愛搜愛比網購客"
"87778c4d","41-45歲","男","新北市","運動科技潮人"
"42488f3e","56-60歲","男","新北市","網購社媒手機迷"
"225cde0e","41-45歲","女","基隆市","物質享樂衝購族"
"c7926b48","31-35歲","男","彰化縣","樂動廣告品牌控"
"becb0ec0","41-45歲","男","台中市","愛搜愛比網購客"
"c1dab706","36-40歲","女","桃園市","網購社媒手機迷"
"cfe6a477","31-35歲","女","台北市","傳統保健理財族"
"82cebe60","51-55歲","男","新北市","運動科技潮人"
"164c01f9","46-50歲","女","花蓮縣","品味養生理財貴族"
"a5a9724b","41-45歲","女","台中市","健康愛家定存控"
"132a5425","26-30歲","女","新北市","物質享樂衝購族"
"c8edc831","41-45歲","女","新竹縣","愛搜愛比網購客"
"5930e836","41-45歲","女","花蓮縣","物質享樂衝購族"
"5ce45b58","51-55歲","女","台中市","愛搜愛比網購客"
"faa05f66","36-40歲","男","台中市","運動科技潮人"
"32f55ee9","26-30歲","女","苗栗縣","網購社媒手機迷"
"d6db9b1d","41-45歲","女","台南市","品味養生理財貴族"
"a4cddce2","41-45歲","女","台中市","物質享樂衝購族"
"43637feb","51-55歲","女","新北市","網購社媒手機迷"
"74bbd7a7","36-40歲","女","桃園市","健康愛家定存控"
"c0ef0ad5","36-40歲","女","新北市","品味養生理財貴族"
"3837a74d","41-45歲","男","台北市","運動科技潮人"
"35e4599e","31-35歲","女","苗栗縣","網購社媒手機迷"
"7bec90e4","36-40歲","女","新竹縣","物質享樂衝購族"
"8c5b72b4","31-35歲","女","彰化縣","健康愛家定存控"
"573d99c3","46-50歲","女","台北市","樂動廣告品牌控"
"0593e79a","26-30歲","女","彰化縣","健康愛家定存控"
"5cd9e756","51-55歲","女","新北市","網購社媒手機迷"
"3d1a65c1","36-40歲","男","新竹市","運動科技潮人"
"33340549","41-45歲","女","苗栗縣","物質享樂衝購族"
"d1c634b9","46-50歲","女","彰化縣","品味養生理財貴族"
"9bf5c221","36-40歲","女","苗栗縣","樂動廣告品牌控"
"f037b455","31-35歲","女","台中市","獨立愛遊理財新手"
"c25282c0","51-55歲","女","新北市","網購社媒手機迷"
"d7cd5b14","51-55歲","男","高雄市","愛搜愛比網購客"
"5f95068e","41-45歲","男","苗栗縣","運動科技潮人"
"c23567cd","46-50歲","女","新竹市","物質享樂衝購族"
"ba0fee37","61-65歲","女","台北市","傳統保健理財族"
"91d9075b","36-40歲","男","台南市","品味養生理財貴族"
"717997cc","51-55歲","女","新北市","樂動廣告品牌控"
"47b4241a","26-30歲","女","高雄市","網購社媒手機迷"
"d91aa7aa","46-50歲","女","新竹縣","網購社媒手機迷"
"64cc8455","36-40歲","女","台北市","物質享樂衝購族"
"7e1008cc","26-30歲","女","花蓮縣","網購社媒手機迷"
"f79a909d","36-40歲","女","新北市","健康愛家定存控"
"a998b786","36-40歲","男","台北市","運動科技潮人"
"b6cf4136","56-60歲","女","新北市","網購社媒手機迷"
"a4bf0214","41-45歲","女","南投縣","物質享樂衝購族"
"adfbd7f6","36-40歲","女","台北市","健康愛家定存控"
"6f64daff","36-40歲","女","台中市","健康愛家定存控"
"e62ca068","21-25歲","女","台中市","物質享樂衝購族"
"0e5deffa","36-40歲","男","花蓮縣","運動科技潮人"
"9dc2dcab","36-40歲","女","台中市","獨立愛遊理財新手"
"a5456e21","31-35歲","女","台北市","物質享樂衝購族"
"5296d403","41-45歲","女","南投縣","樂動廣告品牌控"
"7eaa6313","56-60歲","女","台北市","傳統保健理財族"
"d2fbea7b","41-45歲","女","新北市","網購社媒手機迷"
"91a13d14","31-35歲","女","嘉義縣","物質享樂衝購族"
"f8fc7fc1","41-45歲","女","新竹縣","樂動廣告品牌控"
"8b85e2ab","51-55歲","女","新北市","健康愛家定存控"
"a920c6fe","26-30歲","女","苗栗縣","網購社媒手機迷"
"fa06a89d","46-50歲","女","南投縣","傳統保健理財族"
"7b04e16f","41-45歲","女","花蓮縣","樂動廣告品牌控"
"b9b7e930","41-45歲","女","新北市","物質享樂衝購族"
"6ec1013f","46-50歲","男","台北市","運動科技潮人"
"29e50e14","26-30歲","女","嘉義市","健康愛家定存控"
"e88338dc","61-65歲","男","台北市","運動科技潮人"
"7c221abf","46-50歲","女","嘉義縣","樂動廣告品牌控"
"f1f08964","31-35歲","女","新竹縣","傳統保健理財族"
"5b38336c","26-30歲","女","台中市","物質享樂衝購族"
"9f1ac917","41-45歲","女","台北市","運動科技潮人"
"1bf18bd6","26-30歲","女","新竹縣","獨立愛遊理財新手"
"9df6d9bb","41-45歲","女","嘉義市","網購社媒手機迷"
"2195e154","51-55歲","女","桃園市","品味養生理財貴族"
"c45cd56a","31-35歲","男","桃園市","運動科技潮人"
"8ad18237","41-45歲","女","台北市","網購社媒手機迷"
"ccfdabc3","31-35歲","女","新北市","運動科技潮人"
"f4c6ef78","31-35歲","女","新北市","健康愛家定存控"
"c5717c79","31-35歲","女","台北市","運動科技潮人"
"b56b40b9","41-45歲","男","新北市","運動科技潮人"
"bd132985","46-50歲","女","台北市","網購社媒手機迷"
"e499142a","41-45歲","女","台北市","愛搜愛比網購客"
"ca54c9d0","56-60歲","女","新北市","網購社媒手機迷"
"97b45bb7","26-30歲","女","台北市","運動科技潮人"
"ac0023e2","31-35歲","女","高雄市","網購社媒手機迷"
"b1b015a8","31-35歲","女","台中市","網購社媒手機迷"
"e5742df5","31-35歲","女","新北市","健康愛家定存控"
"c5be114e","41-45歲","女","台中市","傳統保健理財族"
"4b2ec13d","31-35歲","女","新竹市","健康愛家定存控"
"d51cead1","41-45歲","女","花蓮縣","傳統保健理財族"
"2b87b6f7","31-35歲","女","彰化縣","物質享樂衝購族"
"e39a8f6f","36-40歲","男","桃園市","運動科技潮人"
"c30ed16d","51-55歲","男","新竹市","樂動廣告品牌控"
"167bd16f","36-40歲","男","新竹市","運動科技潮人"
"47914cc3","41-45歲","女","新北市","運動科技潮人"
"705b58b7","46-50歲","女","花蓮縣","樂動廣告品牌控"
"0588ab81","36-40歲","女","基隆市","網購社媒手機迷"
"2476e19b","26-30歲","女","新竹縣","健康愛家定存控"
"5bb432a0","26-30歲","女","高雄市","網購社媒手機迷"
"8e6b32af","36-40歲","女","新北市","品味養生理財貴族"
"4a628ff6","36-40歲","女","桃園市","物質享樂衝購族"
"4f03da9a","41-45歲","女","新北市","運動科技潮人"
"e4cd44b0","31-35歲","女","新竹縣","運動科技潮人"
"41d21a06","31-35歲","女","新竹縣","傳統保健理財族"
"72006678","21-25歲","女","新竹縣","健康愛家定存控"
"1a7345d7","51-55歲","男","新北市","運動科技潮人"
"24dcb484","41-45歲","女","台北市","獨立愛遊理財新手"
"aba01735","41-45歲","女","新竹縣","物質享樂衝購族"
"402b03e9","41-45歲","女","新北市","獨立愛遊理財新手"
"4b655f26","26-30歲","女","新竹縣","物質享樂衝購族"
"f8909a9f","26-30歲","女","新竹縣","物質享樂衝購族"
"36387040","31-35歲","女","新竹市","網購社媒手機迷"
"32c5c8e1","46-50歲","女","宜蘭縣","愛搜愛比網購客"
"0dabd29c","21-25歲","女","新竹縣","健康愛家定存控"
"e2ee02d1","41-45歲","女","高雄市","樂動廣告品牌控"
"147fc0ce","31-35歲","女","新竹縣","獨立愛遊理財新手"
"3b6d87c3","46-50歲","女","苗栗縣","傳統保健理財族"
"f0b400c3","51-55歲","男","高雄市","樂動廣告品牌控"
"b120f756","66以上","女","台北市","健康愛家定存控"
"2ebba2f1","51-55歲","男","新竹縣","運動科技潮人"
"3f86aec5","36-40歲","女","台中市","網購社媒手機迷"
"9991800b","46-50歲","女","新竹縣","樂動廣告品牌控"
"5589f972","41-45歲","男","台北市","運動科技潮人"
"10630a1a","51-55歲","女","台南市","網購社媒手機迷"
"cf60fe53","56-60歲","女","台中市","獨立愛遊理財新手"
"89bb1a86","46-50歲","女","台北市","品味養生理財貴族"
"07f1cff3","41-45歲","女","新竹市","愛搜愛比網購客"
"994c688c","26-30歲","女","新北市","網購社媒手機迷"
"b0c68b86","31-35歲","女","台北市","健康愛家定存控"
"46564e8a","31-35歲","女","台中市","網購社媒手機迷"
"b9fe36cd","41-45歲","女","高雄市","網購社媒手機迷"
"958410a1","51-55歲","男","新北市","運動科技潮人"
"dc15b361","36-40歲","女","台中市","運動科技潮人"
"e5e73dd0","46-50歲","女","台中市","健康愛家定存控"
"f65b9955","26-30歲","女","新北市","物質享樂衝購族"
"6c6142e3","51-55歲","女","新竹市","品味養生理財貴族"
"a7ffe2a1","46-50歲","男","新北市","運動科技潮人"
"925e8463","46-50歲","男","新北市","愛搜愛比網購客"
"2fdd010d","36-40歲","女","新北市","運動科技潮人"
"4c4ee5d8","41-45歲","男","新北市","運動科技潮人"
"8d395b35","31-35歲","女","新北市","獨立愛遊理財新手"
"1e1c05d1","41-45歲","女","新竹縣","網購社媒手機迷"
"81c3a26e","41-45歲","女","宜蘭縣","獨立愛遊理財新手"
"bf22a871","31-35歲","女","新北市","健康愛家定存控"
"667cf5ce","46-50歲","女","台北市","品味養生理財貴族"
"eca6fdf3","31-35歲","女","台北市","獨立愛遊理財新手"
"f882f11d","51-55歲","女","苗栗縣","愛搜愛比網購客"
"ffecbfda","56-60歲","女","苗栗縣","傳統保健理財族"
"1ad9dff5","36-40歲","女","新北市","品味養生理財貴族"
"c8744da7","41-45歲","女","新竹縣","樂動廣告品牌控"
"5aa9039c","41-45歲","男","新北市","樂動廣告品牌控"
"19cac6d0","41-45歲","女","新竹縣","傳統保健理財族"
"b6ebeb73","21-25歲","男","新北市","獨立愛遊理財新手"
"bc0c7a53","41-45歲","女","新北市","品味養生理財貴族"
"6d91a9c8","31-35歲","女","南投縣","網購社媒手機迷"
"d82b6dd2","36-40歲","女","桃園市","物質享樂衝購族"
"6ff3433a","36-40歲","女","新北市","運動科技潮人"
"f0cf959b","36-40歲","女","高雄市","健康愛家定存控"
"f0ef6288","31-35歲","女","彰化縣","網購社媒手機迷"
"ac3a054c","36-40歲","男","台南市","樂動廣告品牌控"
"3de6ce58","56-60歲","女","宜蘭縣","健康愛家定存控"
"96d2cec8","36-40歲","女","台北市","網購社媒手機迷"
"3538e8da","51-55歲","女","新北市","健康愛家定存控"
"5b259603","36-40歲","男","新北市","運動科技潮人"
"4fb90953","26-30歲","女","彰化縣","物質享樂衝購族"
"565ccce0","41-45歲","女","桃園市","物質享樂衝購族"
"bb1e6460","26-30歲","女","新竹市","獨立愛遊理財新手"
"d764850f","26-30歲","女","台南市","物質享樂衝購族"
"e6df25fc","41-45歲","男","新北市","運動科技潮人"
"d822a7ad","31-35歲","女","台南市","運動科技潮人"
"d9ffddba","31-35歲","男","高雄市","運動科技潮人"
"f52f952e","36-40歲","女","基隆市","網購社媒手機迷"
"63b8801b","31-35歲","女","台中市","物質享樂衝購族"
"0b591f1d","41-45歲","女","桃園市","網購社媒手機迷"
"42ef26c4","26-30歲","女","彰化縣","物質享樂衝購族"
"4c530946","26-30歲","女","高雄市","樂動廣告品牌控"
"73b57536","36-40歲","女","新竹縣","物質享樂衝購族"
"17921a4c","56-60歲","女","新竹縣","獨立愛遊理財新手"
"41bfc151","41-45歲","女","新北市","傳統保健理財族"
"70713930","41-45歲","女","新竹縣","網購社媒手機迷"
"ed7bd5bc","36-40歲","男","新北市","運動科技潮人"
"2e77d149","36-40歲","男","台南市","樂動廣告品牌控"
"af184e0a","61-65歲","男","高雄市","樂動廣告品牌控"
"89766bb3","26-30歲","女","南投縣","物質享樂衝購族"
"e30e1ea8","51-55歲","女","桃園市","品味養生理財貴族"
"c2decbb3","51-55歲","男","新北市","運動科技潮人"
"c2f6167c","56-60歲","女","新北市","運動科技潮人"
"0e704c96","36-40歲","女","新竹縣","健康愛家定存控"
"fa7e5c75","41-45歲","女","花蓮縣","愛搜愛比網購客"
"514b3e2d","31-35歲","女","新北市","健康愛家定存控"
"90873d92","56-60歲","女","台中市","網購社媒手機迷"
"ed36131c","41-45歲","女","新竹市","愛搜愛比網購客"
"3a1808c1","36-40歲","女","彰化縣","物質享樂衝購族"
"da72a66b","36-40歲","男","彰化縣","樂動廣告品牌控"
"bd248a94","36-40歲","女","台中市","樂動廣告品牌控"
"78ca100d","36-40歲","女","台中市","健康愛家定存控"
"13390379","21-25歲","女","彰化縣","物質享樂衝購族"
"09e8d921","61-65歲","男","南投縣","樂動廣告品牌控"
"16bfd46d","36-40歲","男","桃園市","運動科技潮人"
"3480f433","31-35歲","女","新北市","樂動廣告品牌控"
"bb0d9df4","31-35歲","女","宜蘭縣","物質享樂衝購族"
"8bb6ee5b","31-35歲","女","台北市","傳統保健理財族"
"271ebcc3","31-35歲","女","新竹縣","樂動廣告品牌控"
"35329467","41-45歲","女","新竹縣","網購社媒手機迷"
"fc9fd61a","46-50歲","男","新竹縣","樂動廣告品牌控"
"1a456530","31-35歲","男","台中市","運動科技潮人"
"d3b15820","36-40歲","女","台中市","物質享樂衝購族"
"4b1da413","36-40歲","女","台中市","樂動廣告品牌控"
"28c446e2","26-30歲","女","苗栗縣","健康愛家定存控"
"6451e5fb","26-30歲","女","台北市","健康愛家定存控"
"005e30b5","46-50歲","男","苗栗縣","運動科技潮人"
"eb9986d3","31-35歲","男","彰化縣","運動科技潮人"
"95650118","36-40歲","女","台中市","物質享樂衝購族"
"752510c3","36-40歲","男","宜蘭縣","樂動廣告品牌控"
"ea3d0289","41-45歲","女","台北市","獨立愛遊理財新手"
"dc64061c","31-35歲","女","台南市","物質享樂衝購族"
"bba6f23e","41-45歲","女","花蓮縣","傳統保健理財族"
"f748f502","51-55歲","女","新北市","網購社媒手機迷"
"11aeb9e0","31-35歲","女","新竹縣","物質享樂衝購族"
"786f4521","36-40歲","女","新竹縣","網購社媒手機迷"
"b6ceab5f","31-35歲","女","台北市","運動科技潮人"
"ae502c80","41-45歲","女","新北市","樂動廣告品牌控"
"0dbe24e2","51-55歲","男","彰化縣","樂動廣告品牌控"
"45c8e847","51-55歲","女","新竹縣","愛搜愛比網購客"
"b9416c97","46-50歲","女","台北市","品味養生理財貴族"
"0f2da3a7","41-45歲","女","台東縣","健康愛家定存控"
"5f938be6","31-35歲","女","屏東縣","網購社媒手機迷"
"20f7b8e0","36-40歲","女","台中市","獨立愛遊理財新手"
"d8923c3f","36-40歲","女","台中市","網購社媒手機迷"
"2ccf6354","61-65歲","女","新北市","健康愛家定存控"
"5baf5ba2","31-35歲","女","花蓮縣","樂動廣告品牌控"
"f20f52a2","41-45歲","女","花蓮縣","物質享樂衝購族"
"591d9e3e","36-40歲","女","台中市","網購社媒手機迷"
"7cec7f07","31-35歲","女","苗栗縣","物質享樂衝購族"
"01e21753","51-55歲","男","新北市","運動科技潮人"
"07b8ec5c","26-30歲","男","新竹縣","運動科技潮人"
"ab1411f7","46-50歲","女","台中市","網購社媒手機迷"
"c43a59bf","46-50歲","女","新竹縣","傳統保健理財族"
"6d6b76de","36-40歲","女","彰化縣","健康愛家定存控"
"1e1f89ce","36-40歲","女","桃園市","傳統保健理財族"
"d0f19b6f","31-35歲","男","台南市","樂動廣告品牌控"
"98664fe6","31-35歲","女","苗栗縣","健康愛家定存控"
"e9f82f6e","41-45歲","女","桃園市","運動科技潮人"
"b9f53a24","36-40歲","女","台北市","傳統保健理財族"
"336cbdfc","41-45歲","男","台北市","運動科技潮人"
"4a9afc5d","41-45歲","女","屏東縣","網購社媒手機迷"
"a1079dbe","41-45歲","女","南投縣","品味養生理財貴族"
"645df999","51-55歲","女","台北市","樂動廣告品牌控"
"a9a402b3","51-55歲","女","台北市","樂動廣告品牌控"
"52e5647b","36-40歲","女","高雄市","運動科技潮人"
"180e5f20","36-40歲","男","新竹縣","運動科技潮人"
"ccf079a7","46-50歲","男","新竹市","運動科技潮人"
"7b869a2a","31-35歲","女","新竹縣","運動科技潮人"
"0ea87c8e","41-45歲","男","彰化縣","運動科技潮人"
"540a7489","41-45歲","男","新北市","運動科技潮人"
"4cf904b4","26-30歲","男","彰化縣","運動科技潮人"
"68b45725","46-50歲","女","苗栗縣","品味養生理財貴族"
"7790ad32","31-35歲","男","高雄市","運動科技潮人"
"6225b176","41-45歲","女","桃園市","健康愛家定存控"
"c93a0d58","26-30歲","女","台北市","網購社媒手機迷"
"fd3753cd","46-50歲","女","新北市","健康愛家定存控"
"d4b79890","46-50歲","女","新竹市","品味養生理財貴族"
"84840dee","31-35歲","女","新北市","物質享樂衝購族"
"f496e3bc","26-30歲","女","新竹市","健康愛家定存控"
"ba37a872","56-60歲","男","南投縣","愛搜愛比網購客"
"c24c9b93","41-45歲","女","台北市","品味養生理財貴族"
"610b33d3","26-30歲","女","新竹縣","物質享樂衝購族"
"0cabaf30","26-30歲","男","苗栗縣","運動科技潮人"
"15e7094a","31-35歲","女","花蓮縣","網購社媒手機迷"
"e44a714b","46-50歲","女","台北市","健康愛家定存控"
"63715867","31-35歲","女","花蓮縣","物質享樂衝購族"
"462e78b9","41-45歲","女","台中市","網購社媒手機迷"
"a200de10","56-60歲","男","台南市","運動科技潮人"
"d637e3d4","41-45歲","女","桃園市","物質享樂衝購族"
"c04690d7","41-45歲","女","新竹縣","愛搜愛比網購客"
"5fe696f9","41-45歲","女","台北市","健康愛家定存控"
"321196f1","61-65歲","男","桃園市","樂動廣告品牌控"
"f4bc089c","51-55歲","男","新北市","愛搜愛比網購客"
"04609d2f","31-35歲","女","雲林縣","健康愛家定存控"
"19391776","31-35歲","女","新北市","運動科技潮人"
"09ec597a","36-40歲","女","台南市","品味養生理財貴族"
"fa95002e","26-30歲","女","台中市","健康愛家定存控"
"fecde66a","46-50歲","女","台南市","網購社媒手機迷"
"1d1f082c","31-35歲","女","新竹市","健康愛家定存控"
"9e9a5629","46-50歲","女","新北市","愛搜愛比網購客"
"48d2c0b5","41-45歲","女","台北市","傳統保健理財族"
"3c14b6f1","36-40歲","女","新竹縣","健康愛家定存控"
"02e93e89","41-45歲","女","新北市","物質享樂衝購族"
"36c2589f","51-55歲","女","台南市","傳統保健理財族"
"a334e0ed","56-60歲","女","台北市","愛搜愛比網購客"
"7b51bdd7","31-35歲","女","新北市","物質享樂衝購族"
"79551ec0","26-30歲","女","高雄市","健康愛家定存控"
"d07dd84d","56-60歲","女","台北市","獨立愛遊理財新手"
"195a522a","36-40歲","女","新北市","品味養生理財貴族"
"28dcce06","36-40歲","女","台中市","物質享樂衝購族"
"cd1eda4d","36-40歲","女","新北市","品味養生理財貴族"
"056c5408","41-45歲","女","新北市","品味養生理財貴族"
"50b3979f","41-45歲","女","屏東縣","網購社媒手機迷"
"5ac56068","56-60歲","女","台中市","品味養生理財貴族"
"b04c652b","46-50歲","女","雲林縣","愛搜愛比網購客"
"1b5a312f","46-50歲","女","台北市","品味養生理財貴族"
"2bd52c12","36-40歲","女","新北市","樂動廣告品牌控"
"9b40f9f3","41-45歲","男","台中市","運動科技潮人"
"2ab8489b","46-50歲","女","台北市","傳統保健理財族"
"a63b3ada","36-40歲","男","台北市","獨立愛遊理財新手"
"96b6737b","36-40歲","女","高雄市","獨立愛遊理財新手"
"590e3bb8","46-50歲","女","台北市","網購社媒手機迷"
"595d7ae1","26-30歲","女","台中市","健康愛家定存控"
"6a3fc18d","56-60歲","女","桃園市","品味養生理財貴族"
"e71dd4a6","36-40歲","女","苗栗縣","運動科技潮人"
"32ec1615","31-35歲","女","台中市","物質享樂衝購族"
"f15b9270","41-45歲","女","新竹縣","健康愛家定存控"
"00808bc2","31-35歲","女","台北市","網購社媒手機迷"
"46cd6697","31-35歲","女","新北市","獨立愛遊理財新手"
"3cbaab48","36-40歲","男","台中市","運動科技潮人"
"ee2a4efa","41-45歲","女","新竹市","物質享樂衝購族"
"b8e2c46c","46-50歲","女","桃園市","品味養生理財貴族"
"2b3e084f","41-45歲","女","新北市","品味養生理財貴族"
"5f8f8678","21-25歲","男","苗栗縣","健康愛家定存控"
"ace4f205","51-55歲","女","新竹縣","品味養生理財貴族"
"2f47234f","36-40歲","男","彰化縣","樂動廣告品牌控"
"16840b9e","46-50歲","女","苗栗縣","傳統保健理財族"
"e69dfec0","36-40歲","女","台中市","獨立愛遊理財新手"
"90ec31e0","31-35歲","女","台中市","健康愛家定存控"
"58363136","26-30歲","女","台中市","物質享樂衝購族"
"a978fafd","36-40歲","男","台北市","樂動廣告品牌控"
"05e97a3a","41-45歲","男","桃園市","運動科技潮人"
"0a6921b9","36-40歲","女","台北市","運動科技潮人"
"1a11291d","46-50歲","女","新北市","品味養生理財貴族"
"8dd480a7","41-45歲","女","桃園市","運動科技潮人"
"984f547c","31-35歲","女","台北市","獨立愛遊理財新手"
"0a36bddc","26-30歲","女","台北市","物質享樂衝購族"
"68b5496a","46-50歲","女","新北市","愛搜愛比網購客"
"a057a55a","31-35歲","女","台北市","樂動廣告品牌控"
"8099c088","46-50歲","男","新竹縣","物質享樂衝購族"
"008cd09d","51-55歲","男","台北市","運動科技潮人"
"7722580e","36-40歲","女","新竹縣","傳統保健理財族"
"c901d6ef","41-45歲","女","苗栗縣","網購社媒手機迷"
"088443f3","46-50歲","男","台北市","運動科技潮人"
"fdd1c3a3","31-35歲","男","苗栗縣","樂動廣告品牌控"
"107a52c1","46-50歲","男","台北市","樂動廣告品牌控"
"bbcb96e6","41-45歲","女","台中市","品味養生理財貴族"
"612af43d","31-35歲","女","新北市","樂動廣告品牌控"
"191a83b3","26-30歲","女","彰化縣","獨立愛遊理財新手"
"6b33cc08","36-40歲","女","苗栗縣","獨立愛遊理財新手"
"f476bce3","31-35歲","男","桃園市","健康愛家定存控"
"aa3ed771","36-40歲","女","花蓮縣","物質享樂衝購族"
"057093b2","36-40歲","女","新竹市","樂動廣告品牌控"
"eddd941e","61-65歲","女","台北市","網購社媒手機迷"
"121d1e68","41-45歲","男","台中市","運動科技潮人"
"615785b2","36-40歲","男","台北市","運動科技潮人"
"a983d2e7","61-65歲","男","新北市","運動科技潮人"
"6a7771d1","41-45歲","男","新竹縣","愛搜愛比網購客"
"6654711b","31-35歲","男","新北市","樂動廣告品牌控"
"b23f6125","41-45歲","女","苗栗縣","樂動廣告品牌控"
"f685d7d4","31-35歲","男","新北市","傳統保健理財族"
"81b553dc","46-50歲","女","台南市","愛搜愛比網購客"
"23b83dee","46-50歲","女","苗栗縣","網購社媒手機迷"
"bd3ce6e6","41-45歲","女","高雄市","網購社媒手機迷"
"129e9716","56-60歲","女","台北市","品味養生理財貴族"
"181e2236","51-55歲","女","台南市","品味養生理財貴族"
"a22e9d5d","31-35歲","女","新竹縣","健康愛家定存控"
"0d82afdd","46-50歲","女","嘉義市","網購社媒手機迷"
"2bb060e6","61-65歲","男","彰化縣","樂動廣告品牌控"
"a03f8c80","36-40歲","男","高雄市","樂動廣告品牌控"
"d78e74ae","41-45歲","女","台中市","傳統保健理財族"
"d1ae315f","36-40歲","女","彰化縣","物質享樂衝購族"
"cf65f3e1","26-30歲","女","彰化縣","物質享樂衝購族"
"24b35fc5","31-35歲","男","彰化縣","運動科技潮人"
"ddc0eb8f","66以上","女","台北市","品味養生理財貴族"
"78fa1aed","41-45歲","男","新北市","運動科技潮人"
"56a179bc","31-35歲","女","新北市","物質享樂衝購族"
"089e02ed","26-30歲","女","彰化縣","物質享樂衝購族"
"f8fa0bed","46-50歲","女","台北市","傳統保健理財族"
"7c7f8acd","46-50歲","女","花蓮縣","品味養生理財貴族"
"75fc9ac3","41-45歲","女","台北市","網購社媒手機迷"
"79579a45","46-50歲","女","新北市","樂動廣告品牌控"
"6499835a","36-40歲","女","新北市","獨立愛遊理財新手"
"5ca0a909","31-35歲","女","苗栗縣","物質享樂衝購族"
"4a5f8f32","46-50歲","男","彰化縣","樂動廣告品牌控"
"ba710d93","41-45歲","女","新竹縣","物質享樂衝購族"
"5bff15e8","36-40歲","女","新北市","品味養生理財貴族"
"c5317b4f","31-35歲","女","彰化縣","健康愛家定存控"
"7ce89529","31-35歲","女","新北市","物質享樂衝購族"
"edfc7d35","41-45歲","男","新北市","健康愛家定存控"
"87dffa71","41-45歲","女","新竹縣","樂動廣告品牌控"
"96c66f89","46-50歲","女","雲林縣","品味養生理財貴族"
"879e5ad6","31-35歲","男","台北市","運動科技潮人"
"3771050b","51-55歲","女","彰化縣","愛搜愛比網購客"
"d807dc9a","31-35歲","男","花蓮縣","運動科技潮人"
"559ebbd0","46-50歲","女","彰化縣","品味養生理財貴族"
"396de7dd","26-30歲","女","苗栗縣","物質享樂衝購族"
"23b295c0","46-50歲","女","新北市","網購社媒手機迷"
"fb8116dd","46-50歲","女","花蓮縣","物質享樂衝購族"
"67326970","41-45歲","女","桃園市","物質享樂衝購族"
"d51b0f5c","31-35歲","女","新北市","運動科技潮人"
"5ad6b8e9","26-30歲","女","台中市","網購社媒手機迷"
"9417e1e8","41-45歲","女","新竹縣","網購社媒手機迷"
"6fb1c4ae","31-35歲","女","台中市","物質享樂衝購族"
"cdaf2403","31-35歲","女","桃園市","物質享樂衝購族"
"e474efe1","51-55歲","女","台南市","品味養生理財貴族"
"1fab03ca","66以上","女","台中市","健康愛家定存控"
"faa5bde9","41-45歲","女","彰化縣","愛搜愛比網購客"
"cdd6074a","36-40歲","女","台南市","物質享樂衝購族"
"7fbb984a","56-60歲","男","新北市","運動科技潮人"
"659382f2","41-45歲","男","台中市","樂動廣告品牌控"
"51d8bea3","36-40歲","女","新北市","網購社媒手機迷"
"a345349f","51-55歲","女","桃園市","樂動廣告品牌控"
"bf429009","36-40歲","女","高雄市","樂動廣告品牌控"
"41a1d128","51-55歲","女","台南市","品味養生理財貴族"
"db69c2e5","51-55歲","女","南投縣","獨立愛遊理財新手"
"3c62cb14","51-55歲","女","台中市","網購社媒手機迷"
"8d177f96","36-40歲","女","新北市","網購社媒手機迷"
"cb14d25a","41-45歲","女","台北市","品味養生理財貴族"
"d75ae422","36-40歲","女","新竹縣","健康愛家定存控"
"a0da973c","41-45歲","女","高雄市","健康愛家定存控"
"63f8ebb6","36-40歲","男","新竹縣","運動科技潮人"
"4b74907a","26-30歲","女","新北市","健康愛家定存控"
"809ce4bd","46-50歲","女","彰化縣","網購社媒手機迷"
"77a067ca","36-40歲","男","新北市","樂動廣告品牌控"
"7e3ca170","26-30歲","男","新北市","樂動廣告品牌控"
"f7e2019a","56-60歲","女","台北市","運動科技潮人"
"8bc0baa1","51-55歲","女","花蓮縣","樂動廣告品牌控"
"cd6295a5","21-25歲","女","桃園市","獨立愛遊理財新手"
"c919ba2a","36-40歲","女","新竹縣","獨立愛遊理財新手"
"e1f0db3f","41-45歲","男","彰化縣","運動科技潮人"
"13c6da02","36-40歲","女","台北市","獨立愛遊理財新手"
"a4f15084","46-50歲","男","新北市","運動科技潮人"
"88435ce1","46-50歲","女","苗栗縣","傳統保健理財族"
"6f83e104","31-35歲","男","桃園市","運動科技潮人"
"4dce5da5","46-50歲","女","台北市","品味養生理財貴族"
"f1f79493","41-45歲","女","新竹縣","傳統保健理財族"
"a0f342c6","41-45歲","女","新竹縣","品味養生理財貴族"
"cc9fe277","26-30歲","女","苗栗縣","健康愛家定存控"
"b297a45f","41-45歲","女","台南市","網購社媒手機迷"
"782aa4a2","46-50歲","女","新竹縣","網購社媒手機迷"
"98db8f6f","26-30歲","女","台中市","物質享樂衝購族"
"4325712a","26-30歲","男","高雄市","樂動廣告品牌控"
"bc2ea9b5","26-30歲","女","新竹縣","健康愛家定存控"
"72d303c9","41-45歲","女","台中市","健康愛家定存控"
"f0f57510","41-45歲","女","屏東縣","樂動廣告品牌控"
"2cd1ec05","36-40歲","女","台南市","物質享樂衝購族"
"f5794386","56-60歲","女","台南市","品味養生理財貴族"
"37038041","46-50歲","男","彰化縣","樂動廣告品牌控"
"1548a3ce","31-35歲","女","新北市","健康愛家定存控"
"d0d94796","26-30歲","女","新竹縣","健康愛家定存控"
"ea9f8bec","41-45歲","男","台北市","樂動廣告品牌控"
"005467a2","36-40歲","男","嘉義縣","樂動廣告品牌控"
"9d715031","36-40歲","女","台南市","樂動廣告品牌控"
"56013795","41-45歲","男","高雄市","樂動廣告品牌控"
"1cb9ed77","51-55歲","女","台中市","品味養生理財貴族"
"cd97e8a0","36-40歲","女","新竹縣","網購社媒手機迷"
"8a71406d","51-55歲","女","台中市","運動科技潮人"
"75d2d177","36-40歲","男","嘉義市","樂動廣告品牌控"
"b7fc27f2","46-50歲","男","新北市","愛搜愛比網購客"
"42c567df","41-45歲","女","台北市","物質享樂衝購族"
"01b94318","51-55歲","女","台北市","品味養生理財貴族"
"02aaddd4","51-55歲","女","台北市","獨立愛遊理財新手"
"cadaa587","36-40歲","男","苗栗縣","獨立愛遊理財新手"
"e84bb3e4","36-40歲","女","台北市","物質享樂衝購族"
"e773bd7d","36-40歲","男","新竹市","運動科技潮人"
"6c18271d","31-35歲","女","台南市","獨立愛遊理財新手"
"b2c7d56f","46-50歲","女","台北市","品味養生理財貴族"
"0f1a8f9f","36-40歲","男","嘉義縣","樂動廣告品牌控"
"86b0e875","31-35歲","男","新北市","運動科技潮人"
"e06621ef","46-50歲","女","台中市","樂動廣告品牌控"
"80ab9fbc","51-55歲","女","新竹縣","運動科技潮人"
"c8641014","31-35歲","女","宜蘭縣","健康愛家定存控"
"17795501","46-50歲","女","台中市","物質享樂衝購族"
"d7d45081","41-45歲","男","新北市","運動科技潮人"
"df9bb47d","31-35歲","女","新北市","運動科技潮人"
"3ea8ddbe","21-25歲","女","新竹縣","獨立愛遊理財新手"
"d7425a67","46-50歲","女","花蓮縣","愛搜愛比網購客"
"638d8566","36-40歲","女","台北市","樂動廣告品牌控"
"b9cade20","36-40歲","女","桃園市","傳統保健理財族"
"d85c516f","31-35歲","女","宜蘭縣","物質享樂衝購族"
"2bc38fb3","61-65歲","女","台北市","品味養生理財貴族"
"4bfc38ea","31-35歲","男","彰化縣","運動科技潮人"
"2bec8e27","36-40歲","女","彰化縣","物質享樂衝購族"
"27c0988b","36-40歲","男","台中市","樂動廣告品牌控"
"f5ea84b7","36-40歲","女","苗栗縣","網購社媒手機迷"
"2e1aa721","31-35歲","女","台北市","獨立愛遊理財新手"
"953d1b55","31-35歲","男","新竹縣","運動科技潮人"
"188e96ac","41-45歲","女","台北市","運動科技潮人"
"c0a2242d","56-60歲","女","新竹縣","樂動廣告品牌控"
"9a63f0c7","41-45歲","女","新北市","獨立愛遊理財新手"
"2dd19cf8","31-35歲","女","高雄市","網購社媒手機迷"
"9761a53f","56-60歲","女","台北市","獨立愛遊理財新手"
"6fbcfcc5","31-35歲","男","台中市","樂動廣告品牌控"
"29694d0d","41-45歲","女","桃園市","網購社媒手機迷"
"6326a7be","31-35歲","女","台中市","健康愛家定存控"
"c3f36f86","26-30歲","女","新竹縣","健康愛家定存控"
"78e665af","41-45歲","女","台北市","品味養生理財貴族"
"534e5ca4","26-30歲","女","新竹縣","傳統保健理財族"
"f5f26113","26-30歲","女","新竹縣","獨立愛遊理財新手"
"ddcde171","41-45歲","女","新北市","獨立愛遊理財新手"
"9a2154ad","31-35歲","女","台北市","獨立愛遊理財新手"
"03d9b422","31-35歲","女","台中市","物質享樂衝購族"
"47449d05","31-35歲","女","苗栗縣","健康愛家定存控"
"f07f3623","51-55歲","女","高雄市","獨立愛遊理財新手"
"9c3146c3","36-40歲","女","苗栗縣","樂動廣告品牌控"
"3748486f","41-45歲","女","新北市","健康愛家定存控"
"fdf1adf3","36-40歲","女","桃園市","網購社媒手機迷"
"6ab299f5","51-55歲","女","高雄市","品味養生理財貴族"
"e8d39b96","26-30歲","女","新北市","運動科技潮人"
"cb5903c4","51-55歲","女","花蓮縣","獨立愛遊理財新手"
"3172d488","36-40歲","女","台南市","獨立愛遊理財新手"
"f2cd6d6f","46-50歲","女","台中市","品味養生理財貴族"
"6c84c033","41-45歲","女","台中市","愛搜愛比網購客"
"0506c5f0","41-45歲","男","新北市","運動科技潮人"
"372f98f6","41-45歲","男","桃園市","樂動廣告品牌控"
"582734de","31-35歲","女","嘉義市","傳統保健理財族"
"78fbcf1c","31-35歲","女","苗栗縣","健康愛家定存控"
"c1816fa9","31-35歲","男","高雄市","樂動廣告品牌控"
"8a49ba24","41-45歲","男","苗栗縣","運動科技潮人"
"a30be9a6","51-55歲","女","新竹市","網購社媒手機迷"
"4ad3083d","31-35歲","女","新北市","運動科技潮人"
"472a5fc1","41-45歲","男","新竹市","愛搜愛比網購客"
"e84f67e9","56-60歲","女","台中市","愛搜愛比網購客"
"cbc92eef","31-35歲","女","高雄市","健康愛家定存控"
"5ebabcb2","41-45歲","女","新北市","網購社媒手機迷"
"0418cbad","51-55歲","女","嘉義市","品味養生理財貴族"
"af3d3234","51-55歲","男","桃園市","樂動廣告品牌控"
"3f7ad64a","31-35歲","男","高雄市","健康愛家定存控"
"dd4d0feb","31-35歲","女","彰化縣","健康愛家定存控"
"d1fb7484","36-40歲","女","苗栗縣","樂動廣告品牌控"
"150a7ff6","61-65歲","男","花蓮縣","愛搜愛比網購客"
"67ec2f7f","36-40歲","女","台北市","獨立愛遊理財新手"
"c0c0c6f3","61-65歲","女","新竹縣","品味養生理財貴族"
"700a0715","31-35歲","男","台中市","樂動廣告品牌控"
"6ebeb5ad","36-40歲","女","台北市","樂動廣告品牌控"
"d704fab3","31-35歲","女","新北市","樂動廣告品牌控"
"8a49dd0b","46-50歲","女","新北市","獨立愛遊理財新手"
"facce893","46-50歲","女","新竹市","品味養生理財貴族"
"bcad08bf","26-30歲","女","新竹縣","健康愛家定存控"
"2c87953e","46-50歲","男","苗栗縣","運動科技潮人"
"1e509aca","56-60歲","男","台中市","運動科技潮人"
"e609ed1c","36-40歲","男","台中市","樂動廣告品牌控"
"ea3d070f","36-40歲","女","新北市","物質享樂衝購族"
"2a3aaf98","41-45歲","男","桃園市","運動科技潮人"
"a8cf1821","31-35歲","女","新竹縣","品味養生理財貴族"
"7ff09584","51-55歲","女","台北市","網購社媒手機迷"
"68dd6ee5","46-50歲","男","新北市","運動科技潮人"
"4dc544d7","46-50歲","女","南投縣","樂動廣告品牌控"
"82f0bd68","26-30歲","女","彰化縣","健康愛家定存控"
"4d783ce0","31-35歲","女","台北市","獨立愛遊理財新手"
"7994ca3e","31-35歲","女","台中市","樂動廣告品牌控"
"56e9a8f8","46-50歲","女","新竹縣","運動科技潮人"
"f3c5ccf6","46-50歲","女","台北市","品味養生理財貴族"
"15cafc2b","31-35歲","女","桃園市","網購社媒手機迷"
"9bee2987","51-55歲","男","台南市","樂動廣告品牌控"
"09e36b51","46-50歲","女","新北市","運動科技潮人"
"a55d297c","36-40歲","女","台北市","運動科技潮人"
"d07c0f4e","36-40歲","男","台南市","樂動廣告品牌控"
"c98b38a1","31-35歲","女","苗栗縣","樂動廣告品牌控"
"0882a73f","31-35歲","女","新竹市","物質享樂衝購族"
"e95e3c3d","41-45歲","女","台南市","網購社媒手機迷"
"dcfb51b2","26-30歲","女","新竹縣","健康愛家定存控"
"34790ad8","46-50歲","女","台北市","樂動廣告品牌控"
"7be1610f","46-50歲","女","新北市","品味養生理財貴族"
"6aa237c9","36-40歲","男","苗栗縣","樂動廣告品牌控"
"56d7bf4f","46-50歲","女","彰化縣","品味養生理財貴族"
"a9ac98cc","41-45歲","女","苗栗縣","物質享樂衝購族"
"86616e11","41-45歲","女","高雄市","物質享樂衝購族"
"e1b7b9c5","36-40歲","男","新竹縣","運動科技潮人"
"ea973e26","46-50歲","女","嘉義市","物質享樂衝購族"
"75816363","31-35歲","女","新北市","運動科技潮人"
"04c7be83","31-35歲","女","新北市","運動科技潮人"
"123c2b56","36-40歲","男","新北市","運動科技潮人"
"58a64d3a","31-35歲","女","雲林縣","獨立愛遊理財新手"
"35d200a9","31-35歲","女","台中市","品味養生理財貴族"
"40d0cc82","31-35歲","女","基隆市","健康愛家定存控"
"c90f3d39","36-40歲","女","桃園市","物質享樂衝購族"
"e3e892e6","31-35歲","女","台中市","健康愛家定存控"
"66b06097","26-30歲","女","彰化縣","物質享樂衝購族"
"1ca3c22d","36-40歲","女","苗栗縣","樂動廣告品牌控"
"fbc742cb","26-30歲","女","新北市","健康愛家定存控"
"75324b9b","41-45歲","男","新北市","運動科技潮人"
"ae63b832","36-40歲","女","彰化縣","健康愛家定存控"
"e875793c","36-40歲","男","苗栗縣","樂動廣告品牌控"
"c2ab5953","31-35歲","女","新北市","物質享樂衝購族"
"6f634acb","46-50歲","男","台北市","運動科技潮人"
"ed738990","31-35歲","男","花蓮縣","樂動廣告品牌控"
"ba216b49","41-45歲","女","宜蘭縣","品味養生理財貴族"
"76ca64f3","51-55歲","女","台北市","傳統保健理財族"
"f3431ff3","26-30歲","女","苗栗縣","物質享樂衝購族"
"955a4564","46-50歲","女","彰化縣","物質享樂衝購族"
"7f86c2ed","31-35歲","女","新竹縣","網購社媒手機迷"
"0368ae18","31-35歲","女","新竹縣","物質享樂衝購族"
"c81ff197","66以上","女","台北市","獨立愛遊理財新手"
"bc0059b8","36-40歲","女","台東縣","網購社媒手機迷"
"d3bbc825","31-35歲","女","高雄市","獨立愛遊理財新手"
"d5ceb856","31-35歲","女","彰化縣","物質享樂衝購族"
"c35cea56","51-55歲","女","台北市","健康愛家定存控"
"b6691e6e","31-35歲","女","新竹市","獨立愛遊理財新手"
"b06a81f5","26-30歲","女","新竹縣","物質享樂衝購族"
"f9560e34","36-40歲","女","台中市","物質享樂衝購族"
"bf3a280c","26-30歲","女","雲林縣","物質享樂衝購族"
"837c0ad4","31-35歲","女","花蓮縣","物質享樂衝購族"
"c4b7d63b","36-40歲","男","新竹縣","樂動廣告品牌控"
"d9714e4f","56-60歲","女","新北市","樂動廣告品牌控"
"7d7bf58e","56-60歲","男","新北市","愛搜愛比網購客"
"ecd92c08","51-55歲","男","新北市","樂動廣告品牌控"
"e8b194c6","46-50歲","女","台中市","愛搜愛比網購客"
"0e426ffb","31-35歲","女","新北市","物質享樂衝購族"
"815376c0","31-35歲","女","新北市","網購社媒手機迷"
"0222dbf3","31-35歲","女","台北市","健康愛家定存控"
"15dc2612","26-30歲","女","苗栗縣","網購社媒手機迷"
"a1903297","41-45歲","男","桃園市","運動科技潮人"
"a85410b1","51-55歲","女","苗栗縣","物質享樂衝購族"
"68cf31ff","31-35歲","男","新竹縣","健康愛家定存控"
"d8f55291","41-45歲","男","苗栗縣","運動科技潮人"
"2e111a0d","46-50歲","女","新北市","運動科技潮人"
"4d2e0786","56-60歲","女","新北市","品味養生理財貴族"
"a25284c2","21-25歲","女","新竹縣","健康愛家定存控"
"f10d446e","46-50歲","男","彰化縣","樂動廣告品牌控"
"99316511","41-45歲","女","新竹縣","物質享樂衝購族"
"287a179d","36-40歲","女","台中市","網購社媒手機迷"
"824e7d29","41-45歲","女","嘉義市","愛搜愛比網購客"
"728382a6","26-30歲","男","新北市","健康愛家定存控"
"7e03bc97","46-50歲","女","雲林縣","物質享樂衝購族"
"22857ebf","36-40歲","女","高雄市","樂動廣告品牌控"
"7bbd9c74","31-35歲","男","新竹縣","樂動廣告品牌控"
"04e8e920","56-60歲","女","新竹縣","健康愛家定存控"
"d664d6dc","46-50歲","女","台中市","物質享樂衝購族"
"7b012209","41-45歲","女","桃園市","物質享樂衝購族"
"eac3f413","41-45歲","女","高雄市","網購社媒手機迷"
"39d9e77b","46-50歲","女","彰化縣","品味養生理財貴族"
"41e54ec6","36-40歲","女","桃園市","獨立愛遊理財新手"
"cfd939b2","46-50歲","女","花蓮縣","愛搜愛比網購客"
"ecfc2e4f","36-40歲","女","台北市","傳統保健理財族"
"a1a7fc1f","26-30歲","女","台中市","物質享樂衝購族"
"abbc1ae2","36-40歲","男","苗栗縣","運動科技潮人"
"c69beceb","26-30歲","女","新竹縣","物質享樂衝購族"
"f4fb0d4e","51-55歲","女","彰化縣","傳統保健理財族"
"0c4a1ea6","31-35歲","女","苗栗縣","樂動廣告品牌控"
"94916738","46-50歲","女","台北市","健康愛家定存控"
"f3bca001","36-40歲","男","新竹縣","樂動廣告品牌控"
"10953086","51-55歲","女","新北市","運動科技潮人"
"670d0904","51-55歲","女","花蓮縣","物質享樂衝購族"
"5d4271a5","51-55歲","男","新北市","運動科技潮人"
"146b4afd","31-35歲","女","新北市","物質享樂衝購族"
"104dfdb3","36-40歲","女","新北市","健康愛家定存控"
"a57bd336","36-40歲","男","台中市","運動科技潮人"
"3cecb31f","31-35歲","女","南投縣","樂動廣告品牌控"
"a7b77528","36-40歲","女","台北市","物質享樂衝購族"
"4c7d0f59","31-35歲","女","嘉義縣","獨立愛遊理財新手"
"3f09e738","46-50歲","男","桃園市","愛搜愛比網購客"
"bd921203","36-40歲","男","台北市","運動科技潮人"
"c611181d","46-50歲","男","新竹市","愛搜愛比網購客"
"e34ee9c0","31-35歲","男","高雄市","樂動廣告品牌控"
"7736c48f","46-50歲","女","嘉義市","品味養生理財貴族"
"206a32df","41-45歲","女","新竹縣","品味養生理財貴族"
"6fb9e180","41-45歲","女","台南市","獨立愛遊理財新手"
"9f919d60","41-45歲","女","新竹縣","品味養生理財貴族"
"c97954b4","46-50歲","女","新北市","愛搜愛比網購客"
"0f524c52","36-40歲","女","新竹縣","健康愛家定存控"
"7672d4f4","41-45歲","女","苗栗縣","物質享樂衝購族"
"de4edc45","26-30歲","女","苗栗縣","健康愛家定存控"
"ec5da2cd","31-35歲","男","高雄市","運動科技潮人"
"d46ab4e2","26-30歲","女","新竹縣","網購社媒手機迷"
"aee24f9b","31-35歲","女","苗栗縣","物質享樂衝購族"
"263368b7","41-45歲","女","新北市","樂動廣告品牌控"
"36b50fa4","36-40歲","男","高雄市","運動科技潮人"
"614cc334","46-50歲","女","新北市","傳統保健理財族"
"7b5242e3","36-40歲","女","新北市","網購社媒手機迷"
"bfa5cbf5","41-45歲","女","高雄市","健康愛家定存控"
"ae00b38b","31-35歲","男","新北市","運動科技潮人"
"458ffbdb","51-55歲","男","台北市","樂動廣告品牌控"
"ca8cbe75","46-50歲","女","苗栗縣","傳統保健理財族"
"6aa611f3","36-40歲","男","台南市","健康愛家定存控"
"763fc957","41-45歲","男","彰化縣","愛搜愛比網購客"
"f4494750","31-35歲","女","桃園市","物質享樂衝購族"
"afeb2d99","36-40歲","女","桃園市","物質享樂衝購族"
"b6e38851","41-45歲","女","彰化縣","樂動廣告品牌控"
"135e2517","41-45歲","女","新北市","品味養生理財貴族"
"5546f1c2","41-45歲","男","台中市","運動科技潮人"
"d76b285f","31-35歲","女","高雄市","運動科技潮人"
"8bf540a4","36-40歲","女","台南市","品味養生理財貴族"
"91dcacc8","51-55歲","男","台南市","樂動廣告品牌控"
"4664f87d","41-45歲","女","桃園市","健康愛家定存控"
"d0f51021","36-40歲","男","台中市","運動科技潮人"
"86b47b1e","51-55歲","女","苗栗縣","網購社媒手機迷"
"8f6a2a84","26-30歲","男","新北市","運動科技潮人"
"c3cbe415","41-45歲","女","新竹市","傳統保健理財族"
"a4fc6a0b","31-35歲","女","高雄市","物質享樂衝購族"
"b14ea017","46-50歲","女","桃園市","品味養生理財貴族"
"2de0d07b","41-45歲","女","台中市","物質享樂衝購族"
"a9d27bbd","46-50歲","女","苗栗縣","運動科技潮人"
"20cb513a","31-35歲","女","雲林縣","網購社媒手機迷"
"61b636ad","36-40歲","女","新竹縣","物質享樂衝購族"
"b303fa30","41-45歲","女","苗栗縣","樂動廣告品牌控"
"15394a0f","26-30歲","男","新竹縣","樂動廣告品牌控"
"b4b2c443","36-40歲","女","新竹市","運動科技潮人"
"5e3e1589","41-45歲","男","新北市","運動科技潮人"
"cc6caeba","41-45歲","女","新北市","健康愛家定存控"
"3a520985","41-45歲","女","新竹縣","運動科技潮人"
"43bb437e","61-65歲","男","新竹市","樂動廣告品牌控"
"7775d967","41-45歲","女","台北市","網購社媒手機迷"
"7fab0bae","46-50歲","女","台北市","獨立愛遊理財新手"
"b2c033d9","36-40歲","男","新北市","運動科技潮人"
"f620927c","26-30歲","男","台中市","樂動廣告品牌控"
"384ce145","46-50歲","女","桃園市","健康愛家定存控"
"e09f65f4","51-55歲","女","新北市","健康愛家定存控"
"63c0e9db","36-40歲","男","台北市","運動科技潮人"
"fd7f942b","31-35歲","男","苗栗縣","網購社媒手機迷"
"f24b1206","51-55歲","女","高雄市","品味養生理財貴族"
"a33bcd25","36-40歲","女","新竹縣","健康愛家定存控"
"5dace78f","46-50歲","女","台中市","傳統保健理財族"
"91dada32","31-35歲","女","新北市","樂動廣告品牌控"
"e70f6875","31-35歲","女","高雄市","網購社媒手機迷"
"11f088fa","31-35歲","女","新竹縣","健康愛家定存控"
"0e1acb32","26-30歲","女","新竹縣","獨立愛遊理財新手"
"5715b710","46-50歲","女","桃園市","網購社媒手機迷"
"42f53f76","51-55歲","女","新竹縣","品味養生理財貴族"
"0f8b97da","41-45歲","女","新北市","品味養生理財貴族"
"6121fed6","51-55歲","女","台北市","品味養生理財貴族"
"2b79b083","26-30歲","女","桃園市","獨立愛遊理財新手"
"95c44ca0","46-50歲","男","新竹縣","樂動廣告品牌控"
"cfd4b4c5","46-50歲","男","台南市","愛搜愛比網購客"
"34837251","26-30歲","女","新竹市","物質享樂衝購族"
"03a4951d","31-35歲","女","新北市","樂動廣告品牌控"
"32a9ef2b","26-30歲","男","新竹縣","樂動廣告品牌控"
"ab3f9da3","61-65歲","女","新竹縣","樂動廣告品牌控"
"fd9c74f4","61-65歲","男","台中市","愛搜愛比網購客"
"ae6d2ab5","31-35歲","女","苗栗縣","物質享樂衝購族"
"cca49936","36-40歲","女","新北市","物質享樂衝購族"
"18f9376e","41-45歲","女","新竹縣","網購社媒手機迷"
"d0c8c7b3","31-35歲","男","台中市","運動科技潮人"
"c7b1d5f4","31-35歲","女","嘉義縣","樂動廣告品牌控"
"27556a37","46-50歲","女","新北市","運動科技潮人"
"2800d04d","31-35歲","男","高雄市","健康愛家定存控"
"94274e64","31-35歲","男","高雄市","運動科技潮人"
"45425f26","36-40歲","女","台中市","獨立愛遊理財新手"
"612c82f4","31-35歲","男","台南市","健康愛家定存控"
"63a76ffb","51-55歲","女","南投縣","健康愛家定存控"
"30926d74","31-35歲","女","新北市","健康愛家定存控"
"2b566150","36-40歲","女","台中市","物質享樂衝購族"
"8ec27bab","31-35歲","女","新北市","物質享樂衝購族"
"9ead3a7c","26-30歲","女","桃園市","獨立愛遊理財新手"
"5113f96d","51-55歲","女","新北市","品味養生理財貴族"
"8caec427","31-35歲","男","台北市","運動科技潮人"
"2e97c40a","31-35歲","女","苗栗縣","獨立愛遊理財新手"
"6b2987df","46-50歲","女","台北市","健康愛家定存控"
"c61b6e74","56-60歲","男","新北市","樂動廣告品牌控"
"d9c582b9","31-35歲","女","新竹縣","健康愛家定存控"
"7c8fb290","31-35歲","男","新竹縣","運動科技潮人"
"c2797672","41-45歲","女","台中市","網購社媒手機迷"
"623a3cab","41-45歲","男","新北市","運動科技潮人"
"a31b869a","36-40歲","女","台中市","物質享樂衝購族"
"f17d87be","26-30歲","女","新竹市","物質享樂衝購族"
"ba8aec51","46-50歲","女","苗栗縣","健康愛家定存控"
"dc5285d9","41-45歲","女","台中市","健康愛家定存控"
"371221a6","41-45歲","女","宜蘭縣","樂動廣告品牌控"
"94e78a87","51-55歲","女","台中市","愛搜愛比網購客"
"f28c10b4","26-30歲","男","新竹縣","健康愛家定存控"
"380ac14b","56-60歲","女","台北市","品味養生理財貴族"
"665d6ce6","21-25歲","女","彰化縣","獨立愛遊理財新手"
"b273206c","31-35歲","男","彰化縣","運動科技潮人"
"984c3e01","41-45歲","女","新竹縣","品味養生理財貴族"
"4622aeaa","41-45歲","男","苗栗縣","愛搜愛比網購客"
"7e03730a","31-35歲","女","嘉義市","網購社媒手機迷"
"87babb42","46-50歲","女","新北市","傳統保健理財族"
"ffa72cad","36-40歲","女","新北市","獨立愛遊理財新手"
"ebdc3120","36-40歲","女","花蓮縣","獨立愛遊理財新手"
"0db9a0a2","41-45歲","女","嘉義縣","健康愛家定存控"
"e56fcbfe","36-40歲","女","台北市","物質享樂衝購族"
"ba5f479e","46-50歲","女","基隆市","健康愛家定存控"
"eaf4d26a","36-40歲","女","新竹縣","樂動廣告品牌控"
"e5954de9","36-40歲","女","台中市","獨立愛遊理財新手"
"bf13c164","41-45歲","女","台中市","物質享樂衝購族"
"36423ebd","36-40歲","女","新竹市","樂動廣告品牌控"
"e2f167e1","31-35歲","女","新北市","運動科技潮人"
"4588278f","31-35歲","女","新竹市","健康愛家定存控"
"23aaacbe","51-55歲","女","彰化縣","愛搜愛比網購客"
"242bbf15","41-45歲","女","桃園市","網購社媒手機迷"
"55c185d3","26-30歲","女","新竹縣","物質享樂衝購族"
"0e555420","31-35歲","女","台南市","網購社媒手機迷"
"8f208538","41-45歲","男","彰化縣","運動科技潮人"
"664dfc6f","46-50歲","女","彰化縣","網購社媒手機迷"
"198fcbe5","41-45歲","女","新北市","愛搜愛比網購客"
"d4b008de","41-45歲","女","花蓮縣","網購社媒手機迷"
"07c7f7c5","31-35歲","女","台南市","網購社媒手機迷"
"13613533","46-50歲","女","新竹縣","物質享樂衝購族"
"04c12011","36-40歲","女","宜蘭縣","樂動廣告品牌控"
"613fc97b","46-50歲","女","新竹市","品味養生理財貴族"
"88b07f05","41-45歲","男","新北市","樂動廣告品牌控"
"56594048","36-40歲","女","台中市","健康愛家定存控"
"4c1b23a8","41-45歲","女","高雄市","健康愛家定存控"
"4ff64151","41-45歲","男","台北市","運動科技潮人"
"6a2cff36","26-30歲","女","桃園市","健康愛家定存控"
"10f95ce3","46-50歲","女","新北市","物質享樂衝購族"
"376253f6","41-45歲","女","新北市","獨立愛遊理財新手"
"cb82e4b9","41-45歲","男","新北市","運動科技潮人"
"e1cb8975","36-40歲","女","新竹縣","健康愛家定存控"
"162931e1","36-40歲","男","基隆市","健康愛家定存控"
"c9dc98a4","31-35歲","女","新竹縣","網購社媒手機迷"
"0afe400d","46-50歲","男","花蓮縣","樂動廣告品牌控"
"375cda2a","21-25歲","女","苗栗縣","健康愛家定存控"
"d6ed6ebe","31-35歲","女","新竹縣","物質享樂衝購族"
"b5e3ddf5","31-35歲","女","新竹市","健康愛家定存控"
"16e4700f","41-45歲","女","新竹縣","網購社媒手機迷"
"e9f6c971","41-45歲","女","台中市","樂動廣告品牌控"
"5df8d4ea","41-45歲","女","彰化縣","品味養生理財貴族"
"70308a22","41-45歲","女","花蓮縣","品味養生理財貴族"
"279abad7","41-45歲","女","台南市","物質享樂衝購族"
"62766237","46-50歲","男","台南市","運動科技潮人"
"d3f3c2f2","46-50歲","女","台中市","品味養生理財貴族"
"606d71cf","31-35歲","女","新竹縣","運動科技潮人"
"a6fc6d36","36-40歲","女","彰化縣","獨立愛遊理財新手"
"6d80f564","31-35歲","女","苗栗縣","樂動廣告品牌控"
"cf1ff9f9","56-60歲","女","新竹縣","愛搜愛比網購客"
"dcaefdeb","31-35歲","女","花蓮縣","品味養生理財貴族"
"16516499","41-45歲","男","苗栗縣","樂動廣告品牌控"
"04494bc3","31-35歲","男","新竹縣","運動科技潮人"
"29a5bee6","31-35歲","男","新北市","樂動廣告品牌控"
"302d6e37","41-45歲","女","彰化縣","物質享樂衝購族"
"9ac38a2f","51-55歲","男","新北市","健康愛家定存控"
"aa0cf84d","31-35歲","女","花蓮縣","健康愛家定存控"
"d9cdf8ae","31-35歲","女","台北市","獨立愛遊理財新手"
"ffb1ffd9","56-60歲","女","台北市","品味養生理財貴族"
"7183ab85","41-45歲","女","苗栗縣","獨立愛遊理財新手"
"1c58f43d","31-35歲","女","苗栗縣","獨立愛遊理財新手"
"d72e07d7","36-40歲","女","花蓮縣","物質享樂衝購族"
"578fcf41","26-30歲","女","苗栗縣","健康愛家定存控"
"dff36f9d","36-40歲","男","新竹縣","運動科技潮人"
"09e776ef","41-45歲","女","新北市","傳統保健理財族"
"105c126a","31-35歲","女","新北市","健康愛家定存控"
"4b99ba4e","31-35歲","女","新竹縣","網購社媒手機迷"
"5e6ea8ef","41-45歲","女","新竹縣","品味養生理財貴族"
"d1ee9851","41-45歲","女","桃園市","網購社媒手機迷"
"cbd15d95","41-45歲","女","花蓮縣","健康愛家定存控"
"ad363eff","31-35歲","女","台南市","健康愛家定存控"
"217d2138","26-30歲","女","台中市","物質享樂衝購族"
"4f7f771d","41-45歲","女","桃園市","網購社媒手機迷"
"6190b1f4","31-35歲","女","台中市","網購社媒手機迷"
"6643ffbc","46-50歲","女","台中市","網購社媒手機迷"
"840dbb45","56-60歲","女","苗栗縣","物質享樂衝購族"
"65af4005","41-45歲","女","雲林縣","傳統保健理財族"
"b9e65286","36-40歲","女","南投縣","健康愛家定存控"
"f77b1eca","36-40歲","女","台北市","健康愛家定存控"
"1d07db70","31-35歲","女","新北市","獨立愛遊理財新手"
"07d09de7","36-40歲","女","新北市","網購社媒手機迷"
"9e40449b","26-30歲","女","台中市","健康愛家定存控"
"7187478b","26-30歲","女","高雄市","物質享樂衝購族"
"f62fe7e8","36-40歲","女","花蓮縣","品味養生理財貴族"
"5c4deb9f","31-35歲","女","高雄市","獨立愛遊理財新手"
"ff4cec41","41-45歲","女","台中市","品味養生理財貴族"
"b388fc08","36-40歲","女","台南市","運動科技潮人"
"ffaccf97","31-35歲","女","台南市","健康愛家定存控"
"7ed09f06","46-50歲","女","彰化縣","物質享樂衝購族"
"8ace1728","66以上","女","新北市","愛搜愛比網購客"
"4f20b894","41-45歲","男","台北市","運動科技潮人"
"4669e786","31-35歲","女","台北市","健康愛家定存控"
"067049f3","46-50歲","女","彰化縣","品味養生理財貴族"
"bd190373","26-30歲","女","台北市","健康愛家定存控"
"3124734d","36-40歲","女","台南市","健康愛家定存控"
"3ba3353d","46-50歲","女","台北市","樂動廣告品牌控"
"578ee5a9","56-60歲","女","新北市","傳統保健理財族"
"2ff824a8","46-50歲","男","新北市","運動科技潮人"
"dac4932e","41-45歲","男","新竹縣","運動科技潮人"
"e778615a","41-45歲","女","新北市","品味養生理財貴族"
"a8785458","46-50歲","女","高雄市","物質享樂衝購族"
"9746eae1","31-35歲","女","彰化縣","物質享樂衝購族"
"03db1fe9","41-45歲","男","新竹縣","愛搜愛比網購客"
"e4fd641a","31-35歲","女","台北市","物質享樂衝購族"
"36615fd7","46-50歲","女","台中市","愛搜愛比網購客"
"d7888b29","46-50歲","女","台北市","獨立愛遊理財新手"
"d8810d51","41-45歲","女","台中市","運動科技潮人"
"0969464e","41-45歲","男","新北市","運動科技潮人"
"6ae27815","36-40歲","女","花蓮縣","獨立愛遊理財新手"
"f95ec190","41-45歲","女","南投縣","網購社媒手機迷"
"1aed8382","31-35歲","女","新北市","運動科技潮人"
"bda832ec","41-45歲","男","桃園市","愛搜愛比網購客"
"b760cdab","51-55歲","男","台中市","樂動廣告品牌控"
"894485fa","41-45歲","女","新北市","物質享樂衝購族"
"62f98985","36-40歲","男","苗栗縣","樂動廣告品牌控"
"42e50c24","26-30歲","女","台南市","網購社媒手機迷"
"46495064","51-55歲","男","台北市","愛搜愛比網購客"
"e6bc787b","31-35歲","女","台中市","物質享樂衝購族"
"73f885f7","41-45歲","男","新北市","運動科技潮人"
"d67ace2a","26-30歲","女","台中市","健康愛家定存控"
"01cc06cb","41-45歲","女","彰化縣","物質享樂衝購族"
"c51a03ac","46-50歲","女","南投縣","樂動廣告品牌控"
"f427cd4d","46-50歲","女","新北市","愛搜愛比網購客"
"6ed26da6","61-65歲","女","花蓮縣","傳統保健理財族"
"17342195","31-35歲","女","新北市","健康愛家定存控"
"ec4b6a23","31-35歲","女","桃園市","物質享樂衝購族"
"48fe2193","31-35歲","女","彰化縣","物質享樂衝購族"
"3c53d106","41-45歲","女","新北市","物質享樂衝購族"
"58fbba14","61-65歲","女","彰化縣","健康愛家定存控"
"0a5116fe","31-35歲","女","新北市","物質享樂衝購族"
"e6796ce8","36-40歲","女","雲林縣","物質享樂衝購族"
"a7b26b89","36-40歲","女","花蓮縣","網購社媒手機迷"
"52c3b2fd","26-30歲","男","台中市","獨立愛遊理財新手"
"5658bc87","26-30歲","女","台南市","獨立愛遊理財新手"
"cce9e03a","31-35歲","女","彰化縣","物質享樂衝購族"
"15904e68","31-35歲","女","新竹縣","物質享樂衝購族"
"c155130c","41-45歲","男","新北市","運動科技潮人"
"903ed958","36-40歲","女","花蓮縣","健康愛家定存控"
"47e14f59","41-45歲","女","苗栗縣","物質享樂衝購族"
"0f32e3b4","51-55歲","女","苗栗縣","獨立愛遊理財新手"
"7a438918","41-45歲","女","苗栗縣","健康愛家定存控"
"162baae3","46-50歲","女","高雄市","樂動廣告品牌控"
"18bd351a","51-55歲","女","台北市","品味養生理財貴族"
"d7194d03","31-35歲","女","台中市","樂動廣告品牌控"
"7c0d5dc2","46-50歲","女","台北市","網購社媒手機迷"
"53b9d86d","26-30歲","女","新竹縣","傳統保健理財族"
"b67b6720","51-55歲","女","新北市","愛搜愛比網購客"
"d6887f03","36-40歲","男","新北市","運動科技潮人"
"b5f79f20","46-50歲","男","苗栗縣","運動科技潮人"
"fcf23cf0","41-45歲","女","新北市","品味養生理財貴族"
"3e35b6fb","36-40歲","男","新竹縣","運動科技潮人"
"eee7350f","36-40歲","女","新北市","運動科技潮人"
"3356abea","41-45歲","女","台南市","運動科技潮人"
"b127a8dd","31-35歲","男","台中市","健康愛家定存控"
"c6e5d952","36-40歲","女","嘉義市","獨立愛遊理財新手"
"261d2a25","31-35歲","男","台北市","運動科技潮人"
"ab114872","36-40歲","男","嘉義市","樂動廣告品牌控"
"65e72f38","26-30歲","女","新竹縣","健康愛家定存控"
"0ac5b248","41-45歲","女","台北市","品味養生理財貴族"
"2dd133c3","41-45歲","女","苗栗縣","品味養生理財貴族"
"7f14c675","36-40歲","女","新北市","網購社媒手機迷"
"94dd5499","51-55歲","女","桃園市","傳統保健理財族"
"9f78a169","41-45歲","女","苗栗縣","品味養生理財貴族"
"f27aee63","41-45歲","男","台北市","運動科技潮人"
"3b8ed79b","41-45歲","男","台南市","運動科技潮人"
"f97f9035","31-35歲","女","高雄市","網購社媒手機迷"
"9edf9595","56-60歲","女","台中市","愛搜愛比網購客"
"660f2c84","61-65歲","女","台北市","獨立愛遊理財新手"
"f8fc42f7","41-45歲","女","台北市","物質享樂衝購族"
"365dbeca","31-35歲","女","台中市","物質享樂衝購族"
"581e12dd","66以上","女","花蓮縣","品味養生理財貴族"
"8a6765f0","36-40歲","女","台北市","健康愛家定存控"
"387f25eb","46-50歲","女","台中市","品味養生理財貴族"
"ea15742b","46-50歲","女","新北市","健康愛家定存控"
"c883226e","46-50歲","女","新北市","獨立愛遊理財新手"
"61befa9c","31-35歲","男","新北市","運動科技潮人"
"518daf51","46-50歲","女","台中市","獨立愛遊理財新手"
"703d492b","41-45歲","女","台中市","樂動廣告品牌控"
"4fa80a83","36-40歲","男","新北市","運動科技潮人"
"e34de6cc","31-35歲","女","台中市","健康愛家定存控"
"9e067dbb","31-35歲","男","苗栗縣","運動科技潮人"
"dc298d92","31-35歲","男","台北市","運動科技潮人"
"cf9b97f5","26-30歲","女","新竹縣","獨立愛遊理財新手"
"2c0ddb61","46-50歲","男","桃園市","樂動廣告品牌控"
"0dca6f33","61-65歲","女","新北市","樂動廣告品牌控"
"f61d0cf4","31-35歲","女","新北市","物質享樂衝購族"
"3818f69b","36-40歲","男","桃園市","樂動廣告品牌控"
"e5414bbf","41-45歲","女","台北市","運動科技潮人"
"18c9f819","61-65歲","男","新北市","愛搜愛比網購客"
"018e2c3a","31-35歲","女","新竹市","物質享樂衝購族"
"636c30d2","56-60歲","女","台北市","獨立愛遊理財新手"
"48fcbcc3","36-40歲","女","台南市","網購社媒手機迷"
"1c9873db","41-45歲","女","台南市","品味養生理財貴族"
"08936d10","31-35歲","女","新北市","獨立愛遊理財新手"
"83104165","41-45歲","女","新竹縣","物質享樂衝購族"
"632e050d","36-40歲","女","新竹縣","健康愛家定存控"
"5201743e","31-35歲","女","新北市","運動科技潮人"
"181820dd","51-55歲","女","花蓮縣","品味養生理財貴族"
"4d29ced7","31-35歲","女","新竹縣","樂動廣告品牌控"
"3b247753","31-35歲","男","彰化縣","樂動廣告品牌控"
"a91238a7","26-30歲","女","新北市","獨立愛遊理財新手"
"8b58f464","31-35歲","女","桃園市","物質享樂衝購族"
"36ec3658","36-40歲","女","台北市","品味養生理財貴族"
"923f57bd","41-45歲","男","桃園市","運動科技潮人"
"c11c10ca","41-45歲","男","台北市","運動科技潮人"
"9484e48f","46-50歲","女","南投縣","品味養生理財貴族"
"1b96344b","46-50歲","男","苗栗縣","樂動廣告品牌控"
"bd639865","46-50歲","女","新北市","品味養生理財貴族"
"cbb51178","56-60歲","女","台東縣","物質享樂衝購族"
"d56771ce","56-60歲","男","新北市","傳統保健理財族"
"1537f223","41-45歲","女","桃園市","健康愛家定存控"
"675d9bb0","41-45歲","女","台中市","健康愛家定存控"
"83499cee","56-60歲","女","台北市","運動科技潮人"
"49ec61af","31-35歲","女","新竹縣","物質享樂衝購族"
"a81b0738","31-35歲","女","台中市","運動科技潮人"
"456e3e6e","41-45歲","男","台中市","運動科技潮人"
"74b184dc","36-40歲","女","宜蘭縣","健康愛家定存控"
"5f8ed431","56-60歲","女","台中市","健康愛家定存控"
"e626914d","56-60歲","女","新竹縣","傳統保健理財族"
"af5add09","51-55歲","女","高雄市","物質享樂衝購族"
"2eec5c38","31-35歲","男","台北市","樂動廣告品牌控"
"67f9a80f","31-35歲","男","新竹縣","運動科技潮人"
"f970cadc","51-55歲","女","新竹縣","品味養生理財貴族"
"c72c7afb","26-30歲","女","新竹縣","物質享樂衝購族"
"5d31d083","41-45歲","女","台中市","網購社媒手機迷"
"10079f96","46-50歲","男","苗栗縣","樂動廣告品牌控"
"13b5fac7","41-45歲","女","桃園市","愛搜愛比網購客"
"859112bb","41-45歲","女","新北市","樂動廣告品牌控"
"c037182e","41-45歲","女","花蓮縣","品味養生理財貴族"
"2ff714d5","51-55歲","女","高雄市","品味養生理財貴族"
"925f0c8c","26-30歲","女","高雄市","獨立愛遊理財新手"
"c3c34099","36-40歲","女","台北市","健康愛家定存控"
"cfcdc594","41-45歲","女","新竹縣","品味養生理財貴族"
"494c58a0","36-40歲","女","桃園市","健康愛家定存控"
"2c16d37c","36-40歲","女","彰化縣","網購社媒手機迷"
"85b5144b","41-45歲","女","台北市","愛搜愛比網購客"
"608ef4f7","41-45歲","女","新竹縣","網購社媒手機迷"
"cd6039e4","31-35歲","女","台北市","獨立愛遊理財新手"
"5b879242","31-35歲","女","台南市","健康愛家定存控"
"e78af60e","41-45歲","女","新北市","運動科技潮人"
"1c94125a","46-50歲","男","苗栗縣","樂動廣告品牌控"
"b0b7bc3a","41-45歲","女","台中市","樂動廣告品牌控"
"f871d48e","41-45歲","男","彰化縣","樂動廣告品牌控"
"e712089d","51-55歲","女","台北市","網購社媒手機迷"
"fbea1914","51-55歲","男","花蓮縣","愛搜愛比網購客"
"df2770b7","41-45歲","女","高雄市","品味養生理財貴族"
"33791190","31-35歲","女","新竹市","物質享樂衝購族"
"c2724768","36-40歲","女","桃園市","健康愛家定存控"
"6692c221","51-55歲","女","新北市","傳統保健理財族"
"24c0d877","46-50歲","女","新北市","品味養生理財貴族"
"04a659cc","46-50歲","男","彰化縣","樂動廣告品牌控"
"cdc42168","41-45歲","女","宜蘭縣","健康愛家定存控"
"228b5a30","41-45歲","女","花蓮縣","樂動廣告品牌控"
"914775d8","41-45歲","男","新北市","健康愛家定存控"
"e0ac72e4","56-60歲","女","雲林縣","網購社媒手機迷"
"db2a089a","51-55歲","女","彰化縣","健康愛家定存控"
"715c7534","51-55歲","女","台中市","健康愛家定存控"
"8e784f2c","26-30歲","女","新北市","網購社媒手機迷"
"2ede332e","31-35歲","女","新北市","物質享樂衝購族"
"897415b3","46-50歲","女","台北市","物質享樂衝購族"
"7d2a76c2","36-40歲","女","台北市","健康愛家定存控"
"cdfd278b","36-40歲","女","台北市","獨立愛遊理財新手"
"f7853bec","41-45歲","男","台南市","健康愛家定存控"
"d12bdd17","36-40歲","女","桃園市","物質享樂衝購族"
"a535c6c9","31-35歲","男","彰化縣","樂動廣告品牌控"
"271e4337","36-40歲","女","彰化縣","物質享樂衝購族"
"f3375c16","46-50歲","女","花蓮縣","物質享樂衝購族"
"55dbd2c9","41-45歲","女","嘉義縣","網購社媒手機迷"
"a91b5629","31-35歲","女","新竹縣","健康愛家定存控"
"e5087dbe","36-40歲","女","桃園市","獨立愛遊理財新手"
"3e524e3e","46-50歲","女","桃園市","品味養生理財貴族"
"ae336e0c","36-40歲","女","新北市","健康愛家定存控"
"405d6862","31-35歲","女","台北市","網購社媒手機迷"
"402374d7","31-35歲","男","新北市","運動科技潮人"
"513ed264","31-35歲","女","嘉義市","健康愛家定存控"
"48270d68","61-65歲","女","桃園市","樂動廣告品牌控"
"9846e265","31-35歲","女","新竹市","物質享樂衝購族"
"63cb5312","46-50歲","男","台南市","傳統保健理財族"
"ac65e3a9","41-45歲","女","嘉義市","網購社媒手機迷"
"45c26885","41-45歲","男","新北市","運動科技潮人"
"e5b57086","46-50歲","女","台南市","品味養生理財貴族"
"ce214995","31-35歲","女","台北市","健康愛家定存控"
"e451293b","36-40歲","女","台中市","健康愛家定存控"
"600ce4c1","26-30歲","女","苗栗縣","健康愛家定存控"
"e87f83aa","31-35歲","女","台北市","健康愛家定存控"
"e7432e6d","66以上","女","台北市","品味養生理財貴族"
"f20f4533","31-35歲","女","桃園市","獨立愛遊理財新手"
"fe526a78","36-40歲","女","高雄市","傳統保健理財族"
"0ff15232","26-30歲","女","南投縣","健康愛家定存控"
"65afdbb0","41-45歲","男","新竹縣","運動科技潮人"
"f34ac4cf","36-40歲","女","新竹縣","物質享樂衝購族"
"c9ffd785","56-60歲","男","新竹市","樂動廣告品牌控"
"cee9690a","31-35歲","女","台北市","運動科技潮人"
"54456fb3","26-30歲","男","苗栗縣","樂動廣告品牌控"
"39b5627d","41-45歲","男","新竹縣","愛搜愛比網購客"
"932ed00a","41-45歲","男","苗栗縣","樂動廣告品牌控"
"2b414780","61-65歲","男","台北市","健康愛家定存控"
"6b6353a8","36-40歲","女","新竹市","傳統保健理財族"
"67e05fa3","31-35歲","女","新竹縣","物質享樂衝購族"
"18e6e3ca","41-45歲","女","新竹縣","物質享樂衝購族"
"d7d43df3","36-40歲","女","台北市","物質享樂衝購族"
"3ca28cf2","46-50歲","女","新竹縣","物質享樂衝購族"
"e901ee17","41-45歲","女","南投縣","物質享樂衝購族"
"73e7b1b4","26-30歲","女","台北市","傳統保健理財族"
"c60ef50b","31-35歲","女","高雄市","品味養生理財貴族"
"5ae24c38","31-35歲","男","新竹縣","運動科技潮人"
"8c8ec68b","36-40歲","男","新北市","運動科技潮人"
"db9aefea","26-30歲","女","苗栗縣","健康愛家定存控"
"abf59451","46-50歲","男","苗栗縣","愛搜愛比網購客"
"f79dd841","46-50歲","女","新北市","運動科技潮人"
"c7f523f7","36-40歲","女","新竹縣","物質享樂衝購族"
"effa71d8","26-30歲","女","新竹縣","物質享樂衝購族"
"dce3fc5b","41-45歲","女","苗栗縣","健康愛家定存控"
"113df129","51-55歲","女","台南市","傳統保健理財族"
"053cc652","46-50歲","男","新北市","運動科技潮人"
"ab0296f4","51-55歲","男","苗栗縣","運動科技潮人"
"7cfd52ad","26-30歲","女","新竹市","物質享樂衝購族"
"779c2991","31-35歲","女","新北市","健康愛家定存控"
"eaf3cf47","31-35歲","女","高雄市","網購社媒手機迷"
"99086994","46-50歲","男","新北市","愛搜愛比網購客"
"8d45da1b","56-60歲","男","花蓮縣","獨立愛遊理財新手"
"268ceacb","61-65歲","女","新北市","獨立愛遊理財新手"
"5593f9bd","51-55歲","女","雲林縣","健康愛家定存控"
"87e27aac","31-35歲","女","桃園市","物質享樂衝購族"
"6dfc24cb","36-40歲","女","苗栗縣","品味養生理財貴族"
"a32fe383","36-40歲","女","新竹縣","品味養生理財貴族"
"ab58c662","41-45歲","女","新北市","傳統保健理財族"
"e289fa16","46-50歲","女","嘉義市","獨立愛遊理財新手"
"3d87245d","56-60歲","女","彰化縣","愛搜愛比網購客"
"5d47d112","26-30歲","女","彰化縣","獨立愛遊理財新手"
"3048d843","51-55歲","女","台北市","健康愛家定存控"
"003fff0a","41-45歲","女","台南市","愛搜愛比網購客"
"8c42de16","41-45歲","女","新北市","品味養生理財貴族"
"99f36c95","31-35歲","男","彰化縣","運動科技潮人"
"5a678e5d","26-30歲","男","新竹縣","運動科技潮人"
"200ae8b5","36-40歲","女","桃園市","物質享樂衝購族"
"fb4863fc","51-55歲","女","新竹縣","品味養生理財貴族"
"0afa8898","31-35歲","女","嘉義市","獨立愛遊理財新手"
"052156c9","31-35歲","男","新竹縣","運動科技潮人"
"49531fec","31-35歲","女","高雄市","獨立愛遊理財新手"
"ffdac8ac","41-45歲","女","台中市","物質享樂衝購族"
"14c1eaa3","36-40歲","女","新竹縣","運動科技潮人"
"492af54d","41-45歲","女","花蓮縣","品味養生理財貴族"
"cbffb776","51-55歲","男","新北市","樂動廣告品牌控"
"9deb063c","26-30歲","女","南投縣","獨立愛遊理財新手"
"cfa9902b","36-40歲","女","花蓮縣","網購社媒手機迷"
"7e7d21fd","46-50歲","女","嘉義市","傳統保健理財族"
"8aa9579d","41-45歲","男","彰化縣","物質享樂衝購族"
"1838374b","61-65歲","男","台北市","運動科技潮人"
"a1a536a0","51-55歲","女","新北市","品味養生理財貴族"
"632090eb","51-55歲","女","花蓮縣","品味養生理財貴族"
"44e2b809","31-35歲","女","苗栗縣","傳統保健理財族"
"4e7589c3","51-55歲","女","高雄市","網購社媒手機迷"
"41624322","36-40歲","女","桃園市","品味養生理財貴族"
"6aae4c08","31-35歲","女","新北市","運動科技潮人"
"7cfdc08b","41-45歲","女","彰化縣","樂動廣告品牌控"
"a5555fbc","26-30歲","女","彰化縣","健康愛家定存控"
"98820783","31-35歲","男","新竹縣","運動科技潮人"
"d26cb3ae","31-35歲","女","台北市","物質享樂衝購族"
"eecfe23e","36-40歲","女","高雄市","樂動廣告品牌控"
"ee8dcfc3","31-35歲","女","嘉義縣","樂動廣告品牌控"
"d4c06580","31-35歲","女","高雄市","獨立愛遊理財新手"
"71040bf7","51-55歲","女","台北市","傳統保健理財族"
"83a842f2","46-50歲","女","新竹縣","網購社媒手機迷"
"2315e3c4","41-45歲","男","新北市","運動科技潮人"
"898e0461","31-35歲","男","南投縣","運動科技潮人"
"7e499d26","56-60歲","女","台中市","網購社媒手機迷"
"96bcef79","41-45歲","女","台中市","網購社媒手機迷"
"d87fdee5","51-55歲","男","新竹縣","品味養生理財貴族"
"1f2ab641","26-30歲","女","桃園市","物質享樂衝購族"
"20d508ee","31-35歲","男","台北市","運動科技潮人"
"87a47084","56-60歲","女","苗栗縣","樂動廣告品牌控"
"09ac42bc","41-45歲","女","新北市","品味養生理財貴族"
"38462aa2","21-25歲","男","新竹縣","樂動廣告品牌控"
"59620848","26-30歲","男","新竹縣","運動科技潮人"
"d9c77b26","51-55歲","男","新北市","愛搜愛比網購客"
"781cdaae","31-35歲","女","台北市","網購社媒手機迷"
"06706223","36-40歲","女","苗栗縣","網購社媒手機迷"
"17c6c080","36-40歲","女","苗栗縣","網購社媒手機迷"
"c05f0462","41-45歲","男","台中市","運動科技潮人"
"6acd1d21","36-40歲","女","彰化縣","獨立愛遊理財新手"
"2cce3911","46-50歲","男","台中市","樂動廣告品牌控"
"cd82e2fe","26-30歲","女","新竹縣","健康愛家定存控"
"f112fa2b","41-45歲","女","台中市","健康愛家定存控"
"9666189b","31-35歲","女","台中市","健康愛家定存控"
"21eb930f","26-30歲","女","新竹縣","物質享樂衝購族"
"ef6b4506","51-55歲","女","台北市","品味養生理財貴族"
"4a9b1b02","41-45歲","女","新竹縣","品味養生理財貴族"
"0070a752","41-45歲","女","新北市","物質享樂衝購族"
"045c6165","31-35歲","女","新竹縣","健康愛家定存控"
"71e44d5a","31-35歲","男","台北市","運動科技潮人"
"03d83384","41-45歲","女","嘉義縣","樂動廣告品牌控"
"08c7927b","31-35歲","女","苗栗縣","樂動廣告品牌控"
"ba178281","46-50歲","女","桃園市","健康愛家定存控"
"10d22294","31-35歲","女","台中市","健康愛家定存控"
"42bac0f2","46-50歲","女","新北市","物質享樂衝購族"
"422d2390","41-45歲","男","新北市","運動科技潮人"
"6d866922","36-40歲","女","苗栗縣","傳統保健理財族"
"250ff257","31-35歲","男","新竹縣","運動科技潮人"
"38595bf3","36-40歲","男","桃園市","樂動廣告品牌控"
"3e7d30b4","36-40歲","女","台中市","網購社媒手機迷"
"2c73a10b","31-35歲","女","新竹縣","物質享樂衝購族"
"d87ef335","36-40歲","女","彰化縣","物質享樂衝購族"
"85ed7b41","41-45歲","女","新北市","網購社媒手機迷"
"8b67494e","31-35歲","女","台北市","物質享樂衝購族"
"ef529d75","26-30歲","女","南投縣","獨立愛遊理財新手"
"b4b53845","31-35歲","男","台中市","樂動廣告品牌控"
"697ead60","41-45歲","女","台南市","品味養生理財貴族"
"f4c738d2","56-60歲","女","桃園市","傳統保健理財族"
"1451ad96","36-40歲","女","彰化縣","物質享樂衝購族"
"617b688e","41-45歲","女","台中市","傳統保健理財族"
"73761dc9","41-45歲","女","苗栗縣","物質享樂衝購族"
"d6d1d3de","56-60歲","男","新竹縣","樂動廣告品牌控"
"9c9b847f","36-40歲","女","台中市","獨立愛遊理財新手"
"190e5396","31-35歲","女","台中市","健康愛家定存控"
"cf9cbfa4","46-50歲","男","台中市","樂動廣告品牌控"
"3c86fcb0","36-40歲","女","南投縣","傳統保健理財族"
"11b553fd","26-30歲","女","高雄市","健康愛家定存控"
"848aa88a","56-60歲","女","台北市","品味養生理財貴族"
"6f7b2ac0","41-45歲","女","嘉義縣","樂動廣告品牌控"
"09fcc578","41-45歲","女","台北市","傳統保健理財族"
"c5205366","46-50歲","女","新北市","健康愛家定存控"
"7493e269","31-35歲","女","高雄市","健康愛家定存控"
"8e31ea17","31-35歲","女","台南市","樂動廣告品牌控"
"33113646","51-55歲","女","嘉義市","品味養生理財貴族"
"bd61fa01","36-40歲","女","新北市","運動科技潮人"
"d5201b9b","31-35歲","女","花蓮縣","獨立愛遊理財新手"
"45e514df","31-35歲","女","彰化縣","獨立愛遊理財新手"
"1e32d258","31-35歲","男","新竹縣","運動科技潮人"
"aa57bcba","56-60歲","女","新北市","物質享樂衝購族"
"9591897b","56-60歲","女","嘉義市","物質享樂衝購族"
"0963b54b","61-65歲","女","新北市","品味養生理財貴族"
"19d550f3","51-55歲","女","新北市","健康愛家定存控"
"f19c9953","31-35歲","女","新竹縣","獨立愛遊理財新手"
"f7b90ea9","31-35歲","女","新竹縣","物質享樂衝購族"
"e0feb71f","36-40歲","女","台北市","傳統保健理財族"
"c5553974","61-65歲","女","台北市","品味養生理財貴族"
"f31f4aa8","41-45歲","女","新北市","品味養生理財貴族"
"ab5face3","41-45歲","女","新北市","獨立愛遊理財新手"
"44ff0c74","41-45歲","男","花蓮縣","運動科技潮人"
"f17c7d71","31-35歲","女","彰化縣","物質享樂衝購族"
"0d4e6047","46-50歲","女","新北市","健康愛家定存控"
"5f96279a","31-35歲","女","台北市","運動科技潮人"
"2dbbfd06","46-50歲","男","新北市","運動科技潮人"
"ac14fcf9","66以上","女","新竹縣","健康愛家定存控"
"356514e0","51-55歲","女","新北市","健康愛家定存控"
"f33c5bf2","41-45歲","女","台北市","獨立愛遊理財新手"
"0b517829","46-50歲","女","高雄市","健康愛家定存控"
"ac1f4d67","51-55歲","男","台中市","愛搜愛比網購客"
"bbea6a4d","46-50歲","女","彰化縣","品味養生理財貴族"
"72d10b52","36-40歲","女","台中市","健康愛家定存控"
"db38e450","36-40歲","女","桃園市","健康愛家定存控"
"92e6b7db","41-45歲","男","新竹縣","愛搜愛比網購客"
"d8f3e311","31-35歲","女","台北市","健康愛家定存控"
"98963815","51-55歲","女","桃園市","健康愛家定存控"
"066981b8","36-40歲","女","嘉義縣","樂動廣告品牌控"
"b60efa92","31-35歲","女","新北市","獨立愛遊理財新手"
"d3dbfd5c","31-35歲","女","台北市","網購社媒手機迷"
"529ffd17","46-50歲","女","台北市","獨立愛遊理財新手"
"8dc931d0","36-40歲","男","高雄市","樂動廣告品牌控"
"cc84915c","56-60歲","女","台北市","獨立愛遊理財新手"
"7241b25d","36-40歲","女","宜蘭縣","獨立愛遊理財新手"
"124375d2","56-60歲","女","新竹市","健康愛家定存控"
"26918471","46-50歲","女","台南市","傳統保健理財族"
"cf60b08b","41-45歲","女","苗栗縣","物質享樂衝購族"
"f7a756c5","51-55歲","女","新北市","健康愛家定存控"
"c7a457cd","26-30歲","女","新北市","網購社媒手機迷"
"e6d149f6","41-45歲","女","台北市","愛搜愛比網購客"
"c0a75eb8","31-35歲","女","新竹縣","樂動廣告品牌控"
"33d3acb2","46-50歲","女","彰化縣","物質享樂衝購族"
"d86bb772","31-35歲","女","台中市","健康愛家定存控"
"d68c66f0","61-65歲","男","台北市","運動科技潮人"
"1dd35156","41-45歲","女","桃園市","網購社媒手機迷"
"f4a117c4","51-55歲","女","苗栗縣","傳統保健理財族"
"bd1b6446","41-45歲","女","新北市","物質享樂衝購族"
"e6c5f2b8","41-45歲","男","新竹縣","樂動廣告品牌控"
"33a64c83","41-45歲","男","台北市","運動科技潮人"
"17b3a195","56-60歲","男","台北市","運動科技潮人"
"9476ae0a","41-45歲","女","新竹市","傳統保健理財族"
"b61d0a38","51-55歲","男","台南市","愛搜愛比網購客"
"9115fab0","26-30歲","女","新竹縣","物質享樂衝購族"
"a2ceb957","26-30歲","女","台中市","物質享樂衝購族"
"be1b677b","51-55歲","男","台中市","愛搜愛比網購客"
"e80d2225","31-35歲","女","新竹縣","樂動廣告品牌控"
"9af9811d","46-50歲","女","新北市","品味養生理財貴族"
"225306d8","41-45歲","女","新竹縣","物質享樂衝購族"
"bb54df1f","36-40歲","女","彰化縣","網購社媒手機迷"
"5ebae24c","61-65歲","男","台南市","愛搜愛比網購客"
"6e51f030","31-35歲","男","南投縣","運動科技潮人"
"5e1cbcf1","36-40歲","女","台北市","獨立愛遊理財新手"
"2c94e534","56-60歲","女","新竹縣","網購社媒手機迷"
"47bd405e","36-40歲","女","苗栗縣","健康愛家定存控"
"0becdd7b","36-40歲","男","新竹縣","樂動廣告品牌控"
"d187bfb3","41-45歲","女","新竹縣","網購社媒手機迷"
"06a36435","36-40歲","女","苗栗縣","物質享樂衝購族"
"b4288866","46-50歲","女","彰化縣","樂動廣告品牌控"
"71045ecd","31-35歲","女","台中市","健康愛家定存控"
"e01f8ac5","46-50歲","女","台北市","品味養生理財貴族"
"00dfcc03","56-60歲","女","新竹市","傳統保健理財族"
"0d97bc92","46-50歲","男","苗栗縣","愛搜愛比網購客"
"98d55c87","36-40歲","女","新竹市","健康愛家定存控"
"81b9927b","36-40歲","女","新北市","樂動廣告品牌控"
"17a54977","46-50歲","女","苗栗縣","物質享樂衝購族"
"40a09c61","31-35歲","女","新竹縣","樂動廣告品牌控"
"3b4cf576","56-60歲","女","花蓮縣","傳統保健理財族"
"2107c405","31-35歲","女","新北市","物質享樂衝購族"
"a379e8c5","36-40歲","男","新竹縣","樂動廣告品牌控"
"8adc940c","41-45歲","女","高雄市","網購社媒手機迷"
"168621df","41-45歲","女","新竹縣","物質享樂衝購族"
"5628b1f4","26-30歲","女","苗栗縣","健康愛家定存控"
"1b198c8a","31-35歲","女","台中市","運動科技潮人"
"dda4c8b7","41-45歲","女","苗栗縣","樂動廣告品牌控"
"2fdc0ed6","41-45歲","女","新竹市","網購社媒手機迷"
"8ffba8cb","36-40歲","女","彰化縣","獨立愛遊理財新手"
"db5917df","31-35歲","男","新竹縣","運動科技潮人"
"ee611bfa","46-50歲","男","桃園市","傳統保健理財族"
"cf18a2b0","56-60歲","女","彰化縣","樂動廣告品牌控"
"f558a364","41-45歲","男","新北市","愛搜愛比網購客"
"104bb87f","46-50歲","女","台北市","品味養生理財貴族"
"75c29481","36-40歲","女","台南市","健康愛家定存控"
"92a00d02","31-35歲","男","台北市","運動科技潮人"
"53ee1259","36-40歲","男","新北市","運動科技潮人"
"d14c8e3a","31-35歲","女","新竹縣","網購社媒手機迷"
"bd40262d","51-55歲","男","台中市","樂動廣告品牌控"
"f2ef86af","41-45歲","女","台南市","品味養生理財貴族"
"9a9cd7d7","31-35歲","女","彰化縣","物質享樂衝購族"
"cbb85685","41-45歲","女","宜蘭縣","網購社媒手機迷"
"f8eef584","36-40歲","女","台中市","網購社媒手機迷"
"8b7655c4","51-55歲","男","台中市","運動科技潮人"
"ebce45aa","41-45歲","男","彰化縣","樂動廣告品牌控"
"36a6cc95","41-45歲","女","桃園市","健康愛家定存控"
"bc345049","46-50歲","女","雲林縣","網購社媒手機迷"
"0011cf04","51-55歲","女","新北市","品味養生理財貴族"
"ee0a4ebd","36-40歲","女","台北市","獨立愛遊理財新手"
"4c2ca0e0","36-40歲","女","新竹縣","健康愛家定存控"
"3578ce0e","51-55歲","男","新北市","愛搜愛比網購客"
"11bc46c4","66以上","女","新北市","樂動廣告品牌控"
"d3d45448","31-35歲","男","台北市","運動科技潮人"
"37e30c98","36-40歲","男","台北市","運動科技潮人"
"05f801fe","46-50歲","女","台中市","物質享樂衝購族"
"e14b284a","41-45歲","女","花蓮縣","品味養生理財貴族"
"d434c29f","36-40歲","女","苗栗縣","傳統保健理財族"
"2a9d5bb4","46-50歲","男","新北市","樂動廣告品牌控"
"b0ea53fe","56-60歲","女","新北市","樂動廣告品牌控"
"2c380e5a","61-65歲","女","彰化縣","傳統保健理財族"
"e4cdcbb5","41-45歲","女","苗栗縣","健康愛家定存控"
"9332bbae","31-35歲","女","苗栗縣","網購社媒手機迷"
"32a3993f","51-55歲","女","台北市","獨立愛遊理財新手"
"e5d6cdcc","46-50歲","女","苗栗縣","健康愛家定存控"
"e0845f40","26-30歲","女","花蓮縣","健康愛家定存控"
"d5c0b1ff","26-30歲","女","桃園市","獨立愛遊理財新手"
"eb86ba25","31-35歲","男","苗栗縣","獨立愛遊理財新手"
"ab523696","31-35歲","女","台中市","物質享樂衝購族"
"24aafd6a","56-60歲","男","新竹縣","運動科技潮人"
"f97d7346","51-55歲","男","台南市","運動科技潮人"
"96c7a7be","26-30歲","男","新竹縣","運動科技潮人"
"069bb3d6","36-40歲","女","嘉義市","健康愛家定存控"
"e0581f66","26-30歲","男","新竹縣","運動科技潮人"
"d25aabee","51-55歲","女","台北市","愛搜愛比網購客"
"285ffc25","51-55歲","女","新竹縣","品味養生理財貴族"
"5959f586","46-50歲","男","台南市","樂動廣告品牌控"
"e9a78c37","56-60歲","女","新北市","網購社媒手機迷"
"abe4c76f","46-50歲","女","苗栗縣","健康愛家定存控"
"14850e04","51-55歲","女","台北市","品味養生理財貴族"
"a809e960","46-50歲","女","新北市","愛搜愛比網購客"
"307a1e5e","26-30歲","男","彰化縣","樂動廣告品牌控"
"87b9bfc1","31-35歲","女","新北市","獨立愛遊理財新手"
"2dbb1387","41-45歲","男","苗栗縣","樂動廣告品牌控"
"530b2b87","46-50歲","女","台北市","品味養生理財貴族"
"bff13936","51-55歲","女","台中市","品味養生理財貴族"
"521a6c5a","31-35歲","女","高雄市","物質享樂衝購族"
"2584e918","36-40歲","女","台北市","運動科技潮人"
"d059591e","36-40歲","女","新北市","健康愛家定存控"
"89455cfd","46-50歲","男","台中市","運動科技潮人"
"0e50e422","31-35歲","女","高雄市","樂動廣告品牌控"
"0277fa1e","46-50歲","女","桃園市","樂動廣告品牌控"
"2a76203b","36-40歲","男","新竹縣","運動科技潮人"
"fbebbe50","41-45歲","男","苗栗縣","樂動廣告品牌控"
"d7edcdd9","36-40歲","女","苗栗縣","物質享樂衝購族"
"2493f125","51-55歲","女","台中市","健康愛家定存控"
"6ff4c6aa","31-35歲","女","新竹縣","物質享樂衝購族"
"2521601a","26-30歲","男","苗栗縣","物質享樂衝購族"
"c7011a24","46-50歲","男","台南市","樂動廣告品牌控"
"c553d49d","51-55歲","女","花蓮縣","品味養生理財貴族"
"3ee1f9fe","41-45歲","男","新北市","運動科技潮人"
"e1af3e60","36-40歲","女","新竹縣","樂動廣告品牌控"
"b30a2860","26-30歲","女","台中市","物質享樂衝購族"
"88f873e4","26-30歲","男","新北市","獨立愛遊理財新手"
"40763f24","36-40歲","女","新竹縣","傳統保健理財族"
"b9fa8a51","51-55歲","女","新竹縣","健康愛家定存控"
"e85f628f","56-60歲","男","新北市","愛搜愛比網購客"
"728146cd","26-30歲","男","花蓮縣","健康愛家定存控"
"6f5c75ca","41-45歲","男","彰化縣","愛搜愛比網購客"
"d5942cc2","31-35歲","女","台中市","獨立愛遊理財新手"
"12c9fee5","46-50歲","女","台北市","品味養生理財貴族"
"501b10f2","31-35歲","女","台北市","物質享樂衝購族"
"5c59fe4a","36-40歲","男","新竹縣","運動科技潮人"
"dc7473cc","26-30歲","女","新竹市","物質享樂衝購族"
"5d897a0d","46-50歲","女","桃園市","樂動廣告品牌控"
"c147f5da","41-45歲","男","新竹縣","樂動廣告品牌控"
"52f5b0b3","26-30歲","女","新竹縣","健康愛家定存控"
"30a8b487","41-45歲","女","苗栗縣","樂動廣告品牌控"
"3c8f8d91","36-40歲","女","宜蘭縣","品味養生理財貴族"
"242b4fc4","26-30歲","女","新竹縣","健康愛家定存控"
"07a5d89b","26-30歲","女","苗栗縣","物質享樂衝購族"
"8f5a61ce","46-50歲","男","苗栗縣","愛搜愛比網購客"
"8810aede","26-30歲","女","台中市","健康愛家定存控"
"4444adf2","51-55歲","女","台北市","健康愛家定存控"
"d34466af","46-50歲","女","彰化縣","品味養生理財貴族"
"a8493cf9","36-40歲","女","新北市","運動科技潮人"
"26091c34","36-40歲","女","花蓮縣","獨立愛遊理財新手"
"937353d7","41-45歲","女","新竹縣","獨立愛遊理財新手"
"a0df3022","56-60歲","女","新竹縣","健康愛家定存控"
"51de471a","41-45歲","男","苗栗縣","愛搜愛比網購客"
"86225a4b","36-40歲","女","台北市","傳統保健理財族"
"04e46a49","36-40歲","女","桃園市","獨立愛遊理財新手"
"f126dbbc","31-35歲","女","高雄市","物質享樂衝購族"
"9e119a26","26-30歲","女","彰化縣","健康愛家定存控"
"29411e30","31-35歲","女","新北市","物質享樂衝購族"
"1464aacb","26-30歲","女","花蓮縣","健康愛家定存控"
"c4c6b374","46-50歲","男","台中市","樂動廣告品牌控"
"9faa31e0","41-45歲","女","花蓮縣","樂動廣告品牌控"
"ae758686","41-45歲","女","花蓮縣","品味養生理財貴族"
"1054dadd","36-40歲","女","桃園市","健康愛家定存控"
"e5740b69","31-35歲","女","新竹縣","網購社媒手機迷"
"37311e8f","41-45歲","女","台中市","獨立愛遊理財新手"
"5f909818","36-40歲","女","台中市","獨立愛遊理財新手"
"fa385c09","36-40歲","女","嘉義市","物質享樂衝購族"
"6bf29e10","41-45歲","女","高雄市","網購社媒手機迷"
"3a90be51","31-35歲","女","桃園市","樂動廣告品牌控"
"221f3775","41-45歲","女","新北市","網購社媒手機迷"
"35155869","36-40歲","女","新北市","健康愛家定存控"
"462b7492","31-35歲","女","新北市","網購社媒手機迷"
"3af222df","36-40歲","男","台北市","運動科技潮人"
"b488950a","46-50歲","男","台中市","愛搜愛比網購客"
"6278145e","36-40歲","女","台中市","物質享樂衝購族"
"7ed9478a","41-45歲","女","新竹縣","品味養生理財貴族"
"99020db1","36-40歲","女","苗栗縣","物質享樂衝購族"
"5e0d3816","41-45歲","女","新北市","網購社媒手機迷"
"9ad304a5","36-40歲","男","台北市","運動科技潮人"
"76ad83dd","31-35歲","女","台中市","物質享樂衝購族"
"6e35264d","41-45歲","女","苗栗縣","品味養生理財貴族"
"ac34a5ea","36-40歲","女","彰化縣","傳統保健理財族"
"f03bf811","41-45歲","女","台北市","健康愛家定存控"
"5fe9e774","36-40歲","女","台南市","物質享樂衝購族"
"e346399b","36-40歲","男","新竹市","運動科技潮人"
"15f70287","21-25歲","女","新北市","物質享樂衝購族"
"0dc657b0","46-50歲","女","台北市","品味養生理財貴族"
"27088d00","36-40歲","男","新竹縣","運動科技潮人"
"2807e5da","51-55歲","女","桃園市","品味養生理財貴族"
"e9a8024b","41-45歲","女","台中市","傳統保健理財族"
"1687168d","36-40歲","女","新竹縣","樂動廣告品牌控"
"7d07372b","56-60歲","男","台北市","運動科技潮人"
"ca7be7c6","61-65歲","女","台中市","品味養生理財貴族"
"e4f2660f","51-55歲","男","台中市","樂動廣告品牌控"
"8e137e18","36-40歲","男","台北市","品味養生理財貴族"
"2cfba0eb","41-45歲","女","新北市","網購社媒手機迷"
"6e218d2c","26-30歲","女","新竹縣","健康愛家定存控"
"7e06e33a","26-30歲","女","台北市","健康愛家定存控"
"1ab58515","41-45歲","女","高雄市","樂動廣告品牌控"
"f00a66c1","51-55歲","男","台南市","樂動廣告品牌控"
"27b93fbb","46-50歲","女","新竹縣","物質享樂衝購族"
"e9cc8e4e","31-35歲","女","花蓮縣","樂動廣告品牌控"
"36f65b0a","41-45歲","女","台中市","傳統保健理財族"
"c3e197be","41-45歲","女","新竹縣","品味養生理財貴族"
"54fdbe7f","26-30歲","女","新竹縣","健康愛家定存控"
"31a8af02","36-40歲","女","新竹縣","樂動廣告品牌控"
"0f5bb892","46-50歲","女","新北市","運動科技潮人"
"a3472877","41-45歲","女","新北市","品味養生理財貴族"
"b9290b94","36-40歲","女","新竹縣","物質享樂衝購族"
"cf8582d9","26-30歲","女","新竹市","健康愛家定存控"
"c1b15684","36-40歲","女","彰化縣","物質享樂衝購族"
"ec73f246","31-35歲","女","彰化縣","物質享樂衝購族"
"cc911f6f","46-50歲","男","新竹縣","樂動廣告品牌控"
"0f43cd2c","26-30歲","女","桃園市","物質享樂衝購族"
"2aba224b","31-35歲","女","台中市","物質享樂衝購族"
"83ea947e","36-40歲","女","宜蘭縣","物質享樂衝購族"
"086806a4","56-60歲","女","花蓮縣","愛搜愛比網購客"
"ef9e9046","46-50歲","男","新北市","樂動廣告品牌控"
"70c891ee","41-45歲","女","台中市","獨立愛遊理財新手"
"fdf0efd3","36-40歲","女","彰化縣","物質享樂衝購族"
"94b2845d","31-35歲","女","嘉義縣","健康愛家定存控"
"fa389f9c","41-45歲","女","新竹縣","網購社媒手機迷"
"31c0aca8","41-45歲","女","新北市","品味養生理財貴族"
"010c0763","46-50歲","女","新竹縣","物質享樂衝購族"
"ac3ff9c2","51-55歲","男","台中市","愛搜愛比網購客"
"9a2d6e92","46-50歲","女","新北市","物質享樂衝購族"
"316e9363","26-30歲","女","花蓮縣","傳統保健理財族"
"f50f045b","56-60歲","女","新竹縣","品味養生理財貴族"
"4068c2a4","26-30歲","女","彰化縣","物質享樂衝購族"
"4d0a1211","36-40歲","女","新竹縣","物質享樂衝購族"
"dfb4ce26","36-40歲","女","新北市","運動科技潮人"
"d6954df5","51-55歲","女","新北市","品味養生理財貴族"
"3455ec7e","31-35歲","女","台北市","獨立愛遊理財新手"
"a5b8a1a9","26-30歲","男","新竹市","運動科技潮人"
"53635de9","51-55歲","女","新竹縣","品味養生理財貴族"
"470d6a6c","31-35歲","女","新北市","網購社媒手機迷"
"6760ccd7","41-45歲","女","台南市","傳統保健理財族"
"946a81d8","61-65歲","男","台中市","樂動廣告品牌控"
"88b1cdfd","41-45歲","女","花蓮縣","品味養生理財貴族"
"eb8d0a3d","36-40歲","女","新北市","傳統保健理財族"
"1b42d053","31-35歲","女","新竹縣","獨立愛遊理財新手"
"d27cc102","36-40歲","女","台南市","品味養生理財貴族"
"5287331e","46-50歲","女","新北市","獨立愛遊理財新手"
"8e79766a","26-30歲","女","新北市","健康愛家定存控"
"c82a2919","31-35歲","女","桃園市","獨立愛遊理財新手"
"3404250f","41-45歲","女","嘉義市","健康愛家定存控"
"209f343d","26-30歲","女","新竹縣","樂動廣告品牌控"
"fffc703c","26-30歲","女","花蓮縣","獨立愛遊理財新手"
"7653c28f","51-55歲","女","新北市","獨立愛遊理財新手"
"3450921d","41-45歲","女","雲林縣","傳統保健理財族"
"897c01e0","31-35歲","女","新北市","物質享樂衝購族"
"33d0bca8","36-40歲","女","宜蘭縣","網購社媒手機迷"
"e551554a","36-40歲","女","新北市","網購社媒手機迷"
"3fd0bc31","51-55歲","女","苗栗縣","網購社媒手機迷"
"90555309","61-65歲","女","台中市","品味養生理財貴族"
"617bf627","36-40歲","女","苗栗縣","物質享樂衝購族"
"2e559124","41-45歲","男","新竹縣","獨立愛遊理財新手"
"8c7dcdd3","41-45歲","女","台中市","運動科技潮人"
"626d1fd9","46-50歲","女","雲林縣","傳統保健理財族"
"a584c043","51-55歲","女","花蓮縣","樂動廣告品牌控"
"1a009ebf","41-45歲","女","台中市","物質享樂衝購族"
"2df92535","41-45歲","女","新竹縣","樂動廣告品牌控"
"a14b2cf8","36-40歲","女","苗栗縣","物質享樂衝購族"
"a42c5ed6","31-35歲","男","新竹市","運動科技潮人"
"41a50eb1","41-45歲","女","高雄市","健康愛家定存控"
"afa13483","26-30歲","女","新北市","獨立愛遊理財新手"
"c57cc1ef","36-40歲","女","台北市","品味養生理財貴族"
"786eecbd","46-50歲","女","桃園市","網購社媒手機迷"
"b8081c4a","46-50歲","女","彰化縣","傳統保健理財族"
"c3871d01","41-45歲","女","新竹縣","網購社媒手機迷"
"44f8260a","56-60歲","女","新竹縣","樂動廣告品牌控"
"c987a96d","41-45歲","女","新竹縣","傳統保健理財族"
"631fe6fa","56-60歲","女","新北市","傳統保健理財族"
"79e7e41f","46-50歲","女","新北市","獨立愛遊理財新手"
"a7629dfe","61-65歲","女","新北市","品味養生理財貴族"
"7817efa3","31-35歲","女","台北市","網購社媒手機迷"
"cd65d243","41-45歲","男","新竹市","運動科技潮人"
"50ca08e6","56-60歲","男","新竹縣","運動科技潮人"
"62e55b38","31-35歲","男","宜蘭縣","獨立愛遊理財新手"
"f9e13769","56-60歲","女","新竹市","健康愛家定存控"
"ec6acb88","26-30歲","女","台中市","健康愛家定存控"
"0b241a5c","51-55歲","男","台中市","樂動廣告品牌控"
"de84fe7f","51-55歲","男","新北市","樂動廣告品牌控"
"4228a38c","31-35歲","女","高雄市","網購社媒手機迷"
"f7591489","51-55歲","女","花蓮縣","健康愛家定存控"
"224c657e","31-35歲","女","台北市","網購社媒手機迷"
"adf0c24d","46-50歲","女","彰化縣","傳統保健理財族"
"0d42abe1","36-40歲","女","新竹縣","物質享樂衝購族"
"0aa31d7a","41-45歲","女","南投縣","健康愛家定存控"
"29b017aa","51-55歲","女","南投縣","樂動廣告品牌控"
"191d7c9d","51-55歲","女","花蓮縣","樂動廣告品牌控"
"7f7cb0d9","26-30歲","女","新北市","傳統保健理財族"
"a861c083","36-40歲","女","桃園市","品味養生理財貴族"
"e892a500","36-40歲","女","台中市","物質享樂衝購族"
"9723485e","41-45歲","女","台中市","樂動廣告品牌控"
"d53bf4c5","31-35歲","女","苗栗縣","網購社媒手機迷"
"f502a94b","41-45歲","女","高雄市","品味養生理財貴族"
"3e6fb140","41-45歲","女","苗栗縣","健康愛家定存控"
"fbf80bab","36-40歲","女","苗栗縣","健康愛家定存控"
"cda9fbf5","36-40歲","男","屏東縣","運動科技潮人"
"465e4f9b","41-45歲","女","台北市","物質享樂衝購族"
"13bdfc9f","41-45歲","女","桃園市","品味養生理財貴族"
"2347afab","31-35歲","男","新竹縣","運動科技潮人"
"c8a3bc7a","26-30歲","女","新竹市","物質享樂衝購族"
"6dbfc2e7","21-25歲","女","彰化縣","獨立愛遊理財新手"
"8affbdd5","36-40歲","女","台南市","品味養生理財貴族"
"f7ae1a67","41-45歲","女","高雄市","樂動廣告品牌控"
"d97c08da","36-40歲","女","新竹縣","網購社媒手機迷"
"ce73162b","31-35歲","男","新北市","運動科技潮人"
"071f92cc","36-40歲","女","苗栗縣","獨立愛遊理財新手"
"e3e94067","56-60歲","女","苗栗縣","健康愛家定存控"
"4510ad6d","41-45歲","女","台北市","品味養生理財貴族"
"5ab96275","36-40歲","女","彰化縣","健康愛家定存控"
"1460fd27","21-25歲","女","新竹縣","健康愛家定存控"
"c2459df9","31-35歲","男","高雄市","運動科技潮人"
"b76ba709","46-50歲","男","苗栗縣","健康愛家定存控"
"a789a18e","31-35歲","女","台中市","運動科技潮人"
"6a7fa3a0","26-30歲","男","台中市","樂動廣告品牌控"
"fdacd8be","26-30歲","女","彰化縣","物質享樂衝購族"
"1f525ada","41-45歲","女","高雄市","樂動廣告品牌控"
"e7499816","21-25歲","女","台北市","運動科技潮人"
"ea11fa4b","31-35歲","男","桃園市","健康愛家定存控"
"a19afd4f","41-45歲","女","台中市","品味養生理財貴族"
"a756e197","36-40歲","女","苗栗縣","獨立愛遊理財新手"
"469fcd92","41-45歲","女","新北市","品味養生理財貴族"
"043a41af","36-40歲","女","台北市","傳統保健理財族"
"9306c907","41-45歲","男","新北市","運動科技潮人"
"86474a6a","41-45歲","女","高雄市","獨立愛遊理財新手"
"4e75c628","26-30歲","女","台北市","物質享樂衝購族"
"efa99ee7","61-65歲","女","台北市","健康愛家定存控"
"e182e6ca","31-35歲","女","新北市","獨立愛遊理財新手"
"6fa96c05","51-55歲","女","新竹縣","傳統保健理財族"
"424a9fc9","46-50歲","女","新竹市","獨立愛遊理財新手"
"e66e8455","31-35歲","女","新北市","運動科技潮人"
"7f68109d","36-40歲","女","台中市","物質享樂衝購族"
"d0230ed3","56-60歲","女","台中市","健康愛家定存控"
"8749f2b3","36-40歲","男","新竹縣","運動科技潮人"
"89c95ecc","51-55歲","男","桃園市","愛搜愛比網購客"
"43e8ccdb","31-35歲","女","台南市","物質享樂衝購族"
"11fc8fbe","36-40歲","女","南投縣","健康愛家定存控"
"23aa1379","46-50歲","男","新竹縣","愛搜愛比網購客"
"546baa9b","41-45歲","男","新北市","運動科技潮人"
"b22da184","36-40歲","女","宜蘭縣","物質享樂衝購族"
"6616b0b0","51-55歲","男","台南市","愛搜愛比網購客"
"75b2f854","41-45歲","女","台中市","網購社媒手機迷"
"ee252167","41-45歲","女","新竹縣","樂動廣告品牌控"
"12d5fd4d","26-30歲","女","台中市","健康愛家定存控"
"09b35cac","31-35歲","女","台北市","物質享樂衝購族"
"a209a32d","36-40歲","男","新竹縣","運動科技潮人"
"ec9b01e0","31-35歲","女","高雄市","獨立愛遊理財新手"
"63863312","21-25歲","女","新竹市","健康愛家定存控"
"e6d4650e","56-60歲","男","新北市","傳統保健理財族"
"842adb27","26-30歲","女","桃園市","物質享樂衝購族"
"e1490dc3","51-55歲","女","台北市","網購社媒手機迷"
"90426613","31-35歲","女","新北市","健康愛家定存控"
"9c80f8d1","51-55歲","男","新北市","愛搜愛比網購客"
"45f10c4f","21-25歲","女","新竹縣","獨立愛遊理財新手"
"efa93433","61-65歲","女","高雄市","樂動廣告品牌控"
"6ba257ac","31-35歲","女","台中市","獨立愛遊理財新手"
"05f2a24e","46-50歲","女","台中市","物質享樂衝購族"
"9d38f753","41-45歲","女","花蓮縣","樂動廣告品牌控"
"dc5cba46","41-45歲","男","彰化縣","樂動廣告品牌控"
"060a8e9a","46-50歲","女","新北市","品味養生理財貴族"
"932befd4","36-40歲","女","苗栗縣","物質享樂衝購族"
"2daf02ea","41-45歲","女","花蓮縣","傳統保健理財族"
"59d830a0","36-40歲","女","新竹縣","傳統保健理財族"
"133ed35a","46-50歲","女","宜蘭縣","品味養生理財貴族"
"c07dd649","41-45歲","女","新竹縣","樂動廣告品牌控"
"294b7233","51-55歲","女","新竹縣","品味養生理財貴族"
"3e781e27","41-45歲","女","苗栗縣","樂動廣告品牌控"
"44d1d9bf","26-30歲","女","台中市","獨立愛遊理財新手"
"0765e946","56-60歲","女","台北市","網購社媒手機迷"
"53bc0b85","61-65歲","女","新竹市","傳統保健理財族"
"6e9ed5e3","36-40歲","女","雲林縣","物質享樂衝購族"
"87a83840","51-55歲","女","台中市","物質享樂衝購族"
"c422089f","51-55歲","女","新竹市","品味養生理財貴族"
"b8e3b73f","31-35歲","男","新竹市","獨立愛遊理財新手"
"d88d2d9b","36-40歲","女","新北市","網購社媒手機迷"
"8dafb70b","41-45歲","女","新北市","愛搜愛比網購客"
"16ab3909","31-35歲","女","彰化縣","獨立愛遊理財新手"
"26ca39cb","36-40歲","男","新北市","樂動廣告品牌控"
"70e446ab","41-45歲","女","新竹縣","品味養生理財貴族"
"c550f1dc","41-45歲","男","台中市","運動科技潮人"
"08749018","51-55歲","女","苗栗縣","品味養生理財貴族"
"7ba70298","36-40歲","女","新竹縣","運動科技潮人"
"978070c9","41-45歲","女","台北市","運動科技潮人"
"4502ac28","31-35歲","女","苗栗縣","網購社媒手機迷"
"4cab2e30","41-45歲","女","台中市","物質享樂衝購族"
"148153ad","36-40歲","男","新北市","運動科技潮人"
"a0982528","41-45歲","女","台中市","傳統保健理財族"
"2a70de12","46-50歲","女","台南市","品味養生理財貴族"
"febd2d8f","36-40歲","女","屏東縣","品味養生理財貴族"
"ce38ef88","46-50歲","女","台東縣","品味養生理財貴族"
"bc1a7ca9","26-30歲","男","新竹縣","運動科技潮人"
"bc385ad2","36-40歲","女","台北市","物質享樂衝購族"
"57a269ae","26-30歲","女","桃園市","物質享樂衝購族"
"dcc81f28","36-40歲","女","新北市","獨立愛遊理財新手"
"c08faa08","31-35歲","男","新竹縣","運動科技潮人"
"fecc8abc","41-45歲","女","新北市","品味養生理財貴族"
"02958087","26-30歲","女","台南市","健康愛家定存控"
"7e3e1724","36-40歲","男","屏東縣","樂動廣告品牌控"
"be4660ae","41-45歲","女","台中市","健康愛家定存控"
"96b2f1ed","31-35歲","女","新北市","健康愛家定存控"
"5d7c447f","51-55歲","女","台北市","獨立愛遊理財新手"
"cbcbad17","36-40歲","女","高雄市","健康愛家定存控"
"04188b82","41-45歲","女","桃園市","網購社媒手機迷"
"1306441e","46-50歲","女","桃園市","品味養生理財貴族"
"2c01900d","31-35歲","男","苗栗縣","運動科技潮人"
"c20c4688","41-45歲","女","高雄市","網購社媒手機迷"
"6f05f48f","36-40歲","女","高雄市","物質享樂衝購族"
"19fe992f","46-50歲","女","彰化縣","愛搜愛比網購客"
"cdb9cec6","36-40歲","女","新北市","網購社媒手機迷"
"f6365fc2","26-30歲","女","新北市","獨立愛遊理財新手"
"920c529a","31-35歲","女","新竹市","健康愛家定存控"
"ff3ead40","31-35歲","女","花蓮縣","健康愛家定存控"
"bc07471a","56-60歲","女","台中市","健康愛家定存控"
"e315dd07","21-25歲","女","新竹縣","物質享樂衝購族"
"826e8682","56-60歲","女","苗栗縣","樂動廣告品牌控"
"92bfb83d","41-45歲","女","台中市","樂動廣告品牌控"
"1666e87e","56-60歲","女","台中市","健康愛家定存控"
"cc27187f","31-35歲","女","新竹縣","樂動廣告品牌控"
"d6935931","46-50歲","女","台中市","樂動廣告品牌控"
"7d84690e","51-55歲","女","台北市","傳統保健理財族"
"1162cc92","41-45歲","女","新竹縣","網購社媒手機迷"
"7f7fb1b1","36-40歲","女","台北市","網購社媒手機迷"
"ec4dc39c","41-45歲","女","花蓮縣","樂動廣告品牌控"
"0d550fcd","36-40歲","男","新竹縣","運動科技潮人"
"aee986c1","31-35歲","女","澎湖縣","健康愛家定存控"
"410b6c01","46-50歲","男","台東縣","樂動廣告品牌控"
"775b3ee6","41-45歲","男","新竹縣","運動科技潮人"
"54bc53b7","51-55歲","女","台中市","健康愛家定存控"
"89e6bd3c","41-45歲","女","花蓮縣","獨立愛遊理財新手"
"acdcf83e","36-40歲","女","雲林縣","健康愛家定存控"
"a4f28ffc","31-35歲","女","新北市","物質享樂衝購族"
"7bc9a360","41-45歲","女","新北市","樂動廣告品牌控"
"0ffb546a","31-35歲","女","新北市","健康愛家定存控"
"c841a336","41-45歲","女","台南市","健康愛家定存控"
"99848eac","26-30歲","女","高雄市","健康愛家定存控"
"bcd2ff4a","31-35歲","女","新竹縣","健康愛家定存控"
"472984b1","36-40歲","女","新北市","獨立愛遊理財新手"
"cdf115dd","51-55歲","女","桃園市","健康愛家定存控"
"5d976d55","21-25歲","男","苗栗縣","健康愛家定存控"
"dfb06898","41-45歲","女","苗栗縣","品味養生理財貴族"
"21bbda19","46-50歲","女","新北市","健康愛家定存控"
"60602ee3","46-50歲","女","苗栗縣","傳統保健理財族"
"520a513a","36-40歲","女","台南市","獨立愛遊理財新手"
"b95c5c74","36-40歲","男","苗栗縣","樂動廣告品牌控"
"72fbf5db","36-40歲","女","新北市","運動科技潮人"
"84479836","31-35歲","女","新北市","健康愛家定存控"
"e20637c4","46-50歲","男","桃園市","愛搜愛比網購客"
"d7855746","21-25歲","男","新竹市","運動科技潮人"
"cd543f63","31-35歲","女","台南市","獨立愛遊理財新手"
"a80b4f75","36-40歲","女","新北市","物質享樂衝購族"
"80e1da43","56-60歲","女","台北市","獨立愛遊理財新手"
"c59dd068","41-45歲","女","高雄市","網購社媒手機迷"
"092c9e06","36-40歲","女","新竹縣","獨立愛遊理財新手"
"c452c37f","46-50歲","女","新竹縣","愛搜愛比網購客"
"821ad900","41-45歲","女","台南市","網購社媒手機迷"
"6a8c0552","46-50歲","女","新竹市","樂動廣告品牌控"
"140fa95b","36-40歲","女","新北市","物質享樂衝購族"
"4f8d9fdd","46-50歲","女","苗栗縣","品味養生理財貴族"
"462b96fd","41-45歲","女","花蓮縣","網購社媒手機迷"
"c6e45c40","36-40歲","男","彰化縣","樂動廣告品牌控"
"478db2be","36-40歲","女","彰化縣","網購社媒手機迷"
"8a25371b","56-60歲","女","新竹縣","品味養生理財貴族"
"161909c4","31-35歲","女","宜蘭縣","健康愛家定存控"
"0ed7206a","41-45歲","男","新北市","愛搜愛比網購客"
"2735ab2b","31-35歲","男","新北市","運動科技潮人"
"218bae55","31-35歲","女","台北市","樂動廣告品牌控"
"6705856e","56-60歲","女","新北市","傳統保健理財族"
"6221c5a2","51-55歲","男","新竹市","運動科技潮人"
"4114c385","46-50歲","女","台北市","健康愛家定存控"
"865d3201","31-35歲","男","桃園市","運動科技潮人"
"8e4d5055","41-45歲","女","新竹市","愛搜愛比網購客"
"181c3a45","41-45歲","男","彰化縣","樂動廣告品牌控"
"ab722915","26-30歲","女","宜蘭縣","獨立愛遊理財新手"
"1c6b69b3","36-40歲","女","台北市","獨立愛遊理財新手"
"2f6afe00","61-65歲","女","新竹縣","健康愛家定存控"
"ed255bce","36-40歲","女","屏東縣","物質享樂衝購族"
"648748af","46-50歲","女","新北市","傳統保健理財族"
"b8ebed82","56-60歲","女","台北市","樂動廣告品牌控"
"2897818a","36-40歲","女","台中市","樂動廣告品牌控"
"53eb7c1c","31-35歲","女","嘉義縣","傳統保健理財族"
"adebb55a","41-45歲","男","台中市","運動科技潮人"
"734e2cce","36-40歲","女","新北市","物質享樂衝購族"
"c23d732d","41-45歲","女","新北市","樂動廣告品牌控"
"eecb241e","46-50歲","女","新竹縣","愛搜愛比網購客"
"7fcf9ca2","31-35歲","女","南投縣","獨立愛遊理財新手"
"c931ee8a","56-60歲","女","新竹縣","品味養生理財貴族"
"a4bae892","21-25歲","男","彰化縣","物質享樂衝購族"
"5aefc742","36-40歲","女","台北市","品味養生理財貴族"
"bf28cb08","41-45歲","女","台南市","樂動廣告品牌控"
"395bf83f","41-45歲","女","苗栗縣","獨立愛遊理財新手"
"1cfaf35b","46-50歲","女","新竹縣","健康愛家定存控"
"85cc71ce","26-30歲","女","新北市","物質享樂衝購族"
"aa947216","41-45歲","女","新北市","品味養生理財貴族"
"354e12a8","36-40歲","女","新北市","傳統保健理財族"
"aa6ef676","51-55歲","女","桃園市","品味養生理財貴族"
"3126a098","31-35歲","女","台中市","獨立愛遊理財新手"
"a8fecb70","51-55歲","男","台北市","運動科技潮人"
"27b4cd42","61-65歲","男","花蓮縣","愛搜愛比網購客"
"c7b99385","51-55歲","女","花蓮縣","愛搜愛比網購客"
"fefe3b67","31-35歲","女","台南市","健康愛家定存控"
"c89575d4","56-60歲","女","花蓮縣","品味養生理財貴族"
"e7678265","51-55歲","女","新北市","健康愛家定存控"
"0868d881","41-45歲","女","高雄市","品味養生理財貴族"
"b4ddea85","31-35歲","女","新北市","運動科技潮人"
"743139d8","56-60歲","女","新北市","樂動廣告品牌控"
"6d892dff","41-45歲","女","屏東縣","健康愛家定存控"
"e48bd9c7","31-35歲","女","新北市","健康愛家定存控"
"94f476dc","41-45歲","女","高雄市","網購社媒手機迷"
"8159a00a","41-45歲","女","台南市","物質享樂衝購族"
"300b700a","41-45歲","女","花蓮縣","品味養生理財貴族"
"b1237dcb","46-50歲","女","台北市","健康愛家定存控"
"18a7436f","41-45歲","女","台北市","網購社媒手機迷"
"96302e39","41-45歲","女","台南市","網購社媒手機迷"
"85a2c8d1","36-40歲","女","彰化縣","物質享樂衝購族"
"017bc64f","26-30歲","女","新竹縣","健康愛家定存控"
"75a79e92","31-35歲","女","新北市","物質享樂衝購族"
"2f29addd","31-35歲","女","苗栗縣","健康愛家定存控"
"76a668cc","46-50歲","女","花蓮縣","傳統保健理財族"
"536b12ef","31-35歲","女","宜蘭縣","樂動廣告品牌控"
"3eff2005","51-55歲","男","台北市","運動科技潮人"
"a5e175f3","36-40歲","女","苗栗縣","健康愛家定存控"
"1913a4df","31-35歲","男","新北市","運動科技潮人"
"ea670c26","31-35歲","女","新竹縣","健康愛家定存控"
"2e17a858","41-45歲","女","彰化縣","品味養生理財貴族"
"accc2c06","36-40歲","女","新竹縣","品味養生理財貴族"
"eb3a9028","36-40歲","男","苗栗縣","運動科技潮人"
"31061117","31-35歲","女","新竹縣","樂動廣告品牌控"
"14d4963c","41-45歲","男","台北市","愛搜愛比網購客"
"db4dd52a","41-45歲","女","新北市","健康愛家定存控"
"e9664177","46-50歲","男","新竹縣","愛搜愛比網購客"
"19684fb6","36-40歲","女","新北市","物質享樂衝購族"
"9f6dcbf1","51-55歲","女","台中市","品味養生理財貴族"
"b1ac05aa","31-35歲","女","台中市","網購社媒手機迷"
"203ebf29","31-35歲","女","高雄市","物質享樂衝購族"
"f94199dd","31-35歲","女","雲林縣","網購社媒手機迷"
"b34c74d7","26-30歲","男","新北市","健康愛家定存控"
"1ed35c73","41-45歲","女","台中市","運動科技潮人"
"dd3193e6","26-30歲","女","新竹縣","物質享樂衝購族"
"cf8671ab","26-30歲","女","新竹市","獨立愛遊理財新手"
"f9fa69f0","41-45歲","女","新北市","物質享樂衝購族"
"7afcb435","36-40歲","男","新竹市","健康愛家定存控"
"05bb53a3","46-50歲","女","台北市","物質享樂衝購族"
"73aec9ed","51-55歲","女","台中市","獨立愛遊理財新手"
"eea15da8","41-45歲","女","花蓮縣","健康愛家定存控"
"745f96d7","46-50歲","女","新竹縣","傳統保健理財族"
"7926d4aa","36-40歲","男","苗栗縣","運動科技潮人"
"0573c310","31-35歲","女","彰化縣","物質享樂衝購族"
"cbe7f871","41-45歲","女","宜蘭縣","樂動廣告品牌控"
"1dd01f58","31-35歲","男","新北市","運動科技潮人"
"b3444d0f","41-45歲","女","新北市","樂動廣告品牌控"
"7f928849","31-35歲","女","苗栗縣","健康愛家定存控"
"0b6d08df","41-45歲","女","高雄市","網購社媒手機迷"
"e8bd4b25","36-40歲","女","苗栗縣","健康愛家定存控"
"375dcaee","41-45歲","女","台南市","品味養生理財貴族"
"fbec3732","26-30歲","女","新竹縣","物質享樂衝購族"
"56b94fcd","36-40歲","女","桃園市","物質享樂衝購族"
"16511967","51-55歲","女","新竹縣","健康愛家定存控"
"8acb7996","41-45歲","女","新竹縣","品味養生理財貴族"
"aa512ed7","41-45歲","女","新北市","物質享樂衝購族"
"1348e43b","41-45歲","女","雲林縣","健康愛家定存控"
"6ee7c39e","41-45歲","女","桃園市","樂動廣告品牌控"
"56f4aeb3","26-30歲","女","桃園市","健康愛家定存控"
"10636c26","51-55歲","女","台中市","網購社媒手機迷"
"d796ba38","31-35歲","女","台中市","樂動廣告品牌控"
"81b4473b","36-40歲","女","台中市","樂動廣告品牌控"
"081f42ac","31-35歲","女","新北市","運動科技潮人"
"6a8f3232","26-30歲","女","新北市","健康愛家定存控"
"deaf3452","46-50歲","女","彰化縣","樂動廣告品牌控"
"2cfe0c5e","31-35歲","男","新竹縣","運動科技潮人"
"b4c9965e","36-40歲","男","新竹縣","運動科技潮人"
"0710b758","41-45歲","女","新竹縣","樂動廣告品牌控"
"1f7e3cd0","46-50歲","男","台北市","運動科技潮人"
"14e12cae","31-35歲","男","台中市","運動科技潮人"
"352424c0","46-50歲","女","台中市","網購社媒手機迷"
"843683a8","36-40歲","男","新竹縣","運動科技潮人"
"74398098","26-30歲","女","台南市","網購社媒手機迷"
"4c968998","41-45歲","男","新北市","運動科技潮人"
"8bcf619b","26-30歲","女","台中市","健康愛家定存控"
"bb97d964","31-35歲","男","台中市","物質享樂衝購族"
"eb077aa1","31-35歲","女","台南市","品味養生理財貴族"
"4473d88c","51-55歲","男","台南市","愛搜愛比網購客"
"1ddf016e","46-50歲","女","雲林縣","獨立愛遊理財新手"
"de812272","46-50歲","女","苗栗縣","品味養生理財貴族"
"3a19032e","41-45歲","女","新竹市","物質享樂衝購族"
"19c945b2","41-45歲","女","桃園市","樂動廣告品牌控"
"7eca2edc","46-50歲","女","台北市","愛搜愛比網購客"
"c4c93a19","31-35歲","女","苗栗縣","物質享樂衝購族"
"3790dca9","46-50歲","男","台南市","樂動廣告品牌控"
"fc37a9cd","51-55歲","女","新北市","品味養生理財貴族"
"7bf66302","31-35歲","女","桃園市","樂動廣告品牌控"
"36259b33","31-35歲","女","台中市","物質享樂衝購族"
"b7cdd5c8","31-35歲","女","新北市","獨立愛遊理財新手"
"1495c372","41-45歲","男","苗栗縣","健康愛家定存控"
"d3f138d4","51-55歲","女","台北市","傳統保健理財族"
"aa9c8a4c","46-50歲","女","台南市","品味養生理財貴族"
"6e040c75","46-50歲","女","新北市","品味養生理財貴族"
"d9f4e0ce","36-40歲","女","新竹縣","網購社媒手機迷"
"45efd622","36-40歲","女","台北市","獨立愛遊理財新手"
"01b1aa33","36-40歲","女","新北市","獨立愛遊理財新手"
"2afd3941","41-45歲","女","苗栗縣","網購社媒手機迷"
"857d4898","51-55歲","男","台北市","樂動廣告品牌控"
"0b4e4420","36-40歲","女","新竹縣","物質享樂衝購族"
"8b3bc412","26-30歲","女","新竹市","獨立愛遊理財新手"
"ef0f091c","26-30歲","男","彰化縣","樂動廣告品牌控"
"1e1c4b65","26-30歲","男","苗栗縣","運動科技潮人"
"31681467","31-35歲","女","苗栗縣","健康愛家定存控"
"404f56b1","56-60歲","女","台中市","獨立愛遊理財新手"
"8134cd7f","31-35歲","女","花蓮縣","健康愛家定存控"
"a829c8ed","46-50歲","女","苗栗縣","樂動廣告品牌控"
"fac1880f","21-25歲","男","新竹縣","運動科技潮人"
"0512e22f","36-40歲","女","新北市","樂動廣告品牌控"
"5bf74224","31-35歲","男","新竹縣","運動科技潮人"
"62c98bd7","41-45歲","女","彰化縣","樂動廣告品牌控"
"c908fe80","46-50歲","男","台北市","運動科技潮人"
"fe00d24e","31-35歲","女","花蓮縣","樂動廣告品牌控"
"62abe7fd","31-35歲","女","台中市","獨立愛遊理財新手"
"776b8a8a","31-35歲","女","高雄市","健康愛家定存控"
"ce897200","51-55歲","女","新北市","健康愛家定存控"
"fbd81624","41-45歲","女","新竹縣","傳統保健理財族"
"5b087521","36-40歲","女","花蓮縣","傳統保健理財族"
"09bd0d9e","46-50歲","男","新竹縣","運動科技潮人"
"5a907a5a","41-45歲","男","台中市","愛搜愛比網購客"
"722df0a8","51-55歲","女","新北市","品味養生理財貴族"
"0e8b3c44","46-50歲","女","台北市","品味養生理財貴族"
"c14bc880","46-50歲","女","苗栗縣","物質享樂衝購族"
"cd1ccad0","31-35歲","女","高雄市","獨立愛遊理財新手"
"04fc697b","51-55歲","女","苗栗縣","獨立愛遊理財新手"
"5508fc74","46-50歲","女","新北市","品味養生理財貴族"
"3149efd8","31-35歲","女","新北市","運動科技潮人"
"df17255a","36-40歲","女","台南市","獨立愛遊理財新手"
"047de0d8","36-40歲","女","新北市","健康愛家定存控"
"b3e7a9f5","26-30歲","女","台中市","物質享樂衝購族"
"3e00b090","61-65歲","女","台北市","健康愛家定存控"
"5447ac39","36-40歲","女","新竹縣","品味養生理財貴族"
"4a755db4","41-45歲","女","新北市","品味養生理財貴族"
"c5fffd4e","36-40歲","女","新北市","品味養生理財貴族"
"6d2773d3","36-40歲","男","新北市","運動科技潮人"
"d509e71d","41-45歲","女","宜蘭縣","網購社媒手機迷"
"036ab567","31-35歲","女","屏東縣","物質享樂衝購族"
"5491333d","36-40歲","男","桃園市","樂動廣告品牌控"
"95a76d3f","41-45歲","女","彰化縣","物質享樂衝購族"
"b6c222e2","41-45歲","女","新北市","品味養生理財貴族"
"e416c094","41-45歲","女","台南市","傳統保健理財族"
"a75fe0ac","41-45歲","女","新竹縣","網購社媒手機迷"
"2a5e9c66","41-45歲","女","台北市","獨立愛遊理財新手"
"26e22db9","26-30歲","女","新竹縣","物質享樂衝購族"
"1fc1d560","51-55歲","女","台北市","獨立愛遊理財新手"
"fc505e12","26-30歲","女","苗栗縣","物質享樂衝購族"
"e378d2dc","36-40歲","男","苗栗縣","運動科技潮人"
"e73a60f3","51-55歲","女","新北市","健康愛家定存控"
"9ca00d07","46-50歲","女","新北市","傳統保健理財族"
"0a242c87","46-50歲","女","南投縣","網購社媒手機迷"
"b121ea8e","31-35歲","男","雲林縣","樂動廣告品牌控"
"fa4fdf44","41-45歲","女","新竹縣","獨立愛遊理財新手"
"6273889a","46-50歲","女","台北市","品味養生理財貴族"
"2979e6d4","36-40歲","女","嘉義縣","健康愛家定存控"
"40d7f69e","41-45歲","女","苗栗縣","物質享樂衝購族"
"13d7ffc9","31-35歲","女","新竹縣","運動科技潮人"
"f4be82cc","36-40歲","女","桃園市","物質享樂衝購族"
"358a5a44","46-50歲","女","宜蘭縣","健康愛家定存控"
"1e81260c","41-45歲","女","苗栗縣","愛搜愛比網購客"
"dc49b0ac","41-45歲","女","高雄市","網購社媒手機迷"
"3d99bca0","31-35歲","女","高雄市","健康愛家定存控"
"3d16ae5b","51-55歲","女","新竹市","物質享樂衝購族"
"969ffddb","56-60歲","女","台北市","傳統保健理財族"
"53981f1f","56-60歲","女","彰化縣","樂動廣告品牌控"
"5e33de4e","31-35歲","男","桃園市","樂動廣告品牌控"
"bd23a180","26-30歲","女","苗栗縣","健康愛家定存控"
"7ed319fa","51-55歲","女","台中市","物質享樂衝購族"
"24bd4171","41-45歲","男","新竹縣","樂動廣告品牌控"
"9c61e35c","31-35歲","男","台中市","健康愛家定存控"
"256b1e72","26-30歲","男","桃園市","運動科技潮人"
"8f15b57b","46-50歲","女","新竹市","網購社媒手機迷"
"86484456","26-30歲","女","台中市","獨立愛遊理財新手"
"103a6e92","46-50歲","女","新竹縣","運動科技潮人"
"88c38577","41-45歲","女","新北市","品味養生理財貴族"
"c3cb134a","51-55歲","男","台北市","運動科技潮人"
"d3c02cca","46-50歲","女","高雄市","網購社媒手機迷"
"7c09f46d","31-35歲","女","桃園市","物質享樂衝購族"
"e4fef733","36-40歲","女","台北市","健康愛家定存控"
"f20726c1","26-30歲","女","新竹縣","物質享樂衝購族"
"8c7c37de","26-30歲","男","台南市","樂動廣告品牌控"
"68e35a32","36-40歲","女","桃園市","物質享樂衝購族"
"30554e53","26-30歲","女","新竹市","物質享樂衝購族"
"ce51ef05","36-40歲","女","苗栗縣","樂動廣告品牌控"
"07e842b2","31-35歲","女","苗栗縣","獨立愛遊理財新手"
"7fc50190","26-30歲","女","台中市","健康愛家定存控"
"373446c3","36-40歲","女","台南市","獨立愛遊理財新手"
"42c3a1de","41-45歲","女","高雄市","健康愛家定存控"
"4f0c4c29","41-45歲","女","高雄市","健康愛家定存控"
"8606ab22","36-40歲","女","台北市","獨立愛遊理財新手"
"85f017bd","41-45歲","女","新北市","網購社媒手機迷"
"5bf7b5a0","26-30歲","女","新竹縣","網購社媒手機迷"
"24ceb49e","41-45歲","女","台中市","網購社媒手機迷"
"c1c97415","26-30歲","女","桃園市","獨立愛遊理財新手"
"7c5f50c3","26-30歲","女","苗栗縣","網購社媒手機迷"
"9f4da17c","46-50歲","女","台北市","樂動廣告品牌控"
"84477b51","36-40歲","女","嘉義市","獨立愛遊理財新手"
"58aeca89","41-45歲","女","新竹縣","樂動廣告品牌控"
"9b569c43","51-55歲","女","南投縣","品味養生理財貴族"
"5b2c9862","36-40歲","女","台南市","網購社媒手機迷"
"bf63b091","46-50歲","女","花蓮縣","愛搜愛比網購客"
"9b102de2","31-35歲","女","台中市","運動科技潮人"
"c1bc1f4b","46-50歲","女","新北市","品味養生理財貴族"
"c84fd33f","36-40歲","女","高雄市","運動科技潮人"
"35e45dde","51-55歲","女","桃園市","品味養生理財貴族"
"6be9d6f0","26-30歲","女","台南市","健康愛家定存控"
"1b0d519a","26-30歲","女","台北市","物質享樂衝購族"
"1834119e","36-40歲","女","台中市","運動科技潮人"
"40ec2480","51-55歲","女","台北市","物質享樂衝購族"
"968a8e6d","56-60歲","女","高雄市","傳統保健理財族"
"c9340cff","26-30歲","女","苗栗縣","物質享樂衝購族"
"5fd4f821","51-55歲","女","桃園市","傳統保健理財族"
"606449a0","41-45歲","女","台中市","愛搜愛比網購客"
"ee188723","41-45歲","女","基隆市","網購社媒手機迷"
"0ff37513","51-55歲","女","新竹縣","健康愛家定存控"
"9bfb3eb4","46-50歲","男","台南市","愛搜愛比網購客"
"3320ebfe","46-50歲","女","台中市","品味養生理財貴族"
"2d1402cd","36-40歲","女","桃園市","品味養生理財貴族"
"924a60d0","21-25歲","女","台中市","獨立愛遊理財新手"
"dd103806","41-45歲","男","台南市","愛搜愛比網購客"
"37407db6","41-45歲","男","彰化縣","物質享樂衝購族"
"98d9eddd","46-50歲","女","新北市","物質享樂衝購族"
"ed12febd","51-55歲","女","台中市","樂動廣告品牌控"
"aeecaa62","31-35歲","女","新竹縣","網購社媒手機迷"
"4e66f4a2","61-65歲","女","南投縣","網購社媒手機迷"
"72cdbeea","36-40歲","女","苗栗縣","獨立愛遊理財新手"
"127c42df","41-45歲","女","台北市","愛搜愛比網購客"
"d0ed5a1c","61-65歲","女","台中市","品味養生理財貴族"
"3d8b20b2","46-50歲","女","台南市","品味養生理財貴族"
"cc7fce3c","56-60歲","女","新北市","網購社媒手機迷"
"929ca68e","46-50歲","女","台北市","樂動廣告品牌控"
"1ec2b4ea","36-40歲","女","台北市","網購社媒手機迷"
"8827db8d","36-40歲","女","新北市","健康愛家定存控"
"595960a5","31-35歲","女","台北市","品味養生理財貴族"
"06d3b2a9","36-40歲","男","基隆市","運動科技潮人"
"29ecb2e6","41-45歲","女","桃園市","樂動廣告品牌控"
"07f42148","61-65歲","女","台北市","健康愛家定存控"
"c83e4cd7","41-45歲","女","台中市","樂動廣告品牌控"
"5bd8a0f3","46-50歲","女","台北市","健康愛家定存控"
"429b12ae","26-30歲","女","桃園市","健康愛家定存控"
"ca7af6b8","51-55歲","男","桃園市","愛搜愛比網購客"
"38f048dc","31-35歲","女","台中市","運動科技潮人"
"08018565","36-40歲","女","台北市","健康愛家定存控"
"96d78a9c","46-50歲","男","嘉義縣","樂動廣告品牌控"
"4369105e","41-45歲","男","新竹縣","運動科技潮人"
"56ffc73b","31-35歲","女","苗栗縣","物質享樂衝購族"
"67c5ecbc","26-30歲","女","新竹市","物質享樂衝購族"
"f3754d5a","46-50歲","女","新北市","物質享樂衝購族"
"935c8c20","31-35歲","男","台北市","運動科技潮人"
"b3edffb4","36-40歲","女","高雄市","網購社媒手機迷"
"6053ca70","51-55歲","女","嘉義市","品味養生理財貴族"
"03967121","36-40歲","女","新北市","健康愛家定存控"
"6976f1ae","31-35歲","女","新北市","運動科技潮人"
"1afe9b68","56-60歲","女","台北市","品味養生理財貴族"
"456a1ce1","36-40歲","女","新竹縣","健康愛家定存控"
"f36c9b9f","41-45歲","男","新北市","愛搜愛比網購客"
"55b09cbb","51-55歲","女","台中市","獨立愛遊理財新手"
"502731f9","56-60歲","女","新北市","健康愛家定存控"
"6430b1b9","31-35歲","女","新竹縣","傳統保健理財族"
"c5c755e1","46-50歲","女","苗栗縣","品味養生理財貴族"
"ddb317cc","41-45歲","男","新北市","樂動廣告品牌控"
"c343204e","36-40歲","女","花蓮縣","物質享樂衝購族"
"9c1bbcd0","46-50歲","女","新北市","獨立愛遊理財新手"
"f6facfe1","46-50歲","男","苗栗縣","愛搜愛比網購客"
"6bcd881d","46-50歲","女","台中市","獨立愛遊理財新手"
"849db8ef","51-55歲","男","新竹市","運動科技潮人"
"9aad6fc0","36-40歲","女","苗栗縣","網購社媒手機迷"
"b1c3f62f","31-35歲","男","基隆市","樂動廣告品牌控"
"f135a8b5","51-55歲","男","新北市","樂動廣告品牌控"
"19ec5738","51-55歲","女","台中市","健康愛家定存控"
"8fbb08b3","36-40歲","女","宜蘭縣","物質享樂衝購族"
"d6522e53","41-45歲","女","新北市","樂動廣告品牌控"
"6a45306a","41-45歲","男","台南市","運動科技潮人"
"3fc961e7","36-40歲","女","新北市","物質享樂衝購族"
"176fca1c","46-50歲","女","新北市","品味養生理財貴族"
"ac885ad0","36-40歲","女","花蓮縣","樂動廣告品牌控"
"cc2a6f51","31-35歲","女","新北市","健康愛家定存控"
"fb7c6cf7","26-30歲","女","台中市","物質享樂衝購族"
"9f999f98","36-40歲","女","新竹縣","健康愛家定存控"
"216baa2d","51-55歲","男","苗栗縣","愛搜愛比網購客"
"d15a5938","36-40歲","女","彰化縣","物質享樂衝購族"
"12de754f","31-35歲","女","高雄市","物質享樂衝購族"
"fc99b030","41-45歲","男","台中市","運動科技潮人"
"37398250","41-45歲","女","新竹縣","物質享樂衝購族"
"a880fd5a","36-40歲","女","新北市","獨立愛遊理財新手"
"d92b796d","61-65歲","女","高雄市","網購社媒手機迷"
"3557d444","26-30歲","女","彰化縣","物質享樂衝購族"
"0305a3a9","46-50歲","女","台中市","樂動廣告品牌控"
"9536c655","41-45歲","男","新北市","樂動廣告品牌控"
"a758d7f6","36-40歲","女","苗栗縣","獨立愛遊理財新手"
"5cc27e94","51-55歲","女","彰化縣","獨立愛遊理財新手"
"e93fb8ae","36-40歲","女","台北市","品味養生理財貴族"
"66191b37","41-45歲","女","台北市","品味養生理財貴族"
"8f8cb8b4","41-45歲","女","新北市","健康愛家定存控"
"07088ec0","41-45歲","女","台中市","樂動廣告品牌控"
"a40213e9","26-30歲","女","桃園市","物質享樂衝購族"
"7377f468","41-45歲","女","台北市","運動科技潮人"
"b0b7725c","56-60歲","女","新北市","獨立愛遊理財新手"
"eb8102b4","46-50歲","男","新北市","運動科技潮人"
"e818db07","46-50歲","女","新竹縣","物質享樂衝購族"
"4dc2d087","26-30歲","男","桃園市","樂動廣告品牌控"
"2fee9d2c","36-40歲","女","台中市","物質享樂衝購族"
"fe925301","51-55歲","男","苗栗縣","愛搜愛比網購客"
"d04ef948","36-40歲","女","新北市","傳統保健理財族"
"bacb897e","26-30歲","女","彰化縣","網購社媒手機迷"
"d59dc922","31-35歲","女","苗栗縣","樂動廣告品牌控"
"408a47d2","31-35歲","女","台北市","獨立愛遊理財新手"
"dd6f2a5e","31-35歲","男","苗栗縣","樂動廣告品牌控"
"228a6506","26-30歲","女","新北市","健康愛家定存控"
"8b1b7b61","36-40歲","女","台南市","樂動廣告品牌控"
"99a7a01f","41-45歲","男","新北市","運動科技潮人"
"33be5dc8","46-50歲","女","新竹市","運動科技潮人"
"96afed09","31-35歲","男","新北市","樂動廣告品牌控"
"31ea1697","41-45歲","女","桃園市","樂動廣告品牌控"
"1f280e6a","36-40歲","女","桃園市","樂動廣告品牌控"
"77ae441b","46-50歲","男","新竹縣","運動科技潮人"
"7fd9d360","56-60歲","女","台南市","樂動廣告品牌控"
"1a616e2d","41-45歲","男","桃園市","運動科技潮人"
"e0ca3aa5","41-45歲","女","高雄市","網購社媒手機迷"
"ddb637b5","31-35歲","女","桃園市","樂動廣告品牌控"
"9ddb92a8","36-40歲","女","南投縣","品味養生理財貴族"
"3ade2ec7","51-55歲","女","台中市","網購社媒手機迷"
"1952dc34","41-45歲","男","台中市","樂動廣告品牌控"
"7cc6d959","36-40歲","女","台東縣","獨立愛遊理財新手"
"334d1d4c","41-45歲","男","台中市","愛搜愛比網購客"
"4963caea","41-45歲","男","台南市","樂動廣告品牌控"
"d4d628a2","36-40歲","女","台中市","物質享樂衝購族"
"3af2351a","26-30歲","女","新北市","網購社媒手機迷"
"08a652a3","36-40歲","男","苗栗縣","樂動廣告品牌控"
"d947915c","41-45歲","女","桃園市","網購社媒手機迷"
"e011ac7c","56-60歲","女","新北市","獨立愛遊理財新手"
"3405aebe","36-40歲","男","新竹縣","運動科技潮人"
"22acecf3","46-50歲","男","新竹市","運動科技潮人"
"106c7574","41-45歲","女","新北市","健康愛家定存控"
"59c85344","51-55歲","男","新北市","愛搜愛比網購客"
"b7651078","41-45歲","女","新竹縣","愛搜愛比網購客"
"59712783","46-50歲","女","台中市","獨立愛遊理財新手"
"ac566703","36-40歲","女","台南市","健康愛家定存控"
"777adbe5","41-45歲","女","花蓮縣","物質享樂衝購族"
"fe64aada","41-45歲","女","花蓮縣","物質享樂衝購族"
"ab537404","56-60歲","男","新竹縣","樂動廣告品牌控"
"89d15c27","36-40歲","女","南投縣","健康愛家定存控"
"5643010a","46-50歲","男","台中市","運動科技潮人"
"c538dcbe","36-40歲","男","高雄市","愛搜愛比網購客"
"9a5e065b","31-35歲","女","苗栗縣","網購社媒手機迷"
"180cd65c","46-50歲","女","台北市","品味養生理財貴族"
"90ae459b","46-50歲","女","台北市","獨立愛遊理財新手"
"2d61469d","46-50歲","女","台中市","傳統保健理財族"
"6414cc4e","26-30歲","女","桃園市","健康愛家定存控"
"98461c17","51-55歲","男","苗栗縣","樂動廣告品牌控"
"1713b371","46-50歲","女","新北市","網購社媒手機迷"
"a14b80fe","36-40歲","女","花蓮縣","物質享樂衝購族"
"4b9055b3","31-35歲","女","台南市","健康愛家定存控"
"7ad0d159","26-30歲","女","高雄市","健康愛家定存控"
"6d1c59d1","31-35歲","女","新竹縣","健康愛家定存控"
"3cd4ebd1","26-30歲","女","高雄市","樂動廣告品牌控"
"2fd8de27","31-35歲","女","新北市","樂動廣告品牌控"
"77552e32","36-40歲","女","南投縣","品味養生理財貴族"
"ef44e353","46-50歲","女","苗栗縣","物質享樂衝購族"
"1e98339e","41-45歲","女","台北市","運動科技潮人"
"1d6cbcd6","51-55歲","女","台北市","樂動廣告品牌控"
"917934fd","36-40歲","女","嘉義市","品味養生理財貴族"
"da0ba9f3","46-50歲","女","花蓮縣","網購社媒手機迷"
"b81dc0a2","31-35歲","女","南投縣","物質享樂衝購族"
"7d8263f3","31-35歲","女","新竹縣","獨立愛遊理財新手"
"c8f4f213","41-45歲","男","台中市","運動科技潮人"
"6d6854df","26-30歲","女","桃園市","網購社媒手機迷"
"1b675281","36-40歲","女","台南市","健康愛家定存控"
"0af1eefe","46-50歲","男","新北市","運動科技潮人"
"b8a707d2","26-30歲","女","彰化縣","健康愛家定存控"
"f2e278ad","36-40歲","男","桃園市","樂動廣告品牌控"
"569280a9","31-35歲","女","新竹縣","健康愛家定存控"
"851d4196","36-40歲","女","新竹縣","樂動廣告品牌控"
"8a1e3818","46-50歲","女","苗栗縣","健康愛家定存控"
"26332741","46-50歲","女","台北市","傳統保健理財族"
"139b6a7f","41-45歲","男","苗栗縣","愛搜愛比網購客"
"6be0210c","41-45歲","女","宜蘭縣","獨立愛遊理財新手"
"7f08dc04","56-60歲","女","台南市","網購社媒手機迷"
"c8a9db81","31-35歲","女","苗栗縣","物質享樂衝購族"
"a788238e","41-45歲","女","新北市","網購社媒手機迷"
"2e9fe507","26-30歲","女","花蓮縣","網購社媒手機迷"
"1b7ca007","36-40歲","女","新北市","品味養生理財貴族"
"edd2a711","41-45歲","女","苗栗縣","物質享樂衝購族"
"d47a0a01","46-50歲","女","彰化縣","物質享樂衝購族"
"c6bae1d5","26-30歲","女","新竹市","健康愛家定存控"
"0f3ab29a","41-45歲","男","台中市","運動科技潮人"
"b58e5bfe","31-35歲","女","苗栗縣","健康愛家定存控"
"be5fa202","36-40歲","男","彰化縣","物質享樂衝購族"
"74bb6d36","26-30歲","女","南投縣","物質享樂衝購族"
"b026f06b","41-45歲","女","苗栗縣","品味養生理財貴族"
"e5c12d92","56-60歲","女","新北市","品味養生理財貴族"
"2c03ebfc","31-35歲","男","苗栗縣","運動科技潮人"
"9383059a","41-45歲","男","台中市","愛搜愛比網購客"
"0b3f7533","36-40歲","男","苗栗縣","樂動廣告品牌控"
"1c5f101f","46-50歲","女","台北市","品味養生理財貴族"
"1117d2dd","31-35歲","男","台中市","運動科技潮人"
"02caa0ad","51-55歲","女","新北市","獨立愛遊理財新手"
"babd722a","36-40歲","女","新竹市","樂動廣告品牌控"
"d2794f1d","31-35歲","女","苗栗縣","網購社媒手機迷"
"f4c1ccf6","41-45歲","女","苗栗縣","網購社媒手機迷"
"a860c58d","41-45歲","男","新竹縣","運動科技潮人"
"b05fd4c3","56-60歲","女","台南市","網購社媒手機迷"
"755876c4","31-35歲","女","新北市","健康愛家定存控"
"fd01a536","56-60歲","女","新北市","傳統保健理財族"
"50cdb8ed","26-30歲","女","新竹縣","物質享樂衝購族"
"27191234","41-45歲","女","花蓮縣","網購社媒手機迷"
"7e4c8f45","51-55歲","女","新北市","運動科技潮人"
"58ee55ad","31-35歲","女","新竹縣","物質享樂衝購族"
"0499cb20","41-45歲","女","新北市","獨立愛遊理財新手"
"e4299765","41-45歲","女","新竹縣","品味養生理財貴族"
"98a2f8d3","46-50歲","男","台南市","愛搜愛比網購客"
"91b433b0","41-45歲","女","宜蘭縣","品味養生理財貴族"
"de836270","36-40歲","女","雲林縣","健康愛家定存控"
"126cb63e","31-35歲","女","新北市","網購社媒手機迷"
"3623c6a9","31-35歲","男","新北市","運動科技潮人"
"2928a2c8","41-45歲","女","新北市","運動科技潮人"
"b1c7eb8f","46-50歲","女","台南市","健康愛家定存控"
"ae505f8d","46-50歲","男","雲林縣","樂動廣告品牌控"
"d4f9377f","46-50歲","女","新北市","獨立愛遊理財新手"
"9ba06cc8","41-45歲","男","台南市","網購社媒手機迷"
"cacee982","31-35歲","女","彰化縣","健康愛家定存控"
"ed152412","36-40歲","男","彰化縣","運動科技潮人"
"1d83172c","31-35歲","男","台中市","樂動廣告品牌控"
"93168fda","36-40歲","女","新竹縣","樂動廣告品牌控"
"eed398f3","41-45歲","男","苗栗縣","樂動廣告品牌控"
"1f8225a3","41-45歲","女","台中市","樂動廣告品牌控"
"9bf828c6","31-35歲","女","新北市","運動科技潮人"
"6ff65e14","46-50歲","女","台北市","運動科技潮人"
"5e8937d5","46-50歲","女","台中市","品味養生理財貴族"
"96ef4b27","31-35歲","女","新竹縣","物質享樂衝購族"
"ad2e046c","36-40歲","女","台北市","運動科技潮人"
"488b8beb","36-40歲","男","彰化縣","樂動廣告品牌控"
"e129063e","36-40歲","女","新竹縣","健康愛家定存控"
"a7b80b38","31-35歲","女","新竹縣","傳統保健理財族"
"4b20174f","31-35歲","男","新竹縣","運動科技潮人"
"cfffed89","46-50歲","女","新北市","網購社媒手機迷"
"598884bc","36-40歲","男","桃園市","健康愛家定存控"
"d1efcca1","46-50歲","男","台中市","愛搜愛比網購客"
"acba4f94","41-45歲","男","高雄市","運動科技潮人"
"1a8233b3","41-45歲","女","苗栗縣","樂動廣告品牌控"
"0894e79f","46-50歲","女","台北市","傳統保健理財族"
"e7fc1582","26-30歲","女","新竹市","物質享樂衝購族"
"1d2a121b","36-40歲","女","苗栗縣","網購社媒手機迷"
"ba3ae24f","41-45歲","女","桃園市","獨立愛遊理財新手"
"3d263749","36-40歲","男","新竹市","運動科技潮人"
"9a356c72","31-35歲","女","新竹縣","健康愛家定存控"
"ec0566e1","41-45歲","女","新竹縣","愛搜愛比網購客"
"598c05aa","46-50歲","男","新北市","網購社媒手機迷"
"16b6519e","41-45歲","女","苗栗縣","物質享樂衝購族"
"07e561a1","51-55歲","男","雲林縣","健康愛家定存控"
"0718a727","46-50歲","女","台南市","網購社媒手機迷"
"4de85bad","26-30歲","女","台中市","物質享樂衝購族"
"dde01adf","41-45歲","女","新北市","品味養生理財貴族"
"db058efe","41-45歲","女","台中市","獨立愛遊理財新手"
"95dc6c2a","26-30歲","女","苗栗縣","獨立愛遊理財新手"
"7fff0c12","41-45歲","女","台南市","樂動廣告品牌控"
"91f94acc","31-35歲","男","新北市","運動科技潮人"
"e20e4db7","41-45歲","男","新竹市","健康愛家定存控"
"8346e5fa","31-35歲","女","台北市","物質享樂衝購族"
"9c8d567f","26-30歲","女","新竹縣","健康愛家定存控"
"acc230d8","31-35歲","女","台北市","物質享樂衝購族"
"a377b0c1","36-40歲","女","新竹縣","網購社媒手機迷"
"6a855676","31-35歲","女","新竹縣","健康愛家定存控"
"67628e53","26-30歲","女","新竹縣","健康愛家定存控"
"625daf19","41-45歲","女","苗栗縣","物質享樂衝購族"
"c16ba17b","26-30歲","男","彰化縣","獨立愛遊理財新手"
"d11949e4","51-55歲","女","台北市","獨立愛遊理財新手"
"79c14033","56-60歲","男","新竹縣","運動科技潮人"
"4578ab23","46-50歲","女","基隆市","愛搜愛比網購客"
"b7bc7b3a","46-50歲","女","新竹市","運動科技潮人"
"c0031a78","31-35歲","女","新北市","物質享樂衝購族"
"53c2d668","41-45歲","女","新北市","獨立愛遊理財新手"
"be7942ea","41-45歲","男","新竹縣","愛搜愛比網購客"
"b2eb3f6c","46-50歲","女","新北市","健康愛家定存控"
"ab625e61","36-40歲","女","新竹縣","物質享樂衝購族"
"312d863e","26-30歲","女","台北市","物質享樂衝購族"
"527f717a","31-35歲","女","宜蘭縣","物質享樂衝購族"
"3c85bbfd","61-65歲","男","台北市","樂動廣告品牌控"
"044e37b0","26-30歲","女","台北市","網購社媒手機迷"
"9438b449","51-55歲","女","新竹縣","樂動廣告品牌控"
"c639aa94","46-50歲","女","台中市","愛搜愛比網購客"
"60e696c3","36-40歲","女","台南市","物質享樂衝購族"
"d7cd4535","51-55歲","女","新北市","網購社媒手機迷"
"df38c603","41-45歲","女","桃園市","傳統保健理財族"
"10fd0f63","51-55歲","女","台中市","樂動廣告品牌控"
"72d57c10","41-45歲","女","台北市","傳統保健理財族"
"69e18d1a","26-30歲","女","新北市","健康愛家定存控"
"7678c09a","36-40歲","女","台北市","健康愛家定存控"
"f5825e73","46-50歲","男","花蓮縣","健康愛家定存控"
"40cdf73e","51-55歲","女","高雄市","傳統保健理財族"
"e628978a","26-30歲","女","台南市","物質享樂衝購族"
"a392a001","46-50歲","女","台北市","傳統保健理財族"
"85a6a2fb","31-35歲","女","新北市","品味養生理財貴族"
"e29d8485","46-50歲","女","花蓮縣","樂動廣告品牌控"
"fb531ddf","26-30歲","女","苗栗縣","物質享樂衝購族"
"6f32504a","51-55歲","女","新北市","品味養生理財貴族"
"fdbc6aeb","31-35歲","女","花蓮縣","健康愛家定存控"
"1f664a05","46-50歲","女","彰化縣","品味養生理財貴族"
"671cf37d","31-35歲","女","新竹縣","物質享樂衝購族"
"1e27dc63","31-35歲","女","彰化縣","網購社媒手機迷"
"6dedccf8","36-40歲","女","新竹縣","網購社媒手機迷"
"c96f8bbc","46-50歲","女","台北市","運動科技潮人"
"d1377576","41-45歲","女","新竹縣","網購社媒手機迷"
"28dc4aa7","41-45歲","女","新北市","品味養生理財貴族"
"32d6dbb1","46-50歲","女","高雄市","傳統保健理財族"
"c9071480","31-35歲","女","彰化縣","物質享樂衝購族"
"9226aee9","31-35歲","男","台南市","樂動廣告品牌控"
"a3c57ee2","41-45歲","女","花蓮縣","樂動廣告品牌控"
"90bde034","51-55歲","女","宜蘭縣","傳統保健理財族"
"97480130","56-60歲","男","新竹市","運動科技潮人"
"4ca905ed","31-35歲","女","台中市","樂動廣告品牌控"
"7324ab3e","46-50歲","男","新竹縣","樂動廣告品牌控"
"df7b44d5","36-40歲","女","彰化縣","樂動廣告品牌控"
"703a0aba","46-50歲","男","苗栗縣","樂動廣告品牌控"
"75bc2c53","51-55歲","女","台中市","傳統保健理財族"
"35dbf5a5","51-55歲","女","高雄市","獨立愛遊理財新手"
"8c5d145e","46-50歲","女","新北市","獨立愛遊理財新手"
"279d3014","46-50歲","女","新竹縣","獨立愛遊理財新手"
"ec959de2","41-45歲","女","彰化縣","樂動廣告品牌控"
"73ea2c0b","36-40歲","女","台中市","健康愛家定存控"
"b262bcf0","56-60歲","女","新竹縣","品味養生理財貴族"
"f0c08508","36-40歲","女","苗栗縣","健康愛家定存控"
"2e0bdd21","36-40歲","女","新北市","網購社媒手機迷"
"b37b8061","41-45歲","女","花蓮縣","樂動廣告品牌控"
"64138774","41-45歲","女","台中市","樂動廣告品牌控"
"df44378a","51-55歲","女","彰化縣","品味養生理財貴族"
"9dcc5a19","31-35歲","女","新北市","傳統保健理財族"
"2c66f418","36-40歲","女","高雄市","品味養生理財貴族"
"239fa73d","36-40歲","男","宜蘭縣","健康愛家定存控"
"95ba26c2","36-40歲","男","基隆市","健康愛家定存控"
"327a3de8","26-30歲","女","新北市","健康愛家定存控"
"ef0a4f19","41-45歲","女","高雄市","網購社媒手機迷"
"de1cfc2f","51-55歲","男","苗栗縣","樂動廣告品牌控"
"ba4528d3","51-55歲","女","台南市","品味養生理財貴族"
"b2e98e98","36-40歲","女","新北市","品味養生理財貴族"
"f4e8bcd0","46-50歲","男","台北市","運動科技潮人"
"403024df","46-50歲","女","台北市","傳統保健理財族"
"7c1d1e70","51-55歲","女","台南市","網購社媒手機迷"
"1b296982","36-40歲","男","新北市","運動科技潮人"
"fd26cb3a","31-35歲","女","台北市","運動科技潮人"
"65e7e261","51-55歲","男","新北市","愛搜愛比網購客"
"b240d698","36-40歲","男","彰化縣","健康愛家定存控"
"3a6502e3","31-35歲","女","新竹市","健康愛家定存控"
"61ce9f48","31-35歲","女","台北市","網購社媒手機迷"
"3f501526","26-30歲","女","新竹縣","物質享樂衝購族"
"80ee17f4","36-40歲","男","台北市","運動科技潮人"
"ef0b9ea3","41-45歲","男","台中市","運動科技潮人"
"53ca4ef0","61-65歲","女","新北市","品味養生理財貴族"
"15d995bc","61-65歲","女","台北市","品味養生理財貴族"
"124f578f","36-40歲","女","新竹市","健康愛家定存控"
"dcbdcdca","46-50歲","女","台南市","健康愛家定存控"
"a97f8d2a","36-40歲","女","台北市","健康愛家定存控"
"e1b9ce68","51-55歲","女","台中市","獨立愛遊理財新手"
"06b31605","46-50歲","女","台南市","獨立愛遊理財新手"
"96db3d25","31-35歲","男","苗栗縣","運動科技潮人"
"2b55e1bc","51-55歲","女","台北市","傳統保健理財族"
"ec85fbaf","36-40歲","男","屏東縣","樂動廣告品牌控"
"39cbfe17","36-40歲","女","新北市","物質享樂衝購族"
"dc6df28b","26-30歲","女","新竹市","物質享樂衝購族"
"66d1380b","26-30歲","女","宜蘭縣","獨立愛遊理財新手"
"1d0d000c","31-35歲","女","高雄市","健康愛家定存控"
"9c11f6d7","51-55歲","女","台北市","品味養生理財貴族"
"2f90df77","41-45歲","女","苗栗縣","網購社媒手機迷"
"2367ad02","46-50歲","女","新竹縣","樂動廣告品牌控"
"3779c843","41-45歲","女","新竹縣","傳統保健理財族"
"a8420f3b","36-40歲","女","花蓮縣","樂動廣告品牌控"
"edb999fa","26-30歲","女","台南市","健康愛家定存控"
"e20a64e9","36-40歲","女","新北市","傳統保健理財族"
"33f639f5","51-55歲","女","新北市","愛搜愛比網購客"
"56d6cf03","31-35歲","女","苗栗縣","物質享樂衝購族"
"6ad9616e","46-50歲","男","新竹縣","運動科技潮人"
"9cedded5","46-50歲","男","新北市","樂動廣告品牌控"
"7b558cb1","31-35歲","女","新北市","健康愛家定存控"
"a82562d2","26-30歲","女","新竹縣","物質享樂衝購族"
"31dc1b9b","31-35歲","女","新竹縣","物質享樂衝購族"
"4e46db98","41-45歲","女","雲林縣","樂動廣告品牌控"
"dd8985f8","46-50歲","男","新竹縣","愛搜愛比網購客"
"fb13949c","41-45歲","女","嘉義市","傳統保健理財族"
"96c5c416","46-50歲","男","台北市","運動科技潮人"
"065e33f4","36-40歲","女","台南市","網購社媒手機迷"
"a0042865","46-50歲","女","新竹縣","品味養生理財貴族"
"2f5024eb","31-35歲","女","彰化縣","健康愛家定存控"
"e200ebaa","26-30歲","女","新竹市","健康愛家定存控"
"6e0e0fc4","36-40歲","男","新竹縣","傳統保健理財族"
"4836f27a","46-50歲","女","桃園市","網購社媒手機迷"
"a9e2534c","41-45歲","女","新竹縣","樂動廣告品牌控"
"d1241766","31-35歲","女","新竹縣","樂動廣告品牌控"
"88e78a3d","46-50歲","男","台北市","運動科技潮人"
"6abe9738","36-40歲","女","雲林縣","樂動廣告品牌控"
"6cbf83a9","36-40歲","女","新北市","物質享樂衝購族"
"3cfe1b50","51-55歲","女","台中市","獨立愛遊理財新手"
"1fe57225","31-35歲","女","彰化縣","健康愛家定存控"
"d2eccfbd","41-45歲","男","新北市","愛搜愛比網購客"
"8d75fae8","46-50歲","男","台北市","運動科技潮人"
"6d116692","46-50歲","女","雲林縣","品味養生理財貴族"
"4be61f23","41-45歲","男","桃園市","運動科技潮人"
"06882197","31-35歲","女","新竹市","物質享樂衝購族"
"f68632fb","36-40歲","男","新北市","運動科技潮人"
"a1abe97f","36-40歲","女","台中市","物質享樂衝購族"
"a734847d","51-55歲","男","台北市","愛搜愛比網購客"
"6cd3b3fb","36-40歲","女","新竹縣","樂動廣告品牌控"
"87375f8b","36-40歲","女","新竹市","健康愛家定存控"
"5f571710","41-45歲","男","新北市","運動科技潮人"
"f54ae135","36-40歲","男","台中市","運動科技潮人"
"739e3996","46-50歲","女","彰化縣","物質享樂衝購族"
"ece3ef44","41-45歲","女","苗栗縣","物質享樂衝購族"
"bbc26c30","51-55歲","女","嘉義市","品味養生理財貴族"
"a816a117","46-50歲","女","台北市","品味養生理財貴族"
"f7b38bc0","31-35歲","女","新竹縣","物質享樂衝購族"
"af2f52be","46-50歲","男","台中市","愛搜愛比網購客"
"6b5afe57","46-50歲","女","新竹市","物質享樂衝購族"
"174199ca","36-40歲","女","屏東縣","網購社媒手機迷"
"3f70ad51","36-40歲","男","桃園市","健康愛家定存控"
"2cfe7a4a","26-30歲","女","高雄市","健康愛家定存控"
"3414948e","31-35歲","女","台中市","網購社媒手機迷"
"7dab4b83","41-45歲","女","新北市","物質享樂衝購族"
"f57f961d","41-45歲","女","新北市","網購社媒手機迷"
"b3d17445","41-45歲","男","新北市","運動科技潮人"
"55ceb57a","31-35歲","女","台北市","傳統保健理財族"
"5ce2f173","36-40歲","男","南投縣","運動科技潮人"
"7e9db3f9","31-35歲","女","台中市","物質享樂衝購族"
"fe868131","51-55歲","女","新北市","物質享樂衝購族"
"d758c0c5","41-45歲","男","台南市","網購社媒手機迷"
"cba4e591","36-40歲","女","南投縣","健康愛家定存控"
"4f66c5ad","26-30歲","女","苗栗縣","物質享樂衝購族"
"e31a0365","41-45歲","女","台中市","物質享樂衝購族"
"d5e696b4","56-60歲","男","花蓮縣","愛搜愛比網購客"
"427183e4","56-60歲","男","彰化縣","愛搜愛比網購客"
"80be7f3a","36-40歲","女","台中市","物質享樂衝購族"
"c388242d","46-50歲","女","桃園市","品味養生理財貴族"
"d9eb0968","51-55歲","男","新竹縣","愛搜愛比網購客"
"9bfab337","46-50歲","男","苗栗縣","運動科技潮人"
"1150ebed","31-35歲","女","苗栗縣","傳統保健理財族"
"5bb62056","36-40歲","男","新北市","運動科技潮人"
"4040e368","51-55歲","女","台北市","運動科技潮人"
"40599818","31-35歲","女","台中市","健康愛家定存控"
"15f154d7","31-35歲","女","花蓮縣","物質享樂衝購族"
"33276637","36-40歲","女","苗栗縣","物質享樂衝購族"
"ff42c5f2","21-25歲","女","彰化縣","獨立愛遊理財新手"
"f5571bea","41-45歲","女","新北市","物質享樂衝購族"
"ad1a76d2","46-50歲","女","新北市","品味養生理財貴族"
"905c2adf","31-35歲","女","台北市","獨立愛遊理財新手"
"1fbd4a5b","36-40歲","女","桃園市","物質享樂衝購族"
"eb581434","26-30歲","女","台中市","物質享樂衝購族"
"1c741366","36-40歲","女","彰化縣","物質享樂衝購族"
"8b05cf18","36-40歲","女","新北市","品味養生理財貴族"
"5de03db2","51-55歲","男","新北市","樂動廣告品牌控"
"42f29540","36-40歲","女","苗栗縣","網購社媒手機迷"
"c4e2014a","46-50歲","女","台北市","品味養生理財貴族"
"2c6c502d","51-55歲","女","苗栗縣","樂動廣告品牌控"
"4c9dd872","36-40歲","女","高雄市","網購社媒手機迷"
"83927eba","26-30歲","女","苗栗縣","物質享樂衝購族"
"b55d81a4","36-40歲","女","台北市","物質享樂衝購族"
"9a6791a7","31-35歲","女","新北市","健康愛家定存控"
"2b819bae","36-40歲","女","苗栗縣","獨立愛遊理財新手"
"9a0ea1df","41-45歲","女","桃園市","樂動廣告品牌控"
"d9329c4b","41-45歲","男","台中市","樂動廣告品牌控"
"99978e76","41-45歲","女","新北市","品味養生理財貴族"
"702f3fdc","51-55歲","女","新北市","傳統保健理財族"
"0fa2215b","26-30歲","女","新竹縣","健康愛家定存控"
"115b1e19","31-35歲","女","桃園市","網購社媒手機迷"
"fb041947","31-35歲","女","台中市","物質享樂衝購族"
"0bed84a4","36-40歲","女","台中市","品味養生理財貴族"
"d9bb3f85","46-50歲","女","台北市","健康愛家定存控"
"840a58ac","61-65歲","男","台南市","傳統保健理財族"
"f00f697e","46-50歲","女","台中市","傳統保健理財族"
"214e72c0","56-60歲","女","新北市","健康愛家定存控"
"1eccec4b","51-55歲","女","新北市","網購社媒手機迷"
"bcaf507c","51-55歲","男","高雄市","運動科技潮人"
"b2a991d3","61-65歲","女","桃園市","健康愛家定存控"
"8967498d","31-35歲","女","台中市","健康愛家定存控"
"253cd2e7","36-40歲","女","台北市","運動科技潮人"
"ca285d64","31-35歲","男","苗栗縣","運動科技潮人"
"83315816","41-45歲","女","新北市","品味養生理財貴族"
"eac2fc1b","46-50歲","女","嘉義市","傳統保健理財族"
"cabfbe15","31-35歲","男","新竹市","健康愛家定存控"
"16391d39","51-55歲","女","苗栗縣","網購社媒手機迷"
"f2bfb2f5","41-45歲","女","苗栗縣","物質享樂衝購族"
"94761c3d","46-50歲","男","新北市","運動科技潮人"
"485e28ff","31-35歲","女","桃園市","健康愛家定存控"
"ed780b21","41-45歲","女","台中市","愛搜愛比網購客"
"a9b4931e","26-30歲","女","桃園市","健康愛家定存控"
"ecb14501","46-50歲","女","新竹縣","物質享樂衝購族"
"e39bd178","46-50歲","女","苗栗縣","品味養生理財貴族"
"9cb69f62","31-35歲","女","新北市","物質享樂衝購族"
"18acd18c","31-35歲","女","宜蘭縣","健康愛家定存控"
"5f93aa6c","41-45歲","女","台中市","運動科技潮人"
"36dcbc4e","31-35歲","男","苗栗縣","運動科技潮人"
"5321afc0","26-30歲","女","嘉義縣","健康愛家定存控"
"e6570915","41-45歲","女","台北市","運動科技潮人"
"13a06756","51-55歲","男","台北市","運動科技潮人"
"87408959","46-50歲","女","彰化縣","物質享樂衝購族"
"907ee6ad","31-35歲","男","桃園市","樂動廣告品牌控"
"f9c851fb","51-55歲","男","台北市","樂動廣告品牌控"
"f5747321","46-50歲","男","台北市","運動科技潮人"
"2227d43b","36-40歲","女","桃園市","物質享樂衝購族"
"24613d17","46-50歲","女","台北市","健康愛家定存控"
"cc8d5ba6","46-50歲","女","台南市","品味養生理財貴族"
"73487896","26-30歲","女","新北市","健康愛家定存控"
"753948eb","41-45歲","女","高雄市","傳統保健理財族"
"80f1a58b","46-50歲","男","苗栗縣","健康愛家定存控"
"f2728194","46-50歲","女","花蓮縣","網購社媒手機迷"
"624d601d","36-40歲","女","台中市","樂動廣告品牌控"
"3c38d7fd","36-40歲","男","新北市","運動科技潮人"
"011b755e","26-30歲","女","苗栗縣","健康愛家定存控"
"9f509729","51-55歲","男","台南市","愛搜愛比網購客"
"c9875905","36-40歲","女","新北市","物質享樂衝購族"
"e1276e61","51-55歲","女","台中市","運動科技潮人"
"099f3c88","51-55歲","女","新北市","品味養生理財貴族"
"36d5f3fc","56-60歲","女","新竹縣","健康愛家定存控"
"bd6d94a1","46-50歲","女","台北市","健康愛家定存控"
"52a00c9d","51-55歲","女","台北市","品味養生理財貴族"
"e87118eb","36-40歲","女","新北市","健康愛家定存控"
"3cbedc62","36-40歲","男","新竹縣","運動科技潮人"
"b6f3a06e","36-40歲","男","台北市","運動科技潮人"
"ec138f5d","51-55歲","男","新竹縣","運動科技潮人"
"b77fe29d","31-35歲","女","台北市","健康愛家定存控"
"97f88de7","31-35歲","男","台中市","運動科技潮人"
"388f6372","31-35歲","男","台中市","網購社媒手機迷"
"b337bc9c","46-50歲","女","新北市","獨立愛遊理財新手"
"647be6da","31-35歲","女","新竹縣","健康愛家定存控"
"74f4b7d0","31-35歲","男","高雄市","樂動廣告品牌控"
"47a4dc34","36-40歲","女","新竹縣","物質享樂衝購族"
"e7b171a5","46-50歲","女","高雄市","獨立愛遊理財新手"
"c375207b","41-45歲","女","新竹縣","網購社媒手機迷"
"aef186e9","36-40歲","男","新北市","運動科技潮人"
"a9300426","41-45歲","女","台南市","獨立愛遊理財新手"
"2adf8004","36-40歲","女","新竹縣","獨立愛遊理財新手"
"9b7a9427","21-25歲","女","新竹縣","物質享樂衝購族"
"c9886a12","51-55歲","女","彰化縣","網購社媒手機迷"
"6a5b3227","36-40歲","女","苗栗縣","傳統保健理財族"
"d60e5601","31-35歲","女","新北市","健康愛家定存控"
"ee0d242d","36-40歲","男","新北市","運動科技潮人"
"13f11a14","31-35歲","女","新北市","健康愛家定存控"
"63d5bdcf","46-50歲","女","新北市","物質享樂衝購族"
"853d6563","36-40歲","女","新北市","健康愛家定存控"
"a425aa54","41-45歲","女","新竹縣","健康愛家定存控"
"0bcd907f","46-50歲","女","新北市","傳統保健理財族"
"4de7fe96","36-40歲","女","台中市","品味養生理財貴族"
"69df8f7a","26-30歲","女","苗栗縣","物質享樂衝購族"
"2ff8c830","36-40歲","女","高雄市","網購社媒手機迷"
"6a4e152d","31-35歲","女","苗栗縣","樂動廣告品牌控"
"908a41ff","41-45歲","女","苗栗縣","獨立愛遊理財新手"
"bb791cdb","31-35歲","男","新竹縣","運動科技潮人"
"3fb61735","51-55歲","男","新竹市","運動科技潮人"
"ce24d7d8","56-60歲","女","桃園市","傳統保健理財族"
"b936975d","31-35歲","女","台中市","網購社媒手機迷"
"8ec9f370","31-35歲","女","新竹縣","物質享樂衝購族"
"5ce3a9df","36-40歲","男","新竹市","運動科技潮人"
"b38af7aa","31-35歲","女","台北市","健康愛家定存控"
"4b18d0aa","31-35歲","女","新北市","運動科技潮人"
"dcd567fe","31-35歲","女","台北市","獨立愛遊理財新手"
"0aa31907","41-45歲","女","嘉義縣","網購社媒手機迷"
"2d3ad652","41-45歲","女","台北市","品味養生理財貴族"
"2e57f7bf","46-50歲","女","雲林縣","樂動廣告品牌控"
"dca2a9b3","31-35歲","女","新北市","物質享樂衝購族"
"a7c2e1cb","36-40歲","男","彰化縣","運動科技潮人"
"cb67c9a0","46-50歲","女","嘉義市","樂動廣告品牌控"
"36b769b8","51-55歲","女","嘉義縣","獨立愛遊理財新手"
"c0680d7b","41-45歲","女","新北市","運動科技潮人"
"d6db4a33","36-40歲","女","新竹縣","傳統保健理財族"
"61949a4b","31-35歲","男","苗栗縣","樂動廣告品牌控"
"31e063b5","31-35歲","女","台中市","獨立愛遊理財新手"
"75142105","26-30歲","女","台中市","獨立愛遊理財新手"
"47378e5f","41-45歲","女","新北市","健康愛家定存控"
"86e3c345","41-45歲","女","高雄市","樂動廣告品牌控"
"a7e5a2f4","46-50歲","女","台北市","健康愛家定存控"
"8ad736e3","26-30歲","女","台北市","健康愛家定存控"
"74ee1f00","36-40歲","女","台中市","物質享樂衝購族"
"37da3220","36-40歲","女","屏東縣","網購社媒手機迷"
"f5011a98","46-50歲","女","台東縣","網購社媒手機迷"
"5b2c258b","26-30歲","女","新竹縣","健康愛家定存控"
"3a462183","21-25歲","女","新竹縣","物質享樂衝購族"
"a6cdad0e","36-40歲","女","新竹縣","獨立愛遊理財新手"
"e42b8448","41-45歲","女","台北市","物質享樂衝購族"
"df9906c4","61-65歲","男","台中市","愛搜愛比網購客"
"4fb588ba","36-40歲","女","新竹縣","網購社媒手機迷"
"f4098aa1","51-55歲","男","桃園市","運動科技潮人"
"095491b3","46-50歲","男","花蓮縣","愛搜愛比網購客"
"bc983413","36-40歲","女","台南市","網購社媒手機迷"
"fa32f615","36-40歲","女","台南市","樂動廣告品牌控"
"beabaeb7","51-55歲","女","新北市","品味養生理財貴族"
"11f7dc24","36-40歲","女","苗栗縣","健康愛家定存控"
"03b8dac2","36-40歲","女","新竹市","獨立愛遊理財新手"
"45f717e8","36-40歲","男","高雄市","樂動廣告品牌控"
"deed3d2a","26-30歲","女","新北市","運動科技潮人"
"89641abc","36-40歲","男","彰化縣","樂動廣告品牌控"
"34b53ca0","26-30歲","男","新竹縣","樂動廣告品牌控"
"c08f0ac9","36-40歲","男","新北市","運動科技潮人"
"f78bba22","46-50歲","女","新竹縣","傳統保健理財族"
"b0eecc50","31-35歲","女","新北市","獨立愛遊理財新手"
"4687aed6","21-25歲","女","新竹縣","健康愛家定存控"
"48aa6b97","46-50歲","女","新北市","網購社媒手機迷"
"6e8e999a","36-40歲","女","台北市","樂動廣告品牌控"
"417da56e","26-30歲","女","新竹縣","健康愛家定存控"
"1e91d481","31-35歲","女","彰化縣","健康愛家定存控"
"c52076bf","51-55歲","女","台北市","健康愛家定存控"
"a5258bf1","31-35歲","女","高雄市","健康愛家定存控"
"dc6d5c0d","51-55歲","女","新竹縣","品味養生理財貴族"
"936eb0ac","36-40歲","男","新北市","健康愛家定存控"
"f2f80283","31-35歲","女","新北市","網購社媒手機迷"
"5396057a","31-35歲","女","高雄市","物質享樂衝購族"
"cade95f0","56-60歲","男","新竹市","運動科技潮人"
"84fc239c","46-50歲","女","新北市","網購社媒手機迷"
"9af04509","56-60歲","男","台北市","運動科技潮人"
"3840b8d9","41-45歲","女","新北市","網購社媒手機迷"
"5ac2158f","26-30歲","女","高雄市","健康愛家定存控"
"1c5d40bd","41-45歲","女","新北市","健康愛家定存控"
"abd5fe62","31-35歲","女","台中市","獨立愛遊理財新手"
"a4911212","31-35歲","男","彰化縣","樂動廣告品牌控"
"c40f8f12","36-40歲","女","新北市","物質享樂衝購族"
"9cd06058","36-40歲","男","新竹縣","運動科技潮人"
"aa292aef","41-45歲","女","南投縣","品味養生理財貴族"
"8bd4df48","61-65歲","女","花蓮縣","健康愛家定存控"
"e4fbb658","36-40歲","女","桃園市","網購社媒手機迷"
